Customer ID,First Name,Last Name,Country,Phone,Email,Subscription Date
1,David,Shields,Syrian Arab Republic,001-893-341-4246x77176,nrodriguez@example.org,2021-01-18
2,Regina,Williams,Japan,001-767-464-8935,carrollwilliam@example.com,2025-11-25
3,Kim,Ward,French Polynesia,(953)450-8257,whitejesse@example.net,2025-08-10
4,Christian,Harris,Guinea,(765)805-9596x8583,ethompson@example.net,2022-12-20
5,Virginia,Lopez,Botswana,001-485-762-5289x40399,mary83@example.org,2022-11-02
6,Ana,Norris,Andorra,3645804844,thomas24@example.net,2024-07-29
7,Denise,Young,Cyprus,396-918-3345x170,debra11@example.com,2021-06-19
8,Matthew,Ayers,Bolivia,001-225-628-4840x07777,william84@example.com,2024-12-19
9,Steve,Charles,Northern Mariana Islands,780-672-0385x3888,melissa26@example.com,2022-04-08
10,Zachary,Gallegos,Lithuania,850-576-7406x13364,shannonaaron@example.net,2021-12-07
11,Tammy,Clements,Sao Tome and Principe,(492)277-1598x5240,ambercamacho@example.com,2022-10-27
12,Cheryl,Rose,Egypt,001-961-762-5662,obenson@example.net,2024-09-18
13,Brian,Gordon,Slovenia,2703473622,brownnancy@example.net,2025-01-20
14,Rebecca,Lopez,Norfolk Island,778-402-9125x26499,jessica60@example.org,2026-01-15
15,Alex,Mcmillan,Gabon,001-655-685-1344,williamhart@example.com,2025-05-24
16,Natalie,Olsen,Panama,5894252038,davislori@example.com,2022-09-05
17,Stephanie,Thompson,Netherlands Antilles,+1-346-284-7754x76953,shannon90@example.net,2024-05-12
18,Martha,Watts,Indonesia,378.896.1273x56617,pgreene@example.com,2022-02-04
19,Tiffany,Bruce,Micronesia,6763758832,gordonelizabeth@example.com,2020-12-16
20,Christine,Espinoza,Panama,(627)623-2236,valentinekenneth@example.net,2022-12-15
21,Nathan,Burns,Tokelau,001-968-516-5357,jennifer86@example.com,2023-10-18
22,Selena,Mcintosh,Mozambique,481-783-2964x71318,marcus35@example.org,2022-09-23
23,Rhonda,Garcia,Myanmar,(443)613-9188x921,perrytyler@example.org,2023-11-13
24,Kenneth,Garcia,Montenegro,261-699-6270,danielle11@example.org,2021-06-24
25,Lori,Wilson,Saint Kitts and Nevis,750-323-6352,nicholasbennett@example.net,2024-05-19
26,Tiffany,Watson,United States of America,3757099038,ronalddalton@example.net,2021-03-14
27,Rebecca,Rodriguez,Saint Kitts and Nevis,001-592-346-6366x84595,ebradley@example.org,2025-04-16
28,Dillon,Webster,Zambia,972.302.3111x4166,whitney75@example.com,2021-03-10
29,Tina,Campbell,Pakistan,416.548.4545,gailmoon@example.org,2025-07-29
30,Kathryn,Russell,South Georgia and the South Sandwich Islands,(494)244-4263x4174,taylorryan@example.org,2020-04-02
31,Steven,Lyons,Latvia,(980)738-0051x9954,lcooper@example.net,2020-06-01
32,Tyrone,Townsend,Swaziland,274.396.4617,dariusadams@example.org,2024-06-25
33,Victoria,Sanchez,Malawi,001-865-835-1695x0979,simpsonamy@example.org,2022-08-27
34,Shannon,Marsh,Reunion,001-503-899-1451,robersoncarla@example.net,2025-11-12
35,Jonathan,Davis,North Macedonia,+1-622-234-7498x68083,miamcdonald@example.net,2024-03-04
36,Thomas,Mcintyre,Slovakia (Slovak Republic),001-489-647-6603,robertsmith@example.com,2021-12-22
37,Gregory,Miles,Cyprus,+1-879-213-2226x701,brianmeadows@example.com,2021-07-14
38,Kimberly,Freeman,Albania,545.381.4072x420,eric49@example.org,2021-10-17
39,Matthew,Powell,Belize,619.999.1449x6735,sharon75@example.org,2025-09-04
40,Richard,Wilson,Macao,001-992-625-8327,taylor49@example.com,2021-01-15
41,Steven,Dunn,Saint Lucia,8628085642,ygardner@example.com,2025-01-16
42,Claire,Cruz,Saudi Arabia,(620)317-2688x02434,ndawson@example.org,2020-09-05
43,Joseph,Ward,Nauru,728-965-2619,ryandonaldson@example.org,2021-07-29
44,Pamela,Banks,Iran,366.220.2492x2701,ashleyspencer@example.com,2020-07-21
45,Edward,Sanford,Marshall Islands,987.768.9627x6294,egibson@example.org,2020-09-12
46,Ryan,Carter,Somalia,8414874874,tyler81@example.com,2022-12-21
47,Andrea,Miller,Swaziland,645-396-4210,patriciawalker@example.com,2020-09-11
48,Daisy,Mcbride,United States of America,+1-507-700-8603x5035,irice@example.com,2021-07-21
49,Erin,Barnes,Papua New Guinea,001-372-705-2384x160,fpetersen@example.net,2024-09-14
50,Angela,Roach,British Indian Ocean Territory (Chagos Archipelago),281-801-4947x818,brownraymond@example.com,2025-11-05
51,Theresa,Fleming,South Georgia and the South Sandwich Islands,4826730922,cruzjoseph@example.com,2023-07-31
52,Daniel,Young,Solomon Islands,8158277734,jessicadavis@example.org,2020-08-20
53,Brittany,Johnson,Jamaica,929-395-3515x53405,jasminegarcia@example.com,2023-10-07
54,Joshua,Mcclain,Eritrea,(767)549-5333,anthony52@example.com,2023-06-10
55,Amber,Carter,Bouvet Island (Bouvetoya),296-247-0007x712,haroldcampbell@example.com,2020-05-26
56,Christina,Chambers,Mongolia,849-912-1979x018,smithmichael@example.org,2020-05-07
57,Regina,Leonard,Panama,916-909-7977,flemingbenjamin@example.net,2020-02-17
58,Tammy,Sandoval,Lithuania,(211)205-1712x3796,blackstephen@example.org,2025-09-02
59,Nancy,Williams,Bolivia,900.441.4558,amanda07@example.com,2024-05-13
60,Aaron,Lee,Solomon Islands,280-594-7009,bakermichael@example.net,2020-08-14
61,Jeremiah,Robinson,Uganda,001-640-518-0612x344,gonzalezdanielle@example.com,2021-08-16
62,Danielle,Holmes,Tanzania,283-894-7511x42442,brooke14@example.com,2024-02-05
63,Frank,Wilson,Sao Tome and Principe,737-734-6172,davidescobar@example.net,2026-02-16
64,Joy,Morgan,Guernsey,001-289-888-1318x254,jonathanbarton@example.org,2022-07-10
65,Jordan,Rojas,South Africa,001-892-593-8403x7824,robert60@example.org,2023-12-16
66,Joseph,Kennedy,Lao People's Democratic Republic,(385)634-1590,lopezjasmine@example.com,2020-03-17
67,James,Watson,Vanuatu,752-724-1491x2521,michellejohnson@example.org,2024-10-17
68,Jacqueline,Hansen,Haiti,3869844932,othompson@example.org,2025-02-19
69,Stephanie,Medina,Canada,(344)483-3577x125,katherinegarcia@example.org,2022-05-12
70,Heather,Rogers,Guatemala,(702)484-3317,amandalowe@example.org,2020-11-06
71,Michael,Hernandez,Malta,328-533-4133x912,manuel92@example.net,2025-01-28
72,Angel,Swanson,Seychelles,+1-579-797-9373x084,scottthomas@example.com,2020-07-11
73,Edward,Martin,Romania,933-322-6016,myerslisa@example.com,2021-03-29
74,Gregory,Cantrell,Saint Barthelemy,817-589-6252,georgemichael@example.net,2021-06-27
75,Kathryn,Jones,Hungary,9429097221,nbradley@example.com,2022-06-19
76,Elizabeth,Ford,Denmark,6612969594,nelsontimothy@example.com,2020-03-10
77,Kristina,Lee,Guam,001-973-288-7174x4940,vodonnell@example.com,2020-07-12
78,John,Horn,Malaysia,+1-877-614-5848x7095,bryce17@example.net,2021-01-11
79,Nicole,Kent,Albania,001-334-529-3178x008,jordanbrandon@example.com,2021-08-20
80,Christopher,Baker,India,(811)506-0427,emurphy@example.com,2023-11-04
81,Jason,Lewis,Pitcairn Islands,(416)354-0241,verickson@example.com,2025-03-18
82,Teresa,Chambers,Faroe Islands,939-717-9863,talexander@example.net,2025-08-13
83,Melissa,Gibson,Kenya,707-878-0654x61352,kcook@example.org,2023-09-22
84,Christopher,Mosley,Palestinian Territory,230-209-5788x13371,markwalker@example.org,2022-01-21
85,Nicholas,Sanchez,Belgium,+1-294-434-2285x88914,znichols@example.net,2021-02-02
86,Andrew,Hunt,Saint Lucia,(917)600-0709x88967,gjohnson@example.com,2025-07-19
87,Brittany,Richardson,Nauru,(294)837-0579x74373,hmoore@example.org,2024-07-05
88,Jeffery,Miller,Gambia,001-584-272-6521x872,kellysmith@example.com,2020-07-28
89,Elizabeth,Heath,Saint Kitts and Nevis,+1-911-985-6618x465,franklinvictoria@example.net,2021-03-23
90,Roger,Mejia,Central African Republic,914-589-4418x2121,loriarias@example.com,2025-05-13
91,Derrick,Hicks,Romania,389.265.3113x2407,christopherharris@example.net,2024-09-20
92,Gerald,Kane,Taiwan,911-584-2754,gallagherrodney@example.org,2021-03-03
93,Sarah,Mcconnell,Angola,(243)230-9408x865,walkerabigail@example.com,2025-06-30
94,Tracy,Johnson,Panama,761-255-9060x57177,caitlinjarvis@example.net,2021-03-21
95,Kimberly,Vaughn,Hungary,458.702.8162x64784,heathercoleman@example.net,2022-03-22
96,Edward,Sanchez,Vietnam,636.454.8219x30871,russomichael@example.net,2023-11-16
97,Kristine,Rowe,El Salvador,406.271.1754,darlene12@example.net,2022-03-11
98,Teresa,Robbins,United Arab Emirates,467.498.3312,asummers@example.org,2020-08-08
99,Lauren,Taylor,Grenada,603.931.2831,alisha68@example.com,2025-03-16
100,Joshua,Jacobs,Saint Vincent and the Grenadines,+1-218-279-9687x9092,robertsmith@example.org,2024-06-11
101,Debra,Ball,Mauritania,+1-425-620-9710x774,sarahadams@example.net,2021-04-23
102,Jennifer,Jones,Bouvet Island (Bouvetoya),720.573.6766x727,rodriguezbryan@example.org,2020-10-21
103,Leah,Robinson,Marshall Islands,4408522567,heatherwhite@example.org,2024-03-04
104,Courtney,Fox,Greenland,716-478-6627x26103,lyonssusan@example.org,2021-07-31
105,Annette,Wilson,Ethiopia,001-809-585-2500x4665,robinmorgan@example.org,2020-05-06
106,Laurie,Miller,Maldives,715-334-5092,lucasbrandy@example.com,2024-05-12
107,Philip,Allen,Malta,+1-390-893-3932x82133,oalvarado@example.com,2024-09-27
108,Michael,Campbell,Panama,001-838-862-7328x679,zparker@example.net,2020-03-20
109,Leah,Butler,Niue,(427)799-8783x99860,richardsmichael@example.com,2024-02-17
110,Kimberly,Williams,Pakistan,(467)219-6907,rodriguezjudy@example.org,2022-09-29
111,Molly,Smith,France,909-223-5132x703,davispatricia@example.com,2025-06-26
112,Matthew,Johnson,Monaco,+1-366-745-1804x1008,ybryant@example.net,2022-08-17
113,Jim,Stein,Uruguay,424.840.6090x566,ninahoffman@example.org,2022-07-27
114,Tonya,Guerrero,Poland,(681)775-8392x47390,rileyjoshua@example.net,2025-11-14
115,Bobby,Wilson,Bermuda,565.235.3577x9916,hillalex@example.com,2025-04-12
116,Jose,Williams,Faroe Islands,+1-211-405-2680x026,jacksonmichele@example.org,2020-10-05
117,Matthew,Ramirez,Barbados,001-214-232-2235x03986,xjackson@example.org,2025-10-16
118,Ronald,Wilson,Heard Island and McDonald Islands,(545)753-5543,unguyen@example.org,2022-03-28
119,Sean,Graham,Eritrea,001-719-564-3945,katherine90@example.com,2020-07-01
120,Carrie,Wright,Mali,001-287-235-7963x386,perkinsdaniel@example.net,2023-10-15
121,Natalie,Brewer,British Virgin Islands,772.855.3068x872,charlene05@example.com,2021-08-04
122,Travis,Fowler,Qatar,001-331-968-0539x23929,orodriguez@example.org,2024-10-16
123,Kimberly,Salas,Botswana,(262)935-9738x76277,rjenkins@example.net,2023-03-17
124,Robert,Richardson,Falkland Islands (Malvinas),(500)288-0197,xmckenzie@example.net,2021-06-29
125,Robert,Silva,Argentina,(325)944-5316,cynthia30@example.com,2022-11-19
126,Andrew,Gill,Japan,001-375-430-0731x229,johnathan49@example.net,2023-12-28
127,Jacob,Callahan,Russian Federation,525-385-2220x881,benjamingriffin@example.com,2021-06-21
128,Kyle,Casey,Senegal,905.563.2656,jodyhays@example.org,2021-02-04
129,Kenneth,Gonzalez,Netherlands Antilles,(345)255-6487,reidroger@example.org,2020-09-11
130,Christine,Decker,Zambia,001-837-892-2567,michelle60@example.net,2023-03-08
131,Jennifer,Maynard,Haiti,7698735179,browngarrett@example.com,2021-08-20
132,Courtney,Middleton,Iceland,386.469.8924,sharon98@example.com,2025-01-30
133,Brandon,Cook,Guernsey,7047212336,morrisonphillip@example.net,2022-04-29
134,Cheryl,Smith,Ukraine,928.433.4821x21971,vweiss@example.org,2021-01-21
135,Angela,Lynch,Moldova,242-377-0699,halemarcus@example.com,2025-07-12
136,Matthew,Santiago,Macao,001-918-599-8763x258,melindasmith@example.net,2021-01-24
137,Daniel,Powell,Afghanistan,+1-387-369-5514,davenportmark@example.org,2024-11-16
138,Christina,Berry,Lesotho,001-305-672-2120x56978,weeksmonica@example.net,2023-09-07
139,Michael,Howard,Bolivia,(672)860-3735,tvalencia@example.org,2025-07-24
140,Mary,Smith,Antarctica (the territory South of 60 deg S),259-598-5075,cummingslaurie@example.net,2023-12-30
141,David,Sanchez,Bulgaria,384-597-1183x0027,nancy65@example.org,2023-05-27
142,Ryan,Kelley,New Zealand,001-711-956-5708x236,beth42@example.com,2022-11-29
143,Kenneth,Aguirre,Cayman Islands,858.262.0004x176,foleysophia@example.com,2023-02-13
144,Sharon,Harvey,Suriname,589-855-0798x1659,tracijacobs@example.com,2023-04-10
145,Michael,May,Heard Island and McDonald Islands,828-396-8055,salazardaniel@example.org,2024-02-12
146,Carl,Arnold,Tunisia,786.613.1501x974,murillochristopher@example.com,2023-10-29
147,Sean,Hernandez,Faroe Islands,+1-801-809-7378x54478,barbara45@example.org,2025-05-13
148,William,Thomas,Slovenia,+1-753-268-1524x3325,wcole@example.net,2024-02-04
149,Brendan,Jimenez,Martinique,828-453-4237,mthomas@example.net,2025-04-10
150,Brett,Watson,Saint Martin,300-465-7068x8519,qgarcia@example.com,2021-04-28
151,Teresa,Beck,Cote d'Ivoire,(681)408-4247x13824,parksjames@example.com,2025-08-15
152,Sarah,Nelson,Honduras,+1-567-636-0172x86958,patriciacox@example.org,2023-04-06
153,Douglas,Huff,Guadeloupe,+1-857-599-8284,patricia54@example.org,2020-07-04
154,Renee,Kidd,Singapore,+1-727-472-6649x255,awilliams@example.net,2024-01-03
155,Joshua,Brewer,Mozambique,+1-760-600-5566x834,george83@example.com,2023-05-02
156,Brett,Rasmussen,Lesotho,546.698.6294,jasmine05@example.org,2024-09-04
157,Angela,Wilson,Congo,708.281.6559x2209,greerjerome@example.com,2025-01-18
158,Hannah,Ward,Svalbard & Jan Mayen Islands,+1-509-505-7032x5506,ssanchez@example.net,2021-08-09
159,Kenneth,Johnson,Seychelles,664-806-0478,stephaniefriedman@example.org,2022-06-03
160,Michelle,Anderson,Norway,971.581.4487x399,wmitchell@example.net,2021-01-04
161,Nathan,Hunter,Liechtenstein,+1-441-847-0652x06690,donnahubbard@example.com,2020-11-04
162,David,Williamson,Zimbabwe,+1-732-532-3934,brandonwood@example.com,2020-08-24
163,Jeffrey,Davis,Northern Mariana Islands,808-238-1519,wilsonstephanie@example.com,2022-10-28
164,Diana,Simpson,Denmark,335.406.2158x07228,woodtimothy@example.net,2025-08-09
165,Margaret,Chavez,Hungary,(675)687-4039x387,lewisjonathan@example.net,2021-08-13
166,Alyssa,Jenkins,Bosnia and Herzegovina,549.271.7857x19669,brianevans@example.org,2023-02-13
167,Albert,Shepard,Liechtenstein,(395)382-7857,randytorres@example.net,2020-05-02
168,Katrina,Johnson,Chad,001-322-669-6192x959,perezjared@example.com,2022-06-03
169,David,Ramirez,Montenegro,6918615253,derek00@example.org,2024-02-29
170,Jessica,Reyes,Belize,(412)308-0418,wardtraci@example.net,2025-01-07
171,Jeffrey,Gomez,Nauru,(988)753-2058x627,jessica09@example.com,2021-05-16
172,Jason,Tate,Vanuatu,(781)298-0658x368,woodwarddaniel@example.net,2023-01-17
173,Brian,Reyes,Croatia,001-511-947-4155x90689,james49@example.org,2025-05-31
174,Michelle,Vasquez,Panama,(497)613-6214x17920,wilsonchristina@example.com,2021-05-21
175,Jeremy,Welch,Belize,781-222-1293,georgesnyder@example.com,2020-04-01
176,Michael,Thomas,Mali,512-822-5129,jasonpadilla@example.org,2023-05-12
177,Robert,Brown,Tokelau,4675479911,julienavarro@example.net,2022-12-25
178,Amy,Klein,Sudan,001-922-271-5300,weaverpatricia@example.org,2022-02-18
179,Nicholas,Smith,Mexico,(613)521-5925,adrianmalone@example.com,2020-01-25
180,Maria,Valdez,Tajikistan,910.829.4047,hudsonjennifer@example.com,2024-09-29
181,Angelica,Edwards,Marshall Islands,+1-644-939-5702,jeffreypacheco@example.com,2020-05-11
182,Teresa,Brown,Togo,788.895.4628x05315,lindsayallen@example.net,2020-01-28
183,Rhonda,Contreras,Papua New Guinea,+1-681-651-5543x60051,ashleeespinoza@example.com,2022-07-01
184,Cheyenne,Krueger,Congo,(893)681-3764,kevin19@example.com,2025-01-03
185,Ashley,Anderson,Liberia,340.972.3248x16083,laceyvaughn@example.org,2022-11-03
186,Lauren,Short,Papua New Guinea,506-655-5409x4757,maryscott@example.org,2021-06-05
187,Jason,Ortiz,Haiti,(242)412-7173x788,loriday@example.org,2024-09-07
188,Thomas,Vasquez,Liechtenstein,+1-847-628-8727x086,johnmaldonado@example.com,2021-07-15
189,Patricia,Foster,Sweden,+1-794-385-1228,shawnferguson@example.net,2024-12-09
190,Chad,Simmons,Togo,621.426.8447x36721,adrian47@example.com,2024-01-25
191,Roberta,Campos,Egypt,(299)330-5183,nicholas20@example.com,2023-03-09
192,Keith,Mendoza,Afghanistan,+1-492-441-9140x53459,kathyjackson@example.com,2025-01-26
193,Nathan,Horton,Niger,603.604.5687x7124,kristinabarnes@example.net,2025-07-30
194,Vanessa,Ramirez,Jersey,(733)819-2194x8102,gwendolyn75@example.org,2024-05-05
195,Christopher,Brown,Cambodia,9439552602,nnguyen@example.org,2025-07-25
196,Laura,Hart,Aruba,+1-374-943-4441x48749,lopezdana@example.net,2025-07-18
197,Cindy,Carey,Aruba,865-971-8129x2513,ijacobson@example.com,2023-11-22
198,Ian,Romero,Jordan,917.900.2254,melissa83@example.com,2025-05-16
199,Angie,Soto,Tanzania,(726)997-9753x4108,daviscraig@example.org,2022-06-29
200,Joseph,Smith,Bahamas,770.245.4639x76346,quinnmegan@example.com,2023-09-07
201,Joseph,Crawford,Thailand,830.402.7343x2717,reyesashley@example.com,2024-10-14
202,Danielle,Harris,Christmas Island,563-702-0556,franklindaniel@example.org,2020-11-01
203,Haley,Randall,Jersey,771-371-8897x1052,ariasangela@example.com,2022-10-11
204,Daniel,Howard,Bangladesh,001-943-626-1788x64451,osborneanthony@example.org,2025-03-23
205,David,Larson,France,001-661-633-9735x829,alan27@example.org,2023-07-31
206,Daniel,Stewart,Saint Vincent and the Grenadines,(582)295-4492,mcoffey@example.org,2021-02-05
207,Nancy,Parker,Cocos (Keeling) Islands,(468)417-9122,cgomez@example.org,2022-07-06
208,James,Chapman,Pakistan,+1-695-239-9927x192,boyddarryl@example.com,2024-01-01
209,Anthony,Haynes,British Virgin Islands,001-294-696-0362x14420,stephenneal@example.org,2022-09-02
210,Roberto,Johnson,Haiti,+1-870-695-3010x8997,vlong@example.com,2024-06-18
211,Jessica,Marsh,Guatemala,001-320-386-7697,sheri90@example.com,2020-05-12
212,Cindy,Jackson,Montenegro,(790)325-0748x371,alexandrawelch@example.net,2021-11-23
213,Karen,Wright,Cayman Islands,+1-545-968-6936,leejacob@example.org,2022-12-08
214,Pamela,Henderson,Albania,(885)219-2123x30570,kristina79@example.org,2022-08-12
215,Melissa,Wagner,Cote d'Ivoire,001-535-408-8955,christine89@example.net,2021-05-19
216,Amanda,Frank,Qatar,446.381.3034,hannahchung@example.com,2024-06-19
217,Cynthia,Warner,Micronesia,(384)343-0283x0724,gcummings@example.org,2024-07-23
218,Austin,Owen,Italy,918-514-0744x641,harringtoncharles@example.org,2024-04-21
219,Earl,Vincent,Libyan Arab Jamahiriya,001-473-672-6431x0324,phopkins@example.org,2025-01-03
220,Christopher,Miles,Mexico,384-687-8109,nicholaswilson@example.org,2024-05-04
221,Anthony,Sullivan,Rwanda,308.683.3931x331,charlesrobertson@example.com,2024-07-28
222,Joseph,Clark,Spain,657.454.6003x128,ldowns@example.net,2021-11-24
223,Nicole,Levine,Suriname,(547)947-6267x213,robert43@example.net,2024-02-11
224,Karen,Novak,Spain,(773)995-9418,thompsonariana@example.net,2021-10-31
225,Patrick,Patel,Wallis and Futuna,786-671-8551x471,jon66@example.org,2024-06-23
226,Christopher,Lin,Mexico,(682)204-7713x344,alexanderschmidt@example.org,2025-09-19
227,James,Cox,Zambia,4397537486,hensleykim@example.org,2025-03-21
228,Katherine,Jenkins,Mayotte,001-788-472-5244x123,williamsryan@example.net,2020-01-15
229,Danny,Smith,Spain,570.894.9135,watsonandrew@example.org,2022-02-17
230,Megan,Miranda,North Macedonia,731-603-3311,sydney20@example.net,2023-04-18
231,Marvin,Edwards,Saint Pierre and Miquelon,412.795.8588,tammy17@example.org,2020-05-23
232,Jason,Roberts,Turkey,+1-863-404-3198,fmorgan@example.org,2021-04-30
233,David,Diaz,Bhutan,573-314-8555,deannabuck@example.net,2021-04-13
234,Heather,Peterson,Sierra Leone,269-572-8716x446,halltodd@example.com,2023-10-03
235,Janet,Park,Moldova,001-435-264-9596x5547,gregorycaldwell@example.org,2021-05-13
236,Patricia,Fletcher,Mozambique,(929)533-5160x7967,katieyoung@example.org,2024-12-17
237,Daniel,Lee,El Salvador,(709)995-1476,juanwu@example.net,2025-08-04
238,Steve,Reed,Guyana,001-818-870-6734x300,reyesryan@example.net,2024-01-25
239,Kristin,Hill,Japan,5562684684,harrisbrandi@example.net,2026-03-06
240,Brett,Young,Angola,448.249.3280x251,eddiehoward@example.net,2023-12-24
241,Sarah,Charles,Bosnia and Herzegovina,+1-503-599-7095x6263,susan92@example.net,2020-08-28
242,Caitlin,Johnson,Norfolk Island,481-292-6100,barroyo@example.org,2025-01-19
243,Dawn,Villarreal,Belize,001-644-733-0791,xwatson@example.net,2025-05-29
244,Amanda,Alvarez,Brunei Darussalam,(707)322-3467,trodriguez@example.net,2024-08-30
245,Madeline,Sweeney,Yemen,+1-274-816-5816x66288,sethpreston@example.net,2021-12-02
246,Kayla,Armstrong,Equatorial Guinea,(999)501-6170x8647,shawnowens@example.com,2020-05-11
247,Arthur,Torres,Mauritania,+1-328-719-3793x74095,yclark@example.com,2022-03-30
248,Joseph,Park,Anguilla,(572)743-0195x84612,wjohnson@example.org,2021-04-11
249,Emily,Gonzalez,China,(494)724-6848,carpentersean@example.com,2021-11-19
250,Aaron,Edwards,Guinea-Bissau,7558716930,pwalters@example.net,2025-10-14
251,Thomas,Turner,Brazil,751.530.8610,george99@example.net,2022-03-25
252,Spencer,Cole,Israel,687.686.9111,gateskimberly@example.net,2021-11-21
253,Sharon,Davis,Montserrat,600.499.2437,penningtonshelly@example.net,2025-04-03
254,Kevin,Jackson,Hungary,709-758-5639x5738,christianhawkins@example.net,2021-08-26
255,Angela,Davenport,Somalia,345.423.9492,heather89@example.net,2023-12-05
256,Jerry,Edwards,Central African Republic,422.468.6992x32116,suzanne40@example.org,2023-07-14
257,Janet,Smith,Mexico,4294099517,richard92@example.net,2023-08-06
258,Alexa,Heath,Jersey,001-940-245-1940,leonard73@example.org,2025-01-22
259,Brandon,Decker,Northern Mariana Islands,818-851-2300x125,donald28@example.net,2025-08-24
260,Diane,Park,Moldova,001-274-408-6405x913,ibarrachristopher@example.org,2020-04-21
261,Peter,Kim,French Southern Territories,+1-212-983-2019x422,oschaefer@example.com,2021-01-03
262,Michael,Miller,Bhutan,(653)407-3085x87466,jenniferdavis@example.org,2024-03-06
263,Karen,Martinez,Faroe Islands,477.676.0492,julia75@example.com,2020-12-31
264,Gary,Navarro,Togo,+1-670-936-6654,colleenshelton@example.net,2021-02-24
265,Travis,Williams,Uruguay,001-636-994-8848x752,beltrantyler@example.net,2022-07-17
266,Robin,Bradley,Mayotte,+1-365-259-2557,katherinehaas@example.net,2023-07-16
267,Paul,Chandler,Suriname,001-770-571-3460x8617,sarah60@example.com,2021-09-06
268,Samantha,Gonzales,San Marino,9065561995,steve80@example.org,2024-12-24
269,Alex,Stephenson,Finland,(344)850-5427x822,kimberly82@example.org,2021-05-13
270,Kimberly,Moore,Mali,839-828-5519x959,valeriepena@example.com,2020-10-02
271,Andrew,Small,Aruba,976-438-0590,bethany36@example.net,2025-10-28
272,Alyssa,Green,Norway,001-304-884-5529x679,kaitlinluna@example.net,2021-07-21
273,Cindy,Hancock,Argentina,6566816414,jacobrobinson@example.org,2026-01-29
274,John,Hubbard,Bermuda,5785274499,danielmassey@example.org,2024-02-19
275,Sabrina,Marquez,Samoa,001-328-824-1076x3253,galvarez@example.com,2023-09-10
276,Wesley,Lutz,Ethiopia,(418)486-5353,michaelhansen@example.net,2020-02-25
277,Zachary,Torres,Cote d'Ivoire,001-662-728-5120x64548,robinsantiago@example.net,2020-11-02
278,Makayla,Mccoy,Tokelau,001-645-240-0388x626,phillip94@example.net,2023-06-18
279,Kathryn,Smith,Madagascar,+1-356-592-4245x54806,ihood@example.net,2024-04-17
280,Ryan,Espinoza,Latvia,485.330.0611x481,conwayjennifer@example.net,2020-05-01
281,Veronica,Townsend,Botswana,(930)564-0499x333,stacie70@example.org,2021-04-26
282,John,Osborne,Niue,(985)882-4129x6431,dean29@example.net,2024-02-18
283,Paul,Johnson,Sri Lanka,7343547514,ygill@example.com,2021-11-30
284,Alan,Lopez,Barbados,510.975.5648x92451,thomas88@example.net,2023-01-02
285,Maurice,Jones,Turks and Caicos Islands,547-203-8969x27221,ericmartin@example.org,2022-01-21
286,Daisy,Kemp,Netherlands Antilles,001-404-944-3009,jamesgonzalez@example.com,2024-01-15
287,Ronald,Watson,Grenada,(915)221-6723x5681,johnsmith@example.com,2024-09-23
288,Sandra,Burke,Greece,(758)713-1764,sparksandrew@example.com,2024-12-24
289,Sarah,Brown,Morocco,+1-491-400-2771,ecrawford@example.org,2022-03-19
290,Mark,Sexton,Italy,836.361.3119,brownnathan@example.com,2024-10-27
291,Paul,Montgomery,Iceland,643-577-3712x6788,ygolden@example.org,2020-02-04
292,Eric,Lopez,Kazakhstan,+1-641-610-2063,lucas48@example.net,2021-03-05
293,Jessica,Thompson,Fiji,+1-965-869-4625x0744,rosscory@example.com,2024-07-21
294,Krystal,Williams,Cyprus,958-214-5470x4210,nmyers@example.org,2024-12-02
295,Eric,Hernandez,Turks and Caicos Islands,(892)803-4168x416,john13@example.org,2020-09-01
296,Shannon,Flowers,Pitcairn Islands,995.896.4473,powerschristopher@example.org,2023-10-19
297,Catherine,Peterson,Latvia,001-211-495-0852x12668,bgonzalez@example.com,2023-03-02
298,Hunter,Gardner,Costa Rica,618.681.9679x57335,amack@example.org,2021-06-01
299,Joshua,Leach,Ukraine,+1-203-889-3729,murraybrandon@example.org,2024-07-20
300,Jo,Robertson,Georgia,001-514-299-4801x552,davidgonzalez@example.org,2023-09-27
301,Jonathan,Avila,Nicaragua,693-671-4590x921,brianriley@example.net,2025-05-19
302,Louis,Miller,French Southern Territories,391.204.5216x094,jacob63@example.org,2020-08-26
303,Alexander,Davis,Western Sahara,5098099187,wilsonashley@example.com,2025-06-04
304,Patrick,Simmons,Mongolia,395.250.1318,sabrina74@example.net,2022-07-05
305,Bobby,Garza,Cape Verde,570.933.7445x4890,johnny51@example.com,2025-02-27
306,Rhonda,Combs,Iran,001-979-659-3454x452,spencertorres@example.net,2025-10-22
307,Gregory,Morris,Sri Lanka,001-648-915-7789x39022,harrisangela@example.com,2020-07-30
308,Daniel,Campbell,Senegal,860-669-0205,diazkatherine@example.net,2024-04-07
309,Antonio,Ward,South Georgia and the South Sandwich Islands,001-344-838-3297x173,maryglover@example.net,2021-02-13
310,Robert,Hernandez,Nepal,905.267.5359x7367,fhayden@example.com,2025-08-06
311,Steven,Rodriguez,Martinique,(988)659-6280x885,velezchristian@example.net,2023-12-18
312,John,Johnson,Albania,+1-988-524-5290x8667,charlesroth@example.org,2020-08-16
313,Robert,Pena,Aruba,565-351-3696,manuel36@example.org,2020-06-10
314,Mark,Edwards,Slovakia (Slovak Republic),863.253.7670x08262,trandaniel@example.com,2023-02-07
315,Shelly,Mays,Christmas Island,(860)260-2647,gray@example.net,2020-04-15
316,Alex,Valdez,Swaziland,981.634.7835x0453,robert37@example.com,2023-11-26
317,Patricia,Bryant,Malawi,288.749.5278,valentinejessica@example.org,2022-04-23
318,Brenda,Moran,Nepal,001-531-941-6439,trevorcastro@example.org,2024-09-24
319,Paul,Simpson,Saint Helena,001-571-711-7422x596,qlopez@example.net,2020-07-02
320,Stacy,Skinner,New Zealand,001-611-619-0443x66672,victoriahayden@example.com,2022-12-04
321,Daniel,Johnson,Guinea-Bissau,638-971-0173x4093,hwilliams@example.org,2020-01-25
322,Victoria,Nguyen,Marshall Islands,001-823-226-2433x5542,gabrielalopez@example.org,2026-03-03
323,Vickie,Wilson,American Samoa,+1-316-206-3780,jtucker@example.org,2024-06-04
324,Brittany,French,Mauritius,(897)445-8445x32262,krystalvalencia@example.org,2024-03-28
325,Craig,Lee,Sierra Leone,632.278.5908x7024,hintonivan@example.org,2021-12-31
326,Roy,Page,Saint Pierre and Miquelon,001-455-961-4196x9884,adamestrada@example.org,2024-12-18
327,Martha,Sellers,Cape Verde,848.713.9982x900,ujones@example.net,2025-02-01
328,Nicholas,Flowers,Saint Helena,8922768829,josephramos@example.org,2022-02-12
329,Clifford,Garcia,Spain,636-337-4562x6491,oallen@example.com,2020-03-12
330,Melanie,Jenkins,Somalia,611.869.0328,edwardsbradley@example.net,2020-01-18
331,David,Ortega,Belarus,001-411-554-8788x642,sperry@example.com,2020-07-09
332,Cameron,Rogers,Afghanistan,(443)358-3725,zbrandt@example.net,2022-03-30
333,Timothy,Cardenas,Belgium,615.919.7685,harrisnicole@example.com,2023-07-17
334,Brian,George,Holy See (Vatican City State),916.684.3254,simpsonalbert@example.com,2022-02-15
335,Cynthia,Jimenez,Faroe Islands,+1-553-993-8147,bradleycarter@example.net,2022-07-07
336,Kimberly,Glover,Panama,378.660.1652,bsmith@example.org,2022-08-08
337,Michael,Rosales,Costa Rica,916-675-0053x9543,sthompson@example.com,2024-05-01
338,David,Ellis,Canada,695.255.4945,lynchdawn@example.net,2020-08-26
339,Brian,Hernandez,Peru,001-959-225-9693x353,qpennington@example.org,2024-07-18
340,Bonnie,Mckenzie,Luxembourg,930-886-6614,csutton@example.com,2023-10-19
341,Peggy,Zuniga,Guyana,(870)950-5282x9987,kanerobin@example.com,2021-08-18
342,Kenneth,Weber,Brunei Darussalam,001-335-599-4531,grace39@example.net,2021-10-05
343,Christine,Fletcher,South Georgia and the South Sandwich Islands,733.323.5108,carol78@example.org,2024-09-14
344,Elizabeth,Cox,New Zealand,421.778.0111,lewislucas@example.com,2024-04-15
345,Jasmine,Ware,Macao,459-896-7126,april14@example.net,2020-11-11
346,Brandon,Stewart,Guam,001-969-415-7631,jonesrachel@example.com,2025-07-01
347,Tiffany,Ramsey,Brazil,7696135453,hunterelizabeth@example.org,2025-07-15
348,Teresa,Trujillo,Fiji,+1-724-234-7570x986,simpsonrobin@example.com,2024-11-21
349,Stephen,Hanna,Niue,001-785-365-7512,carriefischer@example.net,2024-11-03
350,Antonio,Robbins,Turkmenistan,752.928.2536x7632,shill@example.net,2021-03-08
351,Katherine,Atkins,Vanuatu,(999)912-6895x347,curtisstacy@example.net,2022-04-27
352,Dominique,Mccarty,Antigua and Barbuda,729-821-6122x648,nathanrowe@example.com,2020-05-08
353,Natalie,Shaw,Belize,001-957-357-6520x945,krichardson@example.org,2023-05-10
354,Mallory,Barnes,Tajikistan,924.692.4928x644,reynoldstimothy@example.com,2022-05-24
355,Daniel,Dennis,Croatia,001-796-977-4557x371,carsontina@example.com,2022-04-24
356,Daniel,Beck,Iran,476-367-3152,blankenshipgregg@example.org,2021-02-18
357,Susan,Nixon,Ireland,7249901129,gholden@example.net,2024-11-21
358,Laura,Roberson,Costa Rica,865.882.6393,fgalloway@example.org,2020-01-06
359,Susan,Lamb,United Kingdom,(336)448-9724x73657,vvazquez@example.org,2021-09-05
360,Jeff,Meyers,San Marino,444.332.6336,rdominguez@example.org,2024-09-08
361,Tyler,Gates,Norfolk Island,001-231-748-0706x923,bhernandez@example.net,2025-11-20
362,Jennifer,Myers,Trinidad and Tobago,001-491-506-6810,shane18@example.net,2024-10-29
363,David,Mckinney,Cyprus,+1-361-408-7758x0921,henry75@example.org,2020-06-02
364,Gregory,Sweeney,Austria,001-509-660-5995x2109,kara06@example.com,2023-05-09
365,Sean,Moore,Ukraine,2484219638,johnsonjennifer@example.com,2020-12-16
366,Tina,Tate,Iran,001-323-942-4086,chapmankatherine@example.com,2025-04-28
367,Amanda,Williams,Dominican Republic,411.454.6924x5480,kristinafarmer@example.org,2021-11-13
368,Justin,Patel,Marshall Islands,209-233-2906x7534,michaeldustin@example.org,2024-12-16
369,Jared,Pierce,Kyrgyz Republic,(423)941-4108x78362,stacy15@example.net,2020-11-09
370,Morgan,Barnes,Palestinian Territory,(534)331-1371,phenson@example.com,2023-02-07
371,Natalie,Kim,Cayman Islands,712.758.6080,charlottemoore@example.org,2021-09-24
372,Robert,Meyer,Belize,678-654-4720,egrant@example.org,2022-04-24
373,David,Anderson,Afghanistan,(528)394-5949x9752,malik37@example.com,2021-06-18
374,Joel,Griffin,Bangladesh,001-643-900-9657x05832,jacksonsusan@example.org,2021-08-31
375,Amanda,Butler,Japan,(940)397-6780,ramirezstephanie@example.net,2021-10-10
376,Michele,Lopez,Cook Islands,911-462-9958x58644,richardjackson@example.net,2021-09-16
377,Timothy,Stewart,Liechtenstein,563.852.0711,mackcarol@example.com,2023-10-23
378,Jerry,Martin,Zimbabwe,(388)321-2683x5468,lavila@example.com,2020-09-04
379,Ashlee,Petty,Belarus,773-557-6060,catherine41@example.net,2025-04-21
380,Jessica,Mosley,Nicaragua,001-221-781-2793x273,sharpkevin@example.net,2021-10-17
381,Ryan,Knight,Dominican Republic,8363884063,jonathan64@example.com,2020-07-16
382,Anne,Rose,Isle of Man,461.927.1536x12775,millertony@example.com,2021-02-17
383,Antonio,Campbell,Chile,(605)815-9162x8626,xsanders@example.com,2025-06-10
384,Debra,Henderson,Nicaragua,237.849.4404x776,bakersarah@example.org,2023-02-05
385,Jeffrey,Mcguire,Madagascar,586.820.9585x48562,ssanchez@example.org,2020-12-09
386,Christine,Carter,Iceland,+1-854-744-7604x515,ronaldsmith@example.net,2025-04-25
387,Karen,Williams,Marshall Islands,(308)437-8523,achase@example.com,2025-04-13
388,William,Alexander,Madagascar,345.953.1282x9112,cochrandenise@example.org,2022-04-29
389,Kimberly,Smith,Yemen,720.609.4206,hrivera@example.net,2023-12-02
390,Margaret,Lutz,Antarctica (the territory South of 60 deg S),4802408488,joseph28@example.org,2023-04-08
391,Johnathan,Campbell,Tuvalu,431.297.2790,tina50@example.com,2021-10-05
392,George,Wright,Iran,+1-849-501-0734x20049,price@example.com,2024-07-10
393,Keith,Scott,Myanmar,825-828-1254x45131,terriscott@example.org,2021-12-20
394,Michelle,Patel,South Africa,846-273-2713x46548,sanchezjacob@example.com,2025-09-14
395,Tammy,Mullins,Bahrain,(695)653-3225,michelle10@example.com,2022-01-05
396,Bruce,Smith,Panama,942.411.9401x13142,hross@example.org,2025-06-26
397,Todd,Neal,Romania,(758)208-5992,snyderbrian@example.net,2020-09-04
398,Bridget,Fletcher,Mauritania,(387)837-2731x965,tsmith@example.com,2020-03-30
399,Anita,Hutchinson,Sri Lanka,2088320288,psmith@example.org,2024-01-27
400,Eric,Collins,Togo,001-560-580-9790,chavezanthony@example.net,2024-08-02
401,Christopher,Cunningham,Lao People's Democratic Republic,001-633-788-3284x8128,simmonsrandy@example.com,2023-09-29
402,Gerald,Rodriguez,Indonesia,+1-709-244-8432,franciscolawson@example.org,2023-02-16
403,Christine,Contreras,Kenya,+1-858-943-7599x8217,brownsamuel@example.org,2021-06-24
404,Jennifer,Garcia,British Virgin Islands,644.476.5292x24130,okim@example.com,2022-02-04
405,Amber,Harper,Christmas Island,8159568225,dstone@example.org,2022-11-23
406,Elizabeth,Green,Bhutan,+1-706-563-3232x2570,kylie01@example.com,2020-09-11
407,William,Smith,United States Virgin Islands,972.814.4263x018,potterbrian@example.org,2022-04-18
408,Earl,Alvarez,Vietnam,220.720.2442x7572,lutzmadeline@example.org,2025-10-16
409,Ashley,Wright,American Samoa,462.394.2481x2679,danielhoffman@example.net,2024-03-06
410,Kimberly,Wright,Syrian Arab Republic,9772426369,sarah54@example.com,2026-02-12
411,Paul,Mcneil,Christmas Island,(883)653-3249x1194,christineharris@example.org,2025-12-20
412,Tyler,English,Yemen,5936240297,smithamber@example.net,2020-02-18
413,Raven,Lopez,Azerbaijan,461-982-8600x503,carrrichard@example.net,2024-04-14
414,Dean,Williams,Korea,+1-203-826-0866x6183,terri78@example.com,2020-11-26
415,Jacob,Wiggins,Australia,+1-405-923-4046x80035,vrodgers@example.org,2022-01-20
416,Ricky,Lane,Japan,(247)300-5382x605,jade71@example.org,2022-07-25
417,Michelle,Hammond,Saint Kitts and Nevis,+1-539-495-0885x146,floresmichael@example.org,2020-02-16
418,Samuel,Lee,Finland,213.475.0741x037,marcus08@example.com,2025-12-18
419,Cristina,Hall,American Samoa,379-544-0209x7007,leslie16@example.com,2021-12-16
420,Daniel,Ramirez,Namibia,208.962.3787x23608,travis40@example.net,2024-03-29
421,Carmen,Willis,Morocco,401-447-2675,selenarobinson@example.net,2024-04-11
422,Jesus,Charles,Iceland,(232)376-0694,aaron12@example.org,2023-10-10
423,Michele,Sanchez,Portugal,001-203-960-0131,johnathan76@example.com,2022-05-30
424,Jerry,Simmons,Portugal,855-235-0637,perezlori@example.com,2024-07-31
425,Barbara,Warner,Cameroon,529-339-6621x865,debra72@example.com,2021-10-01
426,Karen,Maxwell,Benin,(828)504-9369x39454,andrewruiz@example.net,2023-09-19
427,Jason,Brown,Lithuania,(211)350-8359,anne38@example.com,2022-11-08
428,Cassandra,Flores,Norway,+1-464-222-4985x079,robertclayton@example.org,2024-08-18
429,David,Cochran,Ghana,(283)335-5750x3895,pwhite@example.net,2024-05-05
430,Kenneth,Smith,Maldives,+1-720-806-8779x35726,heathercherry@example.net,2024-07-26
431,Thomas,Mathis,Bulgaria,(410)757-0629,rbrown@example.org,2020-10-23
432,Victoria,Daugherty,New Caledonia,5453225537,jennifer06@example.org,2023-01-28
433,Kevin,Santana,Singapore,001-928-206-6987x923,wmccullough@example.org,2023-01-04
434,Kimberly,Evans,Sudan,913.526.7816x6064,johnspencer@example.org,2024-05-04
435,Jesse,Bates,Taiwan,001-996-505-4241x81585,iallen@example.net,2022-06-20
436,Shawn,Allen,Palau,+1-243-457-8120x70661,greenconnie@example.com,2021-07-13
437,Theresa,Castillo,Turkey,344-436-0423x2687,leonard99@example.net,2020-11-30
438,Sarah,Ortega,United States Virgin Islands,(464)798-8719,williamsdestiny@example.org,2021-05-29
439,Alexander,Rogers,Korea,886.313.7747,charlessteele@example.net,2024-05-04
440,Thomas,Mckenzie,Netherlands,+1-720-461-8196x1610,jonescarol@example.org,2022-09-30
441,Susan,Holland,Macao,+1-622-206-3337x188,kimberly34@example.net,2024-06-30
442,Max,Conner,Slovenia,+1-710-920-3163x37374,kimberlyrasmussen@example.net,2025-04-26
443,Maria,Brewer,Iraq,315.682.7590x00667,williamdunn@example.com,2021-07-12
444,Kevin,Walker,Svalbard & Jan Mayen Islands,(417)808-6910,brandi92@example.org,2024-08-15
445,Travis,Heath,Nauru,437.943.6461,fruiz@example.net,2021-06-25
446,Timothy,Carroll,Kuwait,338-437-6774,maria43@example.net,2023-09-27
447,Paul,Booth,Belarus,001-476-936-1371x80868,rodriguezlarry@example.org,2022-10-21
448,Andrew,Proctor,New Zealand,539-213-5144x7061,gravesanthony@example.com,2021-10-05
449,Jeff,Guzman,Iraq,(846)649-5347,jessica52@example.org,2026-01-30
450,Mandy,Cardenas,Nigeria,001-906-280-7578x977,darrell48@example.net,2023-05-30
451,Leslie,Davis,Bolivia,(665)379-2793x5224,jason12@example.com,2025-08-26
452,Brittany,Perry,Ethiopia,(902)606-6910x858,russelldeborah@example.org,2021-06-12
453,Susan,Wells,Korea,001-813-503-6337,vholmes@example.net,2023-05-26
454,Kimberly,Carter,Zambia,3828574564,vhernandez@example.org,2024-08-11
455,Robert,Matthews,Slovakia (Slovak Republic),461.559.2873x84922,christopher18@example.net,2023-08-12
456,Michael,Jones,Belize,(510)510-7098x8303,phillipsrachel@example.org,2024-08-08
457,Rebecca,Warren,Korea,001-365-699-5855x449,imoon@example.net,2025-06-27
458,Benjamin,Ross,Bouvet Island (Bouvetoya),(539)862-4449x619,brandi59@example.net,2021-04-20
459,Danielle,Jennings,Nigeria,9557812616,taylor95@example.com,2023-06-08
460,Faith,Marshall,Georgia,+1-410-595-5702x37261,tmiller@example.net,2023-03-28
461,Bob,Jones,Tanzania,(646)645-8993x84084,jenniferbridges@example.com,2021-08-10
462,Courtney,Love,Uzbekistan,+1-409-421-6657x10214,kruiz@example.com,2025-11-25
463,Steven,Barnes,Cook Islands,(795)403-7514,vasquezcatherine@example.net,2022-07-28
464,Kayla,Kelly,Finland,545.675.6285x565,anna61@example.net,2022-08-16
465,Kristen,Blanchard,Korea,281-254-4052x1366,smithjoseph@example.net,2023-05-20
466,Cameron,Waters,Moldova,611.780.3481,jenniferzimmerman@example.net,2023-08-27
467,Lisa,Stewart,Switzerland,(355)935-9711x52514,christopher09@example.net,2021-05-05
468,Robert,Luna,Ireland,831.292.8353,spencer67@example.org,2024-03-03
469,Richard,Christensen,North Macedonia,+1-979-771-0018x92167,christinakim@example.org,2023-06-26
470,Gary,Nash,Singapore,224.993.7875x564,eking@example.com,2022-01-15
471,Juan,Johnson,Tokelau,+1-397-438-4954,drewkirk@example.net,2020-01-23
472,Christopher,Davis,Comoros,564.222.2748x081,melissa70@example.com,2021-09-01
473,Amanda,Gray,Panama,833.489.0477,dgarrison@example.net,2023-07-20
474,Carlos,Fowler,Turkmenistan,(465)917-2122x548,hartmanjennifer@example.org,2023-05-26
475,Michael,Johnson,Egypt,001-552-695-9350,rodriguezjoseph@example.net,2021-12-18
476,Yolanda,Buchanan,Guam,+1-804-904-5830,cynthia73@example.org,2022-02-01
477,Andrea,Fletcher,Singapore,810-553-9484x22894,xjones@example.com,2024-06-07
478,Emily,Green,Morocco,(993)653-3919,david81@example.com,2020-11-29
479,Valerie,Thompson,Guyana,(431)313-5455,eric43@example.net,2022-08-29
480,Maria,Gibbs,Benin,970-491-1952x714,msanchez@example.org,2026-01-08
481,Kara,Mccullough,Botswana,6664037472,james55@example.com,2021-04-29
482,Katherine,Hobbs,Liechtenstein,214-863-8688x5122,martinjennifer@example.org,2023-07-15
483,Brenda,Kim,Switzerland,(965)580-9679x791,wendyhughes@example.org,2021-11-24
484,Richard,Mcclain,Japan,839-542-5224x167,julia13@example.org,2026-01-04
485,James,Ramirez,France,6736158324,dukejennifer@example.org,2023-03-01
486,Randall,Cabrera,Singapore,001-477-479-5595x44919,thomasgarcia@example.org,2024-02-24
487,Jonathan,Woodard,Guadeloupe,(728)474-6376,lindameza@example.net,2020-09-30
488,Melvin,Kemp,Ecuador,+1-612-792-4110x391,pjennings@example.org,2020-02-16
489,Craig,Morris,Nepal,(368)679-7404,juandoyle@example.com,2020-05-28
490,Scott,Shepherd,Korea,722-289-4136,ymiles@example.org,2020-09-14
491,Lindsay,Blackwell,Senegal,253-391-8314x41049,brandonwest@example.net,2026-01-27
492,Susan,Solis,Ukraine,001-490-667-6070,gabriel86@example.net,2021-07-13
493,Scott,Garcia,Cyprus,001-392-600-1596x816,vmarks@example.com,2020-05-29
494,Nicholas,Copeland,China,740-326-0738,jcox@example.org,2020-04-25
495,John,Wood,Faroe Islands,929-532-3660x590,ocabrera@example.net,2025-07-07
496,Robert,Owens,Cambodia,(401)238-8946,hughesmarissa@example.org,2024-12-26
497,Thomas,Carter,Cayman Islands,(714)781-5344x67326,darrell42@example.com,2023-02-18
498,Alyssa,Garcia,Sao Tome and Principe,263.304.2921,rachael32@example.net,2021-04-16
499,Maurice,Rivera,Guyana,816.944.7059x589,samanthasantiago@example.net,2024-06-22
500,Anthony,Lee,Ethiopia,001-348-495-9671x8034,jbarron@example.com,2025-09-10
501,Richard,Rojas,Qatar,412-632-0764,rachel66@example.net,2021-09-04
502,Andrew,Moore,Zambia,(554)855-2162,adam10@example.com,2022-09-23
503,Kelly,Simmons,Namibia,001-739-892-4823x051,chansamantha@example.com,2025-02-17
504,Brooke,Davis,Lesotho,001-461-953-3878x01110,annagonzalez@example.org,2023-01-15
505,Kimberly,Carter,Saudi Arabia,8509267584,dustinwhite@example.org,2025-12-01
506,Michael,Johnston,Uruguay,236.568.5001x08060,sean71@example.com,2020-07-02
507,Maureen,Martin,Sudan,768-438-2068x88935,steven79@example.org,2025-12-28
508,Matthew,Hernandez,Isle of Man,673-213-6077,tjohnston@example.com,2025-04-12
509,Desiree,Davis,Spain,385.374.5018,angelarusso@example.org,2022-12-11
510,Kelly,Pope,Saint Helena,543-662-5654x111,jdavis@example.net,2024-02-05
511,Laura,Sheppard,Malta,001-488-921-3922x0953,wholloway@example.org,2023-05-19
512,Dennis,Thompson,Saint Vincent and the Grenadines,001-708-415-5017x1316,julietucker@example.com,2020-01-03
513,Chris,Cohen,Lao People's Democratic Republic,(672)485-7476x62060,corey09@example.org,2020-10-05
514,Debbie,Everett,French Polynesia,(648)544-4203x464,douglasbailey@example.com,2023-11-06
515,Garrett,Mason,Israel,(477)219-0204x215,vhorton@example.net,2021-09-21
516,Jared,Roberts,Papua New Guinea,001-526-460-5041x54137,pmoody@example.org,2023-07-01
517,Brittany,Rice,Bahamas,809.280.1095x539,cindysutton@example.com,2024-03-15
518,Julia,Mcmahon,Gambia,332-364-5840,wendy76@example.org,2021-01-28
519,Alexa,Simon,Jersey,001-527-637-6611x5940,mollywheeler@example.com,2025-02-27
520,Michael,Cox,Zimbabwe,288.945.4779,christopher23@example.net,2021-06-21
521,Seth,Jackson,Maldives,001-250-336-8344x428,lkramer@example.net,2025-12-13
522,Rebekah,Goodman,Cameroon,317-932-0236,briankelley@example.net,2023-03-09
523,Rachel,Avila,Martinique,+1-236-480-9555x7320,eric62@example.org,2022-03-14
524,Carl,Young,Argentina,461.363.6175x271,pughtimothy@example.org,2023-01-03
525,Laura,Hurst,Myanmar,370-833-5586x2554,kimaustin@example.com,2025-09-21
526,Carla,Fuller,Belize,(338)895-3114x7351,rbrown@example.com,2023-04-05
527,Jennifer,Baker,Trinidad and Tobago,(920)844-6889x51611,mgarcia@example.org,2025-01-13
528,Logan,Howard,Cyprus,(350)959-3946x2416,bartlettdaniel@example.net,2023-08-13
529,Sheila,Flores,Algeria,001-364-961-4010x1493,christopherthomas@example.org,2021-08-05
530,Sydney,Mitchell,Puerto Rico,908.613.8310x2563,davenportanthony@example.net,2022-03-07
531,Ashley,Spence,French Polynesia,287-727-2780,anthonygardner@example.net,2024-09-02
532,Rebecca,Diaz,Spain,302-983-5195x92315,sean34@example.com,2021-01-01
533,Rachel,Pugh,Liechtenstein,001-786-447-1857x861,julie90@example.com,2023-08-12
534,Kimberly,Wheeler,Chile,+1-677-448-0626x94993,markclark@example.net,2021-01-09
535,Jessica,Li,Hong Kong,+1-726-511-6844,richard51@example.com,2022-11-05
536,Julie,Gilbert,Tuvalu,+1-832-539-8091x951,whitney88@example.org,2022-07-02
537,Shane,Rogers,Bulgaria,+1-378-745-6349x826,katherine82@example.org,2021-06-03
538,Tina,Gonzalez,Swaziland,(247)326-9063x01114,cgonzales@example.net,2025-12-29
539,Jose,Woods,Tonga,838.529.8704,smithandrew@example.org,2021-11-01
540,Tonya,Page,Slovenia,801-346-9225x363,ypowell@example.net,2025-04-04
541,Stephanie,Kirby,Korea,748-866-1508,taylorjanet@example.org,2022-07-19
542,Timothy,Dorsey,Dominica,001-475-442-1747x3124,ryan13@example.net,2024-09-15
543,Tracy,Jones,Christmas Island,766.568.8694,elambert@example.org,2023-01-14
544,David,Williams,Sao Tome and Principe,235.500.1264,williamssteve@example.com,2022-03-16
545,Maria,Cross,Kazakhstan,732-424-7602x887,caseytiffany@example.org,2024-07-24
546,Alan,Taylor,Singapore,(958)900-1777x323,xsmall@example.net,2024-06-06
547,Jessica,Walker,Reunion,+1-965-683-3443x866,srobinson@example.net,2025-01-27
548,Todd,Bradshaw,Senegal,894-591-0356x1506,matthew69@example.com,2020-08-06
549,Laura,Murray,Romania,601.344.4403,rward@example.org,2021-07-25
550,Michael,Dorsey,French Southern Territories,614.600.9594,simpsonmark@example.net,2025-03-15
551,William,Powell,Nepal,565.692.1886x5839,harold47@example.org,2025-09-23
552,Taylor,Copeland,Nigeria,6098365487,qandersen@example.com,2026-01-22
553,Robert,Hudson,Kyrgyz Republic,+1-742-570-9957,cynthia63@example.com,2021-09-04
554,Roy,Smith,Korea,591.211.4685x3882,lance56@example.com,2023-03-19
555,Robert,Curtis,Isle of Man,4254590531,gallowaychristopher@example.net,2021-03-01
556,David,Ford,Kiribati,+1-817-426-4592x5625,matthewwilliams@example.com,2022-05-20
557,Desiree,Smith,Saint Barthelemy,386-434-2559,wandajones@example.net,2023-11-20
558,Lauren,Santos,Philippines,(846)559-0382x0215,owenskristopher@example.net,2020-11-17
559,Nichole,Jenkins,Algeria,957.410.1949x5359,csimpson@example.net,2023-04-23
560,Jeremy,Green,Montenegro,(561)299-6960x544,william32@example.com,2024-06-07
561,Christine,Griffin,Maldives,001-666-674-7678x695,dbass@example.net,2022-06-14
562,Christopher,Hunt,Slovenia,+1-860-833-5204,ilove@example.com,2023-05-23
563,Corey,Burgess,Haiti,+1-769-710-2645x2504,kingemily@example.com,2021-07-21
564,Nicole,Sullivan,Saint Helena,+1-412-953-8422,qgarcia@example.com,2023-02-21
565,Kyle,Gregory,New Caledonia,001-819-317-9110x23637,stephanieday@example.net,2023-07-04
566,Lori,Russell,Trinidad and Tobago,562.522.1871x349,thomaswaters@example.org,2025-09-05
567,Sarah,Ortega,Montenegro,001-261-892-8070x643,donna10@example.com,2021-12-23
568,Sierra,Potter,American Samoa,(243)351-7895,adamparker@example.net,2022-02-20
569,Paul,Wallace,Equatorial Guinea,8774348225,johnathancontreras@example.org,2020-06-23
570,Victoria,Mason,Guernsey,+1-598-944-6811x610,yvonne85@example.org,2020-08-03
571,Matthew,Lewis,El Salvador,390.676.3394,johnsondonna@example.net,2025-01-03
572,Meagan,Howell,Tuvalu,675.499.2998,pobrien@example.org,2024-03-02
573,Jeffery,Nelson,Oman,2678329494,boyleelizabeth@example.org,2024-04-20
574,Maria,Gillespie,France,001-591-517-7361x06603,woodchristian@example.com,2024-03-31
575,Angela,Moore,British Indian Ocean Territory (Chagos Archipelago),001-711-576-6933x8105,ashleycastro@example.com,2025-04-19
576,Curtis,Duncan,Malaysia,462.922.7720x3766,marygonzalez@example.net,2022-12-10
577,Bobby,Mendoza,Venezuela,697.521.3554x55988,harmonalec@example.com,2021-05-26
578,Courtney,Nguyen,Romania,264.367.5856,jessicakim@example.com,2025-12-14
579,Heather,Nelson,Singapore,001-322-846-0585x944,mitchelljoshua@example.com,2025-01-19
580,Angela,Watson,Marshall Islands,702-951-2463x73155,willispatricia@example.com,2026-02-14
581,Misty,Snyder,Bosnia and Herzegovina,3688845247,jeremygray@example.net,2021-08-31
582,Amanda,Mullins,Sierra Leone,362-869-6511,usandoval@example.net,2022-05-08
583,Kyle,Nelson,United States Virgin Islands,603.409.9300x015,lenicole@example.org,2021-04-24
584,Emily,Knight,Mali,001-253-957-0406x95519,meyerstimothy@example.org,2024-05-28
585,Stephen,Friedman,United States of America,(440)857-6245,cranejennifer@example.org,2020-04-16
586,Jenna,Hall,Denmark,(783)684-8399,william45@example.net,2022-01-14
587,Derek,Williams,Congo,277.803.6197,mromero@example.org,2021-05-19
588,Hector,White,Mayotte,635-787-0053x785,gary64@example.net,2024-04-03
589,Anthony,Williams,Italy,266-838-7987,wlong@example.org,2024-01-20
590,Aaron,Reed,Mauritius,+1-900-572-8807x4309,alexanderhansen@example.org,2025-02-03
591,Paul,Edwards,Falkland Islands (Malvinas),001-331-710-4167x518,lindsay45@example.com,2021-07-27
592,Joy,Wilson,Saint Kitts and Nevis,474-922-7468x754,melissa16@example.net,2023-12-02
593,Hannah,Garcia,Equatorial Guinea,(870)734-1751,davidsonrachel@example.net,2023-03-22
594,Theresa,Nguyen,Saint Martin,001-305-323-3200x40633,coledavid@example.com,2020-05-02
595,Brandon,Torres,Tunisia,618-750-5695x040,annasmith@example.net,2023-02-14
596,Steven,Daniels,Russian Federation,+1-521-749-7410,justinturner@example.com,2020-02-08
597,Bradley,York,Niger,+1-420-962-0311,matthew30@example.net,2025-01-17
598,John,Mayo,Ghana,(206)852-9679x3000,collin32@example.com,2021-06-05
599,John,Chapman,Liberia,(412)891-2852x29205,brittanyjackson@example.com,2022-01-05
600,Michael,Jones,Djibouti,498-700-2298,odavila@example.net,2025-03-09
601,Bryan,Clark,Brazil,+1-729-396-8598x97851,tmendez@example.org,2022-01-19
602,Tiffany,Turner,Belgium,+1-250-855-0144x495,sroberts@example.org,2020-11-22
603,Jennifer,Scott,Russian Federation,+1-540-562-2267,nicholas60@example.com,2025-06-19
604,James,Ford,Swaziland,367-293-2167x35964,mccoystephanie@example.com,2025-12-04
605,Matthew,Stewart,Chile,9148081808,franklinyvonne@example.com,2022-12-09
606,David,Cole,Congo,374.484.2312x9904,andrewsjennifer@example.org,2024-06-24
607,Jodi,Alvarez,Austria,2493809009,brittany16@example.com,2022-01-06
608,Christopher,Flores,Egypt,648.732.3193x69717,nguyennathaniel@example.net,2022-11-25
609,Stacey,Baker,Svalbard & Jan Mayen Islands,(748)223-6528x545,jdiaz@example.org,2020-12-05
610,Crystal,Black,Montserrat,526.971.1220x006,joseperry@example.org,2020-07-05
611,Virginia,Ashley,Kyrgyz Republic,400.401.0422x28683,daniellewallace@example.org,2020-08-09
612,Rebecca,Hale,Albania,+1-830-966-2525,milesthomas@example.com,2024-12-03
613,Alyssa,Peterson,Bermuda,+1-654-880-6477x692,heatherwilliams@example.com,2021-07-08
614,Matthew,Pacheco,Czech Republic,714.269.3623,davidbutler@example.org,2021-11-30
615,Gloria,Nguyen,Fiji,+1-986-346-6773x010,james28@example.net,2021-11-24
616,Tyler,Jones,Maldives,+1-538-562-9388x6004,alexanderhall@example.net,2025-12-22
617,Erin,Farley,Bhutan,(545)840-7177x30760,emilylarsen@example.com,2025-01-15
618,Heather,Campos,Ireland,+1-950-813-5862x93681,alexandra31@example.net,2022-12-03
619,Veronica,Todd,Maldives,5055750389,saracoleman@example.org,2021-02-21
620,Elizabeth,Walters,Suriname,233.634.1374,johnwilson@example.com,2022-03-23
621,Brenda,Bowman,Nepal,(669)365-9174,andreaavila@example.org,2024-02-14
622,Patrick,Campbell,Yemen,001-873-683-5065x4771,hmosley@example.org,2024-05-10
623,Brooke,Berger,Romania,+1-597-764-9522,jacqueline03@example.com,2022-08-01
624,Anthony,Harris,Christmas Island,395.242.9370x6490,calvin11@example.com,2023-06-02
625,Amber,Jenkins,New Caledonia,(872)813-5246,bowerskevin@example.org,2025-01-22
626,Cassidy,Warner,Ecuador,479.438.3712x2644,williamsloan@example.com,2021-08-11
627,Scott,Lee,Colombia,571-309-8787x588,julia88@example.net,2022-10-10
628,Connie,Horton,Bouvet Island (Bouvetoya),374.840.1557x759,robert05@example.com,2022-03-24
629,Sabrina,Thompson,Tonga,001-687-357-7853x82007,bobbyjones@example.net,2025-05-22
630,James,Ray,Austria,+1-866-217-2003x3118,ddyer@example.net,2020-08-31
631,James,Austin,Comoros,001-219-447-0837x06318,justinchavez@example.org,2020-10-08
632,Sarah,Burns,Gambia,(757)660-9114x409,amber11@example.net,2024-04-15
633,Julie,Williams,Nigeria,5038062556,laurasmith@example.org,2024-11-30
634,Diana,Robinson,Equatorial Guinea,383-728-8275x188,zacharycole@example.net,2023-10-11
635,Darrell,Allen,Ukraine,(449)705-6098x59898,melissa48@example.net,2025-11-29
636,Michael,Baldwin,Italy,+1-589-488-1308,ijohnson@example.com,2022-09-04
637,Jennifer,Hernandez,Ecuador,001-583-685-9914x519,veronicawilliams@example.net,2024-06-08
638,Stephen,Jones,Cayman Islands,7715872032,shannonwebb@example.org,2025-08-30
639,Samantha,Johnson,Tunisia,+1-811-959-7515x469,donaldyoung@example.net,2025-09-16
640,Brad,Lopez,France,+1-882-375-7823x47590,patrickhines@example.net,2020-11-24
641,Teresa,Paul,Gambia,001-918-282-9455x769,gmiddleton@example.org,2022-06-06
642,Maria,Franklin,Micronesia,(481)482-7448x91043,bethbooker@example.com,2021-10-20
643,Elizabeth,Martin,Cote d'Ivoire,(433)839-9323x6089,davidflowers@example.org,2022-05-19
644,Austin,Turner,Tokelau,411.490.1718,dhammond@example.net,2023-01-29
645,Jessica,Johnson,Slovenia,762-303-6433,maryfisher@example.com,2024-09-01
646,Roberto,Mcintyre,Greenland,+1-213-213-3807x81634,stephanie51@example.net,2021-04-28
647,Tyler,Arnold,Tajikistan,(433)567-5613,ehernandez@example.org,2025-04-29
648,Thomas,Thomas,Brunei Darussalam,+1-285-807-3244x910,nicolekelly@example.org,2022-09-27
649,Christopher,Mcdowell,Czech Republic,397.870.2479x586,qbrown@example.org,2023-02-05
650,Michael,Yang,Seychelles,001-715-484-8322x842,trujillotiffany@example.net,2022-07-30
651,Alexander,Marks,Dominica,001-734-520-8278x900,xcarter@example.net,2024-12-24
652,Michael,Williams,Panama,+1-673-451-3649x24739,dunnanthony@example.net,2025-10-12
653,Katherine,Williams,Dominican Republic,483-481-2469x317,lisasims@example.com,2026-01-24
654,Brenda,Kelly,Nicaragua,001-988-716-0476,melissabaker@example.net,2024-07-30
655,Jesse,Hunt,Philippines,903-803-3521,kperez@example.net,2025-12-20
656,Rhonda,Walker,Bahrain,338.792.6091,hgibson@example.org,2022-05-02
657,Ryan,Rodgers,Israel,+1-461-569-7646,jgibson@example.com,2023-12-20
658,Ricky,Larson,Saint Helena,001-632-623-2101x186,austinmiller@example.org,2023-10-22
659,Alicia,Powell,Slovenia,907.719.4612x275,lcrawford@example.net,2023-02-05
660,Marvin,Cooper,Czech Republic,+1-491-451-8514x8538,andrewrice@example.com,2022-08-25
661,Matthew,Lester,Antarctica (the territory South of 60 deg S),001-303-360-7604x74928,phillipsjenna@example.com,2024-04-15
662,Makayla,Trevino,Saint Pierre and Miquelon,(420)823-6524,rossdiana@example.com,2024-08-26
663,Jeffrey,Williams,Dominican Republic,634-239-1004x911,laura09@example.net,2021-12-07
664,Elizabeth,Matthews,Iran,+1-535-981-8063,joseph24@example.com,2026-02-14
665,Jennifer,Smith,Belize,+1-939-231-5473,rhonda54@example.org,2023-09-10
666,Heather,Gutierrez,Holy See (Vatican City State),001-570-622-5634x731,hamiltondanielle@example.org,2020-10-30
667,Alexandra,Barrett,Syrian Arab Republic,(941)862-0616,cwalter@example.com,2022-04-28
668,Billy,Phillips,Malta,001-692-227-9236,qmendoza@example.org,2025-05-28
669,Nicholas,Jones,Poland,001-614-210-3531,shayes@example.org,2024-06-29
670,Kimberly,Williams,Suriname,+1-759-914-2939,fevans@example.com,2020-07-13
671,Maria,Palmer,Slovenia,(937)961-6210x7508,danielsanchez@example.net,2020-10-10
672,Jessica,Griffin,Monaco,+1-391-552-8187x450,rachelroberts@example.net,2021-06-19
673,Joy,Patterson,Cuba,+1-738-453-0454,ronald17@example.org,2020-01-23
674,Melissa,Hunter,Afghanistan,+1-251-404-2019x2909,angelaclark@example.net,2020-01-11
675,Stephanie,Foster,Nicaragua,(788)350-0374,fmcclure@example.com,2023-09-23
676,Mary,Bird,French Southern Territories,(797)561-5894x6424,jeffreygarza@example.org,2022-09-05
677,Valerie,Jones,Iraq,916-578-3278x90656,esanchez@example.org,2020-09-12
678,Carolyn,Burton,Qatar,(785)601-2609x019,ashley46@example.org,2021-07-06
679,Denise,Hill,Serbia,720-344-2795x19469,bpeters@example.net,2021-04-07
680,Erica,Peterson,Eritrea,460.928.5840,xvilla@example.com,2022-04-30
681,Gina,Pittman,Germany,(506)353-3608x3769,russelledward@example.com,2023-08-21
682,Emily,West,Lebanon,(762)921-4922x9402,xklein@example.com,2023-11-05
683,Robert,Stuart,American Samoa,+1-439-869-9430,andrea59@example.org,2024-07-21
684,Steve,Bennett,United Arab Emirates,001-820-215-6165,brooksronald@example.net,2024-12-30
685,James,Miller,New Caledonia,686-557-9757x804,jacobmorris@example.com,2021-08-13
686,Heidi,Arroyo,Samoa,223-777-8340,mallorysimon@example.org,2024-04-23
687,Tyler,Martin,Saint Barthelemy,+1-768-750-5165x341,shannonrobert@example.com,2020-10-26
688,John,Torres,Iraq,519.386.6797,anthony15@example.com,2023-06-18
689,Rebecca,Simmons,Jamaica,870-590-7480x9548,priscilla71@example.com,2023-02-14
690,Amanda,Allen,Liechtenstein,001-632-325-6338,acarter@example.com,2024-05-16
691,Stephen,Young,Chad,+1-367-760-6727x200,lenicholas@example.org,2020-10-18
692,Christopher,Johnson,Israel,210.870.6685x662,doconnor@example.net,2025-12-12
693,Maurice,Cruz,Honduras,+1-747-827-5235x131,mrhodes@example.com,2024-03-20
694,Nicholas,Murphy,Greece,(439)399-9098x837,roberthanson@example.net,2025-05-24
695,Kathleen,Lewis,Cocos (Keeling) Islands,(296)488-6820,uhughes@example.org,2022-04-13
696,Melissa,Casey,Paraguay,(691)897-6943,bridgesstephanie@example.org,2022-05-30
697,Michael,Perez,British Indian Ocean Territory (Chagos Archipelago),001-312-583-7831x86310,bjimenez@example.net,2022-08-28
698,Frank,Barber,Montenegro,9207730641,steven44@example.org,2025-02-10
699,Susan,Fry,Denmark,+1-622-800-9124x3705,rcollins@example.net,2024-10-30
700,Sean,Taylor,Mexico,+1-421-548-3937x978,brandongreer@example.org,2023-08-30
701,Laura,Turner,Georgia,243.207.5900x8619,vmorales@example.net,2025-11-25
702,Veronica,Lang,Mozambique,001-980-723-4613,uowens@example.org,2021-02-17
703,Tammy,Hernandez,Zimbabwe,001-539-467-6551,joe64@example.org,2024-08-31
704,Tyler,Kim,Sudan,001-899-226-2866x377,daniel47@example.org,2024-05-29
705,Casey,Moore,Hong Kong,(679)381-5922x5037,matthew16@example.org,2024-06-10
706,James,Andrews,Iraq,001-966-606-9770x432,bethraymond@example.com,2024-11-17
707,James,George,Hong Kong,(915)387-8383x257,williamsonjohn@example.net,2020-05-21
708,Sean,Kane,Gibraltar,855.800.9251x50987,williamgilbert@example.org,2021-11-16
709,James,Coleman,Cote d'Ivoire,(980)723-0541,bharrell@example.com,2020-09-20
710,Dawn,Dudley,Cuba,(774)439-6712x452,gonzalesjessica@example.com,2023-02-07
711,James,Anderson,Madagascar,001-423-831-7637x3925,albert72@example.org,2022-07-16
712,Regina,Davis,Saint Kitts and Nevis,244.417.7995,xbarrera@example.org,2022-08-23
713,Michelle,Ellis,Ecuador,+1-368-595-6847x76091,vargasandrew@example.com,2022-04-05
714,Kenneth,Jones,Kenya,+1-845-913-8255x3122,newtonkatherine@example.com,2022-12-08
715,Jennifer,Wilson,Pitcairn Islands,(889)510-0397,longmarcia@example.org,2021-05-10
716,Joseph,Wilson,Guernsey,917-559-6887x13733,tchavez@example.org,2026-01-09
717,Linda,Travis,Saint Barthelemy,436-604-5558,lewisdeborah@example.net,2020-11-27
718,Micheal,Hardy,Brunei Darussalam,(674)231-1413,patellarry@example.net,2023-05-22
719,Kyle,Thomas,Liberia,4277116952,bhodge@example.net,2023-02-28
720,John,Hamilton,Finland,253.637.1784x187,rosscarr@example.com,2024-01-27
721,Peter,Bryant,Slovenia,774.286.4360,ssolomon@example.com,2022-08-02
722,Christopher,Peterson,Portugal,+1-752-960-0619,wendy28@example.org,2024-05-03
723,April,Browning,San Marino,6185447018,qgeorge@example.com,2024-09-15
724,Linda,Daugherty,Chad,6789003017,michaelcalderon@example.org,2022-08-29
725,Alfred,Nolan,Heard Island and McDonald Islands,(520)347-3260x9874,davidsimpson@example.org,2021-06-01
726,Joanna,Yang,Guatemala,(347)994-5430x452,richardsnicholas@example.net,2022-06-04
727,Jason,Griffin,Armenia,(739)992-2842x2083,mccallstephanie@example.com,2022-07-28
728,Kevin,Cox,Thailand,239.723.9058x2762,makayla54@example.com,2020-09-13
729,Jennifer,Burton,Libyan Arab Jamahiriya,+1-290-525-8379x5618,sara40@example.com,2021-12-31
730,Dawn,Duffy,Tanzania,849.561.5490,kevinbishop@example.com,2023-06-09
731,Ricardo,Pearson,Ukraine,3622907472,jonathanclark@example.com,2022-02-19
732,Brian,Park,Congo,494.326.3406x392,richard40@example.net,2024-08-12
733,William,Brown,Solomon Islands,001-229-287-9496x0815,fullerjesse@example.net,2020-11-08
734,Jason,Lee,Sudan,001-742-972-5528x291,edwardsbrian@example.org,2024-05-22
735,Michelle,Rodriguez,New Zealand,797-697-4514,brianmiller@example.net,2021-11-20
736,Kathleen,Howell,Kazakhstan,+1-607-277-8416x82694,cindydonovan@example.org,2024-09-24
737,Shelia,Mitchell,Namibia,(942)943-3971,vglass@example.net,2021-04-19
738,Melissa,Roberts,Palestinian Territory,+1-251-978-2641,dana90@example.net,2026-03-01
739,Christina,Hensley,Rwanda,542-962-0163x108,eweber@example.net,2024-12-08
740,Kristi,Bowers,Guadeloupe,+1-335-503-7088x5459,djuarez@example.com,2021-12-18
741,Rachel,Flores,Cuba,001-360-668-6004x959,devin28@example.net,2025-09-08
742,Joshua,Gonzales,Kyrgyz Republic,+1-530-307-8588,mdavies@example.org,2025-09-28
743,Alicia,Smith,American Samoa,001-764-988-6695x1323,jeffwalker@example.com,2024-07-02
744,Heather,Patterson,Myanmar,+1-546-835-3995x52112,xmitchell@example.net,2024-08-24
745,Molly,Long,Papua New Guinea,(308)964-8160,frankjackie@example.org,2020-05-09
746,Sheryl,Boyle,Greenland,875-621-9936,leslie89@example.net,2024-06-17
747,David,Chen,Mayotte,+1-330-441-0032x6632,lukemiller@example.com,2024-10-22
748,Gregory,Campbell,Colombia,(279)510-0666x69491,padillaglen@example.net,2020-08-06
749,Kristine,Mcpherson,Greece,6719220785,valeriesexton@example.org,2020-05-26
750,Susan,Reynolds,Chile,(258)765-8009x71068,dustin44@example.org,2024-09-12
751,Blake,Perry,Trinidad and Tobago,(814)235-9837x55433,jacqueline13@example.net,2022-07-02
752,Ronald,Jones,Suriname,(566)324-2362,james60@example.org,2020-07-20
753,Samantha,Morales,Cocos (Keeling) Islands,+1-923-382-1662x95710,cindymiller@example.net,2024-04-18
754,Leslie,Mays,Pakistan,+1-826-244-8182,dale59@example.org,2024-05-27
755,Tammy,Underwood,Jordan,001-262-586-4467x912,dominic93@example.org,2023-08-18
756,Jessica,Rojas,Gambia,(496)320-2543x85816,cynthiaharrison@example.net,2024-09-11
757,Kimberly,Murphy,Kuwait,613-242-4082,wmiller@example.com,2023-10-08
758,Tracy,Gill,Palau,+1-560-805-7443x23802,poolejessica@example.org,2021-03-04
759,Katie,Romero,Turkey,7293649254,juanpratt@example.com,2023-08-03
760,Sara,Osborne,Canada,+1-941-245-5862,mark06@example.net,2020-04-08
761,Crystal,Mora,Afghanistan,(656)922-3445,rosschristopher@example.com,2023-10-21
762,Cheryl,Jenkins,Eritrea,327.472.8647x26382,brittany36@example.com,2025-06-17
763,Bethany,James,Madagascar,712-713-2886,vrobinson@example.com,2020-08-10
764,Cameron,Graham,Belarus,(414)949-9371,joesmith@example.net,2022-11-13
765,Robin,Garrett,French Southern Territories,547.240.1907,lgreene@example.net,2024-03-08
766,Samantha,Craig,Haiti,(661)288-2604x4560,nmitchell@example.org,2024-12-17
767,Alexandra,Patel,Italy,+1-452-683-8933,iochoa@example.net,2020-01-27
768,John,Evans,Niger,967-380-4783,westjanet@example.org,2021-05-20
769,Shawn,Ramirez,Ghana,981-325-0440x45929,fieldsmichael@example.net,2021-06-04
770,Jason,Thomas,Suriname,(498)287-6155,jennifer25@example.com,2024-04-25
771,Willie,Johnson,Solomon Islands,488.687.7669,phoward@example.org,2023-12-28
772,Elizabeth,Alexander,Germany,+1-608-431-0597x217,wmcneil@example.net,2022-09-02
773,Jason,Young,Czech Republic,350-368-9981x354,rmcintosh@example.net,2024-03-09
774,Victor,Thompson,United States Minor Outlying Islands,807-772-3046,alvarezjennifer@example.net,2025-09-26
775,Michael,Terrell,North Macedonia,656-994-9179x2084,alexmiller@example.com,2025-09-23
776,Steven,Hernandez,Kiribati,(539)868-2661,dperez@example.com,2025-10-07
777,Kimberly,Parsons,Niue,001-535-376-1842,latasha29@example.com,2025-04-15
778,John,Ford,Lebanon,554.453.1930x2642,gbanks@example.org,2021-11-08
779,Connor,Espinoza,Bhutan,+1-669-494-1588x55725,tiffanyjones@example.com,2025-05-04
780,Angela,Thomas,Mali,616-590-8395x67273,richardrogers@example.org,2023-07-12
781,Michelle,Williams,Nepal,560-709-1205,alvarezeric@example.org,2022-06-26
782,Mark,Moore,Faroe Islands,(770)530-7594x788,oreed@example.com,2024-10-28
783,Eric,Ferguson,Estonia,890-585-2304x00570,alicia68@example.org,2021-10-01
784,Bonnie,Robinson,Tunisia,342.565.4244x71581,turnermike@example.com,2020-04-22
785,Scott,Harmon,Cyprus,(536)523-7578x87517,warddesiree@example.net,2020-12-29
786,Patrick,Terry,Comoros,664.665.3109x60371,ablanchard@example.com,2023-10-12
787,Heather,Davis,Spain,455.799.4163x07660,martinezkristine@example.net,2025-11-20
788,Tracy,Barrera,Somalia,(773)578-8179,danielle09@example.net,2024-05-24
789,Martin,Tucker,South Georgia and the South Sandwich Islands,652.925.1290,bennettpriscilla@example.com,2023-02-15
790,Caleb,Sanders,Andorra,810.606.4469,raymond36@example.net,2023-02-10
791,Scott,Ward,Lesotho,001-219-884-5646x80086,wcastillo@example.org,2023-02-22
792,Melissa,Carrillo,Morocco,001-595-448-2702,wallacemary@example.net,2020-07-21
793,Heather,Young,Christmas Island,(333)922-5632,payneterri@example.net,2020-08-28
794,Molly,Soto,Argentina,001-420-579-5410x7902,lgordon@example.org,2025-08-31
795,Heidi,Mccann,Luxembourg,+1-718-619-8630x61232,emily65@example.org,2024-05-05
796,Brent,Moore,Portugal,646.846.1732x5212,coletroy@example.net,2024-06-30
797,Willie,Reynolds,Burkina Faso,+1-966-931-3677,kimberly12@example.org,2020-03-04
798,John,West,Uruguay,550.258.6174x340,elizabeth46@example.net,2021-02-07
799,Brian,Hernandez,Italy,+1-378-599-3376x4312,williamanderson@example.org,2023-08-10
800,Christian,Henderson,Mauritania,600-208-5891,kennethoneal@example.net,2020-10-28
801,Heather,Turner,Sierra Leone,001-869-339-1615x01816,jessica41@example.net,2021-01-07
802,Amanda,Rodriguez,Gibraltar,001-610-956-7499,christophergonzales@example.org,2022-04-07
803,John,Mills,Maldives,(300)267-4183,ngriffith@example.net,2021-11-23
804,Rachael,Peterson,British Indian Ocean Territory (Chagos Archipelago),(607)996-4401,mbenson@example.net,2024-10-08
805,Raymond,Ellison,Cameroon,943.480.3881,vbradley@example.org,2023-05-05
806,David,Henry,Syrian Arab Republic,(508)814-7380,zsmith@example.net,2024-12-13
807,William,King,Belgium,(577)366-7649x37594,wdunn@example.org,2024-01-12
808,Allison,Obrien,Morocco,431.940.6708x9268,tbernard@example.com,2025-05-14
809,Dawn,Johnson,Kazakhstan,760.497.9149x16339,fosterjoshua@example.com,2022-04-03
810,Elizabeth,Chavez,Monaco,252-712-9138x151,rebeccashea@example.org,2021-10-02
811,David,Lawson,Peru,286.772.7971x533,ogood@example.com,2023-08-20
812,Heather,Smith,Saudi Arabia,618-331-2424x3454,patricia31@example.com,2023-02-25
813,Carl,Burton,Cote d'Ivoire,4284592082,sheri35@example.com,2025-10-09
814,William,Strickland,Austria,(331)876-0550,floresjames@example.org,2025-02-06
815,Erica,Castillo,Puerto Rico,001-710-950-6808x902,nancyterry@example.org,2023-11-07
816,Jason,Tran,Congo,321-875-0560x82445,krista18@example.org,2022-03-23
817,Kara,Molina,Tuvalu,493-407-1570x40750,david73@example.net,2023-12-10
818,Elizabeth,Myers,Germany,001-724-362-4431x92770,courtneyhernandez@example.org,2021-11-19
819,Michele,Olson,Anguilla,692-799-8950x583,knighttimothy@example.net,2024-04-24
820,James,Jackson,Senegal,001-950-527-9841x87635,joseph98@example.net,2025-12-08
821,John,Sullivan,Israel,001-657-804-8903,laceysnyder@example.org,2025-09-15
822,Karen,Barrett,Malta,359.405.0994,ystevens@example.org,2025-01-30
823,Kyle,Harris,Cote d'Ivoire,(582)841-9743x42260,stevewalter@example.org,2024-04-16
824,Austin,Villa,Saint Lucia,695-528-5496,haleydawn@example.net,2023-12-28
825,Joshua,Fleming,Fiji,001-910-278-3718,rpark@example.org,2024-06-17
826,Lisa,Cohen,South Africa,9847355891,wernercharles@example.org,2025-04-28
827,Jared,Villanueva,Dominica,001-449-578-7469x64445,jthompson@example.org,2021-09-22
828,Karen,Brown,Portugal,485.578.8840,brian21@example.net,2023-11-04
829,Christopher,Mack,Jordan,+1-336-485-3243x991,ryan30@example.net,2023-10-11
830,John,Yang,Bolivia,902-695-9348,pthompson@example.com,2025-03-25
831,Bruce,Stewart,Namibia,4737212698,evan02@example.org,2024-08-16
832,Michael,Brown,Papua New Guinea,345.241.9462,welchjustin@example.com,2022-04-11
833,Molly,Brown,Liberia,649.546.3147x793,sarahoward@example.com,2022-08-09
834,Logan,Herrera,United Kingdom,(797)531-5008,petersjohn@example.org,2025-12-22
835,Erika,Carter,Gambia,+1-569-271-3574,tramirez@example.org,2020-05-29
836,Kendra,Nguyen,Qatar,(490)457-6923,elijah02@example.com,2020-04-24
837,Ronald,Fuller,Isle of Man,418-750-4479x7048,michaelphelps@example.net,2025-04-26
838,Nicolas,Ramos,Gibraltar,(806)557-0567,wilsondarlene@example.com,2025-08-08
839,Monica,Hernandez,Estonia,755-713-0598x366,dean10@example.com,2022-01-15
840,Ronald,Jackson,Uruguay,920.352.8376,banksian@example.org,2020-03-31
841,Krystal,Richardson,Netherlands,852-538-7683,vallen@example.org,2021-04-21
842,Erin,Collins,Haiti,637-512-0129,tiffany04@example.org,2022-04-24
843,Jamie,Porter,Honduras,001-321-322-1918x50010,thomasnorman@example.com,2026-01-29
844,Megan,Smith,Palau,(588)906-2516,pamela95@example.org,2023-06-19
845,Michael,Bishop,Equatorial Guinea,001-928-481-3791x133,megan16@example.com,2020-12-04
846,James,Simmons,Saint Pierre and Miquelon,670-767-4634,zmata@example.com,2022-06-24
847,Tina,Henderson,Saint Lucia,814-514-3244x83006,carol95@example.org,2024-10-13
848,Gregory,Saunders,Latvia,343.341.9241,ssutton@example.com,2025-09-10
849,Cody,Torres,New Zealand,5124409556,lorettacarson@example.org,2022-10-16
850,James,Whitaker,India,828-450-6246,matthewdixon@example.org,2022-09-27
851,Andre,Torres,United States of America,5605374880,rickyblair@example.org,2025-03-30
852,Catherine,Conrad,Belarus,367-338-9752x931,thomasrobert@example.com,2020-03-06
853,Chelsea,Carroll,Belgium,001-216-235-3164x6717,ohoward@example.net,2024-05-25
854,Eric,Harris,Jamaica,568-299-9339x73654,rileyjacqueline@example.net,2022-08-29
855,Ryan,Collins,Lao People's Democratic Republic,299-838-4286x73869,treynolds@example.org,2024-05-24
856,Ashley,Williams,Guernsey,+1-241-949-3218x03216,qmccarthy@example.org,2023-07-17
857,Steven,Garcia,Algeria,433.858.3445x437,tamaracosta@example.net,2024-12-28
858,Jason,Garcia,Uruguay,+1-373-977-9499x967,zachary55@example.net,2021-01-26
859,Heather,Zuniga,Bulgaria,524.252.1270x652,figueroamatthew@example.org,2024-02-28
860,Kristi,Gonzalez,Benin,376.240.0565x8778,williamhill@example.com,2020-03-19
861,Kathleen,Thomas,Mayotte,(548)941-0216x45892,pflores@example.com,2020-07-25
862,Robert,Melton,Georgia,001-305-539-6949x02306,rachel03@example.org,2021-06-27
863,Cynthia,Hayes,France,+1-954-730-0776x961,fwarren@example.com,2022-11-15
864,Meghan,Pope,Papua New Guinea,+1-756-662-9713,ronald93@example.net,2024-08-22
865,Kevin,Stone,Congo,(328)492-9123x507,edward57@example.net,2024-03-27
866,Lauren,Beasley,Tokelau,001-833-221-7624x12373,jennifer11@example.com,2022-06-24
867,Christopher,Jones,Palau,5247645568,richardsamuel@example.com,2022-09-30
868,Amber,Schneider,Botswana,001-713-711-0137,doyledouglas@example.com,2022-06-11
869,Ricky,English,Tonga,001-203-591-3275x294,amanda12@example.com,2020-03-19
870,Kendra,Mitchell,Algeria,+1-685-315-3651x18928,jeremiah57@example.net,2023-07-01
871,Jason,Mccormick,Solomon Islands,(276)758-7289x479,lalvarado@example.org,2024-02-01
872,George,Ramirez,Oman,001-776-453-3680x82235,suzannehaney@example.org,2021-07-23
873,Christopher,Johnson,Algeria,001-652-828-5074x081,heatherwise@example.com,2022-05-27
874,Andrew,Webster,Vietnam,755.535.0042x3675,qlawson@example.net,2022-06-21
875,Christopher,Sharp,Egypt,+1-658-929-9156x854,hayesjennifer@example.com,2020-10-22
876,Charles,Reese,Marshall Islands,3026408424,elizabethhoover@example.com,2025-11-09
877,Michelle,Dickson,Tuvalu,+1-333-717-5661x7045,flynnsarah@example.net,2022-12-05
878,Michael,Young,Brunei Darussalam,319-743-9988x4640,jacobmosley@example.net,2020-10-28
879,Destiny,Robinson,Nicaragua,(908)679-2900x9278,emilystone@example.org,2020-11-19
880,Jenny,Jones,Montenegro,689-615-0118x0429,martinnicholas@example.com,2022-04-12
881,Sara,Davis,Micronesia,443-290-3711x54479,jmullins@example.net,2024-09-26
882,Andrew,Robertson,Sri Lanka,972-658-7210x684,amandafox@example.com,2024-01-14
883,Juan,Brown,Equatorial Guinea,(503)784-5846x98075,hodgescott@example.org,2020-02-27
884,Michael,Hoffman,San Marino,+1-453-250-1916x039,harrischristina@example.net,2024-12-21
885,Richard,Brewer,Armenia,7864452440,lthomas@example.net,2021-12-05
886,Cindy,Ramos,Fiji,753-501-0483x8138,baileydouglas@example.org,2025-07-06
887,Samantha,Robles,Andorra,500-251-3700x876,moyerdavid@example.net,2025-07-13
888,Morgan,Martinez,Seychelles,8105404345,joshuamorris@example.org,2025-04-27
889,Holly,Lloyd,Ecuador,(571)755-5620x62065,roberthoward@example.com,2022-01-11
890,Justin,Atkins,Djibouti,783-608-3213x1771,rodneygarcia@example.com,2025-05-11
891,Rodney,Henson,Malaysia,448.315.9076,aliciashort@example.com,2024-01-20
892,Ronald,Knight,Bosnia and Herzegovina,001-765-683-3342x794,weaverdaniel@example.com,2025-06-09
893,Scott,Lambert,Martinique,(402)424-2664x4252,valeriemiranda@example.net,2025-03-09
894,Brian,Porter,Kyrgyz Republic,2385854923,cochranmichael@example.org,2026-01-30
895,William,Stevens,Tonga,(935)676-8221x8587,ramirezlisa@example.com,2022-11-01
896,Christopher,Gonzales,Venezuela,+1-495-855-0769x13057,ywilson@example.net,2020-07-09
897,Natasha,Lynch,Poland,001-400-770-8086,james83@example.com,2022-01-29
898,Joseph,Yang,Iraq,7769473054,davisjohn@example.org,2022-08-07
899,Janet,Gonzalez,United States Minor Outlying Islands,001-245-392-0748,jacksonbrian@example.org,2025-01-17
900,Ronald,Taylor,Albania,6423624213,rachel91@example.com,2023-08-04
901,Jason,Mccann,Saint Vincent and the Grenadines,001-327-370-4039x05518,loribyrd@example.com,2026-01-15
902,Brandon,Fields,Micronesia,6233180816,nlevine@example.net,2020-10-19
903,Steven,Hayes,Senegal,358-386-4163x25416,davidsonmark@example.com,2025-04-09
904,Scott,Bowers,Nicaragua,+1-969-541-2083x3570,ymckinney@example.org,2023-05-09
905,Edward,Ingram,Greece,+1-698-964-3440x7856,tbrown@example.org,2020-12-07
906,Adriana,Price,Canada,+1-304-508-4120,zmartinez@example.com,2021-03-20
907,Lisa,Jones,Isle of Man,(448)877-2224,mason62@example.com,2022-05-07
908,Eric,Brown,French Southern Territories,7169967286,tammie97@example.com,2023-07-31
909,Jeffrey,Nielsen,Bouvet Island (Bouvetoya),416-933-6382,reesematthew@example.com,2022-12-08
910,Steven,James,North Macedonia,568-982-4963x94838,floreschad@example.net,2021-12-08
911,Kimberly,Banks,Belarus,996-274-6736,brad34@example.com,2023-05-05
912,Christopher,Mullins,Solomon Islands,(387)276-9414,sreed@example.com,2023-11-05
913,Noah,Mckay,Russian Federation,824.481.2766,emartinez@example.net,2025-10-21
914,Madison,Perez,Mauritania,372.938.8334x7493,rdennis@example.net,2023-07-15
915,Shannon,Williams,French Polynesia,502.655.7378x70314,michaelwillis@example.com,2021-03-11
916,Carol,Zimmerman,Falkland Islands (Malvinas),+1-203-433-8805,sandra48@example.com,2021-11-30
917,Margaret,Davis,Denmark,+1-287-512-7712x70704,johnsonhenry@example.net,2024-05-21
918,Kenneth,Pitts,China,+1-884-305-6404x011,beverly60@example.com,2024-12-29
919,John,Wiggins,Belgium,321.937.1658x806,courtneymartinez@example.net,2022-08-05
920,Elizabeth,Edwards,Congo,001-631-343-6233x070,davisjuan@example.net,2023-10-27
921,Stacey,Vargas,Fiji,476-980-9897,meredith71@example.net,2021-04-22
922,Brittany,Ryan,North Macedonia,+1-203-788-8564x03698,gharper@example.net,2023-11-30
923,Daniel,Powell,Spain,+1-839-300-9324x35345,uaguirre@example.org,2024-02-09
924,Isaac,Snow,Mozambique,+1-679-601-3436,stevenstyler@example.net,2025-02-03
925,Robert,Murphy,Micronesia,765-681-7678x2859,rjenkins@example.com,2025-09-26
926,Amanda,Patton,Dominica,952.421.0653,troy32@example.org,2025-07-07
927,William,Bowman,Singapore,(471)644-4051,ian62@example.org,2023-03-21
928,Melissa,Thompson,Pakistan,288-970-9686x31652,kristineperez@example.org,2021-05-19
929,Joshua,Nunez,Bosnia and Herzegovina,392-928-7689,craigvasquez@example.com,2024-05-09
930,William,Stewart,Sweden,+1-851-312-9701,robertmurphy@example.com,2023-09-22
931,Scott,Fields,Sao Tome and Principe,+1-479-633-5712x58406,jamie98@example.com,2022-01-24
932,Kimberly,Vazquez,Slovenia,(408)424-2136,rcameron@example.org,2022-01-11
933,Rachel,Wells,Mexico,326-902-0358x66532,stevenespinoza@example.net,2025-09-04
934,Julie,Fowler,Yemen,450-850-4295x2814,charles97@example.net,2020-05-31
935,Michael,Clark,Comoros,(312)840-1739x5748,alexabryant@example.com,2023-11-04
936,Tanya,Taylor,United States Minor Outlying Islands,001-807-315-8846,xcoleman@example.net,2020-08-13
937,Megan,Jones,Morocco,940.413.0845x54595,turnerbrittney@example.com,2022-12-16
938,Amanda,Hill,Malawi,001-641-797-6864x72498,martineztimothy@example.com,2023-09-28
939,Natalie,Shepard,Iran,889-330-7411x5811,nicole76@example.com,2025-07-20
940,Theresa,Rose,Turks and Caicos Islands,001-236-481-6302x45851,brandy54@example.com,2024-03-30
941,Daniel,Johnson,San Marino,(592)464-4249x6296,toni61@example.net,2022-10-02
942,William,Rodriguez,Gibraltar,(687)389-1218,michael96@example.org,2023-02-27
943,Daniel,May,Djibouti,(328)769-7862,christinefox@example.org,2024-02-29
944,Timothy,Anderson,Ethiopia,(952)507-8226x56265,jenniferthomas@example.net,2021-05-28
945,Jeffery,Cabrera,Mozambique,984-723-3657,christinewillis@example.net,2023-10-30
946,Andrea,Stone,Slovakia (Slovak Republic),8882342118,elizabeth90@example.org,2022-07-17
947,Jason,Hoffman,Costa Rica,258-670-3911,rcarter@example.com,2020-09-11
948,Richard,Castro,Portugal,+1-816-602-0945x66262,heather57@example.net,2023-04-17
949,Sandra,Allison,Botswana,320-925-8043,vwallace@example.org,2025-10-17
950,William,Estrada,Monaco,926-299-2723x71461,ashleyweber@example.org,2022-04-02
951,Aaron,Anderson,Estonia,918-539-2671x919,erinhayes@example.com,2020-09-07
952,Walter,Edwards,Greenland,(992)963-1608x360,dennis54@example.net,2020-11-19
953,Russell,Conway,Mauritania,274-873-2924,robertmoran@example.org,2020-04-16
954,Jason,Flynn,Sri Lanka,(881)377-4593,misty27@example.com,2025-08-06
955,Samantha,Morris,Egypt,886.779.7707x46203,richardsmith@example.com,2022-09-20
956,Leah,Dickson,Puerto Rico,+1-274-292-6281x11138,timothymcmillan@example.net,2023-04-03
957,Michelle,Franklin,Morocco,001-517-374-0297x29204,crystalreese@example.com,2024-10-17
958,Stephen,Smith,Mali,+1-833-342-6192x734,uanderson@example.org,2025-03-13
959,Krista,Craig,Puerto Rico,575-490-8801x244,hyoung@example.org,2022-02-03
960,Linda,Valencia,Belgium,8635356554,aprilchung@example.com,2024-04-06
961,Joel,Mcclain,Trinidad and Tobago,+1-759-637-9570x729,brandon82@example.org,2024-09-07
962,Michael,Cordova,Poland,540.276.6998x4023,ftaylor@example.net,2020-02-22
963,Priscilla,Garcia,Slovenia,913.264.1710x17163,jramirez@example.org,2021-10-04
964,Tracy,Peters,Gabon,752-994-6689,holly59@example.net,2020-08-14
965,Sarah,Meyer,Croatia,001-446-956-4186x891,gregorywood@example.org,2023-08-09
966,Colleen,Wright,French Polynesia,(338)814-6256,williamespinoza@example.org,2020-08-14
967,Sierra,Hardin,Malawi,001-726-841-3535,justinrhodes@example.net,2024-02-12
968,Sheri,Herrera,Peru,(200)280-4559x76458,maureengomez@example.net,2023-02-09
969,Melissa,Butler,Bahrain,+1-570-394-2957x3658,lawrencejohn@example.com,2021-10-21
970,James,Caldwell,Nepal,257-972-9330x83360,nballard@example.com,2025-08-11
971,Nicholas,Davis,Qatar,248.327.5519x2272,zachary43@example.org,2022-08-19
972,Jeffrey,Jones,Ukraine,(574)528-2768x1877,hunterjason@example.com,2022-04-27
973,Diana,Martin,Guam,297.926.9267x3985,peter56@example.com,2021-08-05
974,Natasha,Wang,Ghana,9039633051,owade@example.net,2023-04-14
975,Anna,Sanders,British Indian Ocean Territory (Chagos Archipelago),001-449-444-0200x114,walkerjustin@example.net,2023-05-16
976,Laura,Montes,San Marino,310.630.9590,huntertodd@example.org,2020-09-04
977,Rebecca,Lewis,Bulgaria,822-424-9453,mitchellpamela@example.org,2024-09-08
978,Gabriel,Davis,Solomon Islands,528.685.7354x14899,mooresusan@example.org,2022-10-28
979,Douglas,Gordon,Uruguay,741.678.9109,stewartchristopher@example.org,2021-10-01
980,Chase,Bell,Western Sahara,(262)911-6085x9318,melissafrancis@example.com,2024-07-27
981,Ronald,Logan,Heard Island and McDonald Islands,+1-598-418-6869x8513,christopher65@example.com,2022-02-16
982,Clarence,Simmons,Burundi,383.723.3379x596,grahamrebekah@example.org,2023-09-17
983,Dustin,Johnston,Kyrgyz Republic,001-733-560-0278x16939,gregoryvelazquez@example.org,2021-09-10
984,Donna,Alexander,Mauritania,345-949-6443x61803,oscargamble@example.net,2025-06-04
985,David,Larsen,South Africa,499.278.4239x023,jackson49@example.com,2023-03-17
986,Jennifer,Reid,Uzbekistan,644.716.6656x26194,ortizsean@example.net,2025-09-15
987,Matthew,Robertson,Congo,982.637.3489,ymartin@example.net,2021-05-08
988,Edward,Cline,Myanmar,001-970-588-9717,barrydixon@example.net,2023-01-05
989,Sarah,Fisher,Antarctica (the territory South of 60 deg S),001-876-205-3718x81619,lopezthomas@example.com,2020-04-29
990,Louis,Burnett,Palau,001-227-309-6897x14208,gonzalezjason@example.net,2021-01-09
991,Jennifer,Sexton,Jersey,653.557.1675,michelle08@example.net,2022-04-07
992,Carrie,Chavez,Niue,001-212-726-4139,jcampbell@example.net,2024-12-11
993,Angela,Harrell,Slovakia (Slovak Republic),733-448-6811,elizabeth75@example.net,2024-11-10
994,Sandra,White,British Virgin Islands,5229207113,hillchristine@example.com,2020-03-05
995,Steven,Cruz,Austria,+1-684-705-0731,huffmancassandra@example.com,2020-12-04
996,Gabriella,Hall,Pakistan,585.856.2087x370,henrymichele@example.net,2022-06-28
997,Michael,Bolton,Venezuela,905-844-4828x42528,richardjackson@example.com,2021-11-04
998,Zachary,Johnson,Papua New Guinea,(975)552-4118,rhonda27@example.org,2024-01-24
999,Nancy,Young,Japan,349-674-2829x870,jeremy72@example.org,2022-04-04
1000,James,Park,Denmark,667-486-8412x094,anna27@example.net,2021-10-20
1001,Kristin,Cohen,Slovenia,(470)630-0632,pamelapage@example.net,2023-12-29
1002,Alison,West,Peru,001-622-848-3812x819,amoran@example.net,2021-12-28
1003,Brittany,Figueroa,Rwanda,(211)958-4358x03639,greenscott@example.org,2020-12-17
1004,Anna,Graham,Saint Kitts and Nevis,639.692.7150,larsennatalie@example.com,2022-04-20
1005,William,Mccann,United Kingdom,696.202.6742,codylong@example.com,2022-11-19
1006,Heather,Lynn,Cuba,434-306-9807x961,andrewwalker@example.net,2024-06-18
1007,Robert,Moore,Sierra Leone,247.297.7542x3447,jamesbrad@example.com,2024-04-12
1008,Tami,Zamora,French Guiana,(980)269-7923,theresa37@example.com,2025-07-21
1009,Christopher,Burns,Heard Island and McDonald Islands,628.537.0708x8301,matthewlarson@example.org,2022-07-18
1010,Victoria,Bradshaw,Algeria,694-359-2018,gibsonmary@example.com,2021-03-07
1011,Linda,George,Marshall Islands,+1-765-755-5981x067,banderson@example.org,2024-04-22
1012,Ryan,Moore,Trinidad and Tobago,922.784.4022,christine83@example.net,2021-01-29
1013,John,Burke,Iceland,001-875-934-4951x8309,john16@example.org,2023-06-10
1014,Donald,Smith,United Arab Emirates,932.517.5333x176,pgomez@example.net,2024-03-24
1015,Bonnie,Hughes,Comoros,(245)817-2816x054,jacquelinelewis@example.net,2025-12-11
1016,Angela,Mays,Colombia,213-369-1933,dkirby@example.com,2022-12-15
1017,Wanda,Richardson,Czech Republic,+1-761-655-6854,duncankristin@example.com,2023-07-02
1018,Jesus,Kemp,Nepal,(383)957-4550x167,stephenjensen@example.net,2025-01-05
1019,Linda,Smith,Aruba,388-234-0448x561,glendavasquez@example.net,2022-10-30
1020,Sandra,Anthony,Congo,+1-696-947-9857x0636,omcguire@example.com,2025-09-28
1021,Angela,Smith,Haiti,8808794090,kristin89@example.com,2025-03-09
1022,James,Miller,Bolivia,221.852.9599x364,markdavis@example.org,2025-09-23
1023,Hannah,Cooper,Finland,235.220.2577x72684,laura32@example.com,2021-06-13
1024,Jeff,Beard,Croatia,873.381.0479,nparks@example.com,2025-02-10
1025,Amy,Perry,Czech Republic,673.512.1035x484,michelle08@example.net,2021-09-24
1026,David,Taylor,Cayman Islands,(249)570-1937x342,istone@example.net,2024-12-25
1027,Christopher,Hood,Hong Kong,(221)860-2317,ana91@example.org,2024-11-27
1028,Emily,Simmons,Germany,001-461-369-0075x62383,williamssharon@example.org,2022-07-12
1029,Brandon,Boyer,Isle of Man,001-938-780-0919x819,nicholsalexandria@example.net,2021-02-24
1030,David,Walker,Faroe Islands,(867)347-0040,xhoward@example.com,2022-09-12
1031,Marc,Diaz,United States of America,(542)429-9742x6595,huberkeith@example.net,2022-11-01
1032,Jordan,Wallace,Poland,+1-606-959-2196,stanleylarry@example.org,2025-01-13
1033,Jennifer,Erickson,Equatorial Guinea,(253)344-4273,kayla80@example.com,2023-03-24
1034,Matthew,Miller,Heard Island and McDonald Islands,994.766.3594x72699,hernandezwesley@example.net,2022-11-03
1035,Jessica,Hayes,Nauru,301.328.8171,cspears@example.com,2022-04-16
1036,Arthur,Gonzalez,Guinea-Bissau,676.867.3088x5761,samuel42@example.com,2024-11-10
1037,Jaime,Riley,Cocos (Keeling) Islands,822-831-0030,gmann@example.net,2023-07-16
1038,Joseph,Williams,Kenya,+1-390-641-1664x2363,hodgesnicole@example.com,2021-10-25
1039,Eric,Robles,Iran,546.839.6092x8971,zgray@example.com,2025-06-05
1040,Danielle,Anderson,Gambia,(279)620-1006,grantjulie@example.com,2021-04-06
1041,Clarence,Stuart,Benin,4695460961,abbottnatalie@example.net,2025-03-30
1042,Sandra,Wagner,Argentina,255-418-9084,vyoung@example.net,2024-03-10
1043,Holly,Benitez,Burundi,941-291-4398,heather57@example.com,2024-04-08
1044,Nancy,Long,Cambodia,+1-863-220-0871x2859,mbennett@example.net,2024-10-14
1045,Dennis,Allison,Palau,9169438347,xsparks@example.org,2020-11-16
1046,Valerie,Miller,Nepal,288.728.1170,johnsonrobert@example.net,2021-11-21
1047,Jessica,Walker,Uruguay,512-610-8321,jasminesandoval@example.com,2026-01-09
1048,Mark,Friedman,Czech Republic,(382)738-1595x65310,allen79@example.org,2020-07-10
1049,Shannon,Riley,Belarus,001-984-769-4775x7262,shelleymills@example.com,2022-05-05
1050,Donald,Brennan,France,001-919-614-9188x045,heatherbaker@example.org,2025-09-27
1051,John,Heath,Kuwait,628-315-0135x746,donna51@example.net,2025-07-20
1052,Randy,Bradford,Saint Martin,001-293-840-6734x0843,sarah71@example.com,2024-05-02
1053,Stephen,Campbell,Japan,001-249-827-0872x752,walkerjason@example.com,2023-02-07
1054,Jessica,Webster,Morocco,+1-942-495-6755,heatherbutler@example.net,2022-02-10
1055,John,Clark,Cameroon,433.281.9707,hayleyrodriguez@example.net,2023-07-18
1056,Vicki,Johnson,Mayotte,(241)219-2391x2793,frobinson@example.com,2024-12-30
1057,Richard,Riley,Wallis and Futuna,9984941543,paul44@example.org,2024-06-02
1058,Brenda,Gonzales,Cook Islands,001-202-534-0450,steven35@example.org,2022-04-10
1059,Monica,Mitchell,French Guiana,(970)453-1093x72920,shawn14@example.org,2025-01-20
1060,Emma,Black,Suriname,477.295.7462x403,angelicapena@example.org,2021-02-06
1061,Daniel,Huffman,Montenegro,950.392.5166x9278,fullerapril@example.org,2025-10-27
1062,Linda,Thomas,Philippines,(837)404-8275,fdavis@example.org,2021-03-30
1063,Tiffany,Martinez,Libyan Arab Jamahiriya,001-347-989-6596x2023,eramirez@example.com,2025-01-30
1064,Maria,Rosales,Madagascar,790-715-5868x8184,jorge96@example.net,2026-03-02
1065,Jason,Brown,Lesotho,001-323-534-6084x34775,ilucero@example.net,2025-02-14
1066,Derek,Gordon,Georgia,001-584-319-1386x3628,anthony11@example.org,2023-09-24
1067,Allison,Hicks,Bouvet Island (Bouvetoya),001-462-940-1020x25894,lreyes@example.com,2024-07-20
1068,Destiny,Oliver,New Zealand,(388)916-9828x228,kirksmith@example.net,2024-02-14
1069,Patricia,Williams,Lebanon,388-278-7148,james16@example.com,2024-02-16
1070,Michael,Tate,Western Sahara,001-678-901-8309,hhoward@example.org,2024-11-02
1071,Anthony,Martinez,Montserrat,+1-602-318-5759,michael12@example.com,2025-07-24
1072,James,Aguilar,Macao,698.494.4419x9019,christianmontgomery@example.org,2023-10-11
1073,Michelle,Steele,Antarctica (the territory South of 60 deg S),982-856-8618,robert32@example.com,2021-04-16
1074,Elizabeth,Buchanan,China,823.988.0311,catherine33@example.com,2022-06-01
1075,Michelle,Garcia,North Macedonia,714.719.8503x0012,henrysherman@example.com,2025-06-23
1076,Felicia,Johnson,Swaziland,(707)251-2369,xcain@example.com,2024-12-04
1077,Gregory,Lucas,Isle of Man,(800)993-5423,saranorman@example.org,2025-07-20
1078,Sydney,Bauer,Luxembourg,557-803-8625,kimberly68@example.net,2024-08-22
1079,Janet,Goodman,Reunion,308-359-7638x4170,huntermargaret@example.org,2026-01-08
1080,Brittney,Hawkins,Costa Rica,3525120292,jonesshelly@example.net,2023-06-14
1081,Carol,Peters,Yemen,+1-275-830-8515x27093,kevinward@example.net,2021-04-29
1082,Christopher,Shepherd,San Marino,(808)797-3173x784,diane32@example.net,2022-12-04
1083,Jamie,Giles,Christmas Island,313-938-0376x534,johnsonann@example.net,2021-07-27
1084,Billy,Hendrix,Ethiopia,001-401-524-5168x6669,harrisonstephanie@example.net,2024-04-03
1085,Tiffany,Carpenter,Antarctica (the territory South of 60 deg S),001-609-941-3733x81397,jessicahansen@example.com,2025-10-20
1086,Dennis,Clark,Bahrain,+1-439-208-9568,alan40@example.com,2023-06-16
1087,Rebecca,Larson,Nicaragua,001-477-476-0550,gillsamantha@example.com,2023-06-30
1088,Dustin,Figueroa,Nicaragua,385-849-8989,deborahorr@example.org,2024-08-22
1089,Emily,Garcia,Nepal,001-348-771-2179x58945,burnsebony@example.net,2024-08-27
1090,April,Strickland,Palau,798-771-6457,bestmichael@example.net,2021-12-16
1091,Tyler,Dunlap,Bermuda,+1-955-386-4536x467,jeffrey32@example.com,2020-02-23
1092,Ethan,Moore,Barbados,+1-998-421-3843x4973,pchandler@example.com,2025-05-10
1093,Noah,Cohen,Ireland,+1-611-487-5894x3035,rallen@example.net,2023-01-03
1094,Richard,Lopez,Bhutan,(259)712-4182,williamsstacy@example.net,2023-03-26
1095,Kenneth,Gilbert,Niger,+1-308-844-9163x35393,murphydaniel@example.org,2022-12-22
1096,Nicholas,Scott,Pitcairn Islands,(414)298-8491,hughesantonio@example.net,2025-04-25
1097,April,Castillo,Guam,561-501-6779,brittanybennett@example.com,2023-07-06
1098,Michael,Wheeler,Lebanon,001-422-282-3222x121,josephcunningham@example.org,2022-09-23
1099,Michael,Oconnor,Andorra,6338432865,ojohnson@example.com,2024-04-25
1100,David,Munoz,Monaco,001-768-347-3443x3703,kyle70@example.org,2024-02-02
1101,Jennifer,Sampson,British Virgin Islands,397-636-7191,uhudson@example.org,2023-02-01
1102,Matthew,Murphy,Armenia,(733)803-1416,deborahcalhoun@example.net,2025-08-11
1103,Daniel,Acosta,Kenya,001-750-667-9524x38625,hstevens@example.com,2021-07-29
1104,Collin,Lee,Namibia,001-424-640-0468x754,millsallison@example.net,2024-11-28
1105,Jennifer,Hutchinson,Zambia,311-863-1209,tammy46@example.net,2023-01-07
1106,Timothy,Vasquez,Yemen,6095888864,bettysmith@example.com,2022-08-29
1107,Richard,Branch,Antarctica (the territory South of 60 deg S),(644)478-8447x21684,mejiajessica@example.com,2025-03-18
1108,Christian,Hamilton,Barbados,+1-914-457-1010x42645,amanda47@example.com,2024-11-23
1109,Michelle,Edwards,Brazil,(685)302-5959,becky63@example.com,2022-10-10
1110,Tracy,Black,Slovakia (Slovak Republic),375.702.4697,paulachandler@example.org,2025-08-22
1111,Scott,Johnson,Finland,314.781.1667,ryan74@example.org,2022-10-11
1112,Philip,Wyatt,United States Minor Outlying Islands,720-949-4770,robert96@example.com,2025-08-27
1113,Margaret,Boyd,Malawi,001-308-922-7071x6343,farleysummer@example.org,2020-08-14
1114,Brandon,Rodgers,Nauru,+1-546-291-7601x1179,rodriguezjames@example.org,2024-03-04
1115,Amber,Ortiz,Korea,383-630-5411x433,calhountracy@example.net,2022-01-09
1116,Jose,Johnson,Suriname,325.596.6632x29344,jeffrey14@example.net,2022-06-30
1117,Joshua,Coleman,Cook Islands,+1-976-720-6341x69441,rodrigueztiffany@example.com,2021-02-08
1118,Mary,Martin,Pitcairn Islands,311-328-5471x589,joshua04@example.com,2020-09-15
1119,Crystal,Little,Switzerland,209.694.1433x48164,williamsjohn@example.net,2024-11-15
1120,Heather,Cole,Austria,(342)428-2075x406,brianna25@example.com,2022-03-14
1121,Elizabeth,Carpenter,Kenya,397-822-8135x1430,alicia78@example.com,2024-02-08
1122,Melvin,Ferguson,Venezuela,747.233.0760x66747,jamie10@example.net,2023-04-01
1123,Ariel,Mcintyre,Wallis and Futuna,615-200-8455,jordanjeremy@example.net,2025-09-04
1124,Julie,Walker,Anguilla,(304)421-2776x350,vwise@example.net,2025-08-24
1125,David,Medina,Mexico,233.802.1530x626,david78@example.org,2023-03-23
1126,Mary,Riley,Egypt,600-495-6657,smithsusan@example.net,2025-05-06
1127,Kathryn,King,Cook Islands,(384)858-6257,rwilliams@example.net,2025-12-30
1128,Zachary,Martinez,Norfolk Island,585.238.3750x883,jblack@example.net,2023-01-03
1129,Richard,Edwards,Northern Mariana Islands,+1-522-677-1015x11807,angela66@example.com,2025-02-16
1130,Tara,Lewis,Marshall Islands,278-286-9605,lopezjacob@example.net,2022-05-14
1131,Shelby,Jones,Lao People's Democratic Republic,301.862.7566,qmcclain@example.net,2020-11-11
1132,Rita,Kelly,Costa Rica,(534)797-4971x51452,parkercraig@example.org,2022-03-15
1133,Tiffany,Neal,El Salvador,001-434-793-5942x706,chandleramy@example.net,2021-10-01
1134,Jamie,Johnson,Belarus,731.857.8100,josereeves@example.com,2022-10-07
1135,Jeremiah,Waller,Argentina,8652913068,james13@example.com,2020-10-04
1136,Thomas,Scott,Indonesia,945-959-0291x3298,melissa19@example.net,2021-10-07
1137,Jennifer,Ruiz,Aruba,340-843-2501,lesliecross@example.net,2024-08-19
1138,Michelle,Padilla,Faroe Islands,5868619126,jshaw@example.net,2020-10-20
1139,Jessica,Hernandez,Timor-Leste,480.593.2421,briana72@example.net,2024-05-03
1140,Charles,Washington,Antarctica (the territory South of 60 deg S),276.818.8071x94148,joshuastevenson@example.com,2023-08-28
1141,Brandon,Sanchez,Greenland,2082157099,monicabuchanan@example.com,2024-07-09
1142,Susan,Ruiz,Philippines,508-200-0455,jwebster@example.com,2024-09-05
1143,Sandra,Weeks,Bahrain,+1-470-942-9923x862,ffoley@example.com,2025-03-11
1144,Michael,Fox,Cocos (Keeling) Islands,001-575-886-5653x34935,hartmandeanna@example.org,2023-04-10
1145,Karen,Adkins,Swaziland,830.701.6614x068,lesliewilliams@example.org,2022-09-19
1146,Tara,Henderson,Ukraine,+1-354-469-8772x4202,charles83@example.org,2021-04-22
1147,William,Watson,Haiti,(920)879-6524,umorrison@example.org,2021-10-03
1148,Jamie,Jackson,Mayotte,376.457.8250,carrolledwin@example.org,2024-04-13
1149,Seth,Reed,Vietnam,730-513-1870x41230,andersoncharles@example.net,2021-12-07
1150,Brian,Wall,French Polynesia,(550)781-3793,karacummings@example.org,2023-10-13
1151,James,Rodriguez,Botswana,+1-902-260-4288,robert57@example.net,2025-09-05
1152,Jim,Grant,Yemen,581.430.2689,moorerachel@example.net,2022-06-07
1153,Mary,Kim,Holy See (Vatican City State),+1-805-799-9544,vlopez@example.com,2024-12-27
1154,Donna,Smith,Guyana,8885479664,fjacobs@example.net,2021-12-18
1155,Sean,Allen,Micronesia,958.443.6173x753,anthonyedwards@example.org,2024-02-22
1156,Katie,Stein,New Zealand,797.228.7718x3075,owilliamson@example.org,2024-01-02
1157,Kylie,Jenkins,Guinea,565.966.2758,allendarren@example.net,2025-04-08
1158,Andrew,Martinez,Netherlands Antilles,(954)514-5221x785,amanda44@example.net,2022-11-24
1159,Erin,Wilcox,Swaziland,(941)905-7336x2294,butlerkaren@example.net,2025-10-23
1160,Joan,Bell,Lao People's Democratic Republic,+1-653-809-9052x854,kimberlyjones@example.org,2020-11-12
1161,Jessica,Dennis,Solomon Islands,(304)714-6732,mosleylaura@example.com,2025-01-19
1162,Sara,Fry,Cambodia,8425122932,thomaselizabeth@example.net,2023-04-21
1163,Richard,Myers,Venezuela,+1-465-434-8544x465,kpineda@example.org,2023-04-11
1164,Nicole,Williams,Netherlands,735-676-2830,dlewis@example.com,2020-08-26
1165,Desiree,Marshall,Iceland,+1-560-530-8060x08778,sandra38@example.net,2024-02-15
1166,Lori,Ferguson,Mongolia,738-360-6646,clarkkimberly@example.net,2023-07-18
1167,Latoya,Rogers,Ireland,001-770-782-6241,stephen68@example.org,2025-01-09
1168,Dawn,Bailey,Hungary,325.561.7479x16673,kcole@example.net,2021-08-20
1169,Stephanie,Vargas,Western Sahara,(902)679-2916,lpatton@example.org,2021-08-08
1170,Brendan,Cruz,Nicaragua,755.576.0055,travis95@example.com,2023-09-20
1171,Mary,Williams,Peru,+1-770-239-7025,cannonbarry@example.com,2023-03-01
1172,Frank,Smith,Iraq,414-712-7066,austinparker@example.org,2022-10-19
1173,Lori,Forbes,Austria,+1-456-604-1024,halljill@example.org,2021-03-06
1174,Jacqueline,Alexander,Albania,746.261.2234,cpowers@example.com,2021-10-13
1175,William,Farmer,Philippines,673.693.8012x847,kmeyers@example.net,2021-09-07
1176,Corey,Duke,Slovenia,001-369-641-7806x0539,kathleen31@example.org,2021-06-21
1177,Lisa,Brown,Senegal,+1-551-416-9711x700,smalljoanna@example.net,2023-01-07
1178,William,Brown,China,450-909-6339,ydavila@example.com,2024-08-02
1179,Samuel,Shaffer,North Macedonia,(225)216-9074x94460,richardsonkenneth@example.org,2021-12-10
1180,Stephanie,Martinez,Peru,605-598-5019x2268,christopherjones@example.org,2024-10-06
1181,Haley,Harris,Bouvet Island (Bouvetoya),001-979-879-9699x9717,kimwhite@example.net,2020-02-21
1182,Heather,Dixon,Australia,762-406-3082x2790,williamscheryl@example.net,2021-08-25
1183,Tara,Morgan,Andorra,+1-478-264-0959x8616,kirkkristen@example.net,2020-11-24
1184,Chris,Hall,Senegal,001-843-472-6021x955,jennifer26@example.org,2020-09-23
1185,Sergio,Dalton,Netherlands,336-999-8173,jameswilliams@example.org,2025-12-15
1186,Joseph,Perez,Kenya,+1-314-927-4817x48659,susanjones@example.org,2024-07-11
1187,Jesse,Daniels,Netherlands,001-208-818-3299x8005,david82@example.com,2022-01-02
1188,Elizabeth,Horton,Syrian Arab Republic,(752)730-5700,frank10@example.com,2025-10-16
1189,Carlos,Schroeder,Timor-Leste,6029118422,christopher14@example.org,2021-01-16
1190,Joe,Sanchez,Yemen,001-848-309-3279x3038,zburns@example.com,2023-07-09
1191,Bonnie,Preston,Georgia,+1-875-981-8245x93342,michelle77@example.net,2023-05-30
1192,Jamie,Boone,Serbia,(853)232-6318,gbrown@example.com,2020-05-30
1193,Darren,Hernandez,Micronesia,883.885.0013,michaelmoore@example.org,2021-02-10
1194,Carmen,Jackson,Botswana,001-568-866-9753,smithrichard@example.org,2022-11-04
1195,David,Williams,Lithuania,001-291-217-8928,terry71@example.net,2024-06-08
1196,Andrew,Smith,Belarus,977-746-9910x323,andersonpaul@example.org,2025-01-27
1197,Kendra,Ramirez,Chile,752.244.4707x7498,henrycallahan@example.net,2024-04-02
1198,Mathew,Payne,Comoros,679.382.1608x67366,richard61@example.com,2025-05-06
1199,Erica,Davis,Albania,6784165667,blakesamantha@example.com,2024-04-18
1200,Adam,Gordon,Morocco,876.923.0382x62120,scollins@example.org,2020-01-03
1201,Pamela,Taylor,Cook Islands,+1-683-347-3863x87339,payneamanda@example.org,2022-07-09
1202,Danielle,Trujillo,Solomon Islands,962-698-5158x7646,zosborn@example.com,2022-08-14
1203,Dwayne,Taylor,Australia,222.647.2334x4420,davisemily@example.net,2023-04-11
1204,Lisa,Morgan,Palau,672.575.0804,briannaburke@example.org,2025-03-30
1205,William,Palmer,Paraguay,(385)521-4538x8610,rwarner@example.com,2023-06-25
1206,Barry,Marquez,Spain,+1-292-470-2981,cbrown@example.org,2024-07-25
1207,Devon,Hammond,Bosnia and Herzegovina,+1-325-211-6511x05074,walkerbrandon@example.net,2021-07-06
1208,Carla,Garcia,Gabon,(662)992-6341,hmcdonald@example.org,2025-07-25
1209,Cindy,Baldwin,Eritrea,+1-509-218-8716x912,sellersandrew@example.net,2022-06-10
1210,Kevin,Bell,American Samoa,740-430-8497,zwoods@example.com,2022-05-14
1211,Lance,Fernandez,Zimbabwe,(452)443-0096x524,morrismatthew@example.com,2020-06-28
1212,Crystal,Stone,Thailand,(596)272-6047x29745,boyerkeith@example.org,2025-05-15
1213,Andrew,Marshall,Puerto Rico,+1-834-940-3103x83667,rebeccaerickson@example.com,2021-12-06
1214,Keith,Carter,Puerto Rico,475.795.7196x272,michael91@example.org,2024-12-05
1215,Bailey,Morgan,Comoros,001-663-590-0590x1039,ymays@example.org,2021-12-02
1216,Caitlin,Macdonald,Puerto Rico,(944)834-7956x020,jonathan96@example.org,2020-05-20
1217,Robert,Rogers,British Indian Ocean Territory (Chagos Archipelago),607.773.5349x897,twarner@example.net,2020-09-28
1218,Stephen,Stephens,Niue,(679)646-7075x001,brandongalloway@example.net,2023-07-03
1219,Darrell,Cohen,Mali,568-771-3149,wheelersheila@example.net,2021-05-12
1220,Richard,Miller,San Marino,(372)290-1513x409,iorozco@example.com,2022-01-17
1221,Jessica,Fowler,Ethiopia,481-308-2152,acostanicole@example.org,2026-01-15
1222,Ricky,Oneal,Brunei Darussalam,(736)346-5715,rhodesmackenzie@example.com,2022-10-09
1223,Valerie,Ewing,Belarus,(723)893-8518,igilbert@example.net,2021-09-30
1224,Tonya,Leon,Bahamas,001-534-408-2801x48911,collinslisa@example.com,2023-02-23
1225,Jeff,Burgess,Cameroon,(401)331-4658x8015,ashleyhicks@example.com,2020-07-07
1226,Kevin,Raymond,Gambia,290.488.7497x4429,dominguezlinda@example.net,2020-08-15
1227,Timothy,Moon,Guam,(634)729-0108x9168,danielle08@example.org,2023-04-29
1228,Erin,Sparks,Kyrgyz Republic,7472324536,jason42@example.net,2021-08-17
1229,Whitney,Parker,Thailand,001-621-377-0798x006,justinmacias@example.net,2021-09-07
1230,Sara,Brooks,Cyprus,+1-974-763-5154,navarromatthew@example.com,2024-05-09
1231,Kelli,Cohen,Finland,(790)521-0267x379,jhall@example.com,2025-04-25
1232,Lisa,Adkins,Bhutan,8285906344,larrybranch@example.org,2020-10-20
1233,Annette,Everett,Wallis and Futuna,+1-864-381-3204x20485,jamesmcdonald@example.org,2022-07-02
1234,Barbara,Rodriguez,Bhutan,001-251-258-2797x02624,timothywatkins@example.com,2021-08-29
1235,James,Pierce,Bahamas,(277)264-3118x866,jasonvaldez@example.org,2022-12-06
1236,Seth,King,Western Sahara,3746145038,vhamilton@example.org,2025-03-12
1237,Brian,Moore,Saint Barthelemy,(823)524-5777x56338,bvasquez@example.net,2021-06-03
1238,Bradley,Harmon,Cayman Islands,001-499-489-4590,justin27@example.org,2024-12-23
1239,Elijah,Johnson,Somalia,001-744-538-4190x45402,andrea90@example.net,2025-03-19
1240,Danielle,Escobar,Liechtenstein,726-792-7313,levidunn@example.com,2026-03-07
1241,Danielle,Johnson,Belize,662.518.3695x12173,kelly77@example.com,2022-11-03
1242,Adam,Morgan,Heard Island and McDonald Islands,001-480-305-5887,williambrown@example.com,2024-04-19
1243,Emma,Butler,Vanuatu,4146267860,amy75@example.net,2022-04-27
1244,James,Berry,Palau,+1-270-922-9444x6863,jessicanorton@example.org,2025-02-12
1245,Marissa,Drake,Gambia,351-317-6765,vdavis@example.org,2023-12-24
1246,Alicia,Hernandez,Argentina,882-516-8279,staceybrown@example.org,2021-04-18
1247,Rachel,Baker,Anguilla,866.234.5210x21188,joseperry@example.net,2022-04-30
1248,Carlos,Christian,Aruba,313.659.2199,gregory80@example.org,2021-07-20
1249,Parker,Bullock,Seychelles,812.495.0635x92111,frankmorris@example.net,2020-05-18
1250,Sharon,Flores,Dominica,(535)787-7270,thomas18@example.com,2025-12-19
1251,Kristen,Cook,Tonga,(987)651-1988x56746,dkelley@example.org,2025-10-07
1252,Jennifer,Summers,Ireland,+1-451-319-9329,fwhite@example.net,2023-02-08
1253,Charles,Kim,Jordan,433-956-1077x98066,joseph92@example.net,2023-01-22
1254,Christopher,Ramirez,Ecuador,001-202-899-0840x600,brittany43@example.net,2021-11-22
1255,Jeffrey,Wright,Kazakhstan,6383440599,kevinbrock@example.org,2023-03-02
1256,Michael,Ball,Panama,5426453394,johnwebb@example.org,2025-01-26
1257,Thomas,Mejia,United Kingdom,464.953.4372x12088,penningtonwilliam@example.com,2021-06-02
1258,Lauren,Strickland,Singapore,(823)393-9503,bcrane@example.org,2021-08-27
1259,Paula,Gates,Mali,+1-439-424-4697,deanthomas@example.net,2024-12-29
1260,Melinda,Todd,Kyrgyz Republic,(803)382-1879,esoto@example.com,2023-09-17
1261,Chloe,Hernandez,Equatorial Guinea,(221)457-0399x92319,zacharyyoung@example.net,2025-11-07
1262,Tara,Ward,Reunion,(610)738-6993x1689,richardconner@example.com,2021-10-15
1263,David,Perez,Netherlands Antilles,927.976.7284x381,shelby29@example.org,2022-06-02
1264,Anthony,Garza,Burundi,534-920-4813,andrewhines@example.net,2022-11-06
1265,Margaret,Burgess,New Zealand,458.362.6984x972,andrea35@example.org,2024-04-14
1266,Ricky,King,Sudan,+1-302-693-6231,castroelizabeth@example.com,2023-05-12
1267,Wayne,Jenkins,British Virgin Islands,8419925242,michaeldavis@example.org,2024-06-21
1268,Mario,Parks,Saudi Arabia,830.362.4259x207,ariggs@example.net,2020-08-19
1269,Harold,Bryan,Croatia,(465)904-6585x3866,beltranbryan@example.com,2021-03-18
1270,Kristen,Brown,Libyan Arab Jamahiriya,948-365-6285x8537,zmarquez@example.org,2021-04-19
1271,David,Sutton,Holy See (Vatican City State),864.690.2219x679,stacysmith@example.com,2020-01-04
1272,Kathleen,Mccann,Barbados,988.973.0275,jeremy83@example.net,2021-04-18
1273,Kevin,Dillon,Tokelau,+1-240-755-9612x55078,yking@example.net,2022-10-12
1274,Carl,Hall,United Arab Emirates,707.583.9077x546,randrade@example.org,2020-02-27
1275,Paula,Delgado,Bolivia,(781)574-4369x93207,byrdjoshua@example.com,2022-09-23
1276,Jill,Mendoza,Germany,9105928660,megangarza@example.org,2021-04-09
1277,Chad,Cole,Pitcairn Islands,2538487496,edward58@example.org,2022-11-30
1278,Matthew,Hernandez,United States of America,(484)574-8299,hvelasquez@example.com,2021-01-23
1279,Kevin,Lambert,Timor-Leste,734.581.8946,lindsaypage@example.net,2025-03-01
1280,Diana,Le,Morocco,+1-487-590-8765x32292,debbie24@example.org,2023-03-23
1281,Anthony,Jones,Netherlands,382-651-3362,wandasmith@example.com,2024-08-03
1282,Ashley,Ramos,Uruguay,405.967.9442,selena32@example.net,2025-07-21
1283,Renee,Roy,Mongolia,001-861-490-7393,andrewmccoy@example.com,2021-03-14
1284,Tyler,Castro,Jersey,947-961-6271,larryponce@example.net,2025-10-13
1285,Dean,Burgess,United Kingdom,817-563-7485x3628,karajones@example.com,2024-12-12
1286,Tiffany,Ward,Guadeloupe,(609)974-8205x42196,ejohnson@example.com,2020-07-22
1287,Karen,Douglas,Romania,707.732.7696,sfaulkner@example.com,2023-08-04
1288,Courtney,Murray,Singapore,8588615499,thomaskaren@example.com,2022-05-24
1289,Adam,Hardy,Pitcairn Islands,262-500-7079,andrea18@example.org,2025-03-27
1290,Anna,Garrison,Netherlands Antilles,945.246.9899x99286,johnsonmegan@example.com,2024-04-04
1291,Robert,Rodriguez,Myanmar,323-576-2628,fraziertracy@example.com,2021-02-18
1292,Susan,Smith,Mayotte,(982)377-6723,changvalerie@example.org,2022-06-01
1293,Timothy,Estrada,Mali,653.524.2169x1303,moorejesus@example.net,2021-07-14
1294,Carmen,Simon,Greece,8502960111,brandonhutchinson@example.com,2022-05-26
1295,Sharon,Jenkins,Turkey,001-729-768-2165x411,trevinomichelle@example.net,2021-07-16
1296,Charles,Thomas,Sri Lanka,(588)914-9345x613,ashley44@example.com,2024-11-23
1297,Heidi,Brown,Paraguay,001-316-530-2837,ginatorres@example.net,2021-05-14
1298,Brianna,Johnson,Czech Republic,447-874-6377x8647,rhood@example.org,2021-01-17
1299,Cindy,Garcia,Romania,001-669-904-8604x93691,barbaravaldez@example.org,2022-10-05
1300,Donna,Baker,Bahamas,(590)357-4182x7997,pennygonzalez@example.org,2025-03-25
1301,Chad,Johnson,Panama,+1-904-298-8437x8456,gilbertmark@example.com,2020-02-08
1302,Regina,Yates,Micronesia,001-833-665-6066x34282,justinkemp@example.org,2021-05-05
1303,Angela,Hunter,Rwanda,(749)675-0658,jeffrey29@example.com,2021-03-09
1304,Laurie,Soto,Netherlands Antilles,241.656.9930x5774,jennifer91@example.net,2024-08-28
1305,Sandra,Martin,Norfolk Island,(843)292-4234x22971,hensleyjessica@example.com,2020-03-18
1306,Debra,King,Mozambique,2045113633,krystal50@example.com,2025-02-07
1307,Lisa,Scott,Trinidad and Tobago,+1-299-974-5679,steven60@example.com,2020-09-01
1308,Judith,Meza,Australia,(639)850-0531x188,rfarmer@example.org,2023-09-25
1309,Benjamin,Garcia,Liberia,200-871-8998,baileydavid@example.com,2022-05-31
1310,Elizabeth,Brooks,Belgium,(483)246-7742x81459,toddwalton@example.net,2024-11-09
1311,Eugene,Golden,Falkland Islands (Malvinas),+1-673-350-8511x020,mendezdavid@example.org,2020-04-26
1312,Marcus,Alvarado,New Caledonia,(580)604-4702x037,gloriajohnson@example.net,2022-07-18
1313,Mikayla,Collins,Belarus,297.958.9359x368,thomasdavis@example.net,2023-10-04
1314,Robert,Velez,Qatar,+1-383-578-3685x1845,sarahsmith@example.net,2020-01-30
1315,Ricky,Bowen,Korea,(305)370-5258,jennifer25@example.com,2025-03-25
1316,Ann,Bentley,Puerto Rico,933.718.8300x02695,tiffany32@example.net,2021-06-14
1317,Angela,Hernandez,Japan,(357)965-7729x46841,mcneilbrandon@example.net,2021-02-19
1318,Amanda,Wright,Saint Kitts and Nevis,731-580-6562,ernestwilliams@example.net,2020-11-17
1319,Duane,Fitzpatrick,Greenland,(647)258-4438,melvin69@example.org,2024-05-30
1320,Jodi,Smith,Cameroon,998-508-9954x019,rgraves@example.net,2024-10-05
1321,Cheryl,Anderson,Taiwan,323.201.2797x9863,katherine56@example.com,2024-02-17
1322,Lisa,Williams,Samoa,519-710-8200x5685,zachary77@example.com,2020-04-14
1323,Tammy,King,Nauru,(668)316-3638,lynnmiller@example.org,2023-08-31
1324,Lisa,Durham,South Georgia and the South Sandwich Islands,468-755-1413x7115,catherinekemp@example.net,2020-07-18
1325,Shawn,Love,Bouvet Island (Bouvetoya),431.474.7864,charleslee@example.com,2024-06-13
1326,Shawn,Curtis,Tajikistan,358-979-2418x636,eugeneburke@example.com,2023-10-29
1327,Lisa,Stevens,Thailand,653.309.8157x4403,thomashicks@example.org,2024-07-12
1328,Samuel,Brown,Montenegro,701.944.6470x12317,maciasjenny@example.org,2022-03-17
1329,Caitlin,Ramsey,Chile,001-820-525-1370x798,reeveskathleen@example.net,2022-12-17
1330,Mark,Kramer,Puerto Rico,001-998-608-4770,susan85@example.net,2022-08-07
1331,Robert,Cook,Benin,609.792.0930,ecoleman@example.org,2023-12-31
1332,Richard,Vargas,Syrian Arab Republic,8512152840,dparker@example.com,2025-08-03
1333,Sonia,Walker,Eritrea,531-784-8183,perezmichael@example.net,2024-10-22
1334,Jeffrey,Wright,Korea,001-674-682-2690x7723,katiebennett@example.com,2021-10-17
1335,Nathaniel,Carroll,Bulgaria,(570)717-0025,tommybutler@example.com,2023-10-17
1336,Brittany,Martin,Heard Island and McDonald Islands,691-410-8764,wkane@example.net,2022-01-23
1337,Terry,Mckay,Kenya,+1-812-273-3826x3724,william65@example.com,2023-11-08
1338,Melissa,Payne,Svalbard & Jan Mayen Islands,3425933211,danny28@example.net,2025-01-22
1339,Justin,Hill,Anguilla,001-488-739-0500x096,paul22@example.org,2023-04-24
1340,Jared,Campbell,Gabon,932-372-3237x226,jasonlara@example.org,2021-07-02
1341,Jesse,Arnold,Lao People's Democratic Republic,687-414-7760,karen40@example.net,2024-07-03
1342,Monica,Patrick,Samoa,979.829.3804,rhodge@example.net,2025-08-04
1343,Rachel,Garcia,Denmark,8868270868,gilbertsusan@example.com,2022-08-19
1344,Christopher,Bell,Norfolk Island,231-516-6145,carolynsherman@example.com,2023-09-06
1345,Tammy,Nguyen,Montserrat,001-769-694-4999x9280,lthornton@example.net,2023-08-31
1346,Luis,Williams,Mozambique,6993842765,jeffrey27@example.net,2023-08-20
1347,Kristin,Medina,Japan,320-204-6930,imatthews@example.org,2020-03-21
1348,Anita,Evans,Madagascar,(509)667-4809,tammy98@example.com,2024-01-10
1349,Philip,Moore,Italy,343-513-1425,kristi92@example.net,2021-01-31
1350,Taylor,Cole,Angola,001-293-874-5702x83186,bmoran@example.com,2022-03-04
1351,David,Gutierrez,Cambodia,(433)502-4963,bowenebony@example.com,2022-03-07
1352,Brandon,Cole,Korea,+1-698-928-8083x03382,sarah96@example.net,2024-04-13
1353,Derrick,Jenkins,Saudi Arabia,+1-861-453-6540x7009,alyssasantos@example.net,2023-07-02
1354,Danielle,Ramos,French Southern Territories,922.706.3806,zberry@example.org,2025-05-06
1355,Joel,Long,Kiribati,(665)339-8372x7175,greenejoanne@example.com,2023-08-17
1356,Anthony,Dodson,Bhutan,+1-493-597-4138x29771,griffinandre@example.org,2020-11-12
1357,Michael,Watson,France,(695)366-1545x774,zramsey@example.net,2023-12-17
1358,Bonnie,Long,Solomon Islands,(492)466-8550x18110,josephboyer@example.com,2023-03-04
1359,Anthony,Jackson,Mozambique,001-712-878-4723x603,klinemargaret@example.com,2020-05-19
1360,Robert,Gray,France,(563)460-0983,katelyn35@example.net,2022-09-08
1361,George,Thompson,Seychelles,365-202-7955x6935,sierra78@example.net,2025-02-06
1362,Richard,Smith,Russian Federation,568-449-7306x299,stephanie43@example.com,2021-12-01
1363,Tyler,Roberts,Moldova,001-816-385-7700x3268,alejandro49@example.net,2024-02-11
1364,Jose,Pierce,French Guiana,854-801-1356,cervanteserica@example.net,2022-12-23
1365,Charlene,Caldwell,Slovakia (Slovak Republic),+1-807-677-0672,fking@example.com,2020-10-25
1366,James,Vaughn,American Samoa,576-513-0764x0673,parrishtracy@example.net,2022-01-19
1367,George,Becker,Saint Lucia,001-989-813-8606x68522,vanessacoleman@example.com,2021-12-07
1368,Jacob,Woodward,Oman,001-662-752-9969x539,uodom@example.com,2024-06-05
1369,John,Davis,Hong Kong,443.694.1094x3520,david09@example.com,2022-12-20
1370,Alexis,Garcia,India,(616)259-1333,ahowell@example.net,2021-02-09
1371,Christopher,Lopez,Iraq,507.787.4776x19831,yvonnetyler@example.org,2022-06-29
1372,Douglas,Vazquez,Sao Tome and Principe,001-828-659-8460,ashley76@example.com,2024-01-17
1373,Jennifer,Rodriguez,Mexico,+1-913-509-0586x006,mistymanning@example.net,2024-05-07
1374,Jeffrey,Walton,Tunisia,237-464-7245x9563,xford@example.net,2022-01-31
1375,Samantha,Taylor,Rwanda,+1-547-259-5423x0390,duane00@example.com,2021-09-16
1376,Christian,Alvarez,British Indian Ocean Territory (Chagos Archipelago),(478)805-3634,kimberlygilbert@example.com,2020-11-12
1377,Christina,Bautista,Montenegro,(833)988-7068x78882,vwilliams@example.org,2022-08-29
1378,Vanessa,Harris,Anguilla,001-578-375-3679x504,lisasantiago@example.org,2021-02-15
1379,Jennifer,Thomas,Mozambique,369.549.0864,caitlin01@example.org,2023-07-02
1380,Michael,Baxter,Djibouti,+1-514-592-0805x6023,spowell@example.org,2025-11-29
1381,Teresa,Mendez,Russian Federation,(369)227-5611x2411,georgejessica@example.net,2022-04-18
1382,Trevor,Mccoy,Uganda,782-285-0001,piercepeter@example.net,2026-02-06
1383,Joshua,West,Mayotte,250.556.0010,pateljesse@example.org,2026-02-15
1384,Raven,Webb,Mozambique,+1-314-517-1638x326,dale66@example.org,2021-01-18
1385,Kenneth,Jenkins,Monaco,+1-988-329-7976x06375,ibrown@example.org,2025-08-05
1386,Ryan,Henry,Cocos (Keeling) Islands,(471)426-5800x6441,phillipmyers@example.org,2023-07-10
1387,Cheryl,Owens,Colombia,+1-375-697-0109x10436,michael23@example.org,2024-01-14
1388,Taylor,Callahan,Micronesia,665.213.0067x40608,kevin27@example.com,2022-02-04
1389,Preston,Padilla,Cambodia,(209)567-2148,ncoleman@example.org,2023-10-25
1390,Christopher,Knight,Gabon,+1-923-925-0349x6341,carrie01@example.org,2021-03-13
1391,Matthew,Buchanan,Heard Island and McDonald Islands,353-276-0869,kellyhamilton@example.com,2023-11-30
1392,Timothy,Hooper,Pakistan,(302)843-1586,joshuawright@example.net,2020-05-01
1393,Charles,Rodriguez,Iceland,+1-800-753-2856x577,johnsonlisa@example.org,2024-08-23
1394,Mary,Scott,Antigua and Barbuda,3354277367,donnacooper@example.com,2020-05-25
1395,Andrew,Alvarez,Madagascar,583.392.1575x3274,robbinsmatthew@example.com,2025-01-06
1396,Jennifer,Wall,Cote d'Ivoire,913-790-9538,shahrichard@example.net,2020-02-24
1397,James,Moss,Central African Republic,742.670.2710x5633,xbates@example.net,2026-01-09
1398,Annette,Buchanan,Latvia,(593)555-4671,jessica90@example.org,2020-07-25
1399,Adam,Dawson,Kuwait,979-370-8064x463,jacob26@example.org,2022-09-10
1400,Kimberly,Thomas,Guinea-Bissau,392.202.0808,toddhill@example.net,2024-01-07
1401,Jose,Wilkins,Norfolk Island,(831)513-1202,jessicaobrien@example.org,2021-09-13
1402,Denise,Vargas,Andorra,(698)407-1454x5251,clarkkristy@example.net,2024-10-07
1403,Luke,Stout,Slovenia,+1-939-441-6187,davisjaclyn@example.org,2023-06-08
1404,Traci,Williams,Cocos (Keeling) Islands,001-274-274-5989x1593,katrina99@example.com,2024-10-24
1405,Jacob,Huerta,Denmark,8117037415,tammycole@example.org,2021-09-05
1406,Carla,Jones,India,+1-910-497-7565x0213,mark70@example.net,2022-08-04
1407,Ryan,Owens,Armenia,+1-912-240-2485x07630,fmyers@example.com,2021-06-11
1408,Mitchell,Garrett,Mayotte,618-718-5351x456,rollinswendy@example.com,2021-03-14
1409,Beth,Lopez,Venezuela,613.608.9576x76643,nicole09@example.net,2025-05-05
1410,Douglas,Webster,Swaziland,894-497-1742x102,jimenezannette@example.com,2023-08-02
1411,Jonathan,Simpson,Paraguay,+1-255-889-4562x486,carolynmerritt@example.com,2022-06-21
1412,Alisha,Miller,Kazakhstan,(373)571-7408x43745,jenkinsscott@example.com,2025-02-18
1413,Sarah,Phillips,Eritrea,913-636-0165x553,sanfordlindsey@example.com,2021-01-30
1414,Fred,Munoz,Haiti,481.455.9688x99444,cbrown@example.net,2023-01-19
1415,Anthony,Smith,Marshall Islands,(416)996-4531x53363,tmunoz@example.net,2025-05-22
1416,Gregory,Proctor,Niue,+1-873-230-8009x982,mpham@example.org,2021-01-27
1417,Christopher,Fox,Saint Vincent and the Grenadines,(594)823-3460x052,nvasquez@example.net,2024-07-09
1418,Sandra,Thornton,Uruguay,+1-593-759-4722x132,vkelly@example.com,2022-02-10
1419,Carrie,Hayes,Togo,(462)635-3717,jamesdavis@example.com,2021-03-07
1420,Cory,Sanchez,Nepal,8512446914,rebecca85@example.com,2024-05-07
1421,Melissa,Skinner,Congo,001-312-703-8253x781,zwilliams@example.org,2023-11-03
1422,Olivia,Barrett,Papua New Guinea,605.649.9818,mike10@example.org,2024-06-11
1423,Richard,Powers,Tanzania,(259)433-4976,thomas07@example.net,2022-02-11
1424,Susan,Perkins,Eritrea,549.612.1069x97381,howardkevin@example.net,2023-03-22
1425,Harold,Trujillo,Northern Mariana Islands,297.488.0314x626,amanda18@example.org,2022-02-23
1426,Jay,Flores,American Samoa,(687)774-3659,matthew16@example.com,2021-11-26
1427,Joshua,Miles,Syrian Arab Republic,682.402.5073x887,gardnersusan@example.com,2020-10-03
1428,Hannah,Powell,Sao Tome and Principe,9383008397,taylorlane@example.net,2025-01-03
1429,Tiffany,Conley,Macao,768-342-7748,xbarnes@example.org,2020-06-27
1430,Cindy,Watts,Paraguay,(885)673-6266x198,pschultz@example.net,2025-07-01
1431,Arthur,Bradley,Fiji,728-932-4471x36894,zharrison@example.net,2024-04-13
1432,Nicholas,Powell,Niger,+1-434-984-2510x246,michael73@example.net,2025-04-07
1433,Christy,Lyons,Heard Island and McDonald Islands,728.904.0450,ggomez@example.com,2020-06-28
1434,Ann,Taylor,France,943-250-0246x9276,powelljohn@example.org,2023-06-06
1435,Sherri,Torres,Tajikistan,(962)640-1432,hwashington@example.org,2022-02-14
1436,Roberto,Daniels,Tokelau,001-617-900-0656x00094,martinezshannon@example.com,2025-07-08
1437,Rebecca,Douglas,North Macedonia,764-566-2718,kristin66@example.org,2023-04-25
1438,Autumn,Moore,French Polynesia,(399)731-1836,vincent79@example.org,2024-03-08
1439,Kyle,Jones,Ethiopia,(697)360-9032x767,msmith@example.org,2022-04-12
1440,Katherine,Dennis,Tokelau,407-212-2080x285,lisa30@example.org,2021-06-29
1441,Cynthia,Henderson,Georgia,477.461.8964x6861,thomasdavid@example.net,2024-02-01
1442,Brian,Jones,Hong Kong,+1-812-874-0648x88136,john06@example.net,2024-12-20
1443,David,Atkins,Monaco,445.923.0761x7370,jordanbyrd@example.com,2022-03-02
1444,Michael,Garcia,Mozambique,256-888-8874,hmerritt@example.net,2023-02-27
1445,Zachary,Perez,Azerbaijan,(690)419-4597x4921,heather74@example.com,2021-12-09
1446,Erika,Pittman,Mali,+1-663-740-5387x306,dale47@example.net,2025-04-24
1447,Timothy,Johnson,Pitcairn Islands,+1-278-823-7358x411,deanzachary@example.org,2020-02-19
1448,Matthew,Wood,Christmas Island,8565757143,deborahgonzalez@example.org,2020-03-06
1449,Frank,Douglas,Botswana,001-982-872-8882x2684,tamara90@example.com,2024-09-10
1450,Jesus,Walton,Namibia,(731)728-5118x32697,garnerjason@example.com,2024-08-12
1451,William,Estes,Micronesia,2833238095,butleralan@example.net,2025-10-02
1452,Justin,Morrison,American Samoa,779.571.7299x1840,obriengeorge@example.org,2020-04-23
1453,Emily,Hayes,French Guiana,531.366.2356x39653,richardharris@example.org,2022-09-03
1454,Scott,Cox,Algeria,001-299-826-3424x948,lperez@example.com,2026-01-12
1455,Jennifer,Parsons,Mauritania,+1-455-926-4481x208,deanna12@example.net,2024-07-10
1456,Sierra,Turner,Mexico,(852)915-1321x3358,ysmith@example.org,2021-07-24
1457,Vincent,Fletcher,Malta,824-682-6516x63020,fwhite@example.net,2023-09-13
1458,Chloe,Scott,Uruguay,232.586.0324x98405,smendez@example.com,2021-04-10
1459,Mark,King,Tuvalu,503-412-0744,dgreen@example.org,2022-01-19
1460,Douglas,Davis,Congo,626-384-8599,lcox@example.net,2022-08-13
1461,Laura,Heath,Georgia,340.977.1636,xprice@example.net,2020-04-09
1462,Robert,Abbott,United Arab Emirates,(455)382-6472x4472,williambrown@example.com,2022-02-05
1463,Anthony,Nielsen,American Samoa,438.979.2299,jonesmadeline@example.net,2022-11-30
1464,Jesse,Yang,Dominica,001-636-851-3581x6948,markmann@example.org,2022-11-12
1465,Rebecca,Murphy,South Africa,874-983-9107x65845,josemccormick@example.org,2025-08-03
1466,Jackson,Douglas,Botswana,(890)712-7269x9820,cunninghamalyssa@example.org,2023-05-30
1467,Adrian,Coleman,Russian Federation,942-481-9565,donna65@example.com,2024-03-13
1468,Nancy,Gomez,Russian Federation,001-529-346-8115x934,teresaerickson@example.org,2023-12-01
1469,Jacob,Sparks,Gabon,331-319-9822,cassie29@example.net,2022-05-19
1470,Daniel,Myers,Congo,001-259-648-0645x5997,natasha78@example.net,2022-02-16
1471,Anthony,Rodriguez,Palau,2873750313,lori91@example.net,2024-10-25
1472,Katelyn,Hardy,Dominica,218-309-2075,ylopez@example.org,2021-02-25
1473,Christopher,Garner,United Kingdom,+1-309-807-5072,jameslee@example.org,2025-10-25
1474,Mary,Graham,Congo,(886)658-7743x59416,robinsonbrittany@example.org,2023-04-07
1475,James,Avery,Tonga,2415303441,kelly56@example.org,2020-05-14
1476,Angel,Keller,Albania,6175955170,carpenterchristopher@example.org,2020-08-25
1477,David,Fields,Canada,876.368.5877,tchavez@example.net,2023-07-30
1478,Heather,Lester,Cote d'Ivoire,733.364.2863x8654,gthompson@example.org,2023-02-07
1479,David,Evans,Martinique,512-824-8646x3166,holmesjoshua@example.com,2023-07-15
1480,Bailey,Smith,Sweden,(224)904-4803x4304,kayladyer@example.com,2022-03-13
1481,Theresa,Fletcher,Tunisia,+1-996-202-6062x007,faithcrawford@example.com,2025-03-10
1482,Leslie,Jackson,Djibouti,(788)714-1045,marisa09@example.org,2022-05-16
1483,Andrea,Fields,Oman,794.490.0890x7794,andrea65@example.com,2023-07-31
1484,Drew,Johnson,Libyan Arab Jamahiriya,234.585.4642x141,dthompson@example.org,2023-01-13
1485,Valerie,Smith,Indonesia,6984305165,sherilara@example.com,2025-03-27
1486,Thomas,Ortega,Iraq,441-947-1411,gregoryortiz@example.org,2024-01-01
1487,Audrey,Reed,Iceland,(902)872-6801x85433,juliesmith@example.org,2021-01-24
1488,Jacob,Lane,Honduras,(443)378-0086x55105,amy84@example.com,2025-07-02
1489,Tiffany,Caldwell,Bahamas,521-564-9949x222,chapmandebra@example.org,2020-06-21
1490,Mia,Franco,Maldives,001-844-992-5957x3207,jeremywilson@example.com,2023-07-22
1491,Carrie,Martinez,Spain,366.929.0958,johngutierrez@example.net,2020-04-23
1492,Sarah,Patterson,Jersey,001-723-598-1852,spencerjessica@example.net,2021-01-13
1493,Javier,Fry,Namibia,515.389.2649x294,mary76@example.org,2023-04-27
1494,Timothy,Vasquez,Malta,953-616-8913,douglas83@example.org,2026-01-30
1495,Helen,Rice,Montserrat,413-208-1184,martinlyons@example.org,2023-10-01
1496,Richard,Mathis,Niue,773.722.1046,nicole57@example.net,2023-08-31
1497,Kelly,Brandt,Netherlands,712.456.7011x0437,melissa05@example.net,2020-06-05
1498,Samantha,Scott,Liechtenstein,808.206.8857x49150,pbrown@example.net,2025-02-19
1499,Julia,Stone,Albania,698.387.3633x7743,sarah00@example.org,2024-10-21
1500,Patricia,Boyd,Philippines,001-530-817-4989x7324,antonio44@example.org,2022-10-01
1501,William,Savage,French Guiana,(783)300-0605x736,tanner11@example.net,2021-08-20
1502,Dylan,James,Chile,+1-215-699-9461x3072,zmiller@example.com,2025-07-24
1503,Brenda,Taylor,Australia,001-745-781-6948x56403,patrick94@example.com,2020-12-11
1504,William,Hughes,Guinea-Bissau,933-727-0115x25249,tanderson@example.com,2025-09-28
1505,Carol,Hayes,Spain,001-811-389-4274x21783,oparker@example.org,2022-10-16
1506,Michael,Keller,Bouvet Island (Bouvetoya),208.681.4900x7853,ifuller@example.com,2022-12-15
1507,Karen,Johnson,Jersey,582-615-0477x760,whitneycoffey@example.com,2020-11-03
1508,Christopher,Holland,Jersey,+1-439-772-3996,kellyyoung@example.net,2022-06-28
1509,Derek,Gonzalez,Senegal,(736)898-5342x1403,matthew66@example.net,2023-10-28
1510,Michelle,Lee,Benin,(395)611-0042x4312,jennifer13@example.org,2020-10-04
1511,Erik,Harris,Zimbabwe,001-456-472-4995,wrightdanielle@example.org,2021-02-26
1512,Robert,Salinas,Bermuda,637-641-4177x0574,yperez@example.com,2026-01-18
1513,Stephanie,Gibson,Malta,(968)645-5544x86101,michelle07@example.net,2020-04-18
1514,Eric,Johnson,Panama,761-530-7181x885,xjones@example.org,2022-05-10
1515,Kathryn,Frederick,Montenegro,510-208-4656,sharonjohnston@example.net,2022-09-19
1516,Rebecca,Rowe,Botswana,001-868-583-4727x909,robertsrobert@example.com,2020-07-17
1517,Melissa,Beck,Palestinian Territory,584.568.1132x612,nburgess@example.org,2022-11-16
1518,Luke,Ortega,Marshall Islands,641.311.1380,victoriastephenson@example.net,2020-03-25
1519,Adam,Mays,Central African Republic,598-309-7284,john47@example.org,2025-09-20
1520,Emily,Crawford,British Indian Ocean Territory (Chagos Archipelago),(909)258-6768,kathleen93@example.com,2024-12-25
1521,Stephanie,Brooks,French Guiana,655-241-2193,christinejordan@example.com,2022-12-02
1522,Danielle,Taylor,Somalia,829.626.2375,mgarcia@example.org,2022-01-28
1523,Michael,Benitez,Rwanda,001-518-686-1002x72188,kaylamiller@example.net,2020-05-01
1524,Julie,Sanders,Belgium,8505903514,zrobinson@example.org,2024-06-24
1525,Wendy,Kelly,Cyprus,869-246-3839,wgarrett@example.org,2025-01-17
1526,Stephanie,Clark,Afghanistan,933-949-7910x8512,savagevictor@example.com,2025-02-03
1527,Brandy,Estrada,Mauritania,+1-915-970-7190,melanie31@example.net,2023-02-05
1528,Bethany,Quinn,Saint Pierre and Miquelon,307.781.2179,tonygarcia@example.com,2020-12-26
1529,Darlene,Garcia,Bouvet Island (Bouvetoya),001-547-707-8488x6570,kristi60@example.net,2020-04-08
1530,Mark,Mack,Slovakia (Slovak Republic),001-632-841-9787x584,powellisaiah@example.com,2024-06-13
1531,Barbara,White,Dominican Republic,001-325-601-8193x3612,christopher82@example.net,2024-01-05
1532,Mark,Rodriguez,Kiribati,001-898-653-1515,lindsey14@example.com,2025-01-28
1533,Tony,Simmons,Namibia,746.671.7233x495,julie20@example.org,2022-02-01
1534,Nicole,Ramsey,British Virgin Islands,891.728.8165x10731,rosssarah@example.com,2025-10-03
1535,Holly,Henry,Faroe Islands,203-448-2727,maxwellrodriguez@example.org,2024-04-06
1536,Megan,Davis,Bangladesh,593.554.2843,david18@example.com,2021-12-31
1537,Shane,Green,Saint Martin,272.861.6996,munozkevin@example.net,2023-05-24
1538,Randall,Valdez,Cuba,446-798-4866,melissabennett@example.org,2024-06-02
1539,Mark,Cooley,North Macedonia,(850)968-4998,robertsonmisty@example.com,2021-07-11
1540,James,Lester,Cape Verde,+1-280-438-4641x861,jaclynramirez@example.net,2023-07-10
1541,Kristy,Johnson,Bulgaria,839-933-5883x842,michellealvarez@example.org,2024-12-06
1542,Robert,Velazquez,Belgium,407.248.6410x1411,emartinez@example.net,2021-05-13
1543,Timothy,Moreno,Saint Vincent and the Grenadines,438.847.3293x05344,dunlapmark@example.org,2023-05-26
1544,Charles,Long,Kuwait,001-464-461-7450x14277,tamaramoore@example.com,2023-03-31
1545,Austin,Norton,Panama,(501)513-4018x4269,myersrobert@example.org,2021-02-26
1546,Russell,Villa,Qatar,(987)883-8720,uhoward@example.net,2022-09-27
1547,Joanne,Garcia,Hong Kong,9286381941,thompsonjeffery@example.com,2020-12-06
1548,Brian,Hall,Uzbekistan,(899)855-4917x293,clarkgabriella@example.org,2023-11-15
1549,Cameron,Martin,Indonesia,799-504-2611,yvette23@example.org,2022-08-25
1550,Lauren,Vasquez,Mayotte,523-486-3191,harrellapril@example.net,2020-01-28
1551,Joan,Reyes,Cote d'Ivoire,747-438-8567x59503,fperez@example.net,2022-06-06
1552,Jeremy,Day,Oman,200-919-6734,andrea40@example.com,2025-12-08
1553,David,Patel,Equatorial Guinea,9097726661,vincentatkins@example.org,2025-03-05
1554,Kimberly,Smith,Angola,001-259-565-4300,nicoledaniel@example.net,2025-07-15
1555,Philip,Miller,Somalia,+1-565-431-7877,danielcurtis@example.com,2021-07-22
1556,Stephanie,Wilson,Reunion,001-733-399-5878x87443,lisa62@example.net,2021-02-06
1557,Hannah,Wilson,Poland,+1-600-492-0722x9000,wbrock@example.org,2023-07-01
1558,Jenna,Conway,United States of America,854-958-9548x345,barnettcynthia@example.com,2020-12-17
1559,Brent,Banks,Uzbekistan,590-304-8994x53089,nelsonjamie@example.net,2023-08-02
1560,Andrew,Gomez,Nicaragua,(353)397-8768x6250,christopher11@example.net,2024-06-24
1561,Kenneth,Valencia,Benin,+1-890-813-8831x340,marymartinez@example.com,2024-05-29
1562,Lisa,Howard,Saint Martin,001-628-279-7516x06151,robertsjoshua@example.net,2022-01-31
1563,Mary,Mckay,Armenia,(947)633-7258x0851,kellycole@example.org,2023-12-11
1564,Charles,Valenzuela,Bhutan,910.865.8857,burgessjennifer@example.org,2023-06-22
1565,Susan,Prince,Kuwait,001-958-670-7039,dawngraham@example.com,2023-04-22
1566,Allison,Mendoza,Italy,+1-780-947-3238x3752,hfoley@example.com,2020-05-12
1567,Melissa,Allison,Malta,001-506-904-1056x17301,morapatricia@example.org,2022-09-07
1568,Sean,Gonzalez,Luxembourg,566-462-5231,bclarke@example.com,2022-03-02
1569,Madeline,Schroeder,Tajikistan,001-957-581-0323,lori10@example.org,2025-02-13
1570,Alicia,Hubbard,Czech Republic,+1-544-277-6269x618,nicole07@example.com,2025-06-05
1571,David,Ellison,Lao People's Democratic Republic,4513614041,mhale@example.net,2025-12-13
1572,Elizabeth,Nelson,Tanzania,(746)669-0316,kimberly21@example.com,2022-09-09
1573,Hannah,Wilkins,Iraq,(812)785-7638x60589,nancy17@example.com,2021-11-24
1574,Michael,Barnes,New Zealand,917-920-2786x505,jmartin@example.com,2020-05-05
1575,Andrew,Humphrey,Uruguay,001-349-663-6530x4637,mary53@example.net,2023-11-30
1576,Anthony,Wyatt,Saint Vincent and the Grenadines,9877388128,matthew64@example.net,2022-04-25
1577,Ashley,Garcia,Svalbard & Jan Mayen Islands,766-421-3218x288,william40@example.net,2024-11-25
1578,Matthew,Todd,South Georgia and the South Sandwich Islands,2597896670,smithbrandy@example.com,2023-07-10
1579,Rebecca,Steele,Luxembourg,486.283.6175x044,christopher47@example.net,2021-09-14
1580,Gregory,Freeman,New Zealand,001-930-651-8292x722,wadeevan@example.org,2021-05-06
1581,Zachary,Hoffman,Dominica,7696847239,douglas52@example.org,2025-09-12
1582,Justin,Vasquez,Bolivia,8372378190,richard91@example.com,2021-11-14
1583,Jacob,Simpson,Turkey,+1-303-603-4221,tcastro@example.org,2021-01-02
1584,Edward,Rodriguez,Cook Islands,(697)987-9241,troy97@example.net,2025-10-17
1585,Kristen,Scott,Peru,001-322-414-8105x003,gcordova@example.com,2026-01-03
1586,Karen,Matthews,Spain,001-946-764-1728x146,jefferymosley@example.org,2023-12-19
1587,Kim,Gray,Central African Republic,5594620604,josephthomas@example.com,2024-04-17
1588,Linda,Sloan,Saint Martin,884-740-3317x8229,jacksonchristopher@example.org,2020-05-06
1589,Melissa,Medina,Ukraine,2169618196,icalderon@example.net,2024-11-22
1590,Justin,Carney,Rwanda,001-700-263-6293x2209,kdaniels@example.com,2020-07-15
1591,Jacqueline,Holland,Denmark,(406)386-7618x1550,vdean@example.com,2025-05-08
1592,Jennifer,Allison,Cook Islands,001-751-909-5142x68225,tarareynolds@example.com,2025-08-03
1593,Daniel,Nelson,Grenada,469.507.7192x1769,mary62@example.com,2023-06-05
1594,Edward,Villa,Germany,(680)826-4922,nicole83@example.net,2025-12-14
1595,Caitlin,Allen,Martinique,879-401-4097x5355,toddmiranda@example.net,2023-01-29
1596,Tiffany,Norris,Latvia,+1-635-535-9233,abrown@example.com,2022-12-08
1597,David,Hopkins,Kiribati,246.974.2336,matthew18@example.org,2022-07-27
1598,Lisa,Foster,Pitcairn Islands,(668)639-3436x25958,umcdonald@example.com,2024-12-08
1599,Laura,Bartlett,Oman,(503)496-2870,mjohnson@example.net,2024-03-31
1600,Stephanie,Johnson,Slovenia,+1-624-670-6748x85908,debra60@example.com,2024-10-12
1601,Melissa,Oliver,United States Minor Outlying Islands,493.405.4086,justin81@example.com,2023-11-29
1602,Michelle,Blankenship,Qatar,001-244-413-6224x53300,jonathan08@example.com,2025-05-03
1603,Patrick,Johns,Kazakhstan,8235780362,rachel98@example.org,2020-03-16
1604,Tami,Bauer,Mali,(432)454-8374x14622,ghughes@example.net,2024-09-24
1605,Alexandra,Newton,Falkland Islands (Malvinas),(230)395-4057,mnavarro@example.com,2020-07-06
1606,Jessica,Anderson,French Guiana,(304)528-4326x18500,kathleen46@example.net,2025-04-21
1607,Victor,Taylor,Heard Island and McDonald Islands,932-666-8702x534,shane54@example.net,2020-02-14
1608,Jeanette,Buck,Grenada,380-653-6562x93982,clarkbradley@example.org,2023-04-16
1609,Steven,Carter,Slovakia (Slovak Republic),813-374-1502,amy97@example.com,2020-04-07
1610,Mario,Trevino,Serbia,4188624600,walter98@example.com,2024-11-15
1611,Melinda,Powers,Finland,556.589.9696x7840,torresjames@example.net,2024-03-11
1612,Jonathan,Stout,Afghanistan,001-328-888-0112x4637,kimberly60@example.org,2022-03-15
1613,Kevin,Smith,Saudi Arabia,+1-576-361-9754x8959,eric27@example.net,2024-06-06
1614,Heidi,Campbell,Sweden,001-693-647-7253x95880,gonzalezkim@example.com,2025-07-13
1615,Daniel,Santos,Equatorial Guinea,905-744-7731,lisaanderson@example.com,2021-02-13
1616,Donna,Williamson,Korea,504.982.5607,cheryl68@example.net,2022-03-30
1617,Destiny,Harrington,Ethiopia,584-773-1850,watkinsjennifer@example.com,2022-10-14
1618,Brandon,Donaldson,French Southern Territories,+1-842-623-0913x2855,griffintimothy@example.net,2022-10-07
1619,Christina,Franklin,Andorra,7443821643,bpetty@example.com,2021-05-17
1620,Cindy,Greene,Palau,888-881-1730,millerpatricia@example.com,2023-04-14
1621,Erica,Nelson,Finland,001-760-666-2152,brian00@example.net,2021-03-21
1622,Kathryn,Williams,Bahamas,490-674-2679,greeneryan@example.org,2022-03-17
1623,Mark,White,Colombia,001-591-705-7641x34054,colemanjennifer@example.com,2025-04-02
1624,Mary,Carroll,Togo,(896)996-3840x020,kmorrow@example.net,2023-10-09
1625,Diana,Santiago,Falkland Islands (Malvinas),001-649-758-9313x14832,jturner@example.net,2020-10-13
1626,Amber,Holder,Burkina Faso,+1-487-932-8271x6188,virginia25@example.org,2020-07-25
1627,Danielle,Rodriguez,Panama,235-991-7700x24062,dylan41@example.com,2023-09-05
1628,Michael,Butler,Micronesia,+1-943-676-5583x9652,matthewmyers@example.org,2024-12-15
1629,Adam,Foster,Peru,2858664334,tammyherrera@example.org,2023-01-17
1630,Danielle,Boyd,Thailand,001-593-603-0776x4247,qlopez@example.org,2021-08-20
1631,James,Church,Yemen,(228)608-6768x202,kristinewiggins@example.net,2022-05-15
1632,Rachel,Evans,Israel,8823545318,zachary42@example.org,2025-10-29
1633,Theresa,Hayden,Guernsey,720-627-0965x851,williamsjoel@example.com,2025-12-15
1634,Sarah,Hood,Chad,403-594-7774x294,laurenwelch@example.com,2022-02-01
1635,Kristin,Lopez,North Macedonia,+1-874-264-9612x2671,usmith@example.net,2021-09-30
1636,Teresa,Wells,Vietnam,(809)897-4334x87010,kenneth35@example.org,2023-07-01
1637,Denise,Elliott,Madagascar,(642)914-6305x1932,jasoncantrell@example.com,2024-12-14
1638,Joel,Morse,Norway,(618)961-0457x4138,marcuscochran@example.com,2025-03-24
1639,Megan,Leonard,Haiti,9506742605,brianescobar@example.org,2026-02-22
1640,Brittany,Pineda,Svalbard & Jan Mayen Islands,385.406.9677,amywong@example.com,2025-03-18
1641,Casey,Dalton,Svalbard & Jan Mayen Islands,001-400-641-5463x669,freemanlindsey@example.net,2025-05-23
1642,Kristy,Wagner,Liechtenstein,001-499-804-9628x385,ifernandez@example.org,2023-07-30
1643,Thomas,Lopez,Netherlands Antilles,9789059022,brenda25@example.net,2023-11-27
1644,Allison,Lester,Tajikistan,723-526-5904,xrodgers@example.net,2024-10-26
1645,Taylor,Ryan,Montserrat,+1-436-955-6939x159,sandra29@example.org,2025-12-24
1646,Cheryl,Johnson,Saint Vincent and the Grenadines,+1-662-766-2592x169,sparker@example.org,2024-04-19
1647,Julie,Hess,Lithuania,986-506-1877x238,gclark@example.com,2022-08-08
1648,Amy,Pope,Djibouti,895-952-0659x2391,rhonda56@example.org,2026-02-24
1649,Denise,Jordan,Jordan,250.409.7498x09875,iwood@example.net,2021-03-10
1650,Dylan,Estrada,Svalbard & Jan Mayen Islands,(480)619-6319x75779,wsmith@example.com,2021-06-10
1651,Pamela,Ross,China,3692948930,nathanielbuckley@example.org,2022-10-01
1652,Duane,Young,Costa Rica,001-402-548-8006x09015,sanchezchristian@example.com,2023-01-29
1653,Maurice,Burns,Guatemala,446.880.5080x9507,markfernandez@example.org,2024-08-15
1654,Anthony,Cross,Sweden,931.763.1884x97048,davidmaldonado@example.com,2025-01-05
1655,Brian,White,Sweden,001-356-520-0960x79961,owalters@example.org,2022-08-23
1656,Edward,Smith,Bahrain,286-824-8461,nicholasrice@example.org,2021-09-08
1657,Melissa,Hernandez,Senegal,001-500-650-4789x3446,fordlee@example.org,2025-11-03
1658,Christopher,Wagner,Palestinian Territory,+1-292-732-8074x3624,tina83@example.net,2024-09-17
1659,Kevin,Brown,Greenland,(980)295-7334,rjohnson@example.net,2021-10-09
1660,Stephanie,George,Burundi,624.941.2815x72296,raymondhawkins@example.org,2020-11-09
1661,Lisa,Beck,Niue,(879)840-0358x476,kstevens@example.org,2022-04-18
1662,Deborah,Anderson,Benin,413.627.9111,johnstonshannon@example.net,2021-07-11
1663,Frank,Patterson,United States Minor Outlying Islands,8955880321,arussell@example.net,2020-08-07
1664,Kyle,Harper,French Polynesia,+1-752-875-0282x6088,powellmark@example.com,2023-01-05
1665,Heather,Gomez,New Zealand,764.625.6072,caitlincruz@example.org,2023-06-29
1666,Jennifer,Greer,Barbados,745-672-3398x497,wwalker@example.com,2023-04-27
1667,Joy,Cruz,Rwanda,587-256-2871,tamara94@example.org,2024-01-03
1668,Heather,Williams,Pitcairn Islands,(683)255-5791x51556,donna59@example.org,2020-09-07
1669,Kevin,Cortez,Lesotho,243-974-1616x01329,vernon73@example.org,2023-02-21
1670,Arthur,Hopkins,Cyprus,268-733-1442,catherinemiller@example.net,2024-07-26
1671,Rodney,Harvey,Saint Pierre and Miquelon,2946526114,qrussell@example.org,2020-05-05
1672,Carmen,Mcdaniel,Mongolia,4599174836,reginaldsmith@example.net,2022-07-31
1673,Steven,Hayes,Mayotte,569-829-9720x783,nicholas48@example.org,2023-11-26
1674,Jack,Zhang,Turkey,624.592.8712x150,sharonblair@example.org,2022-12-20
1675,Ryan,Suarez,Ghana,+1-999-624-9535x4267,shannondiana@example.org,2020-08-20
1676,Alicia,Barber,Ethiopia,327.653.1430x033,rebecca70@example.net,2021-04-10
1677,Denise,Gibson,Turkey,266-589-8601,paynecarl@example.net,2021-12-28
1678,Phillip,Henry,Cocos (Keeling) Islands,996-930-9930x008,fryecynthia@example.com,2025-04-07
1679,Megan,Riley,Sudan,(666)923-0344x01724,briannabrown@example.com,2025-12-26
1680,Monique,Morgan,Saint Pierre and Miquelon,+1-240-504-1681x6034,nreed@example.org,2022-04-12
1681,Chelsea,Cole,Bahamas,775-569-5297x1045,richardsalazar@example.net,2025-08-10
1682,Thomas,Wallace,Honduras,+1-552-738-4838x9136,carlos48@example.net,2022-07-31
1683,Dylan,Perez,Kazakhstan,853.207.9025,mcdonalderic@example.org,2023-04-06
1684,Steven,Lee,Papua New Guinea,(842)719-8775,james30@example.org,2020-01-18
1685,Nathan,Thomas,South Georgia and the South Sandwich Islands,(716)837-3669x4848,tyler35@example.net,2024-07-06
1686,Amy,Hahn,Cameroon,928.450.2152,rachaelelliott@example.net,2020-07-30
1687,Margaret,Perry,Gibraltar,001-576-507-1126x698,msmith@example.com,2020-02-25
1688,Andres,Alexander,Saint Lucia,001-687-607-9859x72538,contrerasandrea@example.com,2021-05-29
1689,Kyle,Martinez,Russian Federation,+1-601-648-1646x4029,meghantorres@example.net,2025-07-10
1690,Susan,Webster,Finland,(593)429-3195x53641,alan87@example.net,2021-04-17
1691,Brian,Ortiz,Niue,296-771-4956x7261,kathrynshepard@example.com,2020-08-10
1692,Jennifer,Dean,China,+1-797-627-3120x494,michael74@example.com,2023-12-13
1693,James,Simon,Sierra Leone,282.925.4348x2996,brandygutierrez@example.org,2025-03-17
1694,Joshua,Dudley,Mongolia,651-663-6419,fbishop@example.org,2021-07-14
1695,Jenny,Farmer,Jordan,614.702.4667x7446,brianmolina@example.net,2020-05-14
1696,Jennifer,Schmidt,Jersey,293-425-0522,oclark@example.com,2020-11-16
1697,Kathryn,Wagner,Liberia,532.217.1045,kanepaula@example.com,2024-11-14
1698,Melissa,Graves,China,(240)265-7023x59684,hdonaldson@example.com,2025-10-18
1699,Kurt,Brown,New Caledonia,243.581.0710,alexanderskinner@example.org,2021-05-21
1700,Anne,Baker,Nicaragua,(917)236-5914x930,sanchezbrianna@example.net,2020-01-22
1701,Holly,Jackson,Saint Kitts and Nevis,878-628-1279x327,martin08@example.com,2023-01-27
1702,Yolanda,Mays,Poland,466.590.2211,russellmiller@example.net,2022-12-23
1703,Nancy,Martinez,Cote d'Ivoire,501-380-3227x2291,adamcarter@example.net,2020-05-16
1704,Melissa,Gould,Cayman Islands,888.217.2686,emily94@example.net,2023-03-25
1705,Donna,Clark,Heard Island and McDonald Islands,+1-995-263-4583x299,belindagibson@example.net,2020-12-05
1706,Austin,Howard,Angola,(899)735-6343x49895,owensgary@example.org,2020-05-06
1707,Jessica,Baker,Burkina Faso,373-540-1154,waynesnyder@example.com,2025-04-25
1708,Anthony,Jones,Malawi,001-201-452-3800,drogers@example.com,2025-05-15
1709,Martha,Williams,Dominican Republic,+1-460-682-1102x83302,mendozasean@example.com,2020-11-16
1710,Chad,Green,Montserrat,5955296113,fernandezwillie@example.com,2021-03-21
1711,James,Hanson,Slovakia (Slovak Republic),(664)798-1705,rhondahayden@example.net,2021-02-26
1712,Tammy,Harris,Cote d'Ivoire,(382)588-8258,kingjason@example.org,2020-06-16
1713,Lauren,Gutierrez,Gibraltar,9336622151,erik70@example.net,2023-04-11
1714,Anthony,Rodriguez,Benin,(864)748-3191x531,christina55@example.org,2021-11-07
1715,Theresa,Stevens,Italy,001-293-715-9870,edwardsemily@example.com,2020-03-01
1716,Brooke,Jones,Mali,2933519065,brownjeffrey@example.org,2024-07-01
1717,Candace,Shannon,Egypt,574.881.9373x49292,tbaxter@example.net,2025-01-26
1718,Andrew,Reilly,Jordan,+1-711-464-3734,vclark@example.net,2023-01-25
1719,Lisa,Carey,Montenegro,(385)862-7665x42871,millertasha@example.com,2020-10-05
1720,Stephen,Atkins,Lebanon,9612681649,mcollins@example.com,2020-04-09
1721,Kaitlyn,Davis,Peru,+1-658-714-9742x224,michael11@example.org,2026-01-13
1722,William,Daugherty,United Kingdom,472.248.0537x9181,blakemark@example.net,2022-04-25
1723,Rachael,Padilla,Congo,943.410.3799x330,amanda30@example.org,2020-06-07
1724,Todd,Turner,Isle of Man,(936)820-0042x9852,yblackwell@example.org,2021-12-01
1725,Christina,Gonzalez,Cocos (Keeling) Islands,(437)448-7764x4074,robertmyers@example.net,2020-12-15
1726,Heidi,Huang,Zimbabwe,933.583.6564x735,englishbrittany@example.net,2024-09-13
1727,Adam,Dixon,Saint Kitts and Nevis,765.909.9750,stephenking@example.net,2023-01-12
1728,Brenda,White,Mexico,381.734.0244x007,cwilliams@example.com,2025-12-08
1729,William,Clark,Nauru,+1-414-934-4065x9929,ashley94@example.com,2022-05-30
1730,Brittany,Clark,Ecuador,(806)635-5862x774,usmith@example.org,2022-11-22
1731,Spencer,Green,Sri Lanka,(527)897-3560,xgates@example.com,2023-08-23
1732,Renee,Thomas,Korea,001-353-436-5867x779,eric43@example.net,2024-02-04
1733,John,Williams,Holy See (Vatican City State),+1-555-231-0514x53217,joshuachristian@example.net,2020-09-24
1734,Jesus,Ward,Malawi,001-285-582-6953,michael99@example.org,2022-03-25
1735,Ashley,Thompson,Honduras,367-220-0214x0766,david55@example.org,2022-04-16
1736,Virginia,Sharp,Eritrea,(763)453-2762x708,halljonathan@example.org,2025-05-19
1737,Claire,Bryant,Saudi Arabia,718-596-3862x935,chrisjohns@example.org,2025-04-12
1738,Katherine,Stephens,Iceland,997-920-4978x31835,kathy90@example.net,2025-03-02
1739,Laura,Price,Spain,9447079319,vhartman@example.org,2023-09-13
1740,Jessica,Lowe,Panama,937.736.1658,adamsnathan@example.net,2023-07-14
1741,Timothy,Romero,Myanmar,+1-664-459-5299x686,carol78@example.net,2021-09-16
1742,Aaron,Mata,Slovenia,5283253817,jeremy26@example.org,2023-06-01
1743,Bianca,Carter,French Polynesia,+1-389-827-5941x821,christinamorton@example.com,2020-09-30
1744,Earl,Wilson,Hong Kong,7009070873,monica28@example.org,2023-09-10
1745,Ruth,Taylor,Saint Kitts and Nevis,+1-536-642-7254x2208,robertkerr@example.net,2020-08-27
1746,Adam,Jones,Turkmenistan,352.382.4157x4091,rochastephen@example.net,2020-09-16
1747,Katherine,Jones,United Arab Emirates,701.508.3879x02427,guerrerorobert@example.com,2022-03-16
1748,Dawn,Clayton,Singapore,626-986-3901x95786,erussell@example.com,2026-03-05
1749,Michael,Buckley,Ecuador,461-296-8902x8680,andrea61@example.net,2025-04-03
1750,Michael,Lopez,Israel,343.282.3786x5211,andrewtran@example.net,2023-07-16
1751,Jennifer,Martin,Bangladesh,327.868.3726,bhopkins@example.org,2023-11-14
1752,Michael,Hughes,Qatar,971-829-4370,juliemoreno@example.org,2024-01-31
1753,Kathryn,Walsh,Ireland,218.252.6388x712,mstone@example.net,2024-04-27
1754,Kenneth,Wallace,South Africa,2347545972,solisjon@example.net,2021-05-19
1755,Kelly,White,Libyan Arab Jamahiriya,515.751.1094x617,rachel06@example.com,2025-11-20
1756,Kimberly,Santiago,France,+1-442-490-5579x2286,carrie28@example.org,2023-09-17
1757,Victoria,Newton,Honduras,9928861941,sarah02@example.net,2020-04-16
1758,Alice,Murphy,Turkey,780.441.0585,victoriascott@example.com,2022-04-02
1759,Abigail,Freeman,Nicaragua,856.962.6655x42317,deckermario@example.com,2025-02-16
1760,Alison,Rivera,Nauru,+1-535-253-2401x481,wilsonbrent@example.com,2021-10-07
1761,Kathleen,Jarvis,French Southern Territories,281.713.1270x93285,sallyhuber@example.org,2024-03-26
1762,Alejandra,Tyler,British Virgin Islands,+1-911-224-2065x80229,daniel28@example.org,2024-03-04
1763,Nicole,Vasquez,Cook Islands,001-652-893-6581,perezmatthew@example.com,2023-08-21
1764,Charles,Morales,Isle of Man,(444)626-0305x12624,henrywesley@example.net,2024-02-29
1765,Cynthia,Washington,Uzbekistan,(735)510-1585x017,jaredscott@example.com,2025-06-15
1766,Gerald,Henry,Malawi,(278)636-3022x860,eric80@example.com,2022-04-08
1767,Jesse,Morrow,Isle of Man,001-829-800-3595x1847,paul26@example.org,2022-07-04
1768,John,Thompson,Belize,6308722237,frazierwilliam@example.net,2022-06-05
1769,Kendra,Thompson,Liberia,001-613-309-9619x38000,kellyyoung@example.com,2024-03-11
1770,Nicholas,Cox,Czech Republic,976-584-3941,gamblejesse@example.com,2023-08-31
1771,Andrew,Morris,Ethiopia,001-451-666-9132x237,joseph21@example.net,2021-10-08
1772,Thomas,Watson,Philippines,001-528-208-6017x5755,dwalton@example.com,2024-12-17
1773,Alexandria,Scott,Taiwan,364-266-2109,garciaallen@example.com,2022-07-22
1774,Cody,Cowan,American Samoa,+1-975-908-2338,jessicaking@example.org,2020-10-01
1775,Glen,Bautista,Belize,9575361452,kennethwilliams@example.com,2024-08-27
1776,Mary,Kim,Somalia,+1-238-503-4985,michealkramer@example.net,2026-01-01
1777,Jonathon,Moore,Serbia,(881)530-6591x0654,ahawkins@example.com,2022-11-08
1778,Ronald,Griffith,Jordan,+1-553-684-0614x8315,brendan08@example.org,2025-04-16
1779,Jessica,Rodriguez,British Virgin Islands,001-584-451-3764x54288,devinmeadows@example.net,2025-06-24
1780,Jimmy,Bishop,Croatia,480.944.5244,william91@example.net,2023-07-11
1781,Robert,Bray,Cameroon,469.506.7721,dylan15@example.com,2022-07-24
1782,Donald,Vega,Nepal,(914)996-8812,vsmith@example.org,2022-02-14
1783,Pamela,Hill,Myanmar,634-495-6206,dawn73@example.com,2021-12-29
1784,William,Long,Norway,001-632-544-6035x17069,rdurham@example.com,2024-11-01
1785,Katelyn,Romero,Czech Republic,+1-824-563-7474,scottweaver@example.org,2024-04-27
1786,Robert,Davis,South Georgia and the South Sandwich Islands,001-602-736-2973x7894,jon98@example.net,2022-04-07
1787,Christopher,Peters,Angola,477.807.9296x43457,smithgregory@example.com,2020-03-11
1788,Paige,Shaw,Ireland,485-411-3853x290,alexandra57@example.com,2022-06-05
1789,Stephanie,Gomez,Belize,917.834.3922x879,megan66@example.org,2025-08-30
1790,Justin,Schwartz,Niger,(416)921-9854x6347,ncisneros@example.com,2023-08-13
1791,Heather,Fox,Cote d'Ivoire,(589)269-2943x691,adamsalan@example.org,2020-05-22
1792,Matthew,Guerrero,Qatar,(561)622-0689x0652,pattersonchris@example.com,2020-09-09
1793,Brianna,Porter,Jamaica,464-916-4437,gloriakelly@example.net,2022-12-10
1794,Lucas,Santos,Ireland,406.449.7693,jamesdunn@example.com,2023-12-29
1795,Joseph,Campbell,Heard Island and McDonald Islands,773.908.9503,robert71@example.org,2023-03-17
1796,John,Hughes,Andorra,693.217.2446x0388,zjoyce@example.net,2024-05-31
1797,Jeffrey,Cisneros,Saint Lucia,001-214-821-7627x158,jacquelinestone@example.net,2025-03-12
1798,Jason,Dunn,Tunisia,001-911-376-0773,bankssara@example.net,2024-03-03
1799,Robert,Alexander,Pakistan,001-968-282-8274x5177,eric36@example.com,2021-03-03
1800,Norman,Trujillo,Singapore,+1-535-963-0624x9385,efuller@example.org,2024-09-16
1801,Julie,Duffy,Bhutan,260.247.3194,jenkinslogan@example.org,2021-10-30
1802,Leroy,Decker,American Samoa,423-405-8068x1620,camposdennis@example.org,2022-03-05
1803,Jeffrey,Mcdaniel,Albania,001-544-664-3779x771,amyhurst@example.com,2021-04-17
1804,Chad,Richardson,Algeria,+1-426-476-7373x522,williamsamanda@example.org,2023-10-13
1805,Michael,Cruz,Peru,662.921.7503,erica62@example.com,2021-03-04
1806,Monica,Bass,Solomon Islands,(841)524-8379x29780,silvamisty@example.net,2023-05-12
1807,Lisa,Garcia,Madagascar,945.707.6800,ismith@example.org,2023-10-27
1808,Shawn,Ford,Sierra Leone,9003593371,josephlarson@example.com,2021-01-01
1809,Ashley,Ray,Belize,(590)993-2168x3169,madelinedean@example.org,2022-07-04
1810,David,Walton,Marshall Islands,(666)573-0128,hannahcastillo@example.com,2023-10-05
1811,Michelle,Martin,Cote d'Ivoire,001-259-339-1810x92161,brianguzman@example.org,2021-11-29
1812,Deanna,Adams,Gambia,878-691-5514,snyderluis@example.net,2023-10-17
1813,Thomas,Moore,New Zealand,795.273.2873x7683,millerbriana@example.org,2023-10-12
1814,Jennifer,Rios,Heard Island and McDonald Islands,001-712-275-7938x46444,awhite@example.com,2020-01-22
1815,Brandon,Davis,Northern Mariana Islands,9586607216,phillipsvictoria@example.org,2021-10-21
1816,Roger,Lopez,Jersey,+1-960-971-4953x25563,gjohnson@example.org,2020-07-05
1817,Brian,Parker,Jamaica,(302)464-2582,susanchang@example.com,2020-05-18
1818,Jill,Allen,French Polynesia,001-359-893-6863,riverajennifer@example.net,2025-10-19
1819,Debra,Strong,Cambodia,758-921-8937x67619,joseph63@example.com,2024-05-16
1820,Timothy,Hale,Portugal,(755)936-6535,andrew14@example.org,2021-10-29
1821,Christian,Horne,Armenia,9319153684,jeremyboone@example.com,2024-10-04
1822,Stephen,Davis,Slovenia,+1-688-837-6721x3088,hillcynthia@example.com,2020-12-16
1823,Veronica,Ross,Bolivia,870.388.7734x2881,ellismichelle@example.com,2021-05-08
1824,Lauren,Roberts,Zambia,001-246-959-9069,bowenmelissa@example.org,2022-02-26
1825,Mark,Kim,Cayman Islands,001-992-511-2727x0578,tarathomas@example.com,2022-06-02
1826,Michelle,Collins,Mexico,793.482.6707x4759,florescarolyn@example.org,2023-09-12
1827,Christopher,Burke,Faroe Islands,+1-984-754-1011,iroman@example.com,2022-02-22
1828,Christopher,Nielsen,Peru,330.667.5193,ericdelacruz@example.org,2021-06-05
1829,Jesse,Willis,Mauritius,001-751-325-8952,danamiles@example.org,2020-10-31
1830,Ralph,Clark,Bahrain,(695)328-9958,xroberts@example.org,2025-02-06
1831,Jill,Garcia,Trinidad and Tobago,7653949373,josephstone@example.net,2026-02-25
1832,Andrea,Green,Singapore,937.928.4322,nichole86@example.net,2024-11-19
1833,Michelle,Sellers,Anguilla,257-733-4700,armstrongmark@example.org,2025-04-03
1834,Carol,Black,Guinea-Bissau,355-394-4876x6713,garciaerika@example.org,2021-03-20
1835,Michael,Kelly,Montenegro,3426573978,cameronmiranda@example.com,2024-07-26
1836,Christopher,Logan,Afghanistan,626.881.1890x274,brandon89@example.org,2020-01-08
1837,Charlene,Murray,Russian Federation,498.596.5986x13271,reyesleslie@example.net,2025-10-05
1838,Anna,Green,India,(708)413-0983,flemingchristine@example.org,2025-02-27
1839,Leah,Nguyen,Tokelau,(213)416-6902,sydney81@example.com,2025-07-28
1840,Bradley,Brock,Bahamas,001-341-352-6081x2116,michael59@example.org,2021-06-18
1841,Amber,Kelly,British Virgin Islands,001-236-830-9870,joseph03@example.org,2023-11-19
1842,Alexis,Holder,French Guiana,875-956-9398x357,hlynn@example.org,2022-01-01
1843,Andrew,Hansen,Saint Barthelemy,9727169701,katherine93@example.org,2026-01-10
1844,Lauren,Lucas,Cote d'Ivoire,+1-803-592-3477x37118,emmamorris@example.com,2023-11-11
1845,Andrea,Price,Tunisia,639.754.6868x23632,codybennett@example.org,2021-06-11
1846,Sarah,Vasquez,Ethiopia,001-418-268-9277x194,amay@example.net,2024-05-08
1847,Mark,House,Saint Vincent and the Grenadines,731-885-9432x67939,anna62@example.org,2025-06-05
1848,Jennifer,Horton,Albania,728-772-2279x535,tuckerbenjamin@example.com,2024-05-29
1849,Angel,Reid,Afghanistan,261.757.1034x929,maryferguson@example.org,2022-04-09
1850,Melissa,Flores,Marshall Islands,001-979-222-8833,fgallegos@example.org,2021-03-12
1851,Tiffany,Simpson,Mongolia,467.772.3660x900,joan63@example.com,2025-09-21
1852,Michele,Mayer,Tonga,952.206.8287x523,collierhannah@example.org,2023-10-06
1853,Desiree,Cox,Canada,+1-697-725-9710x19602,bmartinez@example.org,2023-10-25
1854,Erin,Hamilton,Wallis and Futuna,001-985-992-2434x32224,zoebrown@example.com,2025-04-17
1855,Arthur,Mcdaniel,Korea,9287820189,kristin58@example.net,2024-10-18
1856,Michael,Hester,Sao Tome and Principe,705-650-9004x5397,chadsullivan@example.org,2021-04-12
1857,Cheryl,Guerrero,Niue,+1-869-265-1726x9969,carol79@example.org,2022-08-08
1858,Kyle,Watkins,Sao Tome and Principe,9346335213,houstonmaria@example.net,2025-12-05
1859,Jose,Page,Papua New Guinea,(286)768-2601x4471,karenjones@example.com,2021-02-04
1860,Kevin,Porter,Colombia,589.688.5594,tanya69@example.org,2021-12-08
1861,Kelly,Crawford,Slovakia (Slovak Republic),+1-546-895-8092x141,greenrachel@example.net,2023-11-13
1862,Thomas,Walls,Cote d'Ivoire,001-678-631-3675x76892,jenniferharris@example.com,2022-10-31
1863,Kimberly,Carter,American Samoa,8349474146,kimberly18@example.com,2023-11-13
1864,Michael,Burnett,Gambia,(833)959-0286x28452,imartinez@example.net,2022-11-15
1865,Kenneth,Salas,Timor-Leste,522.639.6631x041,robertford@example.com,2022-10-20
1866,Joshua,Morrison,Botswana,001-297-317-3812x830,vclark@example.com,2026-01-27
1867,Patrick,Johnson,Samoa,+1-742-328-8551x222,jeffrey81@example.com,2024-02-27
1868,Henry,Brown,Hong Kong,001-942-905-3074x62935,rebecca85@example.com,2022-04-16
1869,Deanna,Adams,Jersey,001-970-528-3448x03842,carmen60@example.com,2020-07-20
1870,Jessica,King,Nepal,+1-565-862-0189,mitchellbrett@example.org,2021-04-17
1871,Drew,Booth,Kuwait,+1-400-573-3448,michaelwhite@example.org,2025-08-20
1872,Eric,Rivera,Burkina Faso,+1-416-808-6464,jacqueline21@example.org,2024-08-23
1873,Jessica,Thompson,Zimbabwe,001-763-946-7745x200,harriscatherine@example.net,2020-02-23
1874,Teresa,Lyons,Congo,220.828.2785x141,gilbertscott@example.org,2021-10-05
1875,Catherine,Blair,Germany,210.350.8923x258,jcowan@example.net,2021-04-29
1876,Jeremy,Jackson,Saint Pierre and Miquelon,576.713.9215x2665,carmennelson@example.net,2021-06-05
1877,Ronald,Thomas,Nigeria,001-313-862-7818x5695,wmorton@example.org,2025-11-05
1878,Cindy,Cole,Senegal,786.226.7549,crystalpayne@example.com,2023-05-12
1879,Shawn,Kemp,Ukraine,+1-516-570-5691x7973,gilbertkayla@example.net,2023-06-08
1880,Dalton,Romero,Malaysia,285.563.6790x11183,ginarubio@example.com,2024-08-29
1881,Robert,Lee,Tanzania,398-723-9135x2926,rodriguezshawn@example.com,2020-11-12
1882,Alex,Gomez,Switzerland,001-316-441-2349x0052,davidvang@example.org,2024-10-12
1883,Heather,Miller,Guernsey,+1-867-561-1107x66768,bmoreno@example.org,2022-04-13
1884,Adrian,Lloyd,Hong Kong,+1-515-255-3213x4620,jordankathleen@example.net,2024-10-11
1885,Amanda,Reyes,Anguilla,+1-392-498-0759x015,rwu@example.org,2022-03-28
1886,Brandon,Fritz,Palestinian Territory,001-222-333-5341x47151,oliviabarrett@example.org,2025-04-19
1887,Kelly,Martinez,Wallis and Futuna,(286)914-6064x56874,edavis@example.org,2022-09-17
1888,Julia,Jackson,Cameroon,(234)743-8894,walleredward@example.org,2026-01-14
1889,Kara,Bennett,Indonesia,(875)333-1004,richardrandolph@example.com,2021-06-15
1890,Adam,Jones,Kazakhstan,739-378-4517x464,brucewilliams@example.org,2022-08-16
1891,Albert,Norris,San Marino,(208)536-6531,davidstewart@example.net,2022-07-28
1892,Pamela,Drake,El Salvador,8475531812,william66@example.org,2024-11-25
1893,Bridget,Perez,Egypt,+1-624-254-8373x58275,tinaallen@example.net,2021-05-26
1894,Lori,Wright,Faroe Islands,(521)336-8004x5356,reederic@example.org,2021-01-08
1895,Richard,Ramirez,Wallis and Futuna,825.842.4237,yosborne@example.net,2022-01-30
1896,Jennifer,Weeks,Cyprus,330-435-4312x637,michaelchristopher@example.org,2025-08-08
1897,John,Long,Haiti,+1-366-716-8918x33532,jamespark@example.org,2022-03-08
1898,Jared,Gomez,Tunisia,001-670-692-0758x362,sanchezsteve@example.org,2025-04-06
1899,Stephanie,Leonard,Slovakia (Slovak Republic),+1-820-375-8968x03733,alexa43@example.org,2021-11-25
1900,Jennifer,Sanchez,Saint Pierre and Miquelon,(484)986-9210x33163,jasminelee@example.net,2022-04-18
1901,Steven,Medina,United States Minor Outlying Islands,835-756-7017x9422,dustinvasquez@example.com,2024-09-10
1902,Stanley,Garcia,Pitcairn Islands,338-661-3068,erikjensen@example.org,2024-03-18
1903,James,Bentley,Pitcairn Islands,348-510-3711x4130,smithcolleen@example.net,2024-07-07
1904,Ashley,Jefferson,Dominica,+1-975-608-8246x447,sgarrett@example.net,2022-10-15
1905,Scott,Rich,Oman,001-868-450-7004,tjames@example.net,2022-10-18
1906,Kathleen,Bond,Denmark,762.986.1057x0814,aaron16@example.net,2021-05-08
1907,Steven,Bell,China,(576)299-8306x5629,gsnyder@example.com,2020-06-28
1908,Jimmy,Mcdonald,Lesotho,+1-468-700-4251x7564,charles52@example.org,2022-07-30
1909,Isaac,Greene,Moldova,928.931.0534,davidweaver@example.org,2021-08-31
1910,Lindsay,Jones,Myanmar,+1-951-676-9558x4599,sean02@example.net,2021-04-13
1911,Steven,Lewis,Grenada,334-731-4701,kathyschmidt@example.org,2021-01-25
1912,Sandra,Espinoza,Belgium,202.986.4824x0925,llee@example.org,2020-07-09
1913,Christine,Marshall,Chile,+1-750-303-9724x740,agreen@example.com,2023-05-30
1914,Renee,May,Sao Tome and Principe,837-653-3863,mbrown@example.net,2023-10-26
1915,Kevin,Lawson,Ukraine,920.306.2293,brownerica@example.net,2025-12-12
1916,Shannon,Fox,Antigua and Barbuda,4096863507,jennifer08@example.org,2020-02-19
1917,Marcus,Moore,Cambodia,6025262604,cohenjoan@example.com,2022-06-30
1918,Sophia,Holt,Sri Lanka,+1-584-863-3113,jacksonmichael@example.com,2023-10-16
1919,Jessica,Hall,Latvia,564.687.3209,taylortimothy@example.net,2021-02-17
1920,Anthony,Collins,Western Sahara,544.596.3546x866,charlesle@example.org,2022-07-26
1921,Jessica,Tate,Jersey,+1-723-281-5895x3460,qmoody@example.com,2021-05-08
1922,Elizabeth,Simpson,Indonesia,939.359.4782,moorejames@example.org,2025-06-30
1923,Curtis,Payne,Central African Republic,891.877.9387x701,turnermelissa@example.com,2025-12-24
1924,Kenneth,Young,Guadeloupe,(663)365-9992,spencermichael@example.net,2022-07-25
1925,Michael,Torres,Heard Island and McDonald Islands,(971)541-8978,greenmichael@example.com,2022-11-16
1926,Charles,Lee,Bulgaria,638.583.3017x604,hayleydavis@example.net,2022-01-24
1927,Allison,Davies,Timor-Leste,+1-910-392-0906x67951,cynthia60@example.com,2025-10-01
1928,Gregory,Kline,Algeria,4388072829,phillipsjessica@example.net,2022-08-25
1929,Ashley,Mccormick,Italy,001-551-245-2572x60952,chad70@example.com,2023-06-20
1930,Sara,Pennington,Lithuania,(563)331-6577x2567,dramirez@example.com,2025-07-23
1931,Samuel,Wilkinson,Maldives,001-704-954-9546x8935,greenricardo@example.com,2025-01-02
1932,Alice,Vincent,Libyan Arab Jamahiriya,765.697.1499,katelyn91@example.com,2021-11-02
1933,Peter,Mason,South Africa,211-759-5439,eaguirre@example.net,2022-08-14
1934,Sarah,Le,Botswana,+1-571-472-2326x387,vchristian@example.net,2021-04-30
1935,Dawn,Rhodes,Bahrain,831.536.9154,hamiltondiana@example.org,2020-01-29
1936,Matthew,Yates,Seychelles,001-594-754-3396,katrina69@example.com,2021-11-18
1937,Shannon,Young,Sudan,001-972-551-1154x2780,christopher01@example.com,2023-08-05
1938,Donald,Brooks,Brunei Darussalam,001-548-948-1537,teresa29@example.net,2022-02-01
1939,Margaret,Daniels,Belize,2768974365,ojones@example.com,2024-09-20
1940,Jeffrey,Gray,Tonga,216-958-1268,michaellee@example.net,2025-06-04
1941,Shawn,Sosa,Andorra,+1-757-277-7162x4789,diane65@example.com,2024-05-26
1942,Donald,Henry,Samoa,6508757615,keith80@example.net,2023-03-30
1943,Joshua,Parker,Tajikistan,(986)580-0615,kray@example.com,2022-04-15
1944,Sarah,Potter,New Zealand,001-328-502-5791x42733,taylorstephen@example.net,2024-03-22
1945,Jesus,Jennings,Tanzania,(743)519-0953x3531,david26@example.org,2023-02-11
1946,Chelsea,Collins,Norway,(609)335-5264x834,zgomez@example.net,2023-11-05
1947,Cynthia,Page,Norfolk Island,001-467-633-5470x0330,lrobertson@example.com,2021-11-25
1948,Lori,Williams,Uruguay,585.524.4060x19836,blackwellangela@example.com,2025-02-20
1949,Sonya,Hart,Saint Lucia,509-718-7304,amberherrera@example.org,2023-05-03
1950,Tanya,Larsen,Heard Island and McDonald Islands,884-619-8351,bakerangela@example.net,2020-07-07
1951,Charles,Robbins,Namibia,854.643.3935x56295,rmartin@example.com,2025-08-15
1952,Randy,Chambers,Burkina Faso,001-722-814-3016x098,denise13@example.com,2020-04-02
1953,Marissa,Ross,Syrian Arab Republic,001-342-400-9248x3781,kylejohnson@example.org,2023-06-26
1954,Elizabeth,Johnston,Germany,234-853-3834x232,fosterbrandon@example.net,2020-12-20
1955,Stephen,Dixon,Chad,+1-271-290-8911x1830,waltersandrew@example.net,2022-08-20
1956,Karen,Nolan,Fiji,217-678-5089x361,marylang@example.com,2025-09-14
1957,Taylor,Edwards,Cook Islands,001-999-836-8156x454,brianarcher@example.com,2020-01-28
1958,Molly,Martin,French Guiana,793.659.2980,amyerickson@example.org,2026-01-29
1959,Kimberly,Smith,Congo,344.351.8448x5954,andrewfranklin@example.org,2022-09-07
1960,Patricia,Callahan,Nauru,910.969.7412,cwalker@example.com,2021-11-08
1961,Kathryn,Cowan,Poland,001-496-396-0258,burkekaren@example.com,2020-07-20
1962,Lauren,Jackson,Trinidad and Tobago,789.314.3740x673,vincentking@example.com,2021-06-08
1963,Alan,Randall,Djibouti,001-800-386-7594x535,wanda30@example.com,2023-11-14
1964,Andrew,Wilson,Niger,(480)585-8328x93238,jasonmcdaniel@example.com,2022-08-29
1965,Jeffrey,Anderson,Netherlands Antilles,001-712-284-7554,carrmichele@example.com,2025-05-20
1966,Russell,Torres,Falkland Islands (Malvinas),+1-951-740-7405x35507,icordova@example.org,2021-05-17
1967,Jorge,Johnson,Angola,+1-702-479-7180x00291,floresrandy@example.org,2023-06-19
1968,Christine,Phillips,Nigeria,960-426-9628,eburke@example.net,2021-04-14
1969,Kelly,Melton,Thailand,(638)646-8287x1315,martinlopez@example.com,2023-05-23
1970,Rhonda,Collins,Lithuania,962-541-8701,martinezrichard@example.net,2025-12-17
1971,William,White,Tajikistan,001-508-636-4871x9637,npaul@example.org,2021-10-03
1972,Deanna,Tanner,Cook Islands,001-341-602-5532,daviddixon@example.org,2021-11-18
1973,Gabriel,Brown,Niue,359-984-0555x174,denisediaz@example.net,2020-03-20
1974,James,Williams,Chile,518-506-4209x20717,gsims@example.org,2022-07-06
1975,Phillip,Thomas,Sri Lanka,935.596.4161x2309,bethcook@example.com,2025-08-09
1976,Cynthia,Edwards,Angola,001-200-391-7884x983,navarroandrea@example.com,2022-10-22
1977,Amber,Bond,Portugal,+1-471-805-7899x6325,jimenezdarrell@example.com,2025-06-15
1978,Courtney,Bonilla,Nauru,837.890.3076,pamela10@example.org,2024-02-18
1979,Erica,Cooper,Guinea-Bissau,361-685-2503x5213,barbara28@example.org,2023-01-13
1980,Nicole,Olsen,Bahrain,(366)534-9024x13760,kimberly81@example.org,2023-08-26
1981,Lee,Bird,American Samoa,929-482-5311x28594,michaelgregory@example.org,2024-07-15
1982,Devin,Chaney,Malaysia,647-782-4486x22434,andrew01@example.org,2023-02-24
1983,Daniel,Thompson,Congo,531-479-7273x2974,stacy50@example.org,2023-03-13
1984,Trevor,Maddox,Bulgaria,001-734-690-8333x10878,rjohnson@example.com,2023-06-30
1985,Amanda,Hudson,Cocos (Keeling) Islands,(952)368-2410,jason31@example.org,2024-07-17
1986,Emily,Collins,Qatar,827-950-6369,zjones@example.org,2023-09-26
1987,Steven,Kemp,Guatemala,831.685.9166x24634,samuelhenderson@example.com,2021-01-25
1988,Christopher,King,Singapore,(361)669-7938x2477,lindseycarr@example.org,2020-11-18
1989,Stephanie,Ruiz,Romania,+1-961-228-6021,hannahmatthews@example.net,2021-02-17
1990,Mary,Miller,Antarctica (the territory South of 60 deg S),+1-565-384-5653x733,garciacasey@example.net,2021-04-08
1991,Timothy,Thomas,Germany,4918184495,oalvarez@example.org,2020-07-23
1992,Richard,Smith,Guinea,901-365-8929,hahnmark@example.org,2023-10-05
1993,Austin,Jordan,Botswana,577.247.5761x010,qwhite@example.com,2023-11-22
1994,Michael,Griffin,Suriname,(759)579-3359,kevin81@example.org,2022-05-29
1995,Ana,Martinez,Antigua and Barbuda,578.364.1547,brendawaller@example.org,2025-07-08
1996,Sarah,Garcia,Ireland,306.519.1667x786,tammy88@example.net,2021-02-28
1997,Patrick,Watson,Mozambique,001-409-517-7366,wilsondanny@example.net,2024-05-28
1998,Mark,Owen,Uzbekistan,001-501-207-2369x79244,jermaine50@example.net,2024-03-20
1999,Kenneth,Harris,Bhutan,(352)531-0805x72594,donovanjohn@example.net,2026-03-03
2000,Cory,Richardson,Rwanda,+1-326-876-2628x48128,douglasalejandra@example.org,2024-05-08
2001,Tanner,Berg,Marshall Islands,948.343.5613,mercadobenjamin@example.net,2025-07-16
2002,Samantha,Garza,Kazakhstan,001-376-229-8549,wrightpatrick@example.org,2025-02-21
2003,Jennifer,Hunter,Pakistan,347-793-2397x708,jack69@example.net,2023-05-28
2004,Rebecca,Wood,Svalbard & Jan Mayen Islands,001-460-667-1937x680,james62@example.com,2024-01-31
2005,Tracy,Conner,Poland,(482)841-0503x7171,fdouglas@example.net,2026-03-02
2006,Karen,Parker,Lithuania,(554)997-1080,carrie72@example.net,2023-03-27
2007,Courtney,Lewis,Holy See (Vatican City State),001-518-366-9552x14473,chelsea49@example.org,2025-05-07
2008,Bradley,Brown,Azerbaijan,+1-772-615-7488,awhite@example.com,2021-10-05
2009,Hannah,Long,Mongolia,588.463.6605x7861,christopher58@example.com,2021-11-17
2010,Mariah,Fuller,Tunisia,4255649643,claytonjoel@example.com,2025-05-11
2011,Tiffany,Lopez,Uruguay,(370)354-9865,samuel89@example.com,2022-10-24
2012,Daniel,Norman,Albania,(868)706-9570x1836,ofleming@example.org,2020-04-26
2013,Laura,Morris,Georgia,4044722517,timothy00@example.net,2025-01-22
2014,Jonathan,Beck,Palestinian Territory,001-830-840-8429x47712,perezkeith@example.com,2020-05-29
2015,Susan,Williamson,Tokelau,001-963-324-5113,alexanderwilliams@example.net,2020-09-26
2016,Jeremy,Saunders,Bangladesh,001-426-455-6027x418,samanthafranklin@example.net,2021-12-29
2017,Gregory,Moore,France,+1-203-466-5049x3811,riveralauren@example.org,2023-05-29
2018,Sylvia,Jones,Kuwait,9329095366,websterbrian@example.org,2024-03-07
2019,Brittney,Gray,Kuwait,5804635683,jaredwoodard@example.com,2020-11-08
2020,Andrew,Christensen,Lesotho,484.219.0916,gonzalezkatie@example.com,2022-02-21
2021,Thomas,Saunders,Palau,(620)763-2701,qsingh@example.org,2025-11-14
2022,Barbara,Dawson,Austria,001-849-910-8841x5740,barbaralove@example.net,2021-06-13
2023,Nathan,Thomas,Armenia,+1-805-771-3435,rsmith@example.net,2022-01-31
2024,Sara,Tate,Tajikistan,870-448-4299,emilyhart@example.com,2024-02-22
2025,Sheila,Green,Saint Martin,001-318-460-8561x635,dixonmichelle@example.net,2022-04-27
2026,Lindsey,Merritt,Iran,578-801-5907x13444,huertamaria@example.org,2025-02-02
2027,Justin,Wilson,Poland,001-676-575-2751x646,uneal@example.org,2020-04-14
2028,Megan,Liu,Anguilla,206.767.4590x24626,john69@example.net,2024-11-23
2029,Jimmy,Christensen,Singapore,+1-709-601-4033x1572,robert90@example.org,2020-08-03
2030,Natasha,Villanueva,Tajikistan,001-952-801-3142x2764,powersthomas@example.com,2025-06-01
2031,Darren,Stevens,Bhutan,3495738771,piercethomas@example.org,2023-03-05
2032,Michael,Martinez,Cayman Islands,222.745.1557x4747,rmata@example.net,2021-06-24
2033,Elizabeth,Garcia,Mayotte,(577)675-1431,kristen91@example.com,2025-05-14
2034,Mitchell,Frazier,Antarctica (the territory South of 60 deg S),313.662.1325x13242,bradleyandrew@example.com,2023-01-07
2035,Joanne,Davis,United Arab Emirates,+1-375-636-1003x40833,kyle25@example.net,2023-12-01
2036,Nathaniel,Flowers,Haiti,709.570.7750,kayla53@example.net,2025-07-11
2037,Catherine,Miller,Equatorial Guinea,(232)400-7423,mevans@example.net,2021-11-11
2038,Laurie,Daniels,Togo,784.303.2721x403,fpeters@example.com,2023-01-01
2039,Stephanie,Noble,Czech Republic,567-552-2922x8974,daywilliam@example.net,2026-02-28
2040,Anthony,Martin,Liechtenstein,370.847.0472x657,douglaskimberly@example.com,2023-09-10
2041,Angela,Parker,Guinea,+1-724-313-7824,longmichael@example.com,2023-06-11
2042,Melissa,Thompson,Kyrgyz Republic,360.379.3529x469,walshkim@example.net,2021-04-10
2043,Ryan,Shaw,Brunei Darussalam,+1-212-944-8706x16545,jamesware@example.net,2022-10-08
2044,Melissa,Morris,Saint Kitts and Nevis,8877009745,erica05@example.com,2023-04-23
2045,Tyler,Mitchell,Kyrgyz Republic,711.201.0443x009,brownheather@example.org,2023-06-21
2046,John,Murray,New Caledonia,226.442.5048,tcopeland@example.org,2021-06-15
2047,Melanie,Townsend,Saint Vincent and the Grenadines,001-247-994-8384x3108,megan42@example.com,2022-08-24
2048,George,Rodriguez,Mozambique,307-787-6659x860,joshuatravis@example.org,2022-08-20
2049,Alexandra,Phillips,Saint Martin,001-904-723-8460,michelesandoval@example.net,2025-10-10
2050,Nancy,Rivera,France,(952)592-2076x85355,zschmidt@example.com,2021-02-18
2051,Jennifer,Willis,Iran,680.744.0733,jenniferowens@example.net,2020-10-02
2052,Kimberly,Patrick,Swaziland,443.592.2521x4370,jessehester@example.net,2021-07-26
2053,Wayne,James,Cuba,+1-571-224-1728x5677,gregorygoodwin@example.net,2025-09-13
2054,Jessica,Grant,Iran,(579)865-4092,jenniferhill@example.org,2022-05-12
2055,Jared,Browning,Honduras,(949)501-9249,hoffmanmelissa@example.org,2024-10-31
2056,Vicki,Barton,Saudi Arabia,3844224655,anna27@example.com,2023-04-01
2057,Jacqueline,Jackson,Macao,+1-300-836-7510x88113,cynthia87@example.net,2021-09-25
2058,Michael,Carter,Georgia,+1-577-254-3498x5115,rebeccabrady@example.com,2024-12-20
2059,Brittany,Obrien,Somalia,+1-346-364-3117,michelleortega@example.net,2023-01-22
2060,Cory,Baker,Romania,001-561-988-9221x955,deanna39@example.org,2023-05-24
2061,Kendra,Smith,Zambia,+1-423-343-6032x71604,tinaclark@example.net,2020-02-05
2062,Jim,Morton,Seychelles,8434494627,melissapatterson@example.org,2024-09-01
2063,Paul,Bender,Bermuda,+1-644-273-9060x753,millerheather@example.com,2025-07-01
2064,Robert,Murray,South Georgia and the South Sandwich Islands,+1-654-556-9876x66589,bonillakathryn@example.com,2023-03-05
2065,Eric,Cherry,Colombia,+1-354-848-4221x81725,lisa59@example.net,2022-11-06
2066,Cody,Collins,Mauritania,310.774.2263x54731,adamsdonald@example.com,2022-09-29
2067,Caroline,Mejia,Venezuela,(698)710-8921x453,rwells@example.org,2025-04-24
2068,Susan,Lawrence,Australia,(767)303-0174,eugene24@example.com,2022-04-16
2069,Lindsay,Taylor,Jordan,(786)582-4080,michaelrusso@example.net,2022-06-02
2070,Sean,Schaefer,Cameroon,001-456-988-8357x28211,kyleporter@example.net,2021-01-06
2071,Mikayla,Johnson,Falkland Islands (Malvinas),536-976-3443,cookkenneth@example.com,2024-10-10
2072,Jennifer,Boone,Kuwait,457.342.5116x960,christinaarroyo@example.org,2026-02-21
2073,William,Bennett,Zimbabwe,+1-331-815-4834x23220,marilyn07@example.org,2020-08-28
2074,Peter,Reyes,Zimbabwe,(472)552-7405x2002,janderson@example.org,2021-05-25
2075,Richard,Bean,Armenia,001-705-292-1257,debrasmith@example.com,2023-08-14
2076,Anthony,Ramos,Anguilla,(967)806-0351,tannerwood@example.net,2023-06-20
2077,Theodore,Long,Portugal,+1-602-888-7546,markhall@example.com,2020-06-02
2078,Sarah,Davis,Liberia,+1-710-368-4180x1287,allisonjackson@example.net,2024-07-24
2079,Mark,Bautista,Algeria,564.838.6814x876,calexander@example.net,2024-05-03
2080,Brian,Marshall,Uzbekistan,503.448.0904,shanemoreno@example.com,2026-01-31
2081,William,Moody,Jersey,(867)518-7925,rodneysharp@example.net,2021-05-10
2082,Jill,Peterson,Saint Lucia,(955)971-7608,troy00@example.org,2023-05-29
2083,Jennifer,Cook,Seychelles,001-748-966-3426,jeremygray@example.com,2020-09-07
2084,Brianna,Adams,United States Minor Outlying Islands,001-269-647-1145x642,patriciamoore@example.net,2025-12-09
2085,Wanda,Blevins,Kuwait,280.693.8080x834,brandon07@example.net,2020-05-16
2086,Timothy,Newton,Eritrea,001-716-918-3931x005,elee@example.net,2025-01-29
2087,Andrew,Ferguson,Dominican Republic,984.885.1109x8293,joshua11@example.org,2020-04-20
2088,Jeremy,Holmes,Qatar,(628)591-2216x2800,gary25@example.org,2024-10-02
2089,Kimberly,Newton,Taiwan,349-340-8531x394,james63@example.org,2025-08-26
2090,Jared,Stevens,Central African Republic,001-823-869-9245x7166,spencerapril@example.org,2025-12-13
2091,Jennifer,Mitchell,Greece,001-758-377-7424x0305,whall@example.net,2022-08-30
2092,Jared,Morton,Saint Vincent and the Grenadines,833.850.0808x32413,holly92@example.net,2021-05-16
2093,Joshua,Carter,Honduras,+1-686-305-0790x946,tcrawford@example.com,2024-08-27
2094,Deborah,Strong,Malawi,(774)342-8686x77196,nicholas42@example.com,2022-06-20
2095,Tracy,Ponce,Iceland,001-434-721-2546x58674,ucarson@example.net,2025-05-31
2096,Amy,Le,Bhutan,001-882-492-0857x5714,mhood@example.com,2024-11-22
2097,Charles,Humphrey,Holy See (Vatican City State),(807)320-0440x1106,qgraves@example.org,2020-06-13
2098,Brooke,Sellers,Mauritius,+1-714-650-5392x99288,frederickhumphrey@example.com,2021-11-02
2099,Ashley,Turner,Indonesia,001-584-790-9091x07131,dshelton@example.net,2025-07-29
2100,Steven,Frost,United States Minor Outlying Islands,001-542-331-3977x32637,juan73@example.org,2021-11-18
2101,Christopher,Ramirez,South Africa,001-958-362-8430,john70@example.org,2020-01-22
2102,Jonathan,Blake,Botswana,(447)324-5989x01294,berrychristopher@example.org,2025-08-06
2103,Rodney,Garcia,Slovakia (Slovak Republic),001-766-809-3824x9851,mandersen@example.org,2021-06-26
2104,Thomas,Allen,British Indian Ocean Territory (Chagos Archipelago),(250)709-5937x175,kristopherarnold@example.net,2020-06-08
2105,Mary,Castillo,Angola,001-410-565-8895x0140,smcdonald@example.com,2020-04-08
2106,Maureen,Kelley,Congo,001-756-362-7817x12497,paul79@example.com,2023-06-14
2107,Vanessa,Cooke,Martinique,001-415-669-3166,jonesbecky@example.com,2020-07-18
2108,Allen,Ferrell,Tonga,+1-740-808-8643x6643,stacey23@example.net,2022-08-02
2109,Rodney,Gonzalez,Tuvalu,5944523464,davisyvonne@example.org,2025-04-19
2110,Rebecca,Adkins,Benin,(705)275-3062,danielgross@example.com,2021-01-07
2111,Mindy,Smith,Liberia,629.364.9929,fowlerstephanie@example.org,2020-09-07
2112,Jamie,Holden,Qatar,262.439.2514x09804,bdunlap@example.net,2023-04-25
2113,Vanessa,Campbell,Saint Vincent and the Grenadines,831-304-5502x344,dennis68@example.net,2022-10-18
2114,Alexander,Cole,Netherlands,587-483-1902x36202,zbarrett@example.com,2022-02-17
2115,Daniel,Davenport,Guam,465-905-7370,tonya02@example.com,2025-03-04
2116,James,Sharp,Croatia,625-639-3881x951,jayyang@example.org,2021-12-14
2117,Brittany,Cantrell,Iraq,001-353-361-4815x1628,andreadaniels@example.net,2021-12-13
2118,Benjamin,Miller,Cocos (Keeling) Islands,441.861.1405x93666,georgearthur@example.com,2023-01-13
2119,Curtis,Tapia,Mauritius,909.777.0836x9280,anna18@example.net,2022-07-04
2120,Julia,Marshall,Brunei Darussalam,674-439-5538x1421,wagnertammy@example.org,2024-05-02
2121,Jennifer,Edwards,Bulgaria,767-559-7666,obrown@example.net,2025-12-11
2122,Dawn,Hall,Madagascar,658-214-9355,abigailbennett@example.com,2025-02-16
2123,Jennifer,Murphy,Sierra Leone,9868769649,penarachel@example.org,2024-09-26
2124,Robert,Ross,Sri Lanka,363-308-9684,davidsonjohn@example.com,2025-05-02
2125,Katie,Kaufman,Western Sahara,420.605.6713,munozmary@example.org,2025-02-04
2126,Vanessa,Ingram,Korea,001-829-317-3600x5147,richarddelgado@example.com,2026-02-21
2127,Kyle,Harris,Congo,(868)685-3306x66686,donald04@example.net,2020-08-26
2128,Brian,Williams,Canada,3102963174,qscott@example.org,2021-03-05
2129,Carlos,Curtis,Bangladesh,412-291-1254x1980,anthonynewman@example.org,2020-11-15
2130,Carolyn,Sutton,Sweden,292.917.6104x74507,brendafleming@example.org,2024-09-24
2131,Jennifer,Miller,Malaysia,3706624840,jeffersondaniel@example.com,2020-05-18
2132,Alexander,Cain,Burkina Faso,924-206-4888,waltersemily@example.net,2022-12-09
2133,Jane,Walker,Brunei Darussalam,977-750-2997x885,vickilee@example.org,2023-02-17
2134,Peter,Giles,Jordan,789.775.5720x69526,laurawood@example.net,2024-07-30
2135,Matthew,Riddle,Sierra Leone,807-813-3037x88550,icobb@example.org,2023-06-29
2136,Christina,Jackson,Mozambique,964-669-1414x47892,alexandra01@example.org,2023-04-28
2137,Garrett,Allen,Germany,+1-833-433-2896x4847,laurawashington@example.org,2023-10-19
2138,Brian,Juarez,Guadeloupe,582-484-7279x6902,deborah42@example.org,2021-08-03
2139,Melissa,Hatfield,Nauru,+1-753-933-6523x1434,jason76@example.net,2020-06-27
2140,Heidi,Francis,United States of America,645.266.4473x8876,joshua84@example.net,2022-04-02
2141,Elizabeth,Ellis,Martinique,292.500.1408,wcampos@example.net,2022-09-14
2142,William,Clark,Svalbard & Jan Mayen Islands,434-257-4140x965,kcraig@example.net,2024-02-19
2143,Courtney,Johnson,Philippines,664-235-5004x518,cperkins@example.org,2020-01-18
2144,Jasmine,Ward,Qatar,(739)701-4801x4867,eugenevelazquez@example.com,2024-01-24
2145,Alan,Miller,Kiribati,811.309.3879x2122,jeffrey52@example.net,2025-06-01
2146,Ruben,Nichols,Switzerland,301-644-9071x971,jennifermorgan@example.net,2020-05-23
2147,Shannon,Grant,Congo,(603)235-4314x33579,carterkenneth@example.org,2025-08-20
2148,Christopher,Garcia,Ireland,(820)356-0153,marcussanders@example.org,2024-06-24
2149,Kristen,Suarez,Saint Barthelemy,664.703.3871x94534,uwilliams@example.com,2020-11-09
2150,Sydney,Noble,Nauru,407.830.2532,cindyjohnson@example.org,2021-11-16
2151,Albert,Jackson,Armenia,+1-228-286-0341x184,ndurham@example.com,2023-08-06
2152,Kristin,Jackson,Libyan Arab Jamahiriya,987.383.7011x0398,johnsonjessica@example.net,2022-08-15
2153,Michael,Flores,Ecuador,944.384.5358,shahjason@example.net,2024-08-01
2154,Lynn,Smith,Cocos (Keeling) Islands,001-277-811-3296,atucker@example.org,2025-02-05
2155,Stephanie,Brown,Guinea-Bissau,931-632-2843x84057,victor14@example.net,2024-10-01
2156,Lisa,Banks,United States of America,001-776-515-4669x29483,andrew52@example.org,2023-11-14
2157,Adam,Hughes,Luxembourg,776.493.3023,huberkelly@example.net,2024-07-12
2158,Mitchell,Thomas,Kazakhstan,453-674-5278x644,fowlerrobert@example.net,2022-07-15
2159,Barbara,Murphy,Montenegro,293-833-2635x027,pricerobert@example.org,2020-08-11
2160,Ana,Bates,Indonesia,489-244-8330,llawson@example.com,2025-11-20
2161,Nathaniel,Morales,New Zealand,766-777-0714x9482,michaellane@example.org,2024-09-27
2162,Lisa,Miller,Chile,736-329-9877x67798,loganhester@example.net,2023-03-25
2163,Anthony,Lindsey,British Virgin Islands,915-474-2851x80551,carolyn53@example.net,2020-04-28
2164,Michael,Sanchez,New Zealand,(391)407-1926x920,lecolton@example.com,2023-12-16
2165,Lisa,Turner,South Africa,+1-875-508-1025,mosstaylor@example.org,2021-07-12
2166,Maria,Rosario,Sudan,001-540-613-9149x9039,gonzalezkyle@example.org,2021-06-09
2167,Michelle,Harvey,Jamaica,439.228.9880,shannon78@example.org,2024-03-12
2168,Zachary,Ochoa,Afghanistan,910-886-2950x16041,morganmatthew@example.org,2021-11-24
2169,Tammy,Edwards,Holy See (Vatican City State),435-693-4605,angela65@example.org,2021-11-20
2170,Amber,Rodriguez,Belize,938.567.2913x8533,david85@example.net,2024-08-06
2171,Paul,Kennedy,Armenia,680.323.1052,hmarquez@example.org,2020-09-16
2172,Rebecca,Myers,Sri Lanka,001-618-282-6810x8447,natalieperez@example.net,2024-11-02
2173,Craig,Acevedo,Saint Kitts and Nevis,828.916.3995x912,bushmonica@example.org,2024-04-15
2174,Jesse,Bell,Belgium,958.472.1931,sotomatthew@example.net,2021-05-07
2175,Sara,Barnett,Jamaica,213.568.1994x9953,lisa26@example.com,2021-04-30
2176,Betty,Scott,Guadeloupe,001-666-779-9701x012,eschwartz@example.org,2025-05-20
2177,Lindsay,Holmes,Estonia,637.588.2958x78660,woodbarbara@example.com,2024-04-25
2178,David,Butler,Netherlands Antilles,001-825-239-6806x13954,kimberly50@example.org,2022-12-26
2179,Jennifer,Burns,Aruba,001-821-578-0292x5840,gregorysavage@example.net,2023-03-13
2180,Heather,Reeves,Mayotte,646.340.5153x19371,rbarrera@example.net,2024-08-09
2181,Sierra,Sanders,Bosnia and Herzegovina,564-450-6615x71117,evansashley@example.net,2021-07-17
2182,Luis,Hill,Kiribati,+1-233-566-7562x909,anthony99@example.net,2023-03-11
2183,Veronica,Oliver,Micronesia,3693043002,jamesmichael@example.org,2021-04-26
2184,Spencer,Hayes,New Zealand,+1-555-949-9856x096,fowlerpaige@example.net,2024-08-03
2185,Stephanie,Snyder,Svalbard & Jan Mayen Islands,899.304.6702,samantha68@example.org,2023-12-04
2186,Ryan,Wallace,Malta,+1-860-360-4689x3450,qmiller@example.com,2021-05-27
2187,Jeffrey,Dickerson,Czech Republic,3835300399,carrolltimothy@example.com,2020-06-17
2188,Cheryl,Palmer,New Caledonia,001-769-899-1061x129,ochoaalexis@example.com,2023-03-06
2189,Diane,Brown,Switzerland,001-653-593-2824x1627,ann16@example.com,2025-02-27
2190,Cheryl,Herrera,Uganda,(219)915-7284x6402,davisclinton@example.net,2023-12-29
2191,Gerald,Simon,Germany,687.468.7368,donna56@example.org,2025-12-31
2192,Jose,Shepard,Thailand,001-817-487-9834x2846,nwilliams@example.org,2021-10-08
2193,David,Hensley,Armenia,666.830.7278x16918,katherinemontoya@example.org,2024-11-12
2194,Erica,Hernandez,French Polynesia,217-261-9678x3166,bradleylambert@example.com,2025-07-03
2195,Heather,Wilson,Puerto Rico,853.638.3289,andrew61@example.net,2020-09-24
2196,Sonya,Burton,Macao,659.470.7586x2306,erik70@example.com,2020-12-30
2197,Suzanne,Singh,Switzerland,267-791-3196x4128,robertwalker@example.org,2024-03-03
2198,Anthony,Padilla,Algeria,+1-496-381-3815x93548,jacksontony@example.com,2025-03-25
2199,Jeremiah,Johnson,Israel,317.749.2012x15414,tylerswanson@example.net,2021-06-14
2200,Hector,Christensen,Taiwan,001-814-898-6356x03991,evaldez@example.net,2022-01-25
2201,Gary,Buchanan,Lithuania,(731)903-2083,rebecca52@example.org,2022-07-11
2202,Haley,Simon,Malawi,001-213-370-1916x8910,williamsgerald@example.net,2023-05-20
2203,Joseph,Price,Sudan,9159939069,hjackson@example.net,2020-06-28
2204,Daniel,Miller,Egypt,+1-222-701-5060,johnmccall@example.net,2021-09-09
2205,Heather,Wilson,Mali,947.208.0529,nancynavarro@example.com,2021-03-04
2206,Matthew,Hayes,Lao People's Democratic Republic,(224)942-0824,jdavis@example.com,2020-12-03
2207,Ashley,Kim,Iran,(286)528-1591,rhooper@example.com,2024-07-19
2208,Craig,Lane,Saint Vincent and the Grenadines,600.385.1669,justin67@example.com,2025-02-20
2209,Paige,Edwards,Montserrat,514-249-5166,snydersherry@example.com,2023-08-01
2210,Christina,Stokes,Bhutan,353-552-2047x8787,angelawallace@example.net,2025-04-24
2211,Hannah,Barnes,Guatemala,778.847.9948x560,utorres@example.org,2020-04-23
2212,Michelle,Gonzalez,El Salvador,227-306-6824x2635,susanarmstrong@example.com,2023-05-11
2213,Christopher,Brooks,India,545.911.9520,gflores@example.net,2024-03-19
2214,Tamara,Gross,El Salvador,274-648-8390x770,lmoore@example.com,2020-01-18
2215,Desiree,Goodman,Guatemala,639-212-0033x81923,elizabethwatson@example.org,2023-02-07
2216,Teresa,Johnson,Libyan Arab Jamahiriya,(854)969-3400x030,evelynevans@example.com,2020-08-25
2217,Taylor,Perry,Senegal,(912)859-0241,rebecca57@example.net,2021-02-22
2218,Michael,Bell,Guernsey,001-993-204-3007x310,reyesalexis@example.org,2025-01-03
2219,Tiffany,Lee,Brazil,691-486-8715x5940,hevans@example.net,2021-05-13
2220,Joshua,Bailey,Paraguay,414.314.9474x600,rebecca03@example.net,2024-02-06
2221,Todd,Martinez,Mozambique,+1-279-514-5600x74786,brendacalhoun@example.net,2021-03-14
2222,Adam,Woods,Kyrgyz Republic,(706)348-9585x10028,ogonzalez@example.net,2025-09-29
2223,Mark,Hubbard,Comoros,275.573.0351x49271,amoore@example.org,2022-11-03
2224,Ryan,Dean,Saint Barthelemy,001-287-739-0105x60482,michaelgrimes@example.net,2022-11-23
2225,Donald,Ferguson,Morocco,362-475-2033x180,phill@example.net,2021-07-14
2226,Ricky,Hartman,Brunei Darussalam,+1-918-627-8043x516,michael74@example.org,2024-06-13
2227,Mia,Monroe,Botswana,7466414829,ufowler@example.net,2023-01-26
2228,Madison,Davis,Vietnam,001-573-429-5261x13972,kingstephanie@example.net,2024-03-25
2229,Adam,Stone,San Marino,942.581.9113x226,claudiasmith@example.net,2023-01-06
2230,Michael,Morrison,Greenland,715.938.3841,cfields@example.net,2021-12-05
2231,Joshua,Williams,Seychelles,775-937-5640x0054,gonzalezchristina@example.net,2022-07-20
2232,Benjamin,Pitts,Tuvalu,+1-668-204-6963x334,salinaskyle@example.org,2020-06-29
2233,Richard,Wells,Argentina,526-404-8433,fwalton@example.org,2021-09-22
2234,Aaron,Alexander,Brunei Darussalam,(821)617-6233,qhanson@example.org,2025-06-29
2235,Duane,Nelson,Uganda,(894)971-4771x4538,trevor75@example.org,2024-09-15
2236,John,Leblanc,Isle of Man,706-665-4484,olsontheresa@example.net,2024-09-06
2237,Robin,Fuentes,Saint Kitts and Nevis,(476)919-7252,christine38@example.net,2024-06-27
2238,Jacob,Willis,Djibouti,391.322.7385x5816,andersoneric@example.com,2025-07-04
2239,Tricia,King,American Samoa,3878609391,jennifer79@example.org,2021-08-25
2240,Stacy,James,Czech Republic,8459406293,rodgersnorman@example.com,2021-03-05
2241,Hunter,Coleman,El Salvador,001-377-702-5727x458,garykennedy@example.com,2021-03-05
2242,Lorraine,Yu,Costa Rica,001-532-923-5336x48252,debracollins@example.net,2022-07-28
2243,April,Cruz,United States of America,612.504.1392x795,taylorcourtney@example.com,2023-05-31
2244,Jacob,Flores,Holy See (Vatican City State),(307)844-4180,scottbutler@example.net,2020-09-07
2245,Jessica,Hines,Uganda,001-294-299-0686x2173,laurenmendoza@example.org,2023-11-28
2246,Eric,Harris,Equatorial Guinea,3625910775,rochoa@example.com,2025-06-21
2247,Tiffany,Butler,Spain,285.225.9627x164,ellisomar@example.net,2024-04-10
2248,Ashley,Tyler,Ireland,001-790-873-8007x324,dolson@example.com,2023-09-06
2249,Mary,Smith,Liberia,902.484.2801x8307,davisdavid@example.net,2024-08-23
2250,Norman,Willis,Cayman Islands,(507)690-9262x549,iwright@example.org,2020-01-25
2251,Robert,Thomas,Australia,+1-534-522-6769x608,qthomas@example.org,2024-01-22
2252,Johnny,Mason,Libyan Arab Jamahiriya,6437081823,xkelly@example.net,2025-05-06
2253,Erin,Lynch,Philippines,719-801-2681x3924,vincent86@example.com,2024-07-05
2254,Noah,Black,Zimbabwe,(203)457-3010x74274,amanda29@example.net,2024-07-14
2255,Jennifer,Robinson,Micronesia,(514)388-5327x4124,benjaminlindsey@example.net,2022-12-01
2256,Stephen,Monroe,Libyan Arab Jamahiriya,001-374-924-9440x6350,shanerichardson@example.com,2020-04-22
2257,Troy,Gardner,Finland,(491)329-6935x0058,gcarr@example.org,2025-08-15
2258,Victoria,Jacobs,Falkland Islands (Malvinas),2825602933,jackbell@example.com,2023-06-18
2259,John,Jones,Japan,001-235-735-0171x30658,christopher87@example.org,2024-12-24
2260,Natalie,Pittman,Turkmenistan,485.668.3993,patricia05@example.net,2021-07-13
2261,Carla,Wilson,Cape Verde,(418)927-7336x117,angela77@example.net,2022-03-11
2262,Joseph,Chan,Ethiopia,212-640-7101,dominicjones@example.org,2023-11-22
2263,Guy,Grant,Bangladesh,254-723-9122x021,martinangel@example.org,2021-12-23
2264,Alexander,Cardenas,Anguilla,805.529.4408,brandonhill@example.org,2021-03-28
2265,John,Greene,Syrian Arab Republic,001-481-724-9452x6039,reneemercado@example.net,2022-04-04
2266,Jordan,Oconnell,Serbia,893.792.5900x0043,smithkristen@example.net,2026-01-13
2267,Maria,Blevins,Svalbard & Jan Mayen Islands,644-557-1652,richardcain@example.net,2021-12-20
2268,Julie,Bennett,Korea,860-521-3880x84892,andrewdeleon@example.org,2021-01-17
2269,Angela,Harris,United States of America,825.994.5016x82765,batespenny@example.com,2020-12-11
2270,Jessica,Allen,Sierra Leone,+1-403-450-8011,nicole79@example.net,2023-03-27
2271,April,Murphy,Norway,(726)476-1262,scott69@example.org,2026-01-17
2272,Tyler,Conrad,Greece,790.435.8491x968,johnsoneric@example.com,2025-11-24
2273,Lisa,Lane,Greece,+1-754-779-6297x281,darrell19@example.com,2022-03-28
2274,Sandra,Jones,Albania,6238748814,antonioschaefer@example.org,2021-07-10
2275,Kevin,Flores,Suriname,(749)308-7623,sanchezedward@example.org,2024-08-25
2276,Stephanie,Pugh,Macao,001-220-946-0220x851,pittsangela@example.org,2023-02-03
2277,Kelly,Yang,French Polynesia,296-484-8520,joshualester@example.net,2024-09-28
2278,Ashlee,Reed,Timor-Leste,(307)535-8200x26120,zwalton@example.com,2020-08-05
2279,Kara,Mejia,Equatorial Guinea,636-684-3668,blackkim@example.org,2025-12-20
2280,Jennifer,Long,Guinea,606-255-8938x791,alisonbarnett@example.com,2020-05-20
2281,Parker,Ashley,Aruba,001-546-802-6270x753,welchsara@example.net,2025-02-17
2282,Steven,Wiley,Namibia,+1-287-387-1613x4266,loganamy@example.net,2023-05-12
2283,Brian,Lara,Antigua and Barbuda,001-403-905-5049x750,jordanwhite@example.com,2023-02-17
2284,Christopher,Edwards,Saint Martin,(792)904-5713x756,crawfordchristine@example.com,2021-12-12
2285,Matthew,Hughes,Algeria,+1-657-265-4677,kshaw@example.com,2025-11-06
2286,Patrick,Copeland,Moldova,957-811-7080,mwilson@example.com,2022-02-08
2287,David,Barker,Honduras,001-829-273-8369,nathan19@example.org,2024-01-25
2288,Hannah,Benson,Kuwait,899-609-5692x53808,yromero@example.org,2023-03-12
2289,Catherine,Taylor,Gibraltar,+1-891-592-0903,vickimoreno@example.com,2025-09-22
2290,Brandon,Brown,Iceland,8557873316,lcarter@example.net,2022-01-20
2291,Robin,Nixon,New Zealand,211-868-0601,lauradennis@example.org,2024-01-05
2292,Patrick,Hall,Svalbard & Jan Mayen Islands,774.940.3484,rsmith@example.com,2026-02-25
2293,Amanda,Gordon,Israel,938.525.3827x0427,gsmith@example.net,2022-09-19
2294,Catherine,Young,Central African Republic,001-558-876-9776x53821,sanfordcrystal@example.com,2024-02-03
2295,Rachel,Jordan,British Virgin Islands,+1-798-576-9052x46882,jeaton@example.com,2024-01-21
2296,Ashley,Ballard,Saint Lucia,001-607-688-7030x50004,lauracarter@example.net,2020-09-08
2297,Timothy,Davis,Switzerland,387-824-4459x794,jacksonamber@example.net,2020-01-26
2298,Joshua,Howard,Brazil,8549849492,oadams@example.com,2023-01-07
2299,Ronald,Williams,Eritrea,(337)332-1996,clozano@example.org,2020-07-09
2300,Nichole,Ward,Tokelau,999.687.8470x61664,kyle04@example.org,2022-03-02
2301,Joshua,Myers,Bosnia and Herzegovina,+1-292-926-8916x40369,apalmer@example.org,2022-04-09
2302,Eric,Lee,Somalia,(862)967-7029x448,jking@example.org,2022-10-31
2303,Chris,Burke,Luxembourg,503.242.4535,brittany15@example.com,2026-02-23
2304,Arthur,Thomas,Philippines,001-963-278-3054x04023,aguilarjoel@example.net,2020-04-06
2305,Joshua,Campbell,Guadeloupe,001-755-607-9026,robertdaugherty@example.com,2025-05-11
2306,Logan,Harvey,Portugal,001-703-832-0091x32404,cweber@example.org,2024-12-22
2307,Dylan,Jackson,Kiribati,+1-832-984-4671x090,kendrasheppard@example.com,2021-03-23
2308,Keith,White,Palau,713-317-0533x05331,llin@example.org,2023-12-03
2309,Timothy,Brooks,Greece,825-783-9698x9119,hwatson@example.com,2025-08-17
2310,Nancy,Banks,Latvia,669-687-5730x4945,tara51@example.com,2024-05-18
2311,Levi,Clark,Netherlands Antilles,(505)267-2253x04625,ugarcia@example.org,2021-02-20
2312,Amy,Bailey,Sri Lanka,950.944.1179x8728,oshelton@example.com,2025-09-05
2313,Emily,Nichols,Seychelles,553-737-2264,robertkelly@example.net,2023-07-20
2314,Mary,Trevino,Lebanon,503.550.6714x1576,wongandrew@example.net,2021-03-14
2315,Scott,Martin,Gabon,001-264-968-7241,tuckerjose@example.net,2020-06-29
2316,Deborah,Roberts,Liberia,901-567-6745x73018,tbrown@example.com,2021-06-30
2317,Alvin,West,Brazil,(455)834-4817,michael20@example.com,2024-05-23
2318,Kelli,Griffin,United States of America,(973)609-8734x3863,mfischer@example.com,2020-06-30
2319,Brittany,Marks,Malta,001-581-935-1384x088,cheryl41@example.org,2021-08-04
2320,Christopher,Roberts,Norway,390-715-2506x991,carolynmueller@example.com,2020-03-23
2321,Kenneth,Elliott,Lesotho,(510)328-1136,paulagreen@example.org,2023-04-19
2322,Kevin,Jones,France,816.828.8499,lmunoz@example.net,2023-05-11
2323,Richard,Ramirez,India,961-985-0270x0836,jonwinters@example.com,2022-10-14
2324,Daniel,Juarez,Bouvet Island (Bouvetoya),961-792-9369,ryan49@example.com,2022-06-10
2325,Patricia,Hanna,Gambia,001-536-334-8182x879,osmith@example.net,2020-02-02
2326,Tami,Swanson,Congo,7508368310,pfoley@example.net,2024-09-23
2327,Kelly,Lawrence,Mauritius,999.304.9118x189,smithjeffrey@example.com,2020-07-31
2328,David,Fuller,Cuba,9017521850,luis04@example.net,2024-09-08
2329,Christopher,Underwood,Malaysia,(423)938-2266x184,palmerbrian@example.org,2023-03-06
2330,Samantha,Miller,Tunisia,715.559.4926x959,charles41@example.org,2021-08-03
2331,Jennifer,Oneill,Qatar,857-691-9740,donald95@example.org,2023-04-29
2332,Ann,Sanchez,Ireland,321.425.5276x471,christopher14@example.org,2022-11-25
2333,Daniel,Morales,Japan,+1-736-550-4425x99398,morenodale@example.com,2025-09-14
2334,Stephen,Butler,Malaysia,475.995.2912,plewis@example.net,2022-02-01
2335,Bonnie,Campbell,Ecuador,411.435.0536x6826,njohnson@example.net,2024-02-24
2336,David,Jordan,Solomon Islands,+1-909-257-3158x4562,john10@example.org,2020-11-30
2337,Pamela,Flores,Somalia,2467859117,hthomas@example.com,2024-03-28
2338,Jennifer,Baxter,Guyana,599-766-8381x760,patricknunez@example.net,2020-07-31
2339,Brenda,Johnson,Japan,(980)532-5830x080,james73@example.net,2023-01-07
2340,Michelle,Hines,Kyrgyz Republic,(827)353-9578x923,jcameron@example.net,2024-09-13
2341,Chad,Fletcher,Andorra,+1-514-852-9037x2233,ianhuang@example.com,2022-10-13
2342,Brian,Miranda,Israel,001-889-801-1036x72962,daviskristie@example.org,2025-07-06
2343,Alexa,Snow,Guam,395-924-1378,kimberly46@example.net,2024-07-02
2344,Anita,Brown,Zimbabwe,874-357-5707x410,sandra12@example.com,2022-04-22
2345,Mary,Smith,Solomon Islands,+1-570-214-8577,kendrafry@example.com,2025-09-24
2346,Anna,Livingston,Ethiopia,371-539-3212x532,justin17@example.net,2020-01-07
2347,Melissa,Carson,North Macedonia,(704)421-8582,kreed@example.org,2023-04-22
2348,Tonya,White,Macao,6866174055,david29@example.net,2020-05-11
2349,Mark,Clark,Saint Kitts and Nevis,+1-576-458-5232,dianajacobson@example.com,2024-05-18
2350,Charles,Wood,Tonga,+1-682-262-2633,gpotts@example.org,2022-02-09
2351,Laurie,Owens,Kenya,(964)486-2070,qhernandez@example.net,2022-05-04
2352,Pamela,Castillo,Belgium,001-801-622-2002x31325,fmosley@example.org,2022-06-28
2353,Rebecca,Morris,Lesotho,459-253-2543,zunigastacy@example.net,2025-09-21
2354,Cindy,Evans,Uzbekistan,(607)894-3696,barbara15@example.org,2022-10-09
2355,Amanda,Bell,Cambodia,285.574.2088x54660,tiffany07@example.org,2021-05-07
2356,Ryan,Armstrong,Togo,731.880.4098,patricia62@example.org,2022-11-19
2357,Melanie,Cook,Togo,742-983-1301x9583,cynthia72@example.net,2026-03-04
2358,Mariah,Randall,Maldives,(713)956-9719,daniel17@example.com,2024-08-31
2359,Deborah,Baker,American Samoa,(529)311-4189,jesus60@example.com,2020-09-10
2360,Tabitha,Taylor,Congo,429.888.8814,andrewdelgado@example.org,2024-02-12
2361,James,Elliott,United Arab Emirates,(500)254-4264x960,thickman@example.com,2022-07-07
2362,Kimberly,White,Seychelles,427-648-2533,evansconnie@example.org,2021-05-23
2363,Jeremy,Jones,Cote d'Ivoire,+1-682-531-6207x338,justincross@example.org,2025-09-06
2364,Maria,Smith,Afghanistan,964-877-1540,kathryn74@example.net,2023-03-05
2365,Roberta,Alvarez,Pakistan,001-264-820-2575,clayshannon@example.com,2020-05-08
2366,Thomas,Trujillo,Korea,707.394.8719x47036,djacobs@example.org,2022-12-09
2367,Michael,Buchanan,Mauritius,860-555-5320,perezerin@example.com,2021-01-02
2368,Cheryl,Martinez,Cambodia,324-285-9264x22538,johnsondiana@example.net,2025-02-07
2369,Courtney,Ryan,Monaco,984-893-8950x234,jsutton@example.net,2026-01-30
2370,Eric,Hebert,South Africa,+1-415-883-7111,ivan34@example.org,2026-02-27
2371,Michele,Miller,Azerbaijan,908-229-3508,panderson@example.net,2021-07-12
2372,Michael,Casey,Bulgaria,787.955.1299,john70@example.org,2024-08-10
2373,Michelle,Montoya,Botswana,+1-582-354-9519x4737,darius12@example.com,2024-08-03
2374,Steven,Mullins,United States Virgin Islands,781-928-7121x650,xavierwalters@example.net,2024-10-14
2375,Julia,Mendoza,Kenya,+1-993-440-5656x2198,nancy78@example.net,2024-01-11
2376,Timothy,Gilmore,Morocco,(748)460-9112x47121,nathancampbell@example.org,2025-06-04
2377,Stephanie,Garner,Bosnia and Herzegovina,803-664-5128x92812,diane46@example.net,2020-07-23
2378,Justin,Martin,Djibouti,(260)868-2124,lorettawerner@example.com,2024-10-21
2379,Derek,Sexton,Montenegro,+1-793-713-3744x26459,riversmelanie@example.com,2022-11-14
2380,Michael,James,Panama,(396)602-3815x16325,deandoyle@example.com,2024-04-04
2381,Debra,Harper,Turkey,(579)471-6481x0615,pbrooks@example.com,2022-12-18
2382,Karen,Cooper,Bermuda,+1-948-804-5968x7501,arnoldsarah@example.net,2021-04-22
2383,Adam,Brown,Papua New Guinea,+1-566-930-9272x872,bishopryan@example.com,2020-07-19
2384,Michael,Sullivan,Bhutan,783-449-3245x621,shawnhall@example.org,2022-01-17
2385,Matthew,Rice,Eritrea,001-408-918-1213x78624,donald52@example.net,2025-11-26
2386,Richard,Mosley,Greenland,001-384-694-0543x261,gardnerjason@example.net,2023-07-27
2387,Daniel,Harrison,Pitcairn Islands,001-839-203-9316x57214,debbie52@example.org,2026-02-04
2388,Andrew,Gonzalez,Uzbekistan,(518)877-7600x438,taylortiffany@example.com,2022-09-08
2389,Kathy,Walker,Martinique,(857)456-9144x14565,lisayoung@example.net,2024-04-01
2390,Frank,Mitchell,Tonga,725-213-5892x473,charlesyoung@example.org,2023-06-14
2391,Brian,Williamson,Romania,(814)536-9663x3618,sara71@example.net,2024-03-24
2392,Nancy,Howell,Poland,001-708-204-4059x79139,brookeclark@example.net,2020-07-25
2393,Aaron,Alexander,Svalbard & Jan Mayen Islands,342-937-6877,srichards@example.com,2021-12-16
2394,George,Edwards,Belarus,219.802.8214x7218,david90@example.net,2024-12-07
2395,Rachael,Noble,Oman,(512)397-0681x80379,justinlowe@example.com,2025-01-17
2396,Christopher,Anderson,Saudi Arabia,547-999-5063x640,vickinelson@example.net,2025-01-27
2397,Sarah,Elliott,Netherlands Antilles,834.270.8822,hartlindsay@example.com,2021-06-27
2398,Mary,Duke,Gabon,744-282-3409x508,lisa85@example.net,2021-01-20
2399,Angie,Taylor,Comoros,309-330-8481x43263,petersamanda@example.org,2020-06-02
2400,Jonathan,Mueller,Brunei Darussalam,+1-353-253-6221x7703,amanda38@example.com,2021-11-30
2401,Tim,Wilson,Belarus,8328566825,mark32@example.com,2020-10-19
2402,Maria,Crawford,United States of America,658.586.0027x04158,michellesalinas@example.com,2024-01-13
2403,Kelly,Hall,Nigeria,339.507.9974x10798,idunlap@example.org,2025-12-07
2404,Andrea,Jackson,Nepal,391-847-5062,sarahmccarthy@example.net,2024-03-27
2405,Samantha,Sweeney,Bermuda,(886)560-9264,mcgeeamy@example.org,2022-10-30
2406,Donald,Graves,Bahamas,245-613-5500x89978,michaeljohnson@example.org,2022-12-25
2407,Alexis,Donaldson,Jamaica,5643151148,sbowman@example.net,2024-12-22
2408,Kevin,Wilkerson,Guinea,998-349-2377x4992,owilliams@example.org,2024-09-14
2409,Rhonda,Torres,Martinique,(493)590-8068,sonyajones@example.com,2021-04-27
2410,Kristy,Stevenson,Belize,725-656-5890x8147,qadkins@example.net,2024-01-04
2411,John,Davis,United States Minor Outlying Islands,001-725-672-7274x368,steven69@example.com,2025-10-23
2412,Jeremy,Mora,India,+1-589-516-2391x74666,markgross@example.net,2021-06-08
2413,Charles,Davis,Singapore,001-354-642-7566x30304,mfields@example.org,2024-06-29
2414,Kelly,Tyler,Romania,(931)466-9498x49248,karen88@example.com,2023-01-15
2415,Kathryn,Baldwin,Kuwait,8208212431,velezdorothy@example.com,2021-10-23
2416,Michelle,Floyd,Tanzania,9758681548,ramirezandrew@example.org,2020-09-27
2417,Thomas,Dunn,United Kingdom,001-742-509-2801x774,kgibson@example.net,2024-07-28
2418,Michael,Miller,Central African Republic,3712811117,kristen87@example.net,2021-08-21
2419,Paul,Pace,Antigua and Barbuda,4512720958,vfox@example.net,2021-02-03
2420,Cheryl,Silva,Argentina,001-665-389-0543,jenniferclay@example.com,2025-11-04
2421,Anna,Byrd,Seychelles,001-563-941-4983x36851,tiffanywilliams@example.com,2024-08-25
2422,Heather,Suarez,Congo,+1-244-672-6002x190,clarkisaiah@example.org,2020-12-30
2423,Jamie,Nelson,Djibouti,450.740.4626x204,brownseth@example.net,2024-09-11
2424,Trevor,Fuller,Myanmar,+1-456-479-5697x9899,uraymond@example.org,2020-02-06
2425,Catherine,Gallagher,Lithuania,+1-649-996-7168,frank87@example.com,2024-09-06
2426,Miguel,Cain,Djibouti,439-266-8213x21185,fyoung@example.net,2020-06-02
2427,Angel,Johnston,Anguilla,8745647192,smithmelinda@example.org,2025-01-26
2428,Erik,Alvarez,Oman,598-204-7546x348,howardjoshua@example.net,2021-03-27
2429,Steven,Salazar,French Southern Territories,001-798-431-1171x0231,hreyes@example.org,2024-05-15
2430,Nathaniel,Luna,Rwanda,702-858-4780,alexandermichelle@example.com,2023-04-22
2431,Rhonda,Flores,British Virgin Islands,598.919.9116,kochkaitlyn@example.com,2024-05-06
2432,Joseph,Luna,Taiwan,001-738-860-7807x763,allison82@example.org,2020-02-20
2433,Morgan,Martin,Estonia,(239)961-3973,marycruz@example.net,2023-04-18
2434,Frederick,Jones,Romania,(557)658-5955x975,danielmiranda@example.net,2021-03-02
2435,John,Mckee,India,248-994-7948,michael95@example.com,2024-06-09
2436,Raymond,Rodriguez,Saint Vincent and the Grenadines,919.678.0652x63184,aliciaquinn@example.org,2023-10-20
2437,Robert,Sanford,Ghana,(508)839-5611,khawkins@example.com,2025-09-23
2438,Carl,Moore,Jamaica,001-921-395-5602x9225,elin@example.org,2024-12-27
2439,Dennis,Torres,Guernsey,+1-985-606-9535x6703,ojohnson@example.org,2021-02-28
2440,Christopher,Bowen,Suriname,769.385.6348,chavezdouglas@example.org,2020-02-18
2441,Rachel,Brown,Azerbaijan,955.263.9206x1870,qharrison@example.org,2026-01-02
2442,Kevin,Avila,Heard Island and McDonald Islands,(607)857-4189,bradyburgess@example.com,2020-04-18
2443,Jose,Brown,Oman,001-490-641-2426x4757,joseph25@example.com,2022-07-29
2444,Timothy,Peterson,Hungary,001-632-808-6913x91574,barberrebecca@example.com,2022-04-09
2445,Anne,Cordova,Jordan,810.909.8033x2452,yatesshannon@example.com,2022-10-05
2446,Wayne,Gonzalez,France,778-815-5724,ymitchell@example.org,2020-02-21
2447,Julie,Willis,United Arab Emirates,001-535-982-8554x6136,tatecindy@example.net,2021-08-20
2448,Megan,Green,Myanmar,836.799.6639x58924,kayla07@example.com,2022-03-12
2449,David,Sloan,Australia,(603)510-3646,adamhorn@example.net,2026-01-17
2450,Stephanie,Flores,Martinique,(965)866-4434x305,kimzachary@example.net,2025-12-21
2451,Shawn,Krueger,Burundi,548-385-8515,christopherproctor@example.com,2021-09-03
2452,Thomas,Novak,Andorra,295.387.1740,masonkathryn@example.org,2025-03-18
2453,Kathleen,Griffin,Ecuador,+1-706-397-1016x60156,dwerner@example.org,2025-06-16
2454,Jacob,Sanford,Mongolia,+1-810-202-6637x85130,melissacole@example.org,2022-07-03
2455,Willie,Kaufman,Belgium,+1-297-263-5828x27442,harperregina@example.net,2020-01-20
2456,Joann,Bright,Romania,+1-478-352-1586x6227,toddrhodes@example.net,2021-12-29
2457,Jordan,Wilson,Bangladesh,(859)751-6106,thompsontheresa@example.net,2025-01-27
2458,Jonathan,Garrett,Greece,697-586-6944x0406,ktorres@example.net,2023-03-14
2459,Richard,Cummings,Isle of Man,(508)644-3448x5334,bcarroll@example.net,2022-02-20
2460,Jesus,Walker,Armenia,+1-944-719-5312,matthew45@example.net,2025-12-19
2461,Larry,Christian,Fiji,+1-445-975-2617,kpetersen@example.net,2023-10-15
2462,Amanda,Christian,Belgium,001-476-390-1478x7125,shawn64@example.com,2020-06-21
2463,Annette,Pittman,Australia,+1-394-457-1231x8175,jerrygarcia@example.net,2022-07-19
2464,James,Gonzalez,Fiji,925.248.9945x3154,youngerin@example.org,2024-07-10
2465,Mark,Pacheco,Tanzania,(530)793-6297x47263,hjones@example.com,2020-01-01
2466,Richard,Christian,Ireland,001-791-445-4393x14720,benjamingonzales@example.com,2022-04-10
2467,David,Garcia,El Salvador,346.704.5543,jennifer52@example.net,2022-08-16
2468,Ashley,Stuart,United Arab Emirates,+1-323-897-4387x666,nicholsdaniel@example.org,2020-04-13
2469,Scott,Roberts,Tunisia,8632289063,melissa19@example.org,2025-06-04
2470,Jill,Mann,Mali,693.626.3945,zrice@example.com,2025-01-12
2471,Michelle,Cole,Cyprus,001-857-912-6179x225,sean61@example.org,2024-06-16
2472,Elizabeth,Navarro,Samoa,730-432-8573x1939,jwaters@example.com,2024-02-29
2473,David,Strickland,Azerbaijan,(787)756-5969x64981,josephgregory@example.net,2022-11-23
2474,Bonnie,Brewer,Kiribati,784-498-1063,reynoldsstephanie@example.org,2022-02-10
2475,Tara,Morris,Cocos (Keeling) Islands,001-596-404-1986x226,larsenalyssa@example.org,2020-05-20
2476,Joel,Strong,Uzbekistan,763.411.9561x8200,mgarcia@example.com,2020-08-17
2477,Casey,Berg,Cape Verde,(876)455-4586x30152,johnsonalexander@example.com,2023-12-29
2478,Michele,Woods,Kazakhstan,473-963-5466,gaycynthia@example.net,2022-06-30
2479,Robert,Green,Ukraine,(476)244-9875x9966,vcallahan@example.net,2021-10-14
2480,Aaron,Gutierrez,Gibraltar,+1-834-458-4549x9885,banderson@example.com,2022-01-21
2481,Shane,Cochran,Austria,722.815.2669x38582,steve12@example.net,2022-04-27
2482,Michele,Vasquez,Solomon Islands,001-263-796-7184,marywilliams@example.com,2023-12-30
2483,Cynthia,Williams,Martinique,+1-642-579-8559x9464,barbara34@example.com,2025-11-02
2484,Robert,Jacobson,Guatemala,(762)633-7639x6445,ramirezjerome@example.com,2021-02-11
2485,Kathryn,Scott,Taiwan,+1-525-642-9954x1295,alicehernandez@example.com,2021-04-06
2486,Larry,Jackson,North Macedonia,001-570-736-0469,sanchezbrittany@example.org,2025-05-26
2487,Angelica,Morris,Romania,997-996-2976,ejordan@example.net,2021-12-27
2488,Jessica,Scott,El Salvador,+1-533-705-6195x268,howardrobert@example.org,2023-12-26
2489,Elizabeth,Kline,Uruguay,001-207-322-9730x9123,johnsonjohn@example.net,2021-11-14
2490,Robert,Murphy,Brazil,+1-447-202-1315x8280,michelle91@example.com,2023-11-16
2491,Amanda,Koch,Liechtenstein,001-318-579-8881,tatejoshua@example.net,2025-04-20
2492,Ashlee,Butler,Papua New Guinea,9694669815,michael41@example.org,2021-09-19
2493,Donna,Livingston,Christmas Island,+1-215-942-0673,carmen00@example.com,2023-11-11
2494,David,Murray,China,623.332.0337x851,dcherry@example.com,2024-01-02
2495,Bernard,Perry,Yemen,885.621.7557,kelly61@example.org,2024-03-29
2496,Chad,Mendez,Mayotte,606.880.0409x4454,walkersheila@example.net,2020-02-04
2497,Lori,Kennedy,Yemen,+1-506-555-3464x599,kennedydanny@example.net,2025-04-18
2498,John,Edwards,British Indian Ocean Territory (Chagos Archipelago),001-402-512-1708x472,sarahgiles@example.com,2020-12-01
2499,Alicia,Jenkins,Reunion,697.664.7896,chambersjudith@example.com,2021-08-17
2500,Abigail,Hernandez,Tuvalu,+1-910-812-0766,jacobhood@example.org,2025-06-21
2501,Benjamin,Hardy,Norfolk Island,(592)283-5562,lloydraven@example.com,2022-10-13
2502,Steven,Hunter,Djibouti,9098981396,johnnyvance@example.com,2024-01-16
2503,Katelyn,Matthews,Honduras,241.360.0732x41754,stewartroger@example.net,2023-07-30
2504,Matthew,Nguyen,Moldova,(581)413-4016,williedouglas@example.org,2022-05-08
2505,Steven,Johnson,Ukraine,+1-803-927-9355x632,joshuapowell@example.org,2022-01-02
2506,Tanner,Watts,Bosnia and Herzegovina,+1-310-977-7646x9340,ymoore@example.net,2021-07-18
2507,Brittany,Walls,China,+1-595-717-0780x364,melissa94@example.org,2025-09-20
2508,Jason,Dawson,Montserrat,2816475963,thomaslisa@example.org,2022-05-31
2509,Krystal,Fields,Hungary,001-729-652-5530x48966,hwalker@example.com,2025-10-17
2510,Abigail,Esparza,Tokelau,701-430-0545x912,beckdaniel@example.org,2022-08-08
2511,Brian,Patel,Kyrgyz Republic,468-653-5567x585,christopher23@example.org,2023-11-28
2512,Sarah,Hill,Madagascar,+1-674-664-5092x655,owatson@example.net,2024-11-08
2513,Keith,Miller,Falkland Islands (Malvinas),+1-652-205-6505x026,lboyer@example.org,2024-02-04
2514,Richard,Taylor,Canada,001-219-504-5680x999,rachaelsoto@example.net,2022-06-17
2515,Melissa,Collins,British Virgin Islands,908-660-8539x89243,thomasbooth@example.net,2020-04-11
2516,Angela,Sloan,Brazil,(710)503-1043x7147,lisaweaver@example.com,2022-04-25
2517,Kimberly,Chase,Malawi,(884)890-7360,jonesthomas@example.net,2025-04-25
2518,Michael,Reyes,Senegal,(413)496-8490,ulewis@example.net,2022-04-26
2519,Kimberly,Wang,Turkey,548.301.0306,jdavis@example.com,2021-07-29
2520,Danny,Moore,Barbados,001-687-449-9932x9110,qyoung@example.net,2020-04-12
2521,Krista,Nguyen,Cote d'Ivoire,(350)514-2424x6458,nancy44@example.net,2024-02-24
2522,Mark,Pitts,Hong Kong,+1-559-494-1628x479,adamperry@example.org,2020-06-07
2523,Jeffery,Graham,Seychelles,8218599434,mark22@example.com,2020-05-28
2524,David,Graham,Suriname,8993144406,marquezemily@example.net,2023-03-08
2525,Shannon,Lawson,Israel,(474)933-5907x149,zbryant@example.com,2025-11-13
2526,Kelly,Gonzales,Nauru,+1-998-734-3468,fwilson@example.net,2024-04-23
2527,Lydia,Carlson,Peru,001-418-346-7124,wallsgregory@example.org,2023-06-01
2528,Linda,Brown,Macao,933.273.1375x210,megan97@example.org,2024-03-19
2529,Lisa,Murphy,Netherlands,(764)583-8450,lrodriguez@example.org,2020-08-27
2530,Kristen,Olson,Malawi,937.787.0326,rogersnicole@example.net,2025-01-29
2531,Michael,Brown,Burundi,+1-504-268-1145,patriciareilly@example.org,2025-08-11
2532,Rebekah,Dixon,Tokelau,001-456-720-9595x89934,jensenamy@example.com,2020-04-13
2533,Holly,Adams,Uganda,945.945.4870x509,nicholas43@example.org,2026-02-01
2534,Cindy,Patton,Gambia,(915)273-0065x732,wlewis@example.net,2020-02-11
2535,Gregory,Stanley,Swaziland,+1-549-935-3064x799,stuartbrian@example.com,2021-11-30
2536,Monique,Rice,Bhutan,001-260-277-7587x5390,akaufman@example.com,2022-08-02
2537,Christine,Riley,Kenya,392.543.0299x529,cherylfowler@example.com,2020-12-18
2538,Holly,Pacheco,Saint Martin,887-651-2099x17320,amybriggs@example.net,2024-05-25
2539,Vanessa,Gardner,Thailand,9934751645,moralesjustin@example.org,2021-10-18
2540,Lisa,Williams,Haiti,237-695-9683x081,bshaw@example.com,2020-07-21
2541,Chase,Vasquez,Tanzania,+1-640-644-1622x20375,jonesjohn@example.net,2020-01-16
2542,Joe,Moody,Zimbabwe,(926)882-1399,craigmatthew@example.net,2025-12-16
2543,Karen,Howard,Kazakhstan,573.550.0909,carla45@example.org,2024-07-19
2544,Lindsey,Paul,Guatemala,911-780-4181x58365,bethany42@example.net,2025-12-01
2545,Jose,Wilkinson,Turkey,001-828-425-8606,brent17@example.org,2024-04-19
2546,John,Campbell,Netherlands,732.471.7824x4291,wlee@example.org,2021-02-03
2547,Rodney,Walters,Fiji,968-751-6547,pauljessica@example.org,2020-11-17
2548,Brittany,Johnson,Korea,+1-301-891-6114x464,briannamartin@example.com,2022-07-24
2549,Sarah,Ruiz,Jersey,(666)752-0126,karafritz@example.com,2023-10-26
2550,Crystal,Williamson,Kyrgyz Republic,001-363-636-8363,robertfreeman@example.org,2021-07-19
2551,Robert,Rose,Palau,(873)897-3912x4876,kristen22@example.com,2023-09-11
2552,Michael,Crawford,New Zealand,+1-621-650-6536x9273,wthornton@example.org,2022-04-22
2553,Nicholas,Snyder,Korea,(289)704-4649x1161,randallgregory@example.net,2021-01-01
2554,Cassandra,Rhodes,Svalbard & Jan Mayen Islands,+1-431-821-0757x00664,wcopeland@example.org,2020-02-29
2555,Christina,Murphy,Guadeloupe,+1-437-741-3575,tgarcia@example.org,2020-11-19
2556,Sean,Tucker,Iran,001-413-993-8439x51481,twells@example.net,2022-07-17
2557,Mia,Todd,Sudan,625-751-5542x863,kmedina@example.org,2020-03-20
2558,Michael,Weeks,Gambia,001-926-466-1871x4269,hartjamie@example.net,2025-06-29
2559,Michael,Garcia,France,(829)638-8097x052,tkidd@example.net,2022-08-21
2560,Christine,White,Uganda,654.745.5177x9051,tarabaker@example.net,2022-08-21
2561,Nicholas,Mills,Cambodia,+1-969-900-7509x9390,jacquelinecarter@example.org,2020-06-19
2562,Melissa,Brown,Liberia,814.919.5541x15538,teresa64@example.com,2022-06-29
2563,John,Romero,Guatemala,+1-350-504-6433x31281,mary85@example.net,2025-11-29
2564,Mary,Sexton,Cyprus,+1-779-233-7461x401,delgadojames@example.net,2022-04-23
2565,Karen,Johnston,Indonesia,001-217-685-0429x1207,jeromeballard@example.net,2022-11-17
2566,Alan,Howard,Germany,911.236.4392,ivalencia@example.net,2020-05-10
2567,Erica,Decker,Turkmenistan,001-415-815-7288x634,duncanjanet@example.net,2021-06-14
2568,Jason,Collins,Nicaragua,+1-541-637-9996x094,richard31@example.net,2022-02-20
2569,Kathy,Gutierrez,Costa Rica,(783)498-1883x661,marissariley@example.org,2023-04-20
2570,Destiny,Hall,Greenland,727-401-8554x603,nicholas60@example.com,2022-03-27
2571,Austin,Stafford,Finland,+1-940-612-6291,briankennedy@example.com,2024-04-05
2572,Katherine,Mahoney,Costa Rica,656-577-1264x85222,rsullivan@example.net,2022-06-24
2573,Renee,Craig,Burundi,455.981.3356,stephanie20@example.com,2023-02-04
2574,Anthony,Allen,Egypt,001-647-948-6163x705,erika42@example.org,2021-03-12
2575,Timothy,Lopez,Bahamas,001-784-611-4130x63964,hernandezkristen@example.org,2021-04-21
2576,Tony,Fry,Grenada,001-723-253-1912,jason26@example.com,2021-07-27
2577,Michael,Jones,Iran,577-653-5590,maryfrancis@example.org,2024-11-02
2578,Joanne,Nelson,Benin,(923)300-6842x970,ywu@example.com,2022-10-29
2579,Nancy,Ho,Libyan Arab Jamahiriya,970-697-8155,adavis@example.org,2021-09-14
2580,Dakota,Brooks,Mauritania,2426886628,afry@example.com,2020-11-17
2581,Andrew,Nguyen,Bouvet Island (Bouvetoya),5065660136,davidroberts@example.net,2023-03-06
2582,Willie,Smith,Swaziland,(412)206-3916,avilacurtis@example.net,2021-03-02
2583,Diane,Hahn,Netherlands Antilles,8547544750,lisa88@example.org,2021-04-03
2584,Shirley,Benson,Italy,001-218-919-3061x6664,marvin74@example.com,2024-11-11
2585,George,Pierce,Kuwait,661.888.6489x855,vanessahowell@example.com,2024-05-04
2586,Kristine,Taylor,Iraq,5878396603,staceypoole@example.com,2020-02-29
2587,Jennifer,Suarez,Austria,(511)862-4912,mckinneyjoseph@example.com,2021-03-15
2588,Vanessa,Moody,Indonesia,5175406453,jamie37@example.org,2024-05-22
2589,Karen,Clark,Vanuatu,001-766-871-6786x920,contrerasjohn@example.com,2020-10-10
2590,David,Raymond,United States Minor Outlying Islands,212-904-7176x7858,danny31@example.com,2025-05-25
2591,Cassandra,Ochoa,Tanzania,001-714-355-5414,maryaustin@example.com,2024-09-25
2592,Lawrence,Hill,United States Virgin Islands,(517)640-2183x708,scott12@example.net,2025-08-30
2593,Robert,Hall,Thailand,(472)451-8291,colleenestrada@example.org,2021-06-24
2594,Jonathan,Anderson,Philippines,711.231.7117,andrew33@example.com,2020-03-16
2595,Glen,Li,Mexico,001-294-886-1800x22820,jennifer15@example.net,2021-04-02
2596,Ryan,Compton,Saudi Arabia,552.834.7883x8451,uknox@example.com,2023-12-15
2597,John,Rodriguez,Papua New Guinea,001-375-701-0456,andrewwatson@example.org,2021-06-10
2598,Danielle,Obrien,Qatar,(768)961-3317,robert77@example.com,2022-07-18
2599,Kathy,Baker,United States Virgin Islands,5212342577,johnsonerika@example.com,2022-04-27
2600,Cody,Lopez,Suriname,001-333-984-4713x56662,hgarcia@example.net,2020-10-30
2601,Jamie,Jones,Samoa,001-316-760-0191x1826,ohines@example.org,2025-01-22
2602,Joanna,Ellis,Thailand,602-252-9839x45872,grichardson@example.com,2021-09-23
2603,David,Stewart,Jordan,432-909-0753,druiz@example.net,2020-10-31
2604,David,Smith,Guinea-Bissau,6438424364,thompsonlori@example.net,2024-06-19
2605,Steven,Thomas,Romania,001-873-680-7015,campbelljohn@example.net,2022-11-12
2606,Jessica,Coleman,Seychelles,898.628.5724x8346,sandersjacob@example.com,2020-07-24
2607,Phillip,Rosario,Marshall Islands,829.370.7688,jyoung@example.com,2022-08-26
2608,Kristin,Velasquez,Germany,361-291-3639x51607,dana76@example.com,2023-11-28
2609,Jeremy,Carlson,Kiribati,+1-936-259-1331x8673,dustin84@example.org,2020-09-10
2610,Jonathan,Hunt,Bouvet Island (Bouvetoya),001-294-406-9425x4314,hmartinez@example.org,2023-04-22
2611,Courtney,Mcneil,Maldives,(201)791-2022x434,jacksonjames@example.net,2021-09-19
2612,Lauren,Cobb,French Guiana,(974)922-9721,larrythomas@example.org,2022-06-29
2613,Alexandra,Hahn,Antigua and Barbuda,(550)567-9949,johnsonjonathan@example.com,2024-03-12
2614,John,Marshall,Papua New Guinea,671.946.5346x9030,vpatton@example.net,2024-09-24
2615,Ernest,Simon,Taiwan,749.531.9681x227,colinfloyd@example.com,2021-11-18
2616,Robert,Evans,Greece,274.865.4778x31858,kyliemitchell@example.net,2020-05-15
2617,Eddie,Brown,Djibouti,550.595.4298x29312,grayjason@example.com,2020-08-23
2618,Anne,Maldonado,Nicaragua,7498812970,burnstimothy@example.net,2021-09-18
2619,Stacey,Taylor,Togo,001-476-507-6239x6407,baldwinashley@example.net,2020-02-18
2620,Brianna,Cole,Moldova,+1-930-846-5725x4287,trevor28@example.net,2022-07-01
2621,Rebecca,Brooks,Nigeria,405.340.9914,jmedina@example.com,2020-09-08
2622,Michael,Johnson,Saint Helena,001-850-541-2906x2215,stephen16@example.org,2020-04-12
2623,Jacqueline,Johnson,Afghanistan,001-519-246-4897x61585,haley90@example.org,2022-06-17
2624,Robert,Randall,Heard Island and McDonald Islands,914.733.0179x1771,wilsonhunter@example.org,2022-12-25
2625,Diane,Lozano,Sri Lanka,+1-299-954-8303,luis64@example.org,2020-07-24
2626,Maria,Miller,Western Sahara,457.785.3056,janeramos@example.com,2024-11-05
2627,Christopher,Brown,Haiti,738-465-1870,ryan86@example.com,2020-09-07
2628,Melissa,Rich,Algeria,633.243.8053x603,comptonlindsay@example.org,2025-03-01
2629,Kara,Williams,Suriname,(847)995-0481,ngregory@example.org,2024-07-13
2630,Darius,Coffey,Croatia,001-707-666-6634x28190,kingpamela@example.com,2022-06-21
2631,Tyler,Davis,Saint Vincent and the Grenadines,810.213.6738x04833,brett71@example.org,2023-04-07
2632,Sharon,Cook,Cameroon,213-713-7211x78832,marymorgan@example.com,2020-10-25
2633,Beth,Chan,Eritrea,+1-900-598-3206x7630,timothysmith@example.net,2023-01-06
2634,Linda,Brown,Korea,206-953-7172,michael79@example.com,2023-08-07
2635,Sandra,Griffin,Bahrain,001-577-377-1639x6359,dspencer@example.org,2021-01-18
2636,Vanessa,Sanchez,United Arab Emirates,001-959-429-3022x098,kwells@example.org,2020-02-23
2637,Brenda,Gray,Monaco,001-805-558-1823x41416,michelle92@example.com,2024-02-07
2638,Nathan,Hicks,Senegal,(316)239-1791x2233,mary38@example.com,2025-07-01
2639,Ashley,White,Iceland,(840)384-2813x163,fcox@example.net,2025-08-15
2640,Patricia,Decker,Congo,001-794-450-5811x0840,bpalmer@example.com,2023-04-30
2641,Jane,Richards,Martinique,249-617-7857,sjones@example.com,2025-10-07
2642,Richard,Scott,Benin,(787)632-8841,mccormickstephanie@example.net,2020-11-20
2643,Erin,Wood,United States of America,+1-519-474-8141x7409,dlarson@example.org,2025-01-10
2644,Brenda,Moore,Ecuador,001-640-830-3408x88783,gilescheryl@example.org,2025-11-25
2645,Elizabeth,Morgan,Saudi Arabia,644-322-9658x83915,robinsonrebekah@example.net,2026-02-13
2646,Christopher,Brown,Finland,830-590-0704x10979,erikbrown@example.org,2020-04-18
2647,Charles,Daniel,Ghana,001-988-867-9654x0287,vincent13@example.net,2023-11-30
2648,Heather,Bell,South Georgia and the South Sandwich Islands,414-438-5815,floreskayla@example.com,2025-02-03
2649,Randy,Simmons,Tanzania,(733)231-0315,jasmine96@example.com,2021-06-30
2650,Brittany,Cortez,Belgium,824-624-2875,blane@example.net,2020-03-01
2651,Christopher,Bowen,French Polynesia,431-859-3516,brownlatoya@example.net,2021-11-27
2652,Matthew,Williams,Reunion,001-647-877-4071x065,caroline79@example.org,2020-11-18
2653,Jerry,Mccoy,Hungary,+1-395-685-4764x962,goodmanbrian@example.com,2024-12-07
2654,Veronica,Parsons,Iceland,+1-310-508-1522x9906,cvaughn@example.net,2023-12-30
2655,Nicholas,Williams,Armenia,+1-215-399-4072,bradfordjason@example.org,2022-11-26
2656,Tracy,Morse,Malaysia,+1-269-542-1140x332,michael92@example.org,2025-05-01
2657,Christopher,Sims,Liberia,001-677-488-1020x4536,kennethcontreras@example.org,2020-11-27
2658,David,Harris,Greece,001-468-712-2120x34549,lisarichards@example.org,2025-03-20
2659,Jennifer,Glover,Austria,001-623-328-6911x5012,cody76@example.com,2022-10-10
2660,Joseph,Mitchell,Latvia,771.673.8542,stephen76@example.org,2021-08-28
2661,Dylan,Vasquez,Guam,488-437-8673x25196,rthomas@example.org,2025-05-02
2662,Karen,Burke,Philippines,762-754-4512x104,jpope@example.net,2023-05-04
2663,Alicia,Gonzales,Mauritius,+1-435-578-0632x858,andrewhoffman@example.com,2020-11-25
2664,Johnny,Russell,Albania,+1-706-875-2031,johnhoward@example.com,2020-12-18
2665,Kyle,Ramsey,Marshall Islands,001-405-272-0062,john45@example.org,2026-02-03
2666,Christian,Harding,Lebanon,722.917.0122,ithompson@example.org,2024-07-14
2667,Michael,Guerrero,Falkland Islands (Malvinas),+1-339-296-8967x860,jefferyhartman@example.net,2023-09-18
2668,Carla,Wilson,Mauritius,871-331-6968,diana87@example.org,2021-08-12
2669,Daniel,Nelson,Luxembourg,(256)729-2241,cohenjesse@example.net,2020-01-29
2670,Brandon,Johnson,Ukraine,455.983.6897,mendezjoshua@example.org,2025-09-20
2671,Cindy,Davis,Afghanistan,618.883.9534x78468,kimberly04@example.net,2023-08-28
2672,Heather,Johnson,Namibia,(323)263-9265x872,josephreed@example.com,2024-09-17
2673,Allison,Taylor,Myanmar,291-958-4387x817,joshua01@example.org,2020-07-30
2674,Michael,Baker,El Salvador,347-878-0680,yrichardson@example.org,2025-06-25
2675,Jonathan,Thomas,Guinea-Bissau,+1-538-771-5297x029,wbishop@example.org,2022-08-18
2676,Jeremy,Bryan,Spain,001-959-668-2939x2204,chayes@example.com,2021-08-04
2677,Stephanie,Thompson,Croatia,(352)621-2107x5576,patrickwhitaker@example.com,2024-03-03
2678,William,Cummings,Sao Tome and Principe,001-206-706-7015x89056,bishopjocelyn@example.org,2020-11-07
2679,Jeremy,Hampton,Bangladesh,501-218-3786,paul14@example.org,2020-02-07
2680,Michael,Cunningham,Faroe Islands,780.479.9529x2349,fkidd@example.net,2020-03-29
2681,Margaret,Barnes,Congo,750.683.1783,johnsonjesse@example.org,2022-08-06
2682,Katherine,Smith,Taiwan,781-694-0508,lisa01@example.net,2020-10-14
2683,Michele,Christensen,Bouvet Island (Bouvetoya),595.448.2133x274,hernandezjames@example.org,2023-12-10
2684,Henry,Mckenzie,Serbia,001-443-654-0295x501,anthonysmith@example.net,2025-12-03
2685,Jennifer,Johnston,India,001-354-994-7466x44480,lfranklin@example.net,2024-07-09
2686,Crystal,Brown,Moldova,4729060780,shieldsdennis@example.net,2024-07-05
2687,Brandon,Villarreal,India,001-662-245-3108x939,amandaparsons@example.org,2021-01-30
2688,Abigail,Christian,Barbados,927.329.4010x802,george70@example.net,2022-07-05
2689,Joseph,Shaw,China,+1-540-569-3169x22150,sharon78@example.net,2020-04-16
2690,Kendra,Evans,Argentina,(821)543-2244,choffman@example.net,2023-07-22
2691,Laura,Fox,Somalia,611-363-9036x4719,hking@example.net,2023-06-06
2692,Crystal,Hall,Andorra,511-367-0006,wandanorton@example.org,2023-02-13
2693,Susan,Ramos,Afghanistan,7809085119,christopher70@example.org,2022-05-21
2694,Alexandra,House,Mali,668.396.0374x6785,vstephens@example.net,2020-12-23
2695,Matthew,Morgan,Niger,689.518.4690,lewisedward@example.org,2025-01-10
2696,Joshua,Turner,Togo,895-581-7305,davenportlaura@example.net,2025-02-28
2697,Ricardo,Acosta,Taiwan,+1-838-428-9747x54763,jasonjohnston@example.org,2023-04-24
2698,Cassidy,Zimmerman,San Marino,548-287-5133x2809,nicholasglenn@example.com,2022-04-21
2699,William,Beasley,Qatar,001-345-502-1989x53464,garciasuzanne@example.net,2021-02-23
2700,Kim,Cruz,Isle of Man,+1-265-986-2218,braunvictoria@example.org,2022-05-20
2701,Sarah,Walters,Peru,+1-939-735-7618x950,howardhunter@example.net,2020-07-31
2702,Jason,Ramirez,Pakistan,8309209156,paulajimenez@example.com,2022-11-24
2703,Tyler,Harris,Hungary,+1-707-401-5926,jacksoneric@example.com,2025-12-26
2704,Stacey,Miller,Central African Republic,001-311-231-9925,albert81@example.net,2022-06-04
2705,Travis,Stewart,Switzerland,(436)353-0277x896,hensleycatherine@example.net,2025-04-20
2706,Aaron,Savage,Rwanda,+1-829-924-2497x5697,singhjanet@example.org,2020-08-12
2707,Renee,Smith,Papua New Guinea,7539990690,erin30@example.org,2023-03-30
2708,Joshua,Cohen,Oman,369.920.1352x241,bradymichele@example.net,2022-01-19
2709,Frank,Jarvis,Eritrea,+1-631-377-8915,rwalton@example.org,2020-09-12
2710,Paul,Campbell,Guam,+1-260-354-6237x079,penakevin@example.net,2022-06-22
2711,Cynthia,Rodriguez,Guadeloupe,001-815-517-1472,jeffrey76@example.com,2022-02-17
2712,Thomas,Lloyd,Ecuador,+1-319-224-9309x727,mcummings@example.com,2024-01-21
2713,Lauren,Mckay,South Georgia and the South Sandwich Islands,+1-428-764-7040x051,grahamjohn@example.org,2021-08-31
2714,Marvin,Taylor,Moldova,+1-563-966-7026,daniel42@example.com,2024-07-28
2715,Noah,Ramirez,Kazakhstan,+1-437-920-9194,danielpowell@example.com,2024-12-06
2716,John,Osborne,Belize,001-591-460-1365x345,rachael19@example.com,2022-06-12
2717,Tina,Edwards,Argentina,+1-398-938-0718x8308,davidmckee@example.net,2022-04-11
2718,Jessica,Moore,Kuwait,8686908181,paulhensley@example.com,2024-07-01
2719,Tamara,Wallace,Syrian Arab Republic,325-370-2796x6524,nbarr@example.org,2025-06-14
2720,Andrew,Barnes,United States Virgin Islands,623.879.5553x34358,mirandaking@example.net,2023-07-30
2721,Glenn,Ray,Oman,435-996-5724x45330,stewartdebbie@example.com,2023-06-25
2722,Michelle,Young,Botswana,(482)495-4876,ztrevino@example.com,2022-10-24
2723,Kenneth,Rodriguez,Montenegro,(291)932-8672,bishopdenise@example.org,2020-12-17
2724,Bridget,Smith,Cyprus,6586316899,leonardmorgan@example.org,2024-01-26
2725,Michelle,Wagner,Libyan Arab Jamahiriya,001-715-564-0616x34819,stewartkayla@example.com,2020-07-23
2726,Kimberly,Jordan,Cape Verde,583-637-4649,ryan56@example.net,2024-09-09
2727,Amy,Lopez,Mexico,285-700-9928x3367,lewisstephen@example.com,2020-03-26
2728,Jessica,Caldwell,Pitcairn Islands,001-911-323-2562,williamscasey@example.org,2024-09-17
2729,Christopher,Werner,Cuba,853.421.0100x474,uramirez@example.org,2025-05-05
2730,Miranda,Conrad,Nigeria,001-760-554-5252,hendersonsarah@example.net,2023-08-31
2731,Diana,Banks,Tunisia,+1-468-376-5292x070,rita62@example.com,2020-07-03
2732,Joy,Miles,Ireland,(588)814-5825,murphyjeanette@example.org,2025-09-10
2733,Tanya,Reed,Singapore,+1-331-963-4009x33860,faulknerkevin@example.net,2025-06-13
2734,Joseph,Mckinney,Burkina Faso,(777)278-9849x75881,wilsontiffany@example.org,2024-05-23
2735,Jeanne,Black,Benin,(680)360-5906x727,murphymelissa@example.org,2024-06-01
2736,Jennifer,Martinez,Malta,277-335-5500x90824,jlewis@example.net,2023-06-29
2737,Amy,Decker,Belize,+1-980-670-5947x0881,dwhite@example.com,2024-04-13
2738,Emma,Harris,Martinique,528.202.4909x9266,suttondavid@example.net,2025-10-22
2739,Madison,Anderson,Grenada,(741)352-1031x104,traviswallace@example.org,2022-12-26
2740,Scott,Smith,Bahrain,+1-577-805-2964x6232,gary23@example.net,2023-04-08
2741,Brandon,White,United States Virgin Islands,001-571-538-9322,lyates@example.com,2026-01-06
2742,Hayley,Diaz,Panama,(472)277-5105x93569,ygarcia@example.org,2021-06-17
2743,Madeline,Hernandez,Western Sahara,(725)975-9754x582,brian51@example.com,2024-06-10
2744,Christopher,Ramirez,Latvia,6169482529,ejohnson@example.net,2021-12-10
2745,Barry,Reed,Chad,(740)257-9343x048,qwu@example.net,2023-06-06
2746,Natalie,Sanchez,Grenada,9764527298,jacksonannette@example.com,2023-12-02
2747,Bobby,Howard,Swaziland,456.455.7803,miguelfoster@example.org,2020-07-09
2748,Keith,Valencia,Liberia,(379)357-2219,yhill@example.com,2023-12-03
2749,Matthew,Williams,Cameroon,976-439-9347,tiffany19@example.com,2025-06-08
2750,Andrew,Holt,Central African Republic,001-313-313-0785,diazkevin@example.org,2025-01-22
2751,Anthony,Ward,Spain,323.664.5359x94069,zrogers@example.net,2023-05-13
2752,Cameron,Payne,French Southern Territories,242-912-0329x46709,ldeleon@example.org,2022-11-15
2753,Jessica,Strong,Oman,(972)801-1663x96901,wjarvis@example.com,2021-10-07
2754,Cindy,Mcdaniel,Saint Pierre and Miquelon,895-629-2941x3802,nicole26@example.com,2021-05-25
2755,James,Davis,Libyan Arab Jamahiriya,+1-919-575-1904x521,dprice@example.net,2025-03-06
2756,Sheila,Brooks,Fiji,929-360-9387x162,gmartinez@example.com,2020-02-23
2757,Timothy,Davis,Estonia,(359)365-5371,rebeccathompson@example.net,2024-08-07
2758,Christine,Underwood,Jordan,715-282-4654,jeremy11@example.net,2020-06-29
2759,Gina,Morrison,Brazil,688.405.4526x874,dianescott@example.com,2024-02-22
2760,James,Jackson,Liechtenstein,554.879.2997x895,eking@example.net,2022-11-24
2761,Andrea,Cook,Yemen,(855)643-4547x3900,danielhernandez@example.net,2022-02-12
2762,Kevin,Brown,Saint Lucia,994.460.6223,tiffany42@example.net,2024-11-12
2763,James,Olsen,Ukraine,6082011211,mindy78@example.com,2021-09-29
2764,Tara,Sanders,French Southern Territories,(287)989-4428x18381,william60@example.com,2023-07-30
2765,Raven,Roberts,Saint Barthelemy,(900)982-9001,jerry54@example.org,2020-01-04
2766,Ashley,Knight,Malta,001-631-938-8753x119,fbarnett@example.com,2020-12-18
2767,David,Pitts,British Virgin Islands,(521)712-4219x231,utaylor@example.net,2023-07-17
2768,Melissa,Rodriguez,Anguilla,588.257.2319,rrose@example.com,2024-10-20
2769,Andrew,Gallegos,United States Minor Outlying Islands,593-967-2478x60498,priceapril@example.org,2022-03-07
2770,Sonya,Hardin,Lebanon,920.607.3993x4390,tmartinez@example.net,2021-10-12
2771,Laura,Morris,Ghana,(542)746-6163x70260,stephensjennifer@example.org,2022-07-08
2772,Ashley,Rosales,Niue,+1-276-465-2278x35801,stephenmcintosh@example.net,2025-12-14
2773,John,Adams,Heard Island and McDonald Islands,540-696-5574,aherrera@example.org,2026-01-09
2774,Malik,Collier,Israel,(920)735-2403x3909,fernandeznatalie@example.org,2025-11-05
2775,Richard,Burke,United States Virgin Islands,470.319.5377x6799,qjordan@example.net,2023-09-29
2776,Katie,Rosario,Cuba,(674)539-0532x1609,jerry31@example.net,2020-10-07
2777,Taylor,Campbell,Poland,001-840-399-3306x9523,ysmith@example.com,2021-04-14
2778,Melissa,Brown,Montserrat,341-647-5181,jordan89@example.net,2020-05-07
2779,Nicole,Williams,Micronesia,001-842-833-8622x2550,matthew81@example.com,2024-02-10
2780,Vincent,Miller,Singapore,351-837-8523x34274,wsimpson@example.com,2023-12-27
2781,Daniel,Mann,Pitcairn Islands,(809)568-3878,tannerrobert@example.net,2020-02-01
2782,Jessica,Velazquez,Equatorial Guinea,(630)803-0834x4850,xjohnson@example.org,2020-02-04
2783,Chad,Parks,Bolivia,001-972-517-5982x82415,shieldsroger@example.org,2025-09-18
2784,Melissa,Knight,El Salvador,282-883-2892x9865,denise34@example.com,2023-11-02
2785,Karen,Carney,Iran,964.736.4865x8602,smithkellie@example.org,2025-12-08
2786,Charles,Adams,Monaco,(473)379-0312,aprilbecker@example.org,2024-04-18
2787,Sandra,Pearson,Norfolk Island,(837)533-3424x667,charlestaylor@example.org,2023-04-18
2788,William,Chapman,Oman,4489851562,ecardenas@example.com,2020-06-13
2789,Robert,Carr,Sao Tome and Principe,503.479.4122,zbuchanan@example.org,2025-11-11
2790,Ann,Lee,Libyan Arab Jamahiriya,295-316-2924x8427,fadams@example.com,2023-03-26
2791,Brad,Reed,Armenia,657-238-8159x6845,mwebb@example.net,2020-10-25
2792,Michelle,Wright,Puerto Rico,(294)292-3437x675,vgutierrez@example.com,2021-11-24
2793,Shelia,Wiggins,French Southern Territories,846.740.7450,brittany42@example.net,2021-07-30
2794,Amber,Gutierrez,Falkland Islands (Malvinas),776-406-6712x860,jessicabrown@example.org,2024-05-07
2795,Patrick,Chambers,Bhutan,(404)877-1166x86904,jill87@example.com,2024-11-18
2796,Daniel,Armstrong,Azerbaijan,339-838-7391,connieprice@example.org,2023-12-01
2797,Anthony,Perkins,Samoa,(239)500-9448x6947,hwaller@example.com,2023-10-18
2798,Kara,Boone,United States of America,(749)876-9307x4797,kanejustin@example.com,2021-02-09
2799,Kelsey,Smith,Iraq,(975)340-6629,tbrown@example.net,2023-12-10
2800,Heather,Lee,Anguilla,+1-612-491-6150x19288,karenmorales@example.net,2024-12-12
2801,Gloria,Bernard,Kiribati,+1-678-530-1299x85450,vanessa00@example.org,2025-02-13
2802,Kaitlin,Webster,Swaziland,315-280-2141x2306,taylorcarroll@example.com,2020-03-09
2803,Christina,Scott,Yemen,388.601.0575,salvarado@example.net,2024-09-18
2804,Steven,Lopez,Liechtenstein,001-463-610-8647x47237,jasonguzman@example.com,2021-11-21
2805,Pamela,Hayes,Serbia,001-657-814-8177,brownbrianna@example.net,2025-05-23
2806,Maria,Bullock,Mali,979-415-9405x25190,jeffrey49@example.com,2023-11-21
2807,Ray,Keith,France,832-773-2194x5424,gparsons@example.org,2025-04-25
2808,John,Lopez,Fiji,566.708.9327x613,hlindsey@example.org,2022-03-10
2809,Jennifer,Walker,South Africa,9844163273,hunter06@example.org,2022-08-06
2810,Douglas,Stone,Austria,9913941230,qtaylor@example.net,2024-04-02
2811,Angela,Fernandez,Algeria,(647)250-6054x3032,qhernandez@example.com,2025-10-16
2812,John,Castaneda,Gibraltar,727-474-3205,dfuller@example.net,2025-10-26
2813,Elizabeth,Hughes,Somalia,9336544217,edwin50@example.org,2022-02-01
2814,Marc,Dean,Malaysia,+1-783-293-7373x1251,eroberson@example.com,2025-08-20
2815,Tanya,Crawford,Maldives,3727476799,tonya83@example.com,2022-12-09
2816,Donna,Fernandez,Svalbard & Jan Mayen Islands,306.422.5923,kimberlywatts@example.org,2025-02-23
2817,Stephanie,Martin,Antigua and Barbuda,647.462.8252,jenkinsrandall@example.org,2023-02-16
2818,Sydney,Harris,Lao People's Democratic Republic,001-782-539-7087x28156,ana33@example.net,2025-09-18
2819,Michelle,Hill,Hong Kong,945-866-1485x140,timothyvaldez@example.net,2022-02-21
2820,Michael,Dudley,Cameroon,(321)678-7327,tadams@example.net,2021-11-20
2821,Scott,Duncan,Sao Tome and Principe,486-541-4521x88263,linraymond@example.org,2020-05-30
2822,Zachary,Hanson,Kyrgyz Republic,001-811-935-0036x50426,yangchris@example.org,2022-04-18
2823,Laura,Newman,Estonia,(564)232-6398x85492,jennifer54@example.net,2021-09-05
2824,Alexis,Harper,Anguilla,(943)338-3058,gterry@example.com,2021-04-28
2825,David,Byrd,Greece,(705)904-8421,christopher65@example.com,2024-01-24
2826,Elizabeth,Allen,Turkey,001-865-943-9111x9992,william98@example.net,2021-08-17
2827,Rebecca,Young,Congo,+1-972-698-4310x961,claudiachung@example.com,2020-10-19
2828,Aimee,Pope,Peru,(269)986-1255x73928,sjones@example.net,2020-03-29
2829,Richard,Camacho,Serbia,(580)809-8112x3217,maxwellsteven@example.org,2021-06-27
2830,Melanie,Yu,South Africa,276.420.9790,briannamann@example.com,2020-02-24
2831,Sabrina,Rivera,Yemen,001-976-480-8313x87894,kylevazquez@example.org,2021-10-30
2832,Gary,Costa,French Guiana,350-688-7814x028,stephanie35@example.org,2022-01-31
2833,Sarah,Mason,Australia,001-641-871-0277x17851,lauren18@example.com,2025-05-18
2834,Katherine,Ware,Korea,001-525-839-0170x79271,adriangarcia@example.org,2025-04-18
2835,Ricardo,Hernandez,Pitcairn Islands,406-976-3976,ncollins@example.com,2023-11-29
2836,Bobby,Wilson,United States Virgin Islands,444-733-4997,curtis65@example.com,2024-09-03
2837,Gregory,Patton,Western Sahara,638-368-3525,ramseydrew@example.org,2024-09-17
2838,Zachary,Henderson,Chad,+1-212-634-8614,reginald31@example.net,2021-02-21
2839,Glenn,Harrison,Somalia,001-703-800-9516,parkerchristopher@example.com,2022-09-29
2840,Jennifer,Simpson,Dominican Republic,810.890.0415x7715,garciaheather@example.net,2022-03-26
2841,Roy,Hoffman,Eritrea,480.895.4022,xhoward@example.com,2026-01-07
2842,Jamie,Howard,Argentina,+1-669-613-3777,jason56@example.com,2020-02-01
2843,Daniel,Phillips,Slovakia (Slovak Republic),+1-872-724-7807x78543,kochcaleb@example.org,2022-05-24
2844,Shawn,Brown,Zambia,(664)988-2373x196,darrenroberts@example.com,2025-11-21
2845,Brittney,Johnson,Western Sahara,650.723.4973,wolfejacqueline@example.com,2022-08-08
2846,David,Wagner,Cuba,253-913-6759x6451,ucooper@example.com,2021-02-24
2847,Mario,Martinez,Puerto Rico,(464)367-0746x9862,angelagarrison@example.org,2023-02-17
2848,Christopher,Combs,Kiribati,(212)997-6566x3463,sarahwhite@example.com,2023-01-03
2849,Lauren,Barr,Austria,+1-601-678-5530x15850,tgutierrez@example.net,2023-02-14
2850,Daniel,Stafford,Kuwait,001-618-768-3733x330,jonesbarbara@example.org,2024-04-10
2851,Heidi,Griffin,Greece,001-473-826-9126x5581,cassandra57@example.net,2024-01-21
2852,William,Mcintosh,Grenada,692.971.3866x06273,yduncan@example.org,2025-09-27
2853,Levi,Chandler,Cape Verde,915-817-5110x575,timothyjackson@example.net,2021-12-26
2854,Kenneth,Murray,Belarus,707.702.9550x8439,robertdavis@example.com,2022-01-02
2855,William,Woods,British Indian Ocean Territory (Chagos Archipelago),(226)461-2995,trevorparrish@example.org,2024-06-11
2856,Rebecca,Thomas,Montenegro,(761)435-9616,colonjustin@example.net,2025-02-22
2857,John,Walsh,Afghanistan,001-459-561-1746x3276,gilmorejacob@example.org,2023-05-23
2858,Jodi,Anderson,Sao Tome and Principe,872.956.7206x434,harringtontina@example.com,2025-04-09
2859,Laura,Cox,Bosnia and Herzegovina,249.628.5095,aevans@example.net,2025-12-25
2860,Lauren,Wilkins,Guinea,765-935-7394x048,thompsonthomas@example.com,2022-09-26
2861,Anna,Hart,Albania,563-408-3633,dawnkim@example.com,2025-05-21
2862,Jason,Cortez,Mauritius,(527)379-8530x50587,teresa23@example.org,2022-08-17
2863,Ashley,Bender,Bosnia and Herzegovina,760-985-1686,rodgersstephanie@example.org,2022-11-08
2864,Raymond,Carr,Korea,+1-402-628-2413x229,kathryn18@example.org,2023-12-21
2865,Leah,Pearson,Luxembourg,5875352553,susanreyes@example.com,2022-10-20
2866,Alyssa,Allen,Sao Tome and Principe,+1-261-507-1886x8511,vmitchell@example.net,2020-02-13
2867,Jose,Willis,Gibraltar,(232)744-2001,davidbarnes@example.net,2021-05-01
2868,Robin,Gilbert,Burkina Faso,973-899-6698,destiny97@example.org,2021-04-02
2869,Jennifer,Rivers,Guyana,7069171942,laura36@example.org,2021-05-04
2870,Grant,Soto,Papua New Guinea,+1-438-742-5412x075,thomas58@example.com,2020-10-07
2871,Allison,Levy,Iceland,606-921-4589,aguirrecharles@example.org,2024-03-08
2872,Bryan,Alvarado,Burundi,423-529-0196,jennifer75@example.net,2020-01-13
2873,Jeffrey,Downs,Germany,001-266-565-4061x78862,george21@example.org,2023-03-27
2874,Cynthia,Gay,Sweden,905-274-8170x1450,amanda20@example.net,2022-10-26
2875,Paul,Johnson,Heard Island and McDonald Islands,001-732-823-6309x16826,haleywilliams@example.org,2022-04-30
2876,Kevin,Bell,Nigeria,+1-612-708-0986x933,millerderrick@example.org,2021-10-11
2877,Joel,Jones,United States Minor Outlying Islands,001-631-662-5884x14597,william48@example.org,2023-07-02
2878,Adam,Ellis,Guadeloupe,885.788.6649,matthew74@example.net,2020-02-05
2879,Brian,Bennett,Cambodia,(750)275-0954,michaelmorales@example.com,2023-04-05
2880,Leslie,Schultz,Chad,001-749-831-3379,lisahart@example.com,2024-07-29
2881,Hailey,Reed,Holy See (Vatican City State),(364)553-1541x36675,wharris@example.net,2021-10-15
2882,Kristi,Martinez,Isle of Man,463-295-1689x2415,jamesdustin@example.net,2023-03-16
2883,Stacy,Gonzales,Lesotho,913-302-1093x607,pagebrian@example.net,2020-10-27
2884,Michaela,Cooper,Bosnia and Herzegovina,+1-556-477-1949x4037,pford@example.net,2020-01-03
2885,James,Reyes,Slovakia (Slovak Republic),+1-325-550-5030x57718,robert39@example.net,2022-09-18
2886,Eric,Lynch,Congo,964-777-1540,angela74@example.com,2021-06-05
2887,Shelia,Vasquez,Turkey,001-831-487-7440x01011,floresjeffrey@example.org,2021-06-30
2888,Timothy,Hughes,Fiji,(849)846-5737,aparker@example.net,2022-09-09
2889,Joanne,Cortez,Antigua and Barbuda,6947214982,nicolejohnson@example.net,2022-03-08
2890,Stephanie,Vasquez,Libyan Arab Jamahiriya,607-862-0506x47366,zdiaz@example.com,2022-09-06
2891,Richard,Joseph,Mauritius,247.519.2213x0743,rodney24@example.com,2020-05-18
2892,Jennifer,Macdonald,United States Virgin Islands,336.993.9749x836,nlopez@example.net,2020-03-04
2893,Cory,Barber,Madagascar,5974186843,michael16@example.com,2025-01-12
2894,Ashley,Wang,Saint Lucia,756-262-7946,jwilliams@example.org,2023-03-13
2895,Jon,Palmer,Samoa,+1-924-342-1303x816,charles57@example.org,2025-10-11
2896,Jennifer,Oconnor,Burundi,713.685.7664x023,georgedunn@example.com,2026-03-05
2897,Melissa,Vasquez,Vietnam,205-678-8432x30549,ogonzalez@example.net,2022-07-16
2898,Bradley,Ferguson,Portugal,+1-533-583-9643x089,cookreginald@example.com,2022-11-13
2899,Lynn,Gregory,Congo,214.731.1578x2122,bryan31@example.net,2025-02-13
2900,James,Johnson,Andorra,336.411.6529,james53@example.net,2020-10-09
2901,Lisa,Mathis,Kyrgyz Republic,8898611168,dfischer@example.org,2021-11-26
2902,Brendan,Craig,Ireland,001-242-768-0065x467,nathanlopez@example.net,2023-02-19
2903,Samantha,Bryan,United States Minor Outlying Islands,001-889-822-7640x0805,mmay@example.net,2025-07-11
2904,Elizabeth,Pruitt,Lithuania,5082796838,wendybrown@example.com,2021-07-05
2905,Nathaniel,Marquez,Belgium,575-793-0580x6489,annette73@example.com,2022-06-24
2906,Amy,Rogers,Guyana,001-600-722-3101x5287,allenbryan@example.com,2023-07-10
2907,Justin,Pope,Western Sahara,+1-207-758-5905,montgomerybrandon@example.net,2023-04-26
2908,Christina,Black,Anguilla,+1-851-281-0648,prodgers@example.org,2023-02-16
2909,Cynthia,Crawford,Iran,001-584-442-1906x63653,benjamintorres@example.com,2021-08-12
2910,Jeanne,Daniel,Spain,(948)424-7139x21210,ericarice@example.org,2025-03-11
2911,Michelle,Russell,Benin,001-302-283-3045x0680,qwalker@example.net,2023-10-31
2912,Christopher,Powell,Norway,647.264.6361,dalehamilton@example.net,2023-07-24
2913,Ryan,Shea,Solomon Islands,224-775-5365x4003,william52@example.org,2020-01-22
2914,Cindy,Brown,Germany,387.943.2641x599,bishopsean@example.net,2023-03-17
2915,Alisha,Vasquez,Cameroon,341-432-7627,martinezangela@example.com,2025-01-27
2916,William,Larson,Aruba,(288)411-2066,gardnersusan@example.com,2020-01-24
2917,Randall,Strickland,Congo,001-696-541-1969,williamsashley@example.org,2025-06-26
2918,Travis,Haley,Bhutan,368-593-3676x09227,rmoore@example.net,2021-12-25
2919,Cory,Hinton,Malaysia,001-497-635-0570x39208,teresa98@example.com,2020-11-11
2920,Aaron,Navarro,Norway,262.761.2080,pjoyce@example.org,2023-08-31
2921,Sherri,Mays,Denmark,001-556-643-3142x4662,jean26@example.com,2020-10-01
2922,Timothy,Jackson,Netherlands Antilles,742.597.7419x1935,andrewmoreno@example.net,2020-07-21
2923,Angela,Campbell,Comoros,6025725598,boydsteven@example.net,2025-10-29
2924,Jessica,Jarvis,Bhutan,+1-375-433-5120,njacobs@example.com,2023-12-17
2925,Christopher,Martinez,Bangladesh,(510)389-0665x333,duane06@example.com,2021-06-22
2926,Colin,Schmidt,Uganda,(668)905-8719,bradleybarbara@example.net,2024-09-26
2927,Laura,Stevenson,Morocco,315-539-3585,williamswilliam@example.com,2024-02-18
2928,Sally,Morgan,Portugal,(563)894-0823x83501,sean82@example.net,2025-03-24
2929,Kenneth,Jordan,Finland,743-638-3002x84844,vlove@example.org,2020-11-30
2930,Jennifer,Gibson,Aruba,+1-268-402-6986x157,jmitchell@example.net,2026-02-22
2931,Brenda,Odonnell,Moldova,(802)463-2661x8233,bobbybell@example.com,2025-02-08
2932,Angelica,Murray,Peru,(658)749-1267x944,charles70@example.org,2023-01-31
2933,Matthew,Cox,Paraguay,(614)570-3343x2065,justinmcfarland@example.net,2021-10-09
2934,Jeffrey,Holt,Zimbabwe,001-962-721-5353x1041,keith83@example.org,2021-09-21
2935,Mark,Lee,New Zealand,711.399.6135x3617,joseph39@example.org,2021-06-13
2936,Nancy,Thomas,Tokelau,633-950-0956x41414,christophersweeney@example.org,2024-07-18
2937,Tyrone,Huynh,Sri Lanka,001-309-714-0159x0501,davidbrian@example.com,2021-05-07
2938,Samantha,Frey,Suriname,(649)285-9358,virginiamiller@example.com,2022-05-12
2939,Joshua,Rogers,Panama,+1-748-969-5576x147,mooreanthony@example.org,2025-11-19
2940,Ian,Ramirez,Greenland,(295)351-8671,allisonsteven@example.org,2020-01-09
2941,Thomas,Colon,Saint Pierre and Miquelon,639.840.5586,michaelowens@example.com,2024-08-30
2942,Tanner,Perez,Angola,3797140137,william07@example.org,2021-12-23
2943,Steven,Wolfe,Malawi,862.644.8328,norr@example.net,2022-03-18
2944,Dale,Hays,Finland,001-874-353-1229x36512,rmcdonald@example.org,2021-06-18
2945,Mary,Mullins,Antarctica (the territory South of 60 deg S),(665)252-4050,averygerald@example.com,2020-12-10
2946,Johnathan,Rich,Palestinian Territory,323.806.4181x021,whitejohn@example.com,2025-06-01
2947,Matthew,Castaneda,Botswana,5184867507,phillipshannah@example.org,2025-05-27
2948,Morgan,Hall,Malaysia,001-766-552-1022,martin66@example.org,2021-12-04
2949,Elizabeth,Gibson,Mexico,726-573-4370x40538,jstevens@example.com,2025-05-14
2950,David,Orr,New Caledonia,001-593-335-4009x757,ronaldjackson@example.com,2020-05-07
2951,Corey,Larson,Isle of Man,4417319665,emilylewis@example.net,2025-08-30
2952,Shelley,Clark,Cook Islands,(936)875-7110,jacksontina@example.com,2021-12-10
2953,Stephen,Larson,French Guiana,001-819-843-0541x47341,herringtroy@example.net,2024-08-16
2954,Susan,Wells,Czech Republic,(383)475-8015,medinamarcia@example.org,2022-05-14
2955,Timothy,Frazier,Togo,751-383-6146x39376,jill76@example.net,2022-09-20
2956,Timothy,Thomas,Niue,3767223201,kimberlymarshall@example.net,2021-09-10
2957,Jose,Blankenship,Gabon,(515)869-8753,rodriguezjoseph@example.org,2023-10-23
2958,Jennifer,Patel,Nepal,001-307-855-4222x098,jennifer19@example.net,2026-02-22
2959,Michael,Curry,Antigua and Barbuda,(233)812-8483,timothymarshall@example.org,2023-01-09
2960,John,Lee,Brunei Darussalam,989.208.4127x92692,shawn40@example.org,2020-12-13
2961,Carlos,Yang,Turks and Caicos Islands,001-481-272-7413x45046,jeffwalker@example.net,2024-04-26
2962,Rebecca,Lee,French Polynesia,+1-497-265-2217x02402,natalie48@example.net,2021-08-31
2963,Alexander,Mcdonald,Kenya,(601)455-8595x6608,ybowers@example.net,2025-04-25
2964,George,King,British Virgin Islands,352.473.0654,amberwheeler@example.com,2024-10-17
2965,Victoria,Thomas,Argentina,(531)854-4207x65797,imoran@example.org,2023-02-01
2966,Janice,Johnson,Mexico,892-690-1131,ashleewilcox@example.net,2022-05-28
2967,Paige,Berry,Bosnia and Herzegovina,614.414.8529,valerie32@example.com,2022-11-02
2968,Erin,Price,Japan,+1-407-663-8936x53252,julianharris@example.net,2020-07-06
2969,Leslie,Maddox,Liberia,(525)996-2136x34753,lunapamela@example.com,2022-06-05
2970,Vincent,Boyd,Germany,+1-735-950-6581x885,moorepeter@example.com,2025-09-23
2971,Faith,Nolan,Colombia,530-347-0682,xlopez@example.org,2022-04-28
2972,Jonathon,Mcdonald,Iran,001-637-675-8719x82679,kathrynrobinson@example.org,2024-10-06
2973,Christopher,Mullins,Liechtenstein,625.760.7172,amandashepard@example.com,2023-04-19
2974,Allison,Watkins,Singapore,9973597305,desireerobinson@example.net,2025-11-02
2975,Randy,Kim,Uganda,606-342-3722x5246,melissa06@example.org,2020-08-23
2976,Ashley,Davis,Turks and Caicos Islands,775.968.9732x877,cheryljones@example.net,2021-02-27
2977,Robin,Lee,Romania,(795)643-3019x77689,kimfischer@example.org,2020-08-28
2978,Sharon,Johnson,Cape Verde,+1-843-426-8704x69954,sanchezhaley@example.net,2026-01-03
2979,Richard,Murray,Guyana,245.278.0001,joseramos@example.net,2020-06-02
2980,Sharon,Sanford,Mongolia,(628)875-2961x4954,award@example.com,2022-04-25
2981,Holly,Burgess,Angola,(576)893-9537x382,ohenson@example.com,2023-03-20
2982,Christopher,Porter,Botswana,877.685.5447x47635,fbell@example.net,2025-10-14
2983,James,Wright,Gibraltar,688-960-4908x12858,julie95@example.org,2025-09-19
2984,Nicole,Hunter,Namibia,606.681.0436,emilycordova@example.net,2022-02-14
2985,Matthew,Johnson,Botswana,001-757-894-6249x215,todd56@example.com,2022-04-21
2986,Frederick,Andersen,Jamaica,933-425-9766x1632,brittney09@example.com,2021-04-21
2987,Frank,Miranda,Zambia,511-508-2644x631,brennanbrian@example.org,2024-09-04
2988,Michele,Brady,Sierra Leone,+1-860-278-9649x2334,jeremy46@example.org,2024-11-22
2989,Barbara,Roman,Swaziland,001-591-686-2889,adam06@example.com,2023-06-11
2990,Ronald,Hurley,Botswana,951-465-3937,sydney74@example.net,2021-07-25
2991,Shane,Nunez,Portugal,+1-919-872-2153,danielle13@example.net,2024-07-01
2992,Jasmine,Vargas,Belize,642-913-9258,pholder@example.net,2020-07-20
2993,Cody,Phillips,Bermuda,(942)472-5925x31255,markmontgomery@example.com,2022-03-08
2994,Thomas,Williams,Tokelau,703-339-1993x3045,jacksonmark@example.org,2022-03-12
2995,Kenneth,Mendoza,Ireland,+1-747-613-2884x7448,mwhite@example.net,2024-09-15
2996,Steve,Long,Jersey,+1-294-687-1894x28133,johnmckee@example.org,2020-05-10
2997,Joshua,Sanchez,Haiti,6036935797,williamatkinson@example.org,2021-10-24
2998,Meagan,Phillips,Kiribati,001-426-205-4338,ashleycooke@example.org,2022-09-18
2999,Jerry,Wilkins,Costa Rica,683.388.2514x7710,hardyronald@example.net,2025-03-04
3000,Ryan,Smith,Equatorial Guinea,+1-851-939-2271,elizabeth70@example.net,2025-09-26
3001,Anna,Phillips,Eritrea,5653432452,areed@example.org,2022-03-24
3002,Eric,Jones,Sao Tome and Principe,569.641.4385x15974,ylong@example.org,2021-03-26
3003,John,Zamora,Netherlands,001-282-986-1118x07278,teresathompson@example.net,2022-06-07
3004,Johnny,Conner,Namibia,001-315-918-5789,bradley43@example.org,2024-07-06
3005,Cameron,Irwin,South Africa,697.797.0764,mwashington@example.com,2022-07-14
3006,Lori,Walker,Cook Islands,760-250-4861x0245,croy@example.net,2022-09-20
3007,Nancy,Bonilla,Senegal,238-817-1198x29286,erikaanderson@example.org,2025-01-14
3008,Howard,Huang,Cocos (Keeling) Islands,+1-547-377-6217x9720,nlucas@example.com,2023-04-06
3009,Austin,Lane,Albania,589-735-1340x0417,tyroneking@example.net,2022-12-22
3010,Scott,Saunders,Tuvalu,561.868.7934,barbara32@example.org,2020-03-21
3011,Steven,Perez,Holy See (Vatican City State),524-456-5984,justinjohnston@example.com,2022-11-16
3012,Shelley,Williams,Russian Federation,+1-960-756-1822x400,belljennifer@example.net,2020-03-08
3013,Debra,Hoffman,Iraq,200-564-9342x65939,littleholly@example.com,2023-09-24
3014,Scott,Wilkinson,United Arab Emirates,(248)353-0566,jodivang@example.org,2023-11-03
3015,David,Cabrera,United Kingdom,(557)374-7717x0530,blairpaul@example.net,2023-09-15
3016,Eric,Mcdonald,Norway,001-892-725-5464x57434,gabriellepotts@example.org,2024-08-10
3017,John,Copeland,Nigeria,+1-877-312-2118,sethscott@example.com,2024-02-16
3018,Christina,Jackson,Canada,455.774.7077x9933,hudsonkeith@example.org,2022-02-11
3019,Anne,Silva,Venezuela,962-291-8969,joelhull@example.org,2022-08-13
3020,Dean,Villanueva,Comoros,(470)979-3620x4744,karenmoran@example.com,2024-01-26
3021,Brenda,Trevino,French Polynesia,248-804-1770,joannatapia@example.com,2020-03-08
3022,Janice,Richardson,Saint Kitts and Nevis,(651)347-5297,ronald61@example.net,2022-10-20
3023,Maria,Hunt,Tonga,+1-633-503-2202x074,xjohnson@example.net,2024-01-17
3024,Patricia,Bowers,Brazil,(255)876-5439,carpenterjacqueline@example.org,2024-07-01
3025,Bonnie,Thompson,Slovenia,756-252-5930x414,josephschaefer@example.com,2021-10-26
3026,John,Dudley,Iceland,3168403870,sanchezlisa@example.net,2025-02-28
3027,Isaac,Rivera,Argentina,+1-978-741-5844,lwallace@example.net,2023-06-01
3028,Lisa,Krueger,Italy,(504)549-6640x3335,bentonrobert@example.org,2020-06-18
3029,Douglas,Martinez,Albania,001-796-614-1247,qwhite@example.net,2022-04-01
3030,Jason,Moreno,Somalia,(464)531-5256x81976,ymiddleton@example.net,2020-11-29
3031,Angel,Lang,Guam,464.482.4230,debraturner@example.net,2020-11-07
3032,Charles,Cantu,Bermuda,001-371-248-7384x18244,travismoore@example.com,2022-09-19
3033,Noah,Moore,South Georgia and the South Sandwich Islands,7755390920,rodriguezjulie@example.net,2021-01-16
3034,Erika,Chan,Canada,(755)837-5608x19694,ricemark@example.net,2020-04-17
3035,Andrea,Williams,Hungary,366-910-0190x19824,floreskatrina@example.com,2021-08-12
3036,Kristina,Nguyen,Ghana,001-298-935-0026x1013,stevenross@example.com,2025-12-19
3037,Patricia,Bell,Belgium,221.350.5237,melaniebaker@example.org,2020-03-07
3038,Pamela,Tapia,Nicaragua,001-499-452-8044,yhall@example.net,2023-04-22
3039,Patricia,Berry,Qatar,939-462-7325x27464,cathyortiz@example.org,2020-11-18
3040,Justin,Mitchell,Austria,+1-458-957-6156x063,tyler25@example.org,2024-09-30
3041,Kelsey,Kelly,Falkland Islands (Malvinas),6958293678,vfoster@example.com,2020-09-01
3042,Dylan,Taylor,Iraq,(393)391-0573x39159,bkelly@example.net,2024-04-28
3043,Joshua,Hansen,Palestinian Territory,001-295-699-7719,vaughnrachel@example.com,2023-08-25
3044,Scott,Mcdonald,Haiti,374-709-0964x89944,larrymccoy@example.org,2020-03-21
3045,Jessica,Wallace,Morocco,(548)642-6142,tina69@example.com,2023-07-04
3046,Angela,Hawkins,Liberia,960-505-4328x019,mallorygonzales@example.net,2020-04-22
3047,Sarah,Mueller,Turkey,+1-805-546-5965x183,matthewbishop@example.com,2022-05-06
3048,Molly,Forbes,Ukraine,246-356-4736,westkevin@example.net,2022-06-18
3049,Marilyn,Howard,Saint Barthelemy,529.295.8705x6833,kristinjimenez@example.org,2020-06-21
3050,James,Mosley,Nauru,+1-422-204-8374x348,jenniferriddle@example.org,2022-01-30
3051,Spencer,Deleon,Nauru,001-623-494-8770x10294,sheaabigail@example.com,2023-11-18
3052,Gina,Lewis,San Marino,3037367540,brittany66@example.org,2023-09-14
3053,Elizabeth,Anthony,Pakistan,+1-958-216-4757x78815,aaronwells@example.net,2020-09-28
3054,Christopher,Olson,Malawi,420.635.5222x69789,rachelreynolds@example.org,2021-05-08
3055,Rachel,Petty,Panama,(228)431-8896x8835,bwilkerson@example.net,2023-05-02
3056,Jeremy,Frank,Japan,308-751-3043x302,snyderbryce@example.com,2020-05-13
3057,Katherine,Marquez,Malta,(258)202-9891x46270,ukeller@example.org,2026-03-06
3058,Elizabeth,Martinez,Ghana,899.851.9810x5719,patricia15@example.com,2025-01-05
3059,Alexandria,Foster,Madagascar,(714)708-5359,jacob93@example.com,2025-04-25
3060,Kim,Smith,Isle of Man,9196587002,hroberts@example.org,2025-01-12
3061,Eric,Sims,United States Minor Outlying Islands,+1-235-602-1491x270,andradetammy@example.org,2023-02-10
3062,Michael,White,Portugal,317.448.7465x33797,dbradley@example.net,2024-12-04
3063,James,Cole,Panama,4522468686,paynesabrina@example.org,2022-08-04
3064,Tara,Garcia,Peru,+1-618-550-3533x73666,ambersantiago@example.org,2022-10-05
3065,Joseph,Espinoza,Lithuania,(629)761-7985x1185,ledwards@example.net,2023-06-24
3066,Brian,Davis,Reunion,001-794-366-1779x3634,marycohen@example.com,2022-02-22
3067,Maria,Randall,Hong Kong,(592)631-0178,dwhitaker@example.org,2025-10-03
3068,Tina,Miller,Germany,001-999-460-4539x036,wilsonhenry@example.org,2020-08-01
3069,Leah,Martinez,Lebanon,630-755-6503,rogersbrandi@example.net,2023-02-15
3070,Glenda,Smith,South Africa,001-749-805-9889x941,allenrodriguez@example.com,2022-11-27
3071,Kyle,Barker,Vanuatu,+1-792-549-9933,mitchelljennifer@example.org,2023-01-01
3072,Luis,Diaz,Denmark,520-788-7591x97477,adamserin@example.org,2025-06-23
3073,Alison,Hernandez,Croatia,+1-754-979-2045x491,jenniferbrown@example.org,2022-05-10
3074,Joshua,Hardy,Czech Republic,(920)713-0137,thomasmartin@example.net,2020-06-22
3075,Nicole,Petty,Vanuatu,950.504.2856x302,charlesallen@example.org,2021-02-17
3076,Ariel,Smith,Iraq,001-625-281-3869x0322,brightbriana@example.org,2025-04-24
3077,Katie,Brown,Jersey,001-706-202-6081,uwaters@example.com,2025-04-19
3078,Jonathan,Fletcher,Portugal,001-926-818-2275x97767,cynthia69@example.com,2022-03-12
3079,Michaela,Watkins,Burkina Faso,(820)684-2289x3824,isaiah10@example.net,2021-05-10
3080,Matthew,Larson,Vanuatu,+1-342-333-7985,richardevans@example.net,2023-01-30
3081,Sarah,Miller,Faroe Islands,001-208-686-1085x77777,caseybrandon@example.org,2020-10-06
3082,Cynthia,Mason,Guinea-Bissau,238-920-8156x09563,moralesmatthew@example.com,2020-01-24
3083,Gregory,Holmes,Zambia,(278)720-1313,lisascott@example.com,2024-10-13
3084,Raymond,Hunt,Netherlands Antilles,001-403-896-0886x9076,ejones@example.org,2023-06-20
3085,Drew,Williams,Mauritania,270.654.8439,barnesjessica@example.org,2024-04-11
3086,Charles,Williams,Guernsey,806-578-4800x278,tuckerraymond@example.net,2025-12-13
3087,Stephanie,Michael,Eritrea,(913)998-5026x59928,michael38@example.org,2020-03-27
3088,Michelle,Moses,Jamaica,820-721-4492x738,angela03@example.com,2022-02-24
3089,Meghan,Johnson,Marshall Islands,001-856-955-3020,julieking@example.net,2021-09-18
3090,Christine,Nunez,French Southern Territories,791-253-5468x405,campbelllogan@example.net,2021-01-09
3091,Jason,Horn,Lesotho,+1-576-777-4113x46256,robert38@example.net,2021-05-18
3092,Sharon,Newton,Seychelles,001-405-682-1377x49253,rodneyrandall@example.com,2023-10-11
3093,Samuel,King,Grenada,743.632.1814x98899,michellecurry@example.net,2023-11-28
3094,Ronald,Brown,Togo,+1-838-213-9324x8809,william52@example.com,2023-11-11
3095,Kimberly,Pollard,Brazil,930.264.5701x2271,tylerguerra@example.org,2020-11-09
3096,Valerie,Long,Bolivia,+1-319-509-3922,nancy05@example.com,2022-07-12
3097,Patricia,Barber,Switzerland,737-770-6116x9651,clinenicholas@example.net,2021-09-10
3098,Dennis,Brady,Cameroon,314.528.4597x2010,qdeleon@example.net,2021-10-28
3099,Susan,Smith,Suriname,+1-793-320-5986x0735,tanner99@example.com,2020-04-10
3100,David,Charles,Solomon Islands,467-252-2014x945,jbriggs@example.com,2024-04-01
3101,Angela,Conner,Micronesia,394.590.8454x49464,uberry@example.net,2022-05-09
3102,Katherine,Goodwin,Ukraine,407.225.3941x56511,robertware@example.com,2020-03-22
3103,Connor,Taylor,Costa Rica,687.666.4728,harveyabigail@example.net,2023-12-22
3104,Edward,Kelly,Serbia,+1-417-436-6725x837,xdaniels@example.org,2024-03-25
3105,Bridget,Wilson,Guinea-Bissau,(533)875-6086x57978,christopher07@example.net,2022-07-01
3106,Jason,Cochran,Anguilla,7252148103,carpenteramanda@example.com,2023-01-08
3107,John,Stevenson,Tuvalu,001-616-804-7384x660,carrie50@example.org,2022-12-14
3108,Shelly,Smith,Georgia,756-359-3678x65082,zmorton@example.net,2026-02-11
3109,Sherry,Lewis,Benin,431-803-9822x13237,gutierrezconnie@example.com,2025-12-01
3110,Joe,Lambert,Nicaragua,922.826.2367x8877,martinbrian@example.com,2021-05-06
3111,Charles,Fisher,San Marino,362-537-9263x0515,wanda93@example.net,2021-06-23
3112,Dennis,Flores,Belize,001-802-579-4818x306,jbryant@example.com,2021-06-13
3113,Amy,Newman,Madagascar,(852)548-3703x674,frederick58@example.org,2022-08-19
3114,Anthony,Campbell,Philippines,956-467-3095,nmartinez@example.com,2020-08-14
3115,Melissa,Richardson,Liechtenstein,961-952-9011x309,brianstephens@example.net,2023-09-25
3116,Brandon,Anderson,Italy,001-570-247-6176,vlittle@example.com,2021-04-24
3117,Caleb,Perez,Mauritania,246.768.2187x111,dosborne@example.org,2022-06-24
3118,Summer,Cochran,Chile,291-550-5096,kristen45@example.com,2022-03-03
3119,Cody,Henderson,French Polynesia,8799265204,samantha76@example.com,2020-01-20
3120,Jeffrey,Johnson,Venezuela,512-426-4276x5153,jortiz@example.com,2022-08-16
3121,Shannon,Smith,Philippines,(435)667-7190x2042,aweaver@example.com,2020-05-15
3122,Andrea,Weaver,Albania,(328)842-4613x922,bradshawmichael@example.org,2020-02-15
3123,Robert,Figueroa,Myanmar,721-367-6470,zachary29@example.net,2025-09-11
3124,Robert,Jennings,Martinique,+1-738-560-1368x12226,mbowen@example.com,2021-07-07
3125,Randall,Wheeler,Nauru,+1-619-741-1374,rmay@example.net,2021-04-28
3126,Vincent,Williams,Saint Pierre and Miquelon,862.975.0814x6839,hughesandrew@example.net,2025-10-25
3127,Troy,Dawson,Niue,(658)293-6102x967,amy03@example.net,2022-04-15
3128,Jennifer,Leonard,Austria,956.969.1762x85706,wmaldonado@example.com,2022-01-24
3129,David,Aguirre,Benin,001-344-718-9388,blackchristopher@example.org,2023-03-25
3130,Daniel,Robinson,Sweden,412.868.0658,markbryant@example.org,2023-05-03
3131,Alexander,Johnson,Macao,+1-877-650-8548,ybrennan@example.org,2023-07-11
3132,Aaron,Berg,Korea,619-986-5661x74188,trios@example.org,2020-05-31
3133,Duane,Young,Belize,977-293-8937x84690,stephaniejohnson@example.org,2023-08-12
3134,Kelly,Nichols,Cambodia,384.588.4853,jamesgordon@example.net,2025-02-04
3135,Anthony,Reed,Dominican Republic,001-664-447-6700,kingbarry@example.net,2023-11-05
3136,Christopher,Brennan,Germany,677.509.8752,shannon15@example.com,2025-05-17
3137,Nicole,Walker,Tanzania,878.211.6984x2189,hendersonjohn@example.net,2022-09-21
3138,Amanda,Morse,Jersey,001-926-219-0844x985,staceytorres@example.org,2021-01-06
3139,Chad,Ross,French Polynesia,965-956-2518x4053,robert05@example.net,2023-09-24
3140,Robert,Alvarez,Isle of Man,5227517552,nortonwesley@example.net,2020-12-03
3141,Allen,Lopez,Maldives,(974)651-3734x78753,anthony98@example.com,2020-08-31
3142,Donna,Adams,Moldova,869-938-4385,nancyjohns@example.org,2025-03-31
3143,Stephen,Knight,Niue,920-833-6109,melaniesmith@example.org,2020-07-28
3144,Zachary,Hughes,Western Sahara,001-224-383-2512x0674,martinezandrea@example.com,2020-05-29
3145,Marilyn,Miller,South Georgia and the South Sandwich Islands,001-347-293-9502x30650,johnmoore@example.com,2021-02-12
3146,Tony,Huber,Mongolia,(839)474-9789,oking@example.org,2024-03-18
3147,Tyler,Berg,Georgia,(581)268-0097x47569,hudsonnicole@example.org,2021-10-27
3148,Caitlin,Rivera,United States Virgin Islands,001-823-960-1980x094,stevenserica@example.org,2021-02-16
3149,Brianna,Garcia,Ireland,616-904-6034x9139,cisnerosjohn@example.net,2023-09-09
3150,Melanie,Yates,Falkland Islands (Malvinas),236-732-6690x76178,ericaharris@example.org,2020-04-06
3151,Samantha,Adams,Norfolk Island,+1-618-973-5995x55865,simpsonjennifer@example.net,2025-05-13
3152,Amanda,Miranda,Palestinian Territory,889-815-3732x88841,crystalbowman@example.org,2024-01-23
3153,Courtney,Parks,Barbados,290-662-1116x00923,fmoore@example.org,2020-07-16
3154,Dakota,Wang,Albania,(819)271-1622,erica10@example.net,2023-08-25
3155,Daniel,Smith,Kyrgyz Republic,001-500-737-0909x635,tmckee@example.net,2021-03-12
3156,Joy,Hernandez,Sweden,(244)380-1269,dennismartinez@example.org,2021-07-31
3157,Laura,Ellis,Afghanistan,670-931-2203x651,jennifer66@example.net,2023-06-01
3158,Beverly,Brooks,New Caledonia,3112931348,christinagreen@example.net,2023-06-15
3159,Jason,Smith,Namibia,835.227.1986,jenniferburke@example.com,2021-10-17
3160,Michael,Russell,Panama,(227)913-2301x973,jodi28@example.com,2020-03-14
3161,Lauren,Jones,Niger,3898621526,thomaschristina@example.net,2020-08-15
3162,Jared,Rubio,Haiti,368-341-1857x65296,jessica33@example.org,2023-06-29
3163,Eric,Weaver,Tunisia,424.460.2347x9362,raymond68@example.net,2021-06-29
3164,Keith,Hickman,Norway,289.435.6990x87602,wendy69@example.com,2023-06-03
3165,Frank,Moore,Kyrgyz Republic,(885)249-5073x9334,andersonrodney@example.org,2021-09-18
3166,Henry,Ruiz,Denmark,+1-784-676-4512x2375,wilsoncaitlyn@example.org,2026-01-25
3167,Paul,Evans,Italy,340.811.3431,tphillips@example.org,2020-02-22
3168,Ana,Johnson,Zambia,4488059808,owenmichelle@example.org,2022-05-08
3169,Alexis,Johnson,Croatia,394.565.4848,gloria49@example.com,2026-02-13
3170,Susan,Carter,Turks and Caicos Islands,6887518082,michael85@example.com,2025-02-07
3171,William,Barnes,Cameroon,(449)905-2054,christina81@example.org,2024-05-02
3172,Kimberly,Jones,Somalia,871-659-9170,dixonrandy@example.net,2025-04-03
3173,Travis,Andrews,Swaziland,(544)402-4218x876,sawyermarie@example.net,2021-02-03
3174,James,Johnston,Algeria,(928)284-0387,knightheather@example.net,2024-11-06
3175,Andrea,Stevens,Tajikistan,(819)987-6793,jennifer66@example.com,2021-09-05
3176,Taylor,Jackson,Guinea-Bissau,+1-249-498-8281x992,fsanders@example.org,2020-03-30
3177,Kyle,Gay,Tonga,680.319.0672x8144,rbecker@example.org,2023-10-06
3178,Allison,Gallegos,Italy,+1-907-975-3481x3545,jhale@example.net,2025-01-17
3179,Lori,Mccarthy,British Virgin Islands,7942701848,maryfisher@example.org,2020-01-03
3180,Jacob,Willis,Malawi,(649)865-9682x405,williamsnatalie@example.net,2020-02-06
3181,Jose,Adams,Argentina,301.920.3357x69396,simpsonandrea@example.com,2024-10-22
3182,Brittney,Li,Mozambique,001-447-521-0603x8349,jonathanaguirre@example.net,2022-01-17
3183,Connor,Martin,Nigeria,236.235.9709x569,weberjames@example.com,2024-11-10
3184,Gabriel,Parker,Bosnia and Herzegovina,+1-709-588-6569x1663,alvarezlaura@example.net,2023-07-09
3185,Mikayla,Mcdowell,Burkina Faso,001-244-353-4077,james58@example.com,2020-05-18
3186,Alan,Turner,Eritrea,(364)715-8157x342,victoria67@example.org,2022-12-05
3187,Christina,Frazier,Montenegro,001-203-930-8354,tlopez@example.com,2023-03-03
3188,Lisa,Salas,Dominica,+1-381-289-2641x189,melissa96@example.net,2023-08-31
3189,Robert,Horton,Samoa,261-299-0885x1227,curtischan@example.com,2025-10-18
3190,Walter,Hancock,Djibouti,443-361-6649,josephhenry@example.org,2023-01-23
3191,Alec,Nash,Palestinian Territory,415.561.4589x9889,rmoore@example.net,2020-12-15
3192,Brian,Rodgers,Argentina,001-527-255-2443x57334,kwalker@example.org,2025-02-02
3193,Jennifer,Williams,Saint Barthelemy,+1-509-396-1802,malonenicole@example.org,2024-08-02
3194,Shane,Mitchell,Togo,(570)888-3471x12340,alex42@example.org,2020-09-19
3195,Ricardo,Powell,Netherlands Antilles,+1-576-386-0926x200,cardenaserika@example.com,2024-04-19
3196,Beth,Briggs,Vanuatu,310.439.6485x4802,darrencole@example.org,2023-01-18
3197,Andrew,Jackson,Timor-Leste,663.710.8257x28784,erica53@example.com,2021-06-27
3198,Jessica,Roberts,Indonesia,(398)547-5269x5599,orodriguez@example.org,2024-12-04
3199,Zachary,Collins,Romania,+1-319-323-1719x09599,srojas@example.org,2025-05-05
3200,Zachary,Bryan,Uruguay,+1-700-802-3840x152,reeddavid@example.org,2022-06-29
3201,Ronnie,Sanchez,Malta,(204)293-6173x03258,padillabobby@example.org,2021-06-06
3202,Barbara,Jordan,Kazakhstan,514-495-6920,tinagallegos@example.org,2020-06-02
3203,Holly,Henderson,Egypt,+1-667-814-4216x73988,marshallangela@example.org,2021-01-15
3204,Nathan,Joseph,Paraguay,232-770-2930x22678,russosteven@example.com,2025-08-25
3205,Brent,Smith,Tunisia,740-657-9665x07870,jamieanderson@example.net,2022-09-18
3206,Kyle,Willis,Norway,255.953.1375x11006,jonathansuarez@example.net,2022-03-23
3207,Aimee,Richmond,Cocos (Keeling) Islands,001-545-565-8925,lisa08@example.com,2024-03-17
3208,Jesse,Foster,Bouvet Island (Bouvetoya),961.529.6099x29008,kevinmitchell@example.com,2024-08-08
3209,Janice,Taylor,Sao Tome and Principe,(384)576-4180,owalker@example.org,2024-07-24
3210,Maria,Wang,France,865-930-7040,usandoval@example.com,2022-07-14
3211,Nicholas,Rojas,Indonesia,318.424.0792x1595,palmerrhonda@example.org,2025-10-31
3212,Todd,Anderson,Palestinian Territory,972-822-3693x7790,mayonoah@example.org,2022-11-16
3213,Andre,Daugherty,Micronesia,3027377915,yjohnson@example.net,2024-04-23
3214,Dominic,Gallagher,San Marino,001-422-214-9783x528,johnsoncolin@example.net,2022-03-10
3215,Roy,Young,Tonga,(423)481-1468,ericjackson@example.net,2022-10-17
3216,Michael,Roberts,Samoa,620.811.5292x983,ulynch@example.org,2021-07-25
3217,Jennifer,Lyons,Solomon Islands,346.675.2364x44960,david77@example.net,2022-10-16
3218,Deborah,Long,Thailand,2263509925,james48@example.net,2020-10-04
3219,Stephen,Mcbride,Netherlands Antilles,955-369-5363,brooksstephanie@example.com,2022-11-24
3220,Maria,Williams,Palau,377.834.1405x8630,nmiller@example.org,2022-06-30
3221,Christopher,Wheeler,Tonga,(915)897-9925x1346,phillip01@example.com,2022-04-02
3222,Erica,Brown,Syrian Arab Republic,+1-657-719-1879x6027,qlowe@example.com,2024-07-02
3223,Kevin,Phillips,Liberia,001-562-788-5203x9858,qdougherty@example.net,2025-12-25
3224,Richard,Li,Saint Lucia,281-540-3239x92896,mccartydeborah@example.net,2024-07-23
3225,Rachel,Tanner,Lesotho,+1-473-343-1210x605,hollygreer@example.net,2022-08-25
3226,Elaine,Austin,Myanmar,956.382.7145,david75@example.net,2025-07-24
3227,Lori,Mcdowell,Montenegro,001-665-496-9461,andrewbeck@example.com,2023-07-02
3228,Christopher,Lee,Congo,222.587.9534x6476,jennifer15@example.com,2025-07-19
3229,Katherine,Vasquez,Tanzania,915.925.2276x372,xfaulkner@example.org,2020-04-29
3230,Vincent,Wiley,Ukraine,472-766-6123,qbentley@example.com,2022-01-31
3231,Erica,Owen,Greece,9844742273,twheeler@example.org,2021-04-27
3232,Heather,Green,Heard Island and McDonald Islands,358.841.0044,jamestiffany@example.net,2020-03-03
3233,Louis,Johnson,Albania,(303)814-8163x44339,amiranda@example.com,2025-08-29
3234,Jennifer,Smith,Zambia,495-367-7969x53239,kimberlyschmidt@example.org,2021-05-05
3235,Donald,Bates,Montenegro,3755738159,dylanconrad@example.net,2024-12-10
3236,Amy,Morgan,Congo,(663)757-3647x3898,betty89@example.net,2023-02-02
3237,Debbie,Ford,Gibraltar,608-991-1122x5115,samuelhansen@example.net,2021-02-26
3238,Adam,Nguyen,Australia,684-950-5451,schneidershelly@example.org,2023-12-02
3239,Danielle,Hernandez,Nigeria,+1-386-848-5971x349,jennifer70@example.net,2025-05-03
3240,Haley,Robinson,Guernsey,+1-827-525-1221x06247,garrisonmaria@example.org,2024-07-10
3241,Benjamin,Wagner,Angola,+1-905-440-9093,josebonilla@example.com,2025-08-21
3242,Glenda,Galvan,Tonga,+1-426-401-3373x288,gcoleman@example.com,2025-01-25
3243,Chelsea,White,Korea,517-639-3424,kellyanderson@example.org,2025-01-25
3244,Valerie,Harris,Sri Lanka,+1-281-888-6604,bonnie33@example.com,2024-09-05
3245,John,Anderson,Nauru,709.984.2834,johnwhite@example.net,2020-07-27
3246,Veronica,Davis,Brunei Darussalam,001-463-918-6296,wlynch@example.net,2025-12-08
3247,Candace,Garcia,Svalbard & Jan Mayen Islands,659-482-0861x22701,leeapril@example.org,2020-03-09
3248,Kimberly,Henry,Heard Island and McDonald Islands,857.625.7241x24797,grahamannette@example.org,2023-10-19
3249,Christopher,Juarez,Australia,824.572.1570,emily28@example.com,2025-03-13
3250,Amy,Williamson,Maldives,333-666-8018x42739,glenn19@example.org,2020-04-04
3251,Morgan,Brady,India,496.698.0956x3624,barberthomas@example.org,2020-02-14
3252,Stephanie,Kelly,Bangladesh,+1-930-837-0082x379,bellbecky@example.net,2025-04-09
3253,Gregory,Kelley,Bangladesh,927.367.5291x32040,linda71@example.com,2022-09-13
3254,Matthew,Smith,Lebanon,001-490-442-7235,lorrainejohnson@example.net,2020-09-11
3255,Heather,Richardson,Mongolia,631-869-4916,orrtommy@example.org,2022-01-01
3256,Yvonne,Sanders,Cook Islands,965-459-0926,laurie72@example.org,2025-04-12
3257,Cynthia,Lopez,Bahrain,+1-742-526-5830x1688,brandon00@example.org,2025-03-26
3258,Melissa,Hicks,Ukraine,429-652-3818x5479,brian03@example.com,2020-03-21
3259,Aaron,Scott,Russian Federation,(573)385-3872x215,carolhaynes@example.net,2023-03-01
3260,Rebecca,Madden,Israel,218-767-8104,manderson@example.net,2025-08-19
3261,Max,Hicks,El Salvador,697.622.5754,nwalker@example.net,2022-07-26
3262,Amy,Lynch,Haiti,498.644.3275x481,pattonkristin@example.org,2021-05-24
3263,Beth,Padilla,Korea,+1-313-686-6791x0074,bondkathleen@example.org,2023-03-25
3264,Christopher,Bailey,Bosnia and Herzegovina,(218)973-7650x34837,usanchez@example.net,2023-12-13
3265,Sara,Hampton,Armenia,(882)932-5605,mathewsjohn@example.org,2024-05-25
3266,Anthony,Meyers,Equatorial Guinea,(876)816-1544x968,george71@example.org,2024-02-12
3267,Zachary,Wood,Congo,001-552-647-0642x02505,rebekahsoto@example.net,2022-04-03
3268,Danielle,Ferrell,Belarus,2138410933,mckinneychristina@example.net,2025-05-17
3269,Patricia,Brown,Solomon Islands,+1-414-331-7164,aaronhess@example.com,2023-08-16
3270,Tyler,Rodriguez,Mongolia,9552686826,charlene33@example.org,2025-05-29
3271,Susan,Watkins,Guam,628-457-2624x96656,piercemary@example.org,2025-04-26
3272,Matthew,Dean,Zimbabwe,415-907-4223,ruben03@example.com,2022-05-29
3273,Amber,Gentry,Bermuda,+1-866-678-6927,james55@example.com,2024-04-25
3274,Michael,Smith,Italy,001-754-678-0716x218,narmstrong@example.org,2022-12-27
3275,James,Walker,Ethiopia,4743831076,kimberly23@example.com,2022-03-03
3276,Lauren,Ortiz,Guinea-Bissau,(676)468-8337x5162,seanmolina@example.com,2021-08-18
3277,Chad,Byrd,Vietnam,722.810.1673x466,andrea30@example.org,2023-04-22
3278,Michael,Cooper,Chad,865.468.9084x16254,nicole71@example.org,2020-09-27
3279,Kelsey,Park,Guinea-Bissau,(845)822-5712x478,alexander87@example.com,2025-06-04
3280,Ryan,Meyer,El Salvador,663-392-9034x898,cthomas@example.net,2023-09-24
3281,Daniel,Reid,Armenia,821.812.6533x892,stephaniepeters@example.net,2024-10-08
3282,Heather,Trujillo,Finland,206-310-7475x7490,dtaylor@example.net,2025-12-26
3283,Gregory,Hopkins,Guadeloupe,+1-235-390-6315x2965,rhondasampson@example.org,2023-01-15
3284,Colleen,Kelly,Puerto Rico,001-445-215-7723,brownbrandi@example.net,2020-12-07
3285,Joseph,Ramos,Haiti,001-742-891-6046x2116,samantha28@example.net,2023-11-28
3286,Laura,Anthony,Slovakia (Slovak Republic),967-408-9642,smithjohnny@example.com,2022-01-25
3287,Brian,Branch,Micronesia,001-301-349-9344x98140,jgreen@example.org,2026-01-06
3288,Joseph,Fitzgerald,Mauritania,001-471-626-3521x505,fsmith@example.net,2024-08-13
3289,Joseph,Smith,Nigeria,(855)489-3258x662,anna54@example.com,2025-08-06
3290,Thomas,Wright,Tunisia,8505302995,smithkaitlin@example.com,2025-02-14
3291,Jessica,Huffman,Antigua and Barbuda,(977)992-6938x57502,elizabethrichards@example.net,2025-06-10
3292,Lisa,Oneal,Pakistan,574.296.0478,hmitchell@example.net,2025-10-15
3293,Rebecca,Hernandez,Venezuela,608.728.6804x8191,franceswallace@example.com,2021-06-14
3294,Sarah,Berry,Austria,(886)738-9454x9335,nhunt@example.com,2020-04-11
3295,Shannon,Bernard,Kiribati,+1-415-877-2110x920,crystal82@example.com,2025-06-07
3296,Michelle,Ho,Iraq,622.744.9503x0084,patricia74@example.org,2024-05-28
3297,Kiara,Warner,Holy See (Vatican City State),932-593-5299x05921,jessica99@example.com,2020-02-10
3298,Reginald,Duke,Saint Helena,722-253-6096,christopherwright@example.com,2023-03-22
3299,Mary,Park,Switzerland,553-236-8297,jolsen@example.net,2020-10-13
3300,Rebecca,Frank,Uganda,950-207-8912x02297,cummingslisa@example.net,2024-11-20
3301,James,Cooper,Sweden,407-329-4812,zray@example.org,2020-12-10
3302,Kyle,Thompson,El Salvador,+1-999-659-6724x41778,uowens@example.org,2023-03-23
3303,Charles,Bartlett,South Africa,504-677-0154,jacquelinegarcia@example.net,2023-07-18
3304,Calvin,Hunter,Chad,943-596-4838x5067,dennisward@example.org,2020-05-15
3305,Joseph,Williams,Netherlands,643.537.5937x77589,qespinoza@example.com,2025-04-03
3306,Julian,Kaiser,Myanmar,428-976-6896x3149,matthew63@example.net,2023-11-14
3307,Dean,Robbins,Greenland,(785)846-1803x735,walkerchristopher@example.org,2020-01-07
3308,Julie,Jackson,Equatorial Guinea,380-980-4282x398,christopherayala@example.org,2021-01-17
3309,Mark,Buchanan,Greece,817.404.5981,matthewparker@example.net,2023-04-08
3310,Roy,Murillo,Zambia,+1-496-595-1507x4001,ablack@example.org,2020-11-10
3311,Christopher,Pope,Namibia,262.949.6602x996,browningmike@example.com,2022-06-24
3312,Zachary,Hunter,United States Virgin Islands,448.624.3441x248,wjones@example.com,2024-07-11
3313,Annette,Zamora,Malta,927-239-6446,claudia47@example.net,2023-05-08
3314,Kim,Hines,Saint Lucia,279-835-6727x3232,harveyjoshua@example.org,2023-10-31
3315,Joseph,Jackson,Kenya,391-542-6226,stephaniepugh@example.org,2022-03-06
3316,Nicholas,Byrd,Malaysia,230-624-6575,georgearnold@example.org,2025-02-03
3317,Pamela,Williams,Iran,8127298493,allenantonio@example.org,2021-10-17
3318,Cassandra,Carroll,Japan,682.966.6171,bakerwilliam@example.com,2024-08-19
3319,Frederick,Murphy,Andorra,495-238-3836x0885,charlesjackson@example.net,2026-02-11
3320,Sandra,Rivera,Korea,613.493.5851,jordanryan@example.org,2020-06-16
3321,Natalie,Thornton,Samoa,(356)628-8242,melindawoods@example.com,2020-03-27
3322,Robert,Thomas,Philippines,681.950.1096,zachary46@example.com,2026-03-01
3323,Shannon,Conley,Madagascar,+1-300-730-6980x119,johnfranklin@example.net,2020-09-01
3324,Sean,Smith,Holy See (Vatican City State),(670)936-6588x7953,zacharycox@example.org,2021-06-24
3325,Joyce,Hill,Brunei Darussalam,(522)408-4448x35777,prussell@example.com,2021-07-14
3326,William,Nguyen,Armenia,703-661-3250x305,shawn85@example.com,2023-10-17
3327,Sophia,Henderson,Lebanon,263-267-3609,anamartin@example.net,2023-02-22
3328,Tiffany,Miller,Monaco,001-285-992-0949,lopezashley@example.org,2024-02-13
3329,Jessica,Sparks,Denmark,362-246-3661x1507,walkerfelicia@example.org,2020-12-16
3330,Janice,Reyes,Palau,559.925.8536,alyssarowe@example.net,2023-05-08
3331,Tiffany,Franco,Liberia,680-888-9036,edavis@example.com,2020-01-18
3332,Anthony,Rodriguez,Malawi,824.994.5103x583,ortegathomas@example.org,2022-01-25
3333,Deborah,Cox,Iran,8277349648,kimberly05@example.com,2025-05-22
3334,Brandon,Ramirez,Malawi,250-835-9145,gregory58@example.com,2021-06-28
3335,Matthew,Patton,French Southern Territories,+1-243-457-7300x312,olivia00@example.com,2020-08-15
3336,Sean,Schmidt,Mayotte,+1-227-909-9430x6363,vjones@example.net,2020-03-30
3337,Amanda,Long,Seychelles,7024088810,morganlittle@example.com,2024-11-19
3338,Amber,Oneal,American Samoa,848.271.3374x656,acostaalexis@example.org,2022-05-09
3339,Ashley,Ford,Puerto Rico,001-513-261-7288x98697,dustin89@example.net,2023-06-02
3340,David,Larsen,Jordan,+1-884-900-7717,carlos69@example.net,2023-09-20
3341,Russell,Mcclure,Jamaica,001-376-626-4603x4254,nicolejames@example.com,2020-05-12
3342,Kurt,Doyle,Denmark,973.663.1694,yadams@example.com,2023-12-06
3343,Gregory,Cannon,Niger,001-678-851-0895x968,iayala@example.org,2024-01-05
3344,Clayton,Benton,Togo,(778)632-4292x693,daniel17@example.com,2025-08-12
3345,Samuel,Patrick,Gibraltar,001-818-634-2602x49594,christopherparks@example.com,2025-07-18
3346,Marie,Allison,Marshall Islands,001-715-925-4892x6296,maldonadosamuel@example.org,2023-10-09
3347,Yolanda,Peck,Cuba,(365)398-4636,francotamara@example.com,2025-10-29
3348,Timothy,Roberts,Equatorial Guinea,379.473.6162,phillipsamber@example.org,2024-10-11
3349,Brendan,Jackson,Paraguay,2622374589,hayden44@example.org,2021-02-09
3350,Paula,Austin,Congo,570-972-2614x517,shawn34@example.org,2020-08-04
3351,Andrew,Hurst,Belize,983.548.0966x8488,lopezkristina@example.net,2020-02-26
3352,Paul,Ray,Samoa,5924758067,cory18@example.net,2022-05-10
3353,Monique,Harvey,Saint Helena,9634253060,pmarshall@example.com,2022-02-01
3354,Kimberly,Burgess,Northern Mariana Islands,001-878-843-6542x132,kfernandez@example.com,2023-12-06
3355,Anthony,Allen,Vietnam,+1-646-301-9231x05880,qrivera@example.com,2024-04-02
3356,Debbie,Gibson,Jamaica,+1-255-881-8200x15693,bryan96@example.net,2023-09-26
3357,Becky,Miller,Croatia,+1-302-924-5485x5998,cabreradiamond@example.net,2021-12-15
3358,Eric,Bautista,Chad,323-332-4859,pboyd@example.com,2025-03-25
3359,James,Khan,Jersey,001-851-336-8059x582,vbarnett@example.com,2025-04-08
3360,Nicholas,Diaz,Greenland,001-929-780-8377x777,jonesshannon@example.org,2026-02-10
3361,Amy,Velasquez,Tanzania,901-292-3616,veronicamaynard@example.org,2020-09-03
3362,Jennifer,Erickson,Chile,001-484-315-3253x7163,susanmercer@example.com,2023-08-22
3363,Angela,Snyder,Finland,001-723-584-5794x05212,staceystevens@example.com,2023-08-17
3364,Ryan,Hendricks,Belgium,001-437-717-1825x0036,ltownsend@example.net,2022-07-24
3365,Billy,Whitney,Fiji,479-711-5325x9135,jtorres@example.com,2023-12-07
3366,Jeffery,Silva,Canada,578.700.2930x45216,cmunoz@example.org,2020-02-19
3367,Jeffrey,Davis,Honduras,001-213-395-0621x60038,bthompson@example.com,2023-04-08
3368,Deborah,Burgess,Timor-Leste,+1-702-847-7686x54025,gewing@example.org,2021-08-26
3369,Amanda,Davenport,Wallis and Futuna,884-535-7634x30792,reginabecker@example.net,2024-04-04
3370,Eric,Gray,Greenland,001-718-416-3602,wesleyjohnson@example.org,2021-04-17
3371,Vincent,Bray,Martinique,6407269388,kennethjordan@example.com,2025-09-15
3372,Michael,Carter,Saint Lucia,590-761-1264x6896,taradavis@example.org,2024-06-23
3373,Jodi,Knight,Congo,(399)710-1111x11955,angela09@example.net,2024-12-18
3374,Bradley,Brown,Yemen,(927)818-1292x179,lisa87@example.net,2025-03-20
3375,Tyler,Cherry,Germany,(779)326-4065x8889,rodriguezryan@example.org,2022-06-07
3376,Leslie,Juarez,Oman,(993)858-0032,reginaldwatson@example.com,2021-12-12
3377,Christine,Williams,Cook Islands,685.900.6684,pclark@example.com,2023-04-10
3378,Susan,Martin,Falkland Islands (Malvinas),+1-466-355-9941,chris87@example.org,2023-09-26
3379,Stephen,Holmes,Vanuatu,680.787.0715x649,rioskathryn@example.org,2021-08-20
3380,Caroline,Davis,Saint Vincent and the Grenadines,846.308.6436x120,wardanthony@example.org,2025-06-02
3381,Mark,Holden,Somalia,701-573-0284x07802,lucascharles@example.org,2022-08-28
3382,Natalie,Martinez,China,(511)734-7598,pellis@example.net,2022-06-23
3383,William,Burton,Finland,001-691-888-7074,iwright@example.org,2023-11-30
3384,Alan,Taylor,Saint Kitts and Nevis,001-888-272-2605x4386,garciapatrick@example.net,2025-12-15
3385,Nicholas,Davis,Saint Barthelemy,(820)700-8276x5375,ojacobs@example.org,2022-11-15
3386,Richard,Nguyen,Cyprus,001-949-987-3120x31465,cruzkenneth@example.org,2025-05-04
3387,Annette,Baldwin,Estonia,+1-905-394-0556x1900,jacobwilliamson@example.net,2024-02-20
3388,Donna,Villanueva,Cuba,001-211-276-3326x41890,gyoung@example.com,2022-01-26
3389,Victoria,Bartlett,Fiji,741.428.4430,kelly00@example.net,2023-12-02
3390,David,Burton,Isle of Man,001-640-773-0204x5526,moorepaula@example.com,2024-06-03
3391,Glenn,Warner,Timor-Leste,832.273.4297x0274,tracysmith@example.com,2020-01-29
3392,Brianna,Johnson,Saint Barthelemy,+1-934-344-9173x483,bryantmark@example.org,2024-08-30
3393,Lucas,Smith,Hong Kong,919-429-2370x9927,udavis@example.org,2022-03-30
3394,Jodi,Blake,Antigua and Barbuda,(477)664-0769,matthewstone@example.com,2023-06-18
3395,Bryan,Arnold,Saint Pierre and Miquelon,972-281-2922x204,kimberlydean@example.org,2024-03-23
3396,Danielle,Dawson,Mozambique,(503)985-0384x2529,jacksondaniel@example.com,2022-08-29
3397,Joseph,Lee,Saint Barthelemy,(571)476-1472x167,steven14@example.net,2024-07-04
3398,Jonathan,Vance,Norway,(843)215-4916x8470,denise92@example.net,2024-02-21
3399,Randy,Marquez,Ukraine,935-491-0714,josborn@example.org,2024-11-09
3400,Jessica,Rice,Liberia,001-526-374-0078x70141,butlertiffany@example.net,2024-03-15
3401,Scott,Nelson,Italy,(906)588-9191x474,cynthia13@example.com,2022-04-03
3402,Ralph,Robinson,Montserrat,684-943-1122x762,markrichardson@example.org,2023-02-05
3403,Jennifer,Martinez,Taiwan,+1-972-585-0298x18092,jasminereeves@example.com,2025-06-16
3404,David,Nash,Belize,001-754-635-6377x480,james20@example.net,2020-05-05
3405,Wanda,King,Macao,478.805.5508x9338,john92@example.net,2021-04-18
3406,Linda,Neal,Portugal,+1-765-516-0077,valerielopez@example.com,2021-02-19
3407,Donna,Ford,Gabon,(288)372-3351x520,richardsonjoseph@example.com,2020-12-06
3408,William,Turner,United Kingdom,(858)843-4251,larsondavid@example.net,2020-12-28
3409,Jared,Vasquez,Mali,433-747-7820x3201,jasonmorrison@example.com,2024-04-09
3410,Hunter,Cooke,Zimbabwe,3896723729,ashley66@example.com,2020-12-29
3411,Krista,Woods,Qatar,001-314-821-1023x223,johnhouston@example.net,2025-12-16
3412,Timothy,Morton,Mozambique,640.299.2200x48335,zboone@example.net,2026-02-02
3413,Luis,Thomas,Azerbaijan,001-863-770-0302x0127,hross@example.org,2023-01-09
3414,Christine,Martin,Iraq,368-200-5456x215,lopezgail@example.com,2023-12-13
3415,Michael,Steele,Liechtenstein,(323)791-2796,coreysmith@example.net,2023-12-22
3416,Adam,Greene,Saint Barthelemy,001-698-394-6649,oliverstephanie@example.org,2020-10-16
3417,John,Mann,Tajikistan,3659886737,kennethparks@example.org,2020-10-18
3418,Dakota,Anderson,Thailand,(699)799-5517,gonzalezvictoria@example.net,2024-01-31
3419,Lisa,Sellers,United Arab Emirates,(710)564-8631,christina10@example.org,2022-04-14
3420,Wendy,Mayer,Bahamas,(967)724-3680x2567,dawn89@example.org,2024-12-19
3421,Theresa,Salinas,Estonia,(286)824-2022,gregory88@example.net,2023-07-31
3422,Anthony,Wilson,Malaysia,(967)847-3239,uhughes@example.com,2023-12-26
3423,Diana,Houston,Aruba,001-533-499-4166x4970,mhood@example.com,2020-10-18
3424,Heather,Nelson,Norway,865.612.8644x908,michelleoliver@example.com,2023-01-06
3425,Kyle,Gordon,Poland,622.573.6946x5333,clarkashley@example.org,2022-05-27
3426,Elizabeth,Farmer,Martinique,261.737.8063,jessicawilson@example.net,2024-05-10
3427,Adam,Castillo,Mongolia,+1-405-683-9641x720,lauren15@example.com,2023-06-04
3428,Robert,Howard,Hungary,001-966-772-9358x910,michellecross@example.net,2021-08-21
3429,Robert,Burton,New Caledonia,665.846.7003x15169,jay17@example.org,2025-04-10
3430,Raymond,Ruiz,Libyan Arab Jamahiriya,(228)708-8964x28174,oramirez@example.net,2025-06-13
3431,Heather,Kemp,Benin,808.390.7899,teresamoreno@example.net,2025-05-30
3432,Bryan,Nelson,Ecuador,+1-465-411-7616x30518,sydneysmith@example.net,2025-04-04
3433,Todd,Davis,Heard Island and McDonald Islands,377-630-5303,jennifer27@example.net,2025-07-03
3434,Paul,Stewart,New Caledonia,446.873.8597,erin07@example.net,2023-08-20
3435,Heather,Kramer,Christmas Island,(643)826-9417x44576,kbrown@example.com,2020-06-25
3436,Curtis,Valentine,Sierra Leone,214.878.2770x8859,ryan39@example.org,2024-09-13
3437,Ana,Wright,North Macedonia,(523)331-4626x95064,sholmes@example.net,2020-09-08
3438,Sandra,Mason,Kazakhstan,+1-678-325-3412x51651,watsonerika@example.org,2020-09-07
3439,Natalie,Freeman,Canada,893.369.7492x41001,barrcaleb@example.com,2023-05-31
3440,James,Webster,South Georgia and the South Sandwich Islands,+1-408-861-0923x83599,whitechristopher@example.net,2025-05-25
3441,Sarah,Vaughan,Taiwan,387-301-5623,angelmendoza@example.com,2022-11-25
3442,Donna,Bowers,Norway,(248)354-4320,stephen50@example.net,2026-01-15
3443,Amanda,Knight,Turks and Caicos Islands,726.511.9720x29663,rasmussenkelly@example.com,2023-10-12
3444,Jodi,Anderson,Uruguay,+1-863-755-2940x4460,ugill@example.net,2024-05-25
3445,Kevin,Ashley,Australia,338-716-1907,teresajones@example.org,2024-09-03
3446,Sarah,Richardson,Georgia,242.351.0837,lolson@example.org,2023-12-06
3447,Alex,Carr,Mauritania,(875)314-1403,matthewbaker@example.com,2020-08-28
3448,Jesse,Carter,Faroe Islands,417.744.6739x98430,james25@example.net,2020-01-02
3449,Diana,Ryan,India,641.475.1108x4438,williamsonmatthew@example.com,2024-11-27
3450,Elizabeth,Blair,Mali,435.436.2786x14254,rlamb@example.com,2025-12-08
3451,Kimberly,Smith,Portugal,001-622-861-1197x92212,alexanderyang@example.net,2025-09-17
3452,Lisa,Adams,Norfolk Island,(440)531-5918,carrcraig@example.org,2025-02-02
3453,Ashley,Johnson,Belarus,351.583.2769x55229,jennifergordon@example.org,2024-10-08
3454,Patricia,Beck,Slovakia (Slovak Republic),958.253.7978x138,awhite@example.com,2025-04-01
3455,Kari,Grant,Vietnam,(953)523-8818,whitemanuel@example.com,2025-03-04
3456,Gloria,Fisher,El Salvador,+1-882-363-3180x344,lisa95@example.net,2026-03-04
3457,Brittany,Smith,Bermuda,(730)834-1431,jtanner@example.org,2021-01-06
3458,Troy,Oconnell,Lithuania,391.571.7071x8242,lchavez@example.org,2020-05-23
3459,Stephanie,Cox,Tajikistan,001-608-745-2805x86145,montgomerylauren@example.org,2021-02-25
3460,Anna,Richards,Papua New Guinea,7797635122,irwintiffany@example.net,2025-01-03
3461,Yvette,Taylor,Australia,+1-959-324-6795x228,ttorres@example.com,2022-03-28
3462,Sylvia,Williams,Singapore,397.856.0595x34464,luisfowler@example.com,2025-03-25
3463,Miranda,Mullins,Central African Republic,2293095044,brooke35@example.com,2020-08-21
3464,Lisa,Hart,Cote d'Ivoire,(906)426-6486x80658,krystal71@example.net,2023-01-16
3465,Anthony,Jackson,Senegal,+1-507-893-3238x97737,gpeterson@example.net,2026-02-22
3466,Gary,Levy,Nicaragua,648.376.4581,webbbrian@example.com,2021-04-15
3467,Lisa,Valenzuela,Western Sahara,698-344-1682,kmatthews@example.org,2022-08-26
3468,Heather,Powers,Martinique,+1-382-676-4588x588,kjohnson@example.org,2020-11-14
3469,Vanessa,Watson,Eritrea,289.838.5519,mendezcameron@example.com,2024-03-09
3470,Theresa,Massey,Bahrain,304-651-0622x5091,william03@example.com,2025-05-05
3471,Steven,Strong,Madagascar,+1-750-491-3690x94230,parkersamuel@example.org,2022-04-17
3472,Jennifer,Lloyd,Iraq,904.243.5624x5127,mitchellmark@example.net,2025-08-10
3473,Alexander,Cantu,Slovakia (Slovak Republic),001-936-670-3166x3715,pinedaalexander@example.net,2023-11-20
3474,Kenneth,Jones,Venezuela,395-341-8912,dhughes@example.org,2020-09-30
3475,Teresa,Vaughn,Saint Barthelemy,001-587-659-8280,batespaul@example.net,2024-06-23
3476,Roger,Rogers,Comoros,(382)782-7837x297,michaelmontes@example.net,2020-08-13
3477,Mark,Rubio,Malta,2075869267,bgentry@example.net,2023-12-17
3478,Ashley,Hall,Slovenia,(677)978-2670,bcastillo@example.com,2021-12-30
3479,John,Thomas,Spain,632.406.8627,melissachristensen@example.net,2025-01-30
3480,Karen,Lang,Faroe Islands,928.848.8663,afoley@example.org,2020-12-20
3481,Brett,Miller,Lesotho,878.703.5422x4289,kellycooke@example.org,2020-03-07
3482,Eric,Mitchell,Guernsey,985-314-0260x768,skinnerwesley@example.com,2021-03-13
3483,Joyce,Yoder,Trinidad and Tobago,732.397.3977,phillipsapril@example.net,2022-04-20
3484,Amy,Benson,El Salvador,592-663-5938x5495,matthewmontgomery@example.org,2023-03-02
3485,Jamie,Love,Thailand,001-509-935-0144x2974,diane12@example.org,2021-03-02
3486,Jessica,Barrett,Antarctica (the territory South of 60 deg S),6789826321,steven40@example.net,2020-02-18
3487,Raymond,Newman,Equatorial Guinea,663.304.4265,troy22@example.net,2021-07-12
3488,Taylor,Howard,Saint Pierre and Miquelon,001-214-788-4614x70041,casey80@example.net,2024-03-11
3489,David,Morales,Argentina,960-940-4535x4161,deckeralicia@example.org,2023-03-18
3490,Carolyn,Moore,Reunion,+1-596-845-8605x1609,christiannewton@example.com,2024-10-07
3491,Allen,Mora,Ethiopia,001-389-668-9727x3141,shelby78@example.net,2020-08-14
3492,Michael,Ruiz,Singapore,001-657-335-0242x707,morganmiller@example.org,2023-06-23
3493,Michelle,Gutierrez,Armenia,+1-523-499-6810x62777,carrjustin@example.net,2020-09-13
3494,Jeffrey,Cruz,Macao,+1-281-717-5789x737,nhoffman@example.com,2025-08-24
3495,Teresa,Craig,Sierra Leone,(884)773-8984x1110,williamsfelicia@example.net,2025-05-10
3496,Mark,Gibson,Kazakhstan,+1-517-896-5094,valerie18@example.org,2023-07-24
3497,Rhonda,Todd,Guadeloupe,+1-462-986-9254x9944,corey46@example.net,2025-11-28
3498,Gary,Perry,Norway,682.406.4212,fmorgan@example.org,2024-08-13
3499,Alexis,Brown,Togo,(396)884-7679,sandrajohnson@example.net,2025-08-06
3500,Susan,Ward,Singapore,(412)630-1470x710,harrybarajas@example.org,2023-04-03
3501,Thomas,Kline,Anguilla,8757500356,garciabilly@example.com,2022-01-18
3502,Christine,Stephens,Vanuatu,+1-740-760-8533,william98@example.org,2020-12-22
3503,Brian,Washington,Saint Barthelemy,224-618-9586x734,sconner@example.com,2025-10-22
3504,Jeanette,Obrien,Turkey,(388)330-8129x83994,lauriedavis@example.com,2022-04-11
3505,Jermaine,Herrera,Angola,(209)973-4945x407,danielsstephen@example.com,2021-04-27
3506,Nicholas,Stephens,Bouvet Island (Bouvetoya),(727)930-2742x15986,imarquez@example.net,2021-06-03
3507,Johnny,Serrano,Bangladesh,+1-394-750-5461x897,qortiz@example.org,2021-03-08
3508,Monica,Peterson,Nicaragua,(572)357-4117x2990,riverateresa@example.com,2021-10-06
3509,Timothy,Galloway,Kazakhstan,250-561-1618,danielmontoya@example.org,2025-11-14
3510,Catherine,Phillips,Antarctica (the territory South of 60 deg S),514.735.6772x26027,davenportmichelle@example.com,2021-02-09
3511,Ryan,Gardner,Luxembourg,001-211-668-0132,daniel22@example.net,2023-07-06
3512,Adam,Hernandez,Palau,+1-699-280-4016x3806,sandrahamilton@example.org,2023-12-07
3513,Ronald,Owen,French Polynesia,+1-357-807-9709,dana76@example.com,2024-04-14
3514,Amber,Martinez,Malta,001-296-849-9782,ykim@example.org,2022-09-23
3515,Kyle,Young,Nepal,623-520-4784x482,mwilson@example.net,2025-11-08
3516,Michael,Allen,Switzerland,001-990-881-8194x1942,tmercer@example.com,2024-09-28
3517,Brian,Montoya,Turkey,001-640-499-3671x18282,jennifer32@example.net,2020-04-24
3518,Joshua,Terry,Vanuatu,+1-815-706-5640x40179,susan52@example.net,2024-08-20
3519,Brittney,Smith,Kazakhstan,663.725.7820,lbeard@example.org,2022-06-28
3520,David,Allen,Guernsey,+1-408-314-3533x712,sherrymolina@example.org,2024-05-03
3521,Dan,Miller,Mauritania,001-402-440-6493,leslie99@example.net,2025-05-05
3522,Stephanie,Maldonado,Poland,355.278.8496x4301,duffymegan@example.com,2024-02-04
3523,Victoria,Pennington,Sao Tome and Principe,+1-590-692-5565x3138,smithjonathan@example.com,2021-08-20
3524,David,Hall,American Samoa,(477)474-6083,fowleralexander@example.com,2025-04-19
3525,Kevin,Vasquez,Heard Island and McDonald Islands,466-210-9118x2988,gomezian@example.org,2020-07-22
3526,Allison,Arellano,Portugal,6503735783,sethhammond@example.org,2023-05-04
3527,Jason,Garrett,Mozambique,241.465.9299x2689,kelliecalhoun@example.net,2022-11-07
3528,Chase,Joseph,Cuba,(421)301-5761,clarkejessica@example.com,2022-02-26
3529,Jessica,Jones,Libyan Arab Jamahiriya,+1-397-616-6478x8960,cheryl99@example.net,2023-05-04
3530,Samantha,Perkins,Malta,900.795.6275,rodgersjason@example.net,2020-05-25
3531,Elizabeth,Jackson,Bhutan,691.448.1008x53365,ymitchell@example.org,2026-01-19
3532,Jeffrey,Villa,Guam,+1-270-746-3137x494,ryanbenjamin@example.org,2022-11-21
3533,Tracy,Cruz,Isle of Man,216.586.1185x288,tfrench@example.net,2020-12-01
3534,Jessica,Reed,Benin,+1-440-402-2482,vjones@example.com,2022-07-15
3535,Adam,Harrell,Eritrea,490.512.2533x16027,leslie92@example.org,2021-05-07
3536,Rebecca,Thomas,Cocos (Keeling) Islands,933.518.4441x1077,lambertwilliam@example.com,2022-02-12
3537,Michael,Chandler,Kyrgyz Republic,(307)735-8977,george19@example.com,2022-01-09
3538,Amy,Smith,Mexico,585-978-6098x32519,patricia61@example.org,2020-09-25
3539,Russell,Peters,Malawi,823-858-7383,martinjerry@example.org,2025-03-07
3540,Shannon,Peterson,Chile,(796)881-3388,jonathan74@example.org,2020-06-07
3541,Jacob,Robinson,Mauritius,001-472-281-6666x40983,timothy95@example.com,2024-01-16
3542,Justin,Hood,Greenland,795-636-6276x76870,holtshelia@example.com,2021-06-07
3543,Julie,Carroll,Montenegro,9506242111,matthewflores@example.com,2022-04-30
3544,Johnny,Harrington,Chad,675.760.8110,lopezralph@example.org,2022-10-18
3545,Gina,Sanders,Vanuatu,(450)995-1981x16538,harold07@example.net,2025-01-23
3546,Eugene,Kirk,Saint Lucia,2165972805,tiffanyjohnson@example.com,2022-11-13
3547,Evelyn,Green,Tajikistan,(279)933-2177x072,weisschristopher@example.org,2021-08-06
3548,Theodore,Melton,Dominican Republic,909-605-7741x0137,jenkinsmelissa@example.org,2023-11-27
3549,Isaiah,Hamilton,Bangladesh,(719)379-5974,umiller@example.com,2024-12-24
3550,Kara,Lewis,Lao People's Democratic Republic,559.704.6974x48661,imullins@example.net,2025-03-01
3551,Michael,Holmes,Hungary,577.735.7500,bmartin@example.net,2024-01-18
3552,Jerry,Holmes,France,638.400.0227,stevensbrian@example.net,2022-08-09
3553,Adam,Davis,Swaziland,3548157256,mkrueger@example.net,2022-10-15
3554,Cameron,Burns,Macao,(339)574-1072,brendaballard@example.net,2021-07-21
3555,Kyle,Ware,Martinique,(438)686-6245x616,sreilly@example.com,2023-11-15
3556,Gregory,Buck,Gibraltar,001-426-386-0751x31147,drichards@example.com,2022-02-20
3557,Daniel,Wilson,Niger,264-737-6382x59823,denise98@example.com,2023-04-30
3558,Derek,Powers,Namibia,+1-837-992-2121,hernandezjoe@example.org,2020-05-15
3559,Jennifer,Brown,Greenland,(357)964-1997x45520,acooke@example.org,2024-03-14
3560,Amy,Lee,Albania,(408)245-7103,karen82@example.com,2024-09-25
3561,Carolyn,Peters,Solomon Islands,+1-415-647-9718x324,kirkbrewer@example.net,2023-06-27
3562,Victor,Adams,Switzerland,(612)334-0941,natalieedwards@example.com,2023-09-10
3563,William,Cole,Vanuatu,001-650-501-3872x893,isawyer@example.net,2020-11-05
3564,Austin,Martinez,France,765.365.6105,brian21@example.org,2023-11-03
3565,Mackenzie,Collins,Italy,551.332.1594x19004,floydjoshua@example.org,2025-11-19
3566,John,Stone,Benin,402.627.5093x868,dcruz@example.com,2021-08-10
3567,Shane,Shelton,Martinique,(990)991-7141x9416,fdrake@example.com,2022-11-03
3568,Brad,Collins,Romania,634-888-8810x4415,alexareynolds@example.net,2025-02-02
3569,Rebecca,Ross,Ghana,(703)435-4639x754,andrew12@example.net,2022-05-10
3570,Richard,Scott,Iraq,9229114679,qgonzales@example.net,2023-05-26
3571,Shelley,Wiley,Kenya,719.636.7981,campbellrebecca@example.com,2022-03-29
3572,Vanessa,Walker,Cyprus,(844)792-0154,deborahvalenzuela@example.org,2024-12-28
3573,Valerie,Kelly,Kenya,219-268-1146x30712,melissa70@example.org,2022-02-07
3574,David,Rogers,El Salvador,+1-908-502-3147x582,weaverrodney@example.com,2026-02-13
3575,Linda,Lopez,Vietnam,001-319-537-7365x547,tammyreyes@example.net,2025-06-20
3576,Beverly,Cox,Singapore,(288)891-3724,kevintaylor@example.net,2022-11-09
3577,Antonio,Guzman,Brazil,001-787-318-6063x9376,briannixon@example.net,2025-02-12
3578,Joseph,Davis,Switzerland,+1-917-569-5687x46812,william01@example.org,2020-12-04
3579,Stephen,Fischer,Lebanon,925.845.5434,hunterrebekah@example.org,2022-08-19
3580,Taylor,Yoder,Mozambique,(239)923-0017,hlong@example.net,2022-04-14
3581,Christopher,Howell,Barbados,+1-788-429-4396,andrea42@example.com,2023-04-17
3582,Hannah,Johnston,Christmas Island,001-405-887-4730,tatecynthia@example.org,2025-09-19
3583,Melanie,Weber,Trinidad and Tobago,431-830-4214,cynthiapruitt@example.com,2020-12-06
3584,Jill,Harris,Luxembourg,+1-787-424-0908x357,leonardjoshua@example.net,2023-09-25
3585,Alejandra,Parker,Kazakhstan,8043117841,kimberlyblack@example.org,2020-10-30
3586,Brandon,Stone,Cayman Islands,(353)817-9612,susan28@example.org,2022-12-19
3587,Brooke,Reed,Saint Martin,675.923.8564x6824,nicole68@example.org,2021-11-21
3588,Gabrielle,Craig,Tanzania,(725)684-2556,brad11@example.com,2023-05-08
3589,William,Gardner,Wallis and Futuna,+1-370-316-0987x99541,christopherbender@example.com,2021-03-09
3590,Lisa,Williams,Hungary,(279)938-8523x62395,richard11@example.org,2023-10-27
3591,Erin,Joseph,Bouvet Island (Bouvetoya),834-466-6781,yrichardson@example.org,2025-12-03
3592,Christopher,Olson,Botswana,+1-992-889-3934x144,pmoore@example.com,2021-06-20
3593,Yvonne,Rivera,Djibouti,647-627-5398x09664,chriswhite@example.net,2020-09-09
3594,Shane,Robinson,Malta,347.668.5108x28428,dianejackson@example.org,2021-06-08
3595,William,Harvey,Zimbabwe,8823363918,yudaniel@example.com,2023-10-12
3596,Parker,Sharp,Slovakia (Slovak Republic),+1-319-894-4182,susanballard@example.com,2024-05-16
3597,George,Warren,Myanmar,652.646.5947x9965,john37@example.com,2025-08-11
3598,Alexandria,Hall,Pitcairn Islands,298.202.5590x81415,jamesclay@example.net,2021-04-07
3599,Nancy,Young,Albania,(277)767-2680,brian04@example.com,2025-12-30
3600,Zachary,Foster,Madagascar,(830)722-1786x508,johnsonwilliam@example.net,2020-05-26
3601,Debra,Chapman,Ethiopia,603-877-9913x082,fischergreg@example.org,2022-09-12
3602,Gary,Thompson,Myanmar,(855)561-2244x722,perezmichelle@example.com,2020-11-27
3603,Rickey,Lewis,Ukraine,2516526748,tracy26@example.com,2022-03-03
3604,Hannah,Powell,Northern Mariana Islands,673-238-6733x064,sharonnelson@example.net,2020-02-20
3605,Caleb,Horton,Wallis and Futuna,781.287.0309x3432,vickisimon@example.org,2022-07-16
3606,Gabriel,Perry,Madagascar,301.936.4193,llewis@example.net,2021-11-23
3607,John,Taylor,Suriname,+1-700-389-5831x6539,kennethgoodman@example.org,2022-09-26
3608,Kenneth,Jones,Grenada,306.959.8671x218,james98@example.org,2020-12-26
3609,Angela,Rodriguez,Djibouti,(315)767-5396,markmyers@example.com,2024-04-03
3610,Bruce,Hayes,Cyprus,001-434-335-3638x9842,roberttrevino@example.org,2024-07-17
3611,Chad,Torres,Dominican Republic,266-783-3121x429,kristin24@example.org,2023-04-25
3612,Shawn,Williams,United States Virgin Islands,837-761-5738,rgibson@example.org,2025-06-03
3613,Margaret,Mitchell,Kyrgyz Republic,753.711.2734x52119,martinezmichael@example.net,2023-02-21
3614,William,Martin,Slovakia (Slovak Republic),+1-274-521-8882x545,hosteven@example.com,2020-04-25
3615,Janet,Brewer,Antigua and Barbuda,001-785-984-3274x46939,nancy28@example.org,2023-03-25
3616,Manuel,Meyer,Montenegro,514.756.8490x685,huffstephen@example.org,2020-06-01
3617,Joseph,Lynch,Malaysia,405-857-5302x155,stephenwilliams@example.net,2024-05-03
3618,Isaac,Patel,Ecuador,+1-726-317-4958x731,wvillarreal@example.org,2022-10-21
3619,Erica,Williams,Malawi,409-370-7121x08753,sherry16@example.com,2024-12-28
3620,Zachary,Smith,Namibia,871.856.3031,davidarcher@example.com,2021-05-08
3621,Brianna,Mclean,Brazil,(596)486-2754x4431,salazarvanessa@example.net,2022-05-22
3622,James,Diaz,Sao Tome and Principe,984.949.4404x43452,kennedydebra@example.org,2024-09-10
3623,Deborah,Pope,Tanzania,(461)970-5241,curtisgonzales@example.org,2026-01-04
3624,David,Cardenas,Oman,789-861-4100,nstrickland@example.org,2022-09-20
3625,Maria,Lynch,Finland,+1-950-590-6296x5175,charles73@example.net,2025-10-24
3626,Denise,Henry,Guatemala,570.888.8148,collinstroy@example.net,2021-10-11
3627,Emily,Jones,Canada,374.842.3879x09808,ricejohn@example.com,2023-02-22
3628,James,Sanders,Thailand,915-225-2684x708,rhodge@example.org,2026-01-05
3629,Stephanie,Sutton,Reunion,354.334.3364x4261,cmoore@example.org,2021-07-28
3630,Brenda,Smith,Guadeloupe,850-223-6612,wellsjamie@example.com,2025-10-17
3631,Jason,Anthony,Northern Mariana Islands,+1-773-204-2480x60665,walkerjonathan@example.net,2021-08-19
3632,Emma,Sherman,Palau,+1-570-609-1156x6377,frankwright@example.org,2025-12-12
3633,Shelly,Forbes,Macao,561-999-0068x021,rodriguezsarah@example.net,2023-12-15
3634,Deborah,Neal,Uganda,2666797536,nathaniel90@example.org,2021-05-05
3635,Kimberly,Banks,Burkina Faso,834-219-0286,bbrown@example.com,2020-02-07
3636,Stephen,Harris,Serbia,9443524564,xbowman@example.com,2022-10-25
3637,Randy,Thompson,Netherlands,4035988384,jacobmorrison@example.com,2021-12-21
3638,Elizabeth,Johnson,Chad,+1-215-807-2745,amanda93@example.org,2023-11-20
3639,Michael,Lopez,Kyrgyz Republic,995-349-1015,thomas50@example.org,2020-05-23
3640,Ashley,Long,Mauritius,(913)329-0319,jessebrown@example.org,2025-08-13
3641,John,Lopez,Ecuador,821-424-2811x7117,dominiqueyang@example.org,2020-03-28
3642,Dwayne,Buck,Angola,621-530-2931x11235,rdavidson@example.org,2021-04-16
3643,Nicholas,Ferguson,Germany,973.564.0917,qhartman@example.com,2025-06-23
3644,Douglas,Brock,Cocos (Keeling) Islands,6282794047,downsphillip@example.net,2020-08-30
3645,Jason,Jones,Niger,480-482-7913x2599,aellis@example.net,2025-01-05
3646,Jacob,Freeman,Norway,331.899.1933,mike67@example.com,2020-06-29
3647,Nancy,Harmon,Greenland,(956)348-1842,salinasmegan@example.net,2025-11-12
3648,Melissa,Novak,Tonga,917.423.5885x638,zrice@example.org,2023-03-18
3649,David,Bryan,Macao,8119675261,andreanunez@example.com,2025-06-09
3650,David,Christensen,Lao People's Democratic Republic,+1-906-514-4877x78222,awall@example.org,2023-07-25
3651,Matthew,Garner,Guatemala,(872)839-7472x5468,juliacontreras@example.org,2022-04-16
3652,Adam,Miller,Liechtenstein,+1-775-593-8607x50602,murphykatherine@example.org,2020-11-03
3653,Abigail,Vargas,Greece,602.235.1503x6719,donaldcombs@example.org,2025-06-12
3654,Melissa,Taylor,Greenland,473.748.2476x7965,rosetara@example.net,2024-10-07
3655,Laura,Lee,Moldova,(962)937-3810,cameronmegan@example.com,2020-03-18
3656,Sandra,Warner,Kuwait,001-882-914-5380,cynthia08@example.org,2024-10-26
3657,Kayla,Johnson,Cook Islands,+1-777-773-0078x8489,ashleyreed@example.org,2020-01-02
3658,Janet,Suarez,Qatar,278.213.6521,martin52@example.net,2021-09-27
3659,Joyce,Landry,Indonesia,7565025434,christina81@example.org,2020-02-17
3660,Jared,Ramirez,Kenya,629.812.0742,ellismatthew@example.org,2020-08-01
3661,Meghan,Terry,Yemen,001-849-656-3109,jonesamanda@example.com,2024-05-24
3662,Laurie,Martin,Bahamas,935-842-8019x972,tfrazier@example.net,2020-10-19
3663,Sherri,Wilson,Norway,388.623.1972,rebecca03@example.com,2025-05-25
3664,Joseph,Mason,Uruguay,(939)887-8337,amy70@example.com,2020-09-20
3665,Scott,Payne,Switzerland,(852)386-9462,greynolds@example.org,2025-07-24
3666,Eric,Wiley,Guinea-Bissau,(723)759-5229,vwebster@example.org,2022-05-14
3667,Traci,Fowler,Peru,(312)839-7203,valenciaerica@example.com,2020-06-26
3668,Jennifer,Sims,Monaco,467.546.4140x09548,cwilliams@example.net,2025-08-26
3669,Marissa,Craig,Morocco,722.718.5435x4368,calderonlaura@example.net,2024-08-31
3670,Vanessa,Daniels,Gibraltar,411-404-1869,michael72@example.com,2024-06-07
3671,Dawn,Russell,Romania,982.553.1097x78204,martinezteresa@example.org,2022-08-26
3672,Jean,Flynn,Senegal,(282)385-0507,deleonangela@example.com,2024-10-23
3673,Michelle,Mitchell,Gibraltar,+1-739-765-5261x63500,huffmansara@example.org,2023-03-17
3674,Elizabeth,Lee,French Polynesia,+1-339-787-3732x301,iwagner@example.com,2021-03-19
3675,Jasmine,Sims,Grenada,001-543-655-1404x94989,troyrivas@example.org,2024-06-12
3676,Alex,Bell,Malta,(787)391-3434,tony27@example.com,2024-06-28
3677,Alexis,Johnson,Spain,484.346.4623,danielwolf@example.com,2021-01-22
3678,Alexis,Cardenas,United Arab Emirates,5849102876,michellewilkerson@example.org,2023-10-27
3679,Tara,Hawkins,Switzerland,+1-984-747-5296x6462,njohnston@example.com,2025-02-04
3680,Jeanette,Sanders,French Southern Territories,407.625.3272x72335,jacobwarner@example.com,2021-07-03
3681,Jeffrey,Rodriguez,Denmark,480-359-3680x3949,mooreamanda@example.com,2024-08-16
3682,Ashley,Scott,Oman,001-874-577-9797x31656,jeromescott@example.org,2021-10-31
3683,Karen,Thomas,Indonesia,(555)861-9176,williamkelly@example.org,2020-01-06
3684,Michael,Galvan,Croatia,934.387.8420,odavid@example.org,2023-02-28
3685,Benjamin,Cervantes,Ireland,+1-939-859-0814x6762,millerjames@example.com,2025-08-26
3686,Michael,Johnson,Cape Verde,001-470-595-8045,sherry61@example.net,2025-03-01
3687,Vanessa,Torres,Guyana,+1-540-749-3923,hickmantimothy@example.com,2023-04-05
3688,Catherine,Graham,Somalia,322.489.9264x9796,john55@example.org,2022-10-30
3689,Christopher,Adams,Sierra Leone,001-339-371-8139x67342,uwilson@example.org,2021-07-05
3690,Alexander,Taylor,Yemen,(814)983-5233,hudsonjulie@example.net,2024-08-25
3691,Gregory,Alvarez,United States of America,585.432.7784x9634,sharon55@example.net,2023-02-11
3692,Tyler,Peterson,Fiji,227-321-8623,tammy72@example.net,2023-03-13
3693,Eddie,Bates,Gabon,2124049572,johnbrown@example.com,2020-08-19
3694,Michele,Pennington,Bangladesh,4224150651,gabrielle73@example.net,2022-10-05
3695,Joseph,Taylor,Moldova,(686)697-9241,cynthia64@example.net,2020-07-26
3696,Jonathan,Pennington,Libyan Arab Jamahiriya,(820)626-2283x6161,andreaaustin@example.org,2023-09-24
3697,Michelle,Jimenez,Faroe Islands,001-871-572-9617x512,bennettemily@example.com,2020-03-07
3698,Austin,White,Liberia,+1-339-357-7128x7863,npalmer@example.net,2024-05-06
3699,Andrea,Collins,Heard Island and McDonald Islands,+1-345-589-5893x20358,brittany30@example.org,2023-09-15
3700,Andrew,Sloan,New Caledonia,(302)980-4059,warekenneth@example.net,2025-07-19
3701,Tina,Ferguson,Mauritania,925-730-9471,nwright@example.net,2023-03-31
3702,Kristen,Newton,Cayman Islands,001-556-722-2240x87186,nicolegordon@example.com,2021-06-16
3703,Fred,Yang,Philippines,710.253.9628,warnerjoshua@example.com,2025-08-16
3704,Jordan,Ryan,Nigeria,(809)276-8083,charlenerivas@example.net,2022-07-04
3705,Sarah,Molina,Lebanon,598-470-1810,dawnwood@example.org,2023-09-19
3706,Melinda,Lee,British Virgin Islands,675.340.0502x21359,bhouston@example.org,2020-05-15
3707,Ann,Mcdonald,Canada,404-478-3125x3662,ogreen@example.net,2023-12-27
3708,Cynthia,Walker,United States of America,(268)358-7824x96283,tammygarrison@example.net,2022-07-04
3709,Janet,Knox,Kazakhstan,9243276726,perezmark@example.com,2022-04-13
3710,Zachary,Gibson,Chile,962-507-6233,ygonzalez@example.net,2022-09-15
3711,James,Simmons,Norway,+1-680-710-9160,angela48@example.com,2022-12-17
3712,Brandon,Morgan,Martinique,(519)315-4779,carolrussell@example.net,2022-02-14
3713,James,Smith,Fiji,546.498.6739,connie21@example.net,2025-01-21
3714,Monique,Brown,Mongolia,342.768.0612,wmartin@example.com,2025-12-12
3715,Shelly,Baldwin,Belgium,(958)614-6724x518,lcohen@example.com,2024-07-06
3716,Kathleen,Ali,Philippines,8829205102,michaelbarry@example.com,2023-07-08
3717,Cory,Smith,Grenada,(709)615-8564x8888,ebaker@example.net,2021-07-18
3718,Catherine,Le,Anguilla,(372)892-0270x856,xturner@example.com,2023-12-10
3719,Angel,Thomas,Guernsey,(793)930-2356x510,arroyobrad@example.com,2026-01-24
3720,Curtis,Miller,Argentina,527-797-4988x818,jessica44@example.net,2024-02-25
3721,Charles,Reeves,Greenland,4229167699,mcruz@example.net,2021-07-14
3722,Timothy,Jones,Mauritius,901-777-0754,hrodriguez@example.com,2021-11-15
3723,Jessica,Hatfield,Korea,(654)808-1200x7463,vthomas@example.net,2023-06-07
3724,Patricia,Snyder,Western Sahara,(712)439-9022x9981,ngrant@example.com,2023-07-22
3725,Matthew,Simmons,Yemen,001-397-940-0828x22010,plittle@example.org,2024-03-13
3726,Joseph,Hart,Samoa,+1-653-794-0077,whitemelissa@example.com,2023-09-24
3727,Elizabeth,Fitzgerald,United States Minor Outlying Islands,001-543-919-5209,pollardandrew@example.com,2022-11-21
3728,Emily,Gonzalez,Poland,356-862-7936x47872,jkramer@example.net,2024-10-10
3729,Cynthia,Murphy,Latvia,001-932-554-8152x72374,baileyweber@example.net,2020-05-12
3730,Jill,Banks,Iran,(896)997-2572,katie91@example.org,2023-09-01
3731,Heather,Miller,United States of America,990-809-6022,awright@example.net,2024-03-03
3732,Debra,Rodriguez,Western Sahara,001-367-538-0934x1764,sandragutierrez@example.org,2023-02-14
3733,Sharon,Bond,Turkey,705-690-8042x325,xbrown@example.com,2025-09-06
3734,Rachel,Acosta,Liberia,+1-741-577-5632,smithkimberly@example.net,2021-03-19
3735,David,Lewis,Palestinian Territory,(926)617-9888x1086,nicole89@example.org,2024-07-24
3736,Denise,Cooke,Ethiopia,(798)235-7828x9331,annavalencia@example.org,2020-08-10
3737,Lindsay,Blackwell,Macao,769.757.4437x33626,sullivanmadison@example.org,2024-11-02
3738,David,Kelley,Barbados,+1-873-597-6293x453,rchang@example.com,2021-06-02
3739,Joseph,Riley,Korea,663-379-1900x34986,angela14@example.net,2024-04-24
3740,David,Meyer,Bhutan,001-394-212-4954x1945,gregoryspencer@example.net,2024-03-23
3741,Holly,Boyd,Turkey,(989)249-3653x2118,douglas85@example.com,2025-08-23
3742,Jeffrey,Johnson,Mauritania,+1-515-452-0934x28364,davidray@example.org,2026-01-21
3743,Gregory,Miller,Singapore,996.279.3675x7935,richard00@example.org,2025-05-10
3744,Lauren,Moyer,Denmark,822.320.3718,sperez@example.org,2020-06-05
3745,Maria,Wood,Burkina Faso,001-396-992-0970x740,leaharmstrong@example.net,2020-08-05
3746,David,Roach,Guinea,5724881638,zacharywheeler@example.net,2024-04-06
3747,Kevin,Johnson,Australia,001-322-833-3331x2254,carolyn95@example.com,2022-09-06
3748,Amanda,Ford,Fiji,699-701-1507x578,hboyd@example.org,2025-05-12
3749,Jacqueline,Clark,Syrian Arab Republic,610-902-7199,mjacobs@example.com,2020-05-28
3750,William,Gutierrez,Belize,001-365-579-6354x020,laceyjohnson@example.com,2022-02-01
3751,Rose,Grant,Nepal,+1-501-995-9807,dawn46@example.net,2024-10-12
3752,Timothy,Chandler,British Virgin Islands,260.369.1593x517,kaylee93@example.org,2022-02-17
3753,Amanda,Kennedy,India,599.650.4427,davidday@example.net,2023-09-21
3754,Leslie,Graham,Cambodia,+1-529-439-7280x929,adammartin@example.com,2025-06-06
3755,Edward,Allen,Nauru,001-664-940-0389x92807,hodgebrian@example.net,2026-02-26
3756,Terrence,Rowe,Botswana,428.963.9597x7123,ginawright@example.net,2021-02-28
3757,Ruben,George,Cuba,001-773-480-1291,harrisonshannon@example.org,2020-05-24
3758,Natalie,Villegas,Uganda,4287858217,danderson@example.net,2020-11-21
3759,Tommy,Hebert,Jordan,+1-649-699-0786x229,jennifer23@example.org,2022-04-25
3760,Rodney,Walker,Suriname,415-315-8448,petersbobby@example.com,2023-07-18
3761,Matthew,Donovan,Indonesia,(428)289-1538x58016,qgarcia@example.net,2021-08-11
3762,Judith,Green,Turks and Caicos Islands,001-453-789-5989,angelalopez@example.net,2021-09-20
3763,Deborah,Powell,Cape Verde,(828)588-0933,kevincampbell@example.net,2020-03-01
3764,Brandon,Boyle,Guinea,+1-473-666-2677x80592,dustin64@example.net,2021-12-20
3765,Tiffany,Travis,Martinique,+1-248-360-8143,torresmercedes@example.com,2022-10-10
3766,Taylor,Morris,Mexico,347.839.4580,vmorton@example.org,2022-07-31
3767,Marissa,Glover,Greece,+1-567-578-5194x5733,shawn34@example.com,2021-10-22
3768,Shane,Riley,Burkina Faso,777-247-9413,benderzachary@example.net,2023-07-14
3769,Arthur,Chen,Gabon,(592)695-1774x04246,gabrielfox@example.org,2023-02-08
3770,Michael,Sanchez,Senegal,+1-601-854-9181,diana47@example.com,2025-03-30
3771,Brenda,Arias,Barbados,+1-490-280-7367x3839,alison78@example.com,2023-04-21
3772,Corey,Lopez,Falkland Islands (Malvinas),785-286-9223x776,srollins@example.org,2025-05-23
3773,Thomas,Thompson,Benin,+1-491-424-1583x85064,wclark@example.net,2025-12-27
3774,Robin,Farley,Oman,(618)896-6567x113,kylie39@example.com,2021-01-10
3775,Norman,Pierce,Svalbard & Jan Mayen Islands,+1-370-905-5425x9573,sandra97@example.com,2023-10-21
3776,Paul,Montoya,Belize,001-594-769-6078x41477,longchristopher@example.org,2025-11-14
3777,Heather,Pena,Benin,(508)818-5670x74936,tapiasamantha@example.net,2024-11-08
3778,Craig,Pennington,Saint Helena,902.972.8407x689,mendezchristopher@example.net,2020-11-02
3779,Jason,Williams,Congo,+1-569-803-1076x103,jason45@example.com,2022-12-30
3780,Tammy,Andrade,Cocos (Keeling) Islands,001-716-525-5255x56735,uwilliams@example.com,2025-04-02
3781,Sarah,Thompson,Colombia,(834)280-8731,thomaswhite@example.com,2026-01-15
3782,Miranda,Garcia,San Marino,414.941.0723,brendaphelps@example.org,2025-03-11
3783,Kayla,Scott,Maldives,+1-693-720-7605x636,brandon04@example.net,2025-01-10
3784,Allen,Johnson,Belgium,571-766-5036x1252,msavage@example.org,2023-01-30
3785,Veronica,Dean,Belgium,509.584.5514,josephsandoval@example.net,2022-11-07
3786,Darin,Morrison,Haiti,694.980.9796x7442,emilygarrett@example.org,2024-11-03
3787,Carla,Dawson,Myanmar,001-948-236-9642x23600,davidmartinez@example.net,2020-10-08
3788,Barbara,Hernandez,Chile,2798054382,ewilliams@example.com,2025-05-26
3789,Luis,Donaldson,Andorra,+1-961-259-9433x37301,pwilliams@example.org,2021-07-08
3790,Rachel,Wilson,Tanzania,(558)926-6261x795,schwartzfrank@example.net,2024-07-07
3791,James,Cross,Tajikistan,(925)641-3695x2679,brendacox@example.net,2020-04-08
3792,Jennifer,Olsen,Equatorial Guinea,(599)482-3870x570,nhendrix@example.com,2020-10-28
3793,Timothy,Mullen,Comoros,958.542.6078,gibsoncharles@example.com,2022-09-19
3794,Ryan,Lopez,Mexico,(846)663-1538x897,jody88@example.com,2020-05-05
3795,Cynthia,Dennis,Paraguay,850.902.7075,brettlopez@example.org,2024-02-05
3796,Angela,Santos,Thailand,+1-971-936-4588x05361,ugarza@example.net,2021-04-07
3797,Amanda,Turner,Samoa,(546)652-3728,kendra75@example.net,2023-08-02
3798,Leslie,Reed,Guatemala,7352078234,charlesfoley@example.com,2023-01-03
3799,Max,Mccann,Dominica,744.600.1107x2868,zgiles@example.net,2025-01-02
3800,Anna,Howard,Samoa,413-578-3548,gthomas@example.com,2024-01-23
3801,Lynn,Banks,Saint Kitts and Nevis,336-427-9070,stevenschristopher@example.com,2025-03-28
3802,Charles,Gordon,Canada,207.656.4208x8417,charles20@example.org,2020-02-06
3803,Ann,Jackson,Algeria,+1-257-716-2708x59636,randall39@example.com,2021-02-15
3804,Joseph,Morales,Cote d'Ivoire,(837)789-3620x245,mccoyparker@example.org,2020-11-05
3805,Stephanie,Collins,Lithuania,(899)492-6677,stevenarcher@example.net,2021-08-19
3806,Dorothy,Baker,Norfolk Island,404-649-3907,mmeza@example.net,2020-09-19
3807,Kathryn,Greene,Myanmar,648-708-3530,icummings@example.com,2020-07-08
3808,Lori,Hammond,Barbados,001-408-547-6315x461,kayla34@example.com,2020-07-11
3809,Wendy,Johnson,Comoros,4968522207,josephwheeler@example.org,2020-03-09
3810,Lisa,Taylor,Palau,(236)699-8106,shane33@example.com,2025-07-05
3811,Tammy,Gonzales,Kenya,798-461-2529x83223,ramosmelissa@example.com,2025-08-06
3812,Matthew,James,Jersey,932.589.0437x424,scottjonathan@example.com,2023-09-05
3813,Michael,Thomas,Algeria,(846)460-1604,donnaclayton@example.net,2024-05-22
3814,Michael,Conway,Italy,(756)543-7586x43959,rodriguezjennifer@example.net,2020-01-23
3815,Suzanne,Torres,Kuwait,9775050734,gpeters@example.com,2024-11-03
3816,Jessica,Khan,Bouvet Island (Bouvetoya),708.596.8857,trichardson@example.org,2025-06-23
3817,Nicholas,Barrett,Reunion,281.298.7660,russellsarah@example.com,2023-12-05
3818,Brendan,Walker,Burundi,001-581-760-5900x0109,bbrooks@example.org,2022-10-17
3819,Timothy,Martin,Jamaica,4764626634,brownthomas@example.org,2024-06-18
3820,Cesar,Williams,Jordan,455-460-4782,tnguyen@example.net,2025-07-16
3821,Steven,Thomas,Honduras,408.329.2067x397,qyoung@example.com,2021-10-29
3822,Patricia,Montoya,Iran,(725)746-5043,mmccoy@example.com,2020-03-06
3823,Angela,Malone,Lithuania,638-622-4955x553,bernardharris@example.net,2022-11-22
3824,Courtney,Lyons,Dominica,(396)500-6119x314,xlewis@example.org,2021-07-08
3825,Lisa,Little,Antigua and Barbuda,001-559-915-0929x993,manderson@example.com,2021-06-08
3826,Brandon,Byrd,Kenya,+1-390-352-6692x8358,melissaanderson@example.com,2023-09-15
3827,Sean,Ryan,Guadeloupe,582-721-6183x726,taylorrebecca@example.com,2021-09-23
3828,Frank,Wise,Greece,001-816-416-0557x980,curtisaaron@example.org,2022-09-26
3829,Crystal,Jones,Christmas Island,391-694-5783x438,uschmitt@example.com,2026-02-12
3830,Christopher,Huang,Poland,001-454-350-3264x95475,lucascheryl@example.com,2021-05-14
3831,Lawrence,Rodriguez,Norway,(525)461-0966,dsmith@example.net,2023-06-03
3832,Kevin,Johnson,Gabon,499-341-8481x0705,jjones@example.net,2021-08-18
3833,Meghan,Booth,Cameroon,+1-780-644-6217x953,ewilliams@example.com,2023-03-15
3834,Kristine,Thomas,Lebanon,981-376-2490,lisa86@example.com,2026-02-02
3835,Eric,Davidson,South Africa,391-544-9072,catherine35@example.org,2020-02-28
3836,Michael,Foster,Philippines,001-210-338-1981x793,brettcunningham@example.net,2021-10-02
3837,Steven,Collins,Lesotho,909-206-3239,kyle11@example.net,2023-01-16
3838,Jason,Heath,Tajikistan,(749)423-3122,joseph08@example.com,2021-08-18
3839,Courtney,Hicks,Spain,+1-524-669-0682x052,ymartinez@example.net,2020-08-11
3840,Brenda,Barrera,American Samoa,258-426-8641x4023,richardsonphillip@example.com,2022-08-20
3841,Susan,Hudson,Iceland,(547)544-8756x39210,jamesfaulkner@example.org,2025-06-16
3842,Grant,Adams,Yemen,(791)977-8509,rrubio@example.com,2025-02-07
3843,Ryan,Neal,Botswana,+1-528-872-5728x324,evelyn26@example.org,2025-05-14
3844,Julie,Ortiz,Costa Rica,+1-390-222-4950x208,davidmoore@example.com,2024-06-14
3845,Edward,Lopez,Jordan,(258)294-0409x297,pedwards@example.com,2025-11-28
3846,Amanda,Osborne,Cuba,(638)529-8250x872,doylelisa@example.net,2020-12-23
3847,Riley,Collins,Cape Verde,(463)969-3246,bsimmons@example.org,2022-03-29
3848,Ian,Rojas,Guadeloupe,001-647-318-5911x2467,adam50@example.com,2020-03-12
3849,Alan,Sanchez,Saudi Arabia,292-971-0602,lisafrancis@example.net,2025-11-01
3850,John,Chandler,Vietnam,(805)876-9764x33136,williscarol@example.org,2022-12-11
3851,Margaret,Jensen,Marshall Islands,754-238-7047x09761,zmiller@example.com,2025-05-14
3852,Shannon,Johnson,Marshall Islands,001-428-468-5403x829,jonathanhenson@example.com,2025-12-18
3853,Anthony,Caldwell,Nauru,935.345.7787x9558,thomasjennifer@example.com,2025-12-24
3854,Thomas,Johnston,Cameroon,790.621.7203x89305,calderonamy@example.org,2023-01-28
3855,Jacob,Cook,Puerto Rico,208-223-7775x68475,ericdavis@example.net,2020-09-16
3856,Audrey,Porter,Micronesia,(643)893-3122x7741,gary37@example.org,2021-01-11
3857,Gary,Watson,El Salvador,(798)595-5189x5643,mdavis@example.net,2021-02-12
3858,John,Sanchez,Western Sahara,742-906-4291,reevespatricia@example.org,2025-08-24
3859,Carol,Mills,Saint Barthelemy,+1-611-274-1898x555,romerobradley@example.org,2021-03-06
3860,Kevin,King,Antigua and Barbuda,6848422237,dianehicks@example.org,2020-07-06
3861,Ronald,Smith,Aruba,001-235-560-6381,tjackson@example.com,2023-10-22
3862,Mike,Fowler,Russian Federation,001-522-537-4876x70392,melinda85@example.com,2021-06-26
3863,Brian,Hayes,Saint Martin,+1-229-547-2299x4640,cody96@example.net,2022-05-25
3864,Michelle,Roman,American Samoa,563.556.5345x27617,kelsey80@example.net,2022-04-30
3865,James,Johnson,Cameroon,559-588-9226x25686,christopher45@example.net,2023-11-08
3866,Mary,Caldwell,Martinique,(461)813-5003,hpierce@example.org,2020-12-01
3867,Mark,Schwartz,Mauritania,001-501-407-1721x82195,josephcarter@example.com,2024-08-19
3868,Richard,Hawkins,Qatar,001-635-923-2516,dthompson@example.net,2024-08-17
3869,Jeremy,Wells,Panama,890-267-2056x75316,marcusvillarreal@example.com,2021-09-04
3870,Claudia,Ellis,Somalia,996-449-3134x40528,jeremyjohnson@example.net,2022-08-18
3871,Stacy,May,Tajikistan,857-822-1360x0107,carolinegriffin@example.net,2021-06-26
3872,Alison,Henson,Panama,(682)565-8959,vscott@example.net,2021-12-24
3873,Timothy,Johnson,Moldova,960-870-4530x367,santiagocatherine@example.com,2020-02-18
3874,Jose,White,Sao Tome and Principe,+1-823-450-3612x9378,sjohnson@example.com,2023-04-23
3875,Brian,Davis,Malta,+1-333-309-2959x954,williamtaylor@example.org,2026-02-18
3876,Michele,Sellers,French Southern Territories,(767)361-1532x125,finleymary@example.net,2022-05-26
3877,Lance,Hines,Faroe Islands,565-393-9994x641,thomas94@example.org,2021-06-13
3878,Paul,Jacobs,United States Minor Outlying Islands,001-788-677-7855x85986,agibson@example.com,2025-03-29
3879,Brooke,Miller,Kenya,7979552597,dennisgriffith@example.net,2025-12-01
3880,Jordan,Bates,Oman,001-832-880-4330x191,sheaanthony@example.org,2020-03-24
3881,Luis,Walker,Iraq,+1-310-906-8248x071,melanie69@example.com,2024-01-08
3882,Shannon,Reed,Comoros,001-534-344-4872x18676,steven33@example.com,2022-10-11
3883,Hector,Graham,Armenia,991-902-3774x223,michelle69@example.com,2023-04-01
3884,Michael,Evans,Micronesia,6856234784,timothy53@example.net,2025-07-04
3885,Jerry,Campbell,United States Minor Outlying Islands,968-266-2049x72316,lance79@example.org,2025-09-07
3886,Sara,Johnson,Christmas Island,(700)701-2140x276,haysdanielle@example.net,2021-02-06
3887,Matthew,Welch,Seychelles,+1-927-754-0940x6284,catherinepowell@example.com,2022-03-08
3888,Shane,Banks,Czech Republic,973.903.6732,williampeck@example.net,2022-02-18
3889,Tracey,Cox,Hungary,001-205-658-7260,ericmelton@example.net,2022-06-22
3890,Susan,Huynh,Japan,204-888-5963,margaret35@example.com,2021-03-06
3891,Tracy,Jackson,Singapore,487-823-3829x261,terrywallace@example.net,2021-12-30
3892,Scott,Alexander,Qatar,253-473-2104x459,lherrera@example.net,2020-01-03
3893,Chloe,Coleman,Cote d'Ivoire,001-742-543-8572x137,thomasamanda@example.com,2020-03-19
3894,Robert,Myers,Luxembourg,+1-629-723-3062x251,charles09@example.com,2023-11-02
3895,Daniel,Martin,Sierra Leone,7397924119,danielrivera@example.net,2023-08-06
3896,Frederick,Cannon,Angola,744-892-8617x535,nicole42@example.org,2023-02-27
3897,Cole,Patel,Suriname,955-740-9943,mwilliams@example.org,2021-12-24
3898,Daniel,Perez,Benin,491-445-8138x6460,floydjason@example.org,2023-12-10
3899,Kimberly,Gomez,Qatar,7996091879,efowler@example.net,2025-11-23
3900,Pamela,Becker,Iceland,592-595-7614x334,amyschneider@example.com,2026-03-05
3901,Mary,Weiss,Togo,749.744.1052x89118,lcantu@example.com,2020-02-08
3902,Samantha,Perez,Bermuda,001-830-234-7495x46321,heidijones@example.com,2024-12-05
3903,Tanya,Arellano,Thailand,540.607.7524x5958,jaredgarcia@example.org,2023-09-21
3904,Leah,Stein,Burundi,001-996-803-7559x81081,tateheather@example.com,2024-09-30
3905,John,Vaughn,Egypt,+1-572-838-2822x173,uperez@example.com,2025-02-25
3906,Jonathan,Braun,South Georgia and the South Sandwich Islands,(635)479-3580x02942,angelakennedy@example.com,2023-03-18
3907,Brian,Turner,Gabon,4178459202,krystal97@example.org,2022-10-27
3908,Anna,Gomez,Belarus,996-933-3456,stevenchen@example.org,2022-10-07
3909,Laura,Nguyen,Croatia,001-566-911-9430,francesle@example.org,2023-02-20
3910,Christopher,Rice,Malaysia,(800)399-7108x2048,leslieanderson@example.com,2025-03-06
3911,Renee,Norman,Cambodia,001-402-472-4955,smithamy@example.net,2024-04-09
3912,Scott,Jenkins,New Zealand,8185625301,cory01@example.com,2021-06-06
3913,Michael,Nelson,Comoros,740.453.4115x334,jasonrodriguez@example.com,2024-09-29
3914,Amanda,Anderson,Malta,9353328692,bgray@example.com,2020-06-16
3915,Jose,Solis,Ukraine,001-484-657-6413x2893,kaitlinwhite@example.net,2025-04-17
3916,Carmen,Henderson,Serbia,892-782-8406x34818,mossheidi@example.com,2024-02-26
3917,Allison,Bailey,Norway,696-767-0606x659,ahansen@example.net,2021-06-16
3918,Laurie,Rodriguez,French Polynesia,7893007833,stacylyons@example.com,2022-11-04
3919,William,Brown,Kenya,001-954-540-1022x2639,jennifer64@example.org,2025-10-27
3920,Tiffany,Taylor,Dominican Republic,(421)700-8740,candacealvarez@example.com,2020-09-07
3921,Tristan,Luna,Niger,793-512-1956,parkdavid@example.com,2025-08-16
3922,Pamela,Herring,Equatorial Guinea,(275)863-2433x29410,walkerelizabeth@example.org,2020-03-30
3923,Ronnie,Edwards,Christmas Island,487-651-2427,thomas50@example.net,2023-02-27
3924,Crystal,Williams,Australia,695.654.3508x86203,samanthaconner@example.net,2021-02-27
3925,Jean,Spence,Zimbabwe,(902)443-2442,xmartinez@example.net,2024-06-17
3926,Diana,Hancock,Bolivia,001-365-759-1340x649,davisrose@example.org,2024-05-31
3927,Tanya,Chase,Belgium,6639273213,michaeltaylor@example.org,2020-09-18
3928,Calvin,Newton,Andorra,(277)902-7046,mhicks@example.net,2025-06-22
3929,Stephanie,Baker,Brunei Darussalam,296.882.0924x5355,sherryholmes@example.org,2021-10-19
3930,Jason,Cruz,Canada,+1-710-209-7459,robertherrera@example.org,2023-01-12
3931,Robert,Cook,Svalbard & Jan Mayen Islands,001-456-240-9164x9963,kstewart@example.net,2023-08-08
3932,Linda,Carpenter,Jamaica,920.963.1850x3441,sflores@example.net,2024-04-06
3933,Mindy,Vega,Madagascar,513.321.8905,sbenson@example.org,2022-07-27
3934,Amy,Clark,Iceland,(912)250-6949,boydtyler@example.com,2022-11-02
3935,Eric,Carr,Greece,574.364.0137x85646,ifreeman@example.org,2021-02-03
3936,Tracy,Wilson,Kuwait,974.275.6372,qhayes@example.net,2022-05-01
3937,Patricia,Rodriguez,Hungary,943.218.1932x255,peterbrandt@example.com,2024-08-28
3938,Jesse,Ellis,Estonia,001-578-731-0163,nbarnes@example.org,2025-02-18
3939,Linda,Hubbard,United States Virgin Islands,+1-485-908-6521x95481,bhudson@example.org,2025-04-27
3940,James,Woods,Moldova,652-395-8654x22110,robertlee@example.com,2023-09-02
3941,Kelly,Fuentes,Saint Vincent and the Grenadines,613.495.8275,glewis@example.net,2023-02-08
3942,Jay,Evans,Peru,975-527-0815,andrew55@example.org,2020-02-14
3943,Michael,Thomas,Cambodia,404-618-7451,amanda56@example.com,2020-09-30
3944,Kimberly,Mosley,Saint Vincent and the Grenadines,706.679.8116,jonesbrendan@example.com,2022-03-27
3945,Matthew,Buckley,Estonia,974.660.5262,tiffany87@example.net,2025-07-24
3946,Ashley,Lucas,Palestinian Territory,+1-563-895-8525x77496,xramirez@example.net,2023-03-13
3947,Melissa,Parrish,Venezuela,789.884.5566,coxandrew@example.net,2023-12-30
3948,Lindsay,Garcia,Argentina,(941)992-7270,wrightrenee@example.com,2023-10-17
3949,Rose,Willis,Bangladesh,001-953-542-5783x951,katherinevargas@example.com,2025-01-12
3950,Mary,Armstrong,Bermuda,+1-372-241-5251x2646,qbell@example.org,2024-08-27
3951,Joseph,Larson,Greenland,+1-780-690-3965x625,jessicasnyder@example.org,2021-08-25
3952,Lisa,Durham,New Caledonia,475.655.9967,christysimmons@example.org,2021-01-30
3953,Sheila,Hernandez,Guinea,(806)999-0206x45242,rsparks@example.net,2023-04-29
3954,Laura,Smith,Lao People's Democratic Republic,528.721.1822,parksjamie@example.org,2023-02-22
3955,Cathy,Sandoval,New Caledonia,(294)534-1699,linda23@example.net,2025-01-22
3956,Michelle,Gardner,China,001-379-840-4106,annbowers@example.org,2022-10-06
3957,Christian,Booth,Anguilla,(786)457-0421,acontreras@example.org,2020-03-15
3958,Rose,Freeman,United States Minor Outlying Islands,(319)844-9455,sweeneyjonathon@example.org,2022-10-28
3959,Diane,Larson,French Southern Territories,219-816-7111x3377,perezjulian@example.net,2024-04-18
3960,Nicole,Cruz,Cocos (Keeling) Islands,6338114657,michaelbennett@example.net,2021-04-19
3961,Reginald,Rodriguez,Suriname,349-395-1763,rmitchell@example.com,2021-06-10
3962,Erin,Miller,Cuba,595-535-1034x08886,ann79@example.org,2024-11-30
3963,Darren,Mcdonald,Cayman Islands,001-996-230-5229,yramirez@example.org,2026-01-31
3964,Leslie,Wagner,China,(853)500-3557x610,alexandramyers@example.net,2024-05-17
3965,Lacey,Perry,Micronesia,001-917-817-2406x3522,jonesralph@example.org,2022-03-26
3966,Karen,Hall,Sudan,+1-526-491-6761x486,mbranch@example.net,2023-09-06
3967,Debra,Moreno,Cocos (Keeling) Islands,381-638-4487x1058,wmckinney@example.net,2026-01-14
3968,Charles,Dixon,Fiji,001-574-876-7108,seth75@example.net,2022-01-02
3969,Brandon,Davis,Syrian Arab Republic,001-814-963-1167x15172,diazphilip@example.net,2021-01-15
3970,Darius,Phillips,Korea,8592247176,amy07@example.com,2024-08-13
3971,Linda,Alexander,Timor-Leste,(458)832-6381x9479,mdonovan@example.com,2022-07-31
3972,Debra,Reeves,Russian Federation,7163237684,efranklin@example.com,2021-08-13
3973,Jonathan,Cruz,Netherlands Antilles,516.212.8824x673,gregorygonzales@example.net,2021-03-02
3974,Joe,Hall,Puerto Rico,504.616.2719x6993,kathrynharris@example.org,2022-09-01
3975,Randy,Jackson,American Samoa,970-660-5141x00783,derrick83@example.net,2024-02-24
3976,Krystal,Daniels,Belgium,609-679-2067,jessica38@example.net,2025-11-08
3977,Amy,Young,Saint Vincent and the Grenadines,635-494-4959x467,vcastro@example.com,2026-01-06
3978,Wesley,Rodriguez,Canada,001-495-408-1615x500,dbarrett@example.com,2025-12-10
3979,Joshua,Hall,Moldova,312.912.2386x50271,oscar65@example.com,2025-12-17
3980,Shannon,Byrd,Mauritania,257.645.2696,ntaylor@example.org,2024-11-04
3981,Pamela,Higgins,Germany,(803)946-5660,fpalmer@example.net,2026-01-23
3982,Lori,Norris,Ireland,3658496656,annegoodwin@example.net,2022-09-18
3983,Mark,Coleman,Costa Rica,693-324-6508x220,murraykim@example.com,2022-04-23
3984,Kimberly,Stevens,Western Sahara,001-422-523-9315x03150,davidcooper@example.net,2025-02-08
3985,Amanda,Schwartz,Syrian Arab Republic,+1-727-780-8737x645,rpatterson@example.com,2021-03-30
3986,Angela,Reynolds,Algeria,648-859-6118,xtaylor@example.com,2025-09-28
3987,Christian,Terry,Burkina Faso,401-304-7007x286,lmurphy@example.com,2023-12-13
3988,Maria,Casey,Oman,777.492.8455,margaretwagner@example.org,2021-11-17
3989,Keith,Powers,Bouvet Island (Bouvetoya),001-692-551-3485x657,jessica89@example.org,2021-07-28
3990,Danielle,Tran,Philippines,001-881-853-5510x70313,kathryn86@example.org,2025-04-13
3991,Erika,Banks,Honduras,001-473-304-7496x48383,cperez@example.org,2021-01-01
3992,Jean,Mccarthy,Philippines,601-545-3953x04858,staffordsteven@example.com,2023-07-07
3993,Sharon,Harris,Madagascar,364.419.2793x1089,victoriamoore@example.com,2023-04-24
3994,Leslie,Pierce,Guam,+1-482-693-4855x2127,laurenperez@example.net,2020-12-10
3995,Stacy,Paul,Benin,481-540-2053,powellsamantha@example.org,2023-09-23
3996,Heather,Marks,Luxembourg,001-561-393-2954,jmckinney@example.org,2024-12-20
3997,Joseph,Richmond,Saint Helena,(599)289-7349,mooreraymond@example.com,2023-05-14
3998,Denise,Williams,Syrian Arab Republic,(270)266-1559x152,vanessasmith@example.com,2024-08-04
3999,Anthony,Palmer,Zambia,001-711-405-0111,dbrown@example.net,2021-12-18
4000,Karen,Martin,Bolivia,+1-674-476-0049x15703,paulalvarez@example.com,2025-11-21
4001,John,Carpenter,New Caledonia,8662930240,katherineclayton@example.org,2024-05-23
4002,Cindy,Marshall,Israel,663-841-7813,tylerlittle@example.org,2020-02-18
4003,Tommy,Hunter,Namibia,+1-892-272-3558x86384,dfox@example.org,2021-12-28
4004,Ryan,Edwards,Guernsey,(655)723-7967,johnsonwilliam@example.org,2024-10-25
4005,Juan,Gonzalez,Tokelau,787.671.8012,john24@example.net,2021-01-07
4006,Danny,Ramirez,Equatorial Guinea,001-232-976-8310,christine16@example.com,2020-08-17
4007,Cathy,Johnson,Togo,929.901.8840,isabel53@example.org,2024-12-08
4008,Tammy,Flores,San Marino,200.587.6067,karenalvarez@example.org,2024-01-26
4009,Daniel,Monroe,Ireland,001-697-931-0646x41744,ybenitez@example.net,2020-05-30
4010,Veronica,Booker,Croatia,9573767983,dixonkristina@example.org,2022-09-01
4011,Jonathan,Jones,Cameroon,276-312-1002,tarawells@example.com,2024-05-04
4012,Stephanie,Hogan,Paraguay,227-799-1694x1086,ffrost@example.net,2020-02-03
4013,Mark,Williams,Poland,(446)684-2791x13658,annobrien@example.org,2022-07-11
4014,Ricky,Murray,Netherlands Antilles,+1-828-652-2061x703,morganmatthew@example.org,2020-09-23
4015,Alan,Clay,Benin,(365)310-8759x985,david60@example.net,2020-09-23
4016,John,Hoffman,Bhutan,+1-871-422-7564x20760,boothluke@example.com,2022-05-08
4017,Carolyn,Bryant,Vietnam,001-799-449-9802x4341,smithchristopher@example.org,2021-06-22
4018,Daniel,Riley,Kuwait,001-261-361-4429,smithwilliam@example.net,2021-04-23
4019,Susan,Ramos,Djibouti,+1-203-637-3901x03128,hoconnell@example.com,2024-11-06
4020,James,Lee,Comoros,001-241-240-3820x42967,hodgescynthia@example.net,2020-06-29
4021,James,Merritt,Bhutan,+1-303-424-9817x1115,austinnelson@example.com,2023-08-29
4022,Gregory,Bennett,Saint Lucia,001-251-643-6999x401,thomasmoreno@example.org,2022-07-17
4023,Charles,Colon,Malawi,639.964.9789,eburgess@example.org,2025-06-27
4024,Thomas,Bright,Mauritius,(706)591-4852,alicia68@example.net,2023-01-18
4025,Tristan,Jones,Morocco,667-385-2358,julietaylor@example.net,2026-02-23
4026,Michael,Fox,Western Sahara,449-751-6543,richard47@example.org,2025-08-20
4027,Cynthia,Davis,Falkland Islands (Malvinas),001-991-922-6563x75190,phillip24@example.com,2020-10-09
4028,Jason,Hunter,Palau,629-791-7536,andrew08@example.net,2023-07-19
4029,Karen,Rich,Sao Tome and Principe,928.900.6604x8628,hermanchad@example.org,2023-06-03
4030,Richard,Fitzgerald,Saint Pierre and Miquelon,(503)216-5738,nturner@example.com,2021-03-09
4031,Rachel,Grant,Namibia,792.544.3678x3890,ewoodard@example.net,2024-03-18
4032,Nicholas,Lee,Thailand,(740)876-0144x8944,sherri05@example.org,2024-12-12
4033,Elizabeth,Rodriguez,Hong Kong,(728)429-8647,shawnmaxwell@example.org,2020-05-17
4034,Tommy,Riley,Mauritania,+1-456-989-3711,wrightmichael@example.org,2020-01-01
4035,Angela,Mckay,Azerbaijan,+1-273-328-2864,lauren57@example.net,2025-07-10
4036,Richard,Harris,Luxembourg,950-826-5473x9242,hwatson@example.net,2024-12-15
4037,Derek,Bryant,Jordan,001-401-834-8457,fellison@example.org,2020-06-25
4038,Ashley,Chen,Anguilla,784.820.1703,martinjoseph@example.net,2025-08-14
4039,Michael,Nolan,Bolivia,459.702.5019x291,benjamin38@example.org,2020-06-14
4040,Katie,Baker,Faroe Islands,(760)427-7355x50098,davidmoore@example.net,2021-12-07
4041,Martha,Rodriguez,Mauritania,963-790-6832,ponceallison@example.net,2025-08-09
4042,Samuel,Mays,Isle of Man,978.203.9964,jacqueline14@example.com,2020-09-17
4043,Melanie,Warner,Macao,3615840368,kristophergordon@example.org,2022-12-06
4044,Jessica,Hoffman,Myanmar,(411)884-5959x6634,johnmay@example.com,2021-11-06
4045,Kevin,White,Mali,687.949.3297x0758,santanajose@example.org,2022-07-22
4046,James,James,Philippines,710.250.7717x15856,robertknight@example.org,2020-03-08
4047,Rebecca,Anderson,Liberia,494.472.5677,fgarcia@example.net,2020-02-07
4048,Heather,Rivera,Netherlands,+1-507-720-8681x09148,martinkatie@example.net,2025-08-27
4049,Scott,Bass,Sweden,610-994-7719,stephengonzalez@example.org,2025-10-09
4050,Scott,Rogers,Palestinian Territory,566.257.5843x203,erinbriggs@example.net,2021-04-03
4051,Bryan,Noble,Slovakia (Slovak Republic),696-377-9178,moorekim@example.net,2023-03-04
4052,Patrick,Robertson,Saint Martin,988-955-2493x38623,matthew78@example.org,2023-06-30
4053,Megan,Heath,Wallis and Futuna,+1-251-210-9524,sarah57@example.net,2020-08-07
4054,Natalie,Miller,Greece,+1-957-531-4962x708,howard58@example.net,2025-05-22
4055,Laura,Wong,Barbados,(911)283-8408x85443,thomas17@example.org,2021-04-20
4056,Ricky,Fitzgerald,Estonia,259.941.9422x80614,utorres@example.org,2021-04-15
4057,Danielle,Ward,Micronesia,+1-984-983-3990x6476,xramos@example.com,2022-04-27
4058,Jacqueline,Davis,Guernsey,556-465-9627x039,maryward@example.net,2025-06-10
4059,Ebony,Harrison,Cuba,911.744.2371x59767,caleb21@example.com,2025-10-19
4060,Kimberly,Smith,French Polynesia,+1-869-844-1505x665,phillip15@example.org,2024-07-10
4061,Shari,Ford,Zimbabwe,218.911.6569x256,vgarcia@example.org,2021-10-17
4062,Matthew,Golden,Lao People's Democratic Republic,+1-879-576-3492x512,zbarrett@example.com,2020-08-23
4063,Carol,Zimmerman,Dominican Republic,584.573.3241,jason15@example.com,2024-11-10
4064,Donna,Brown,Chile,913.896.6267,edgarjohnson@example.org,2023-02-09
4065,Shaun,Roman,Bermuda,+1-330-897-4033x3705,christopher99@example.net,2023-05-05
4066,Brenda,Johnson,Anguilla,+1-874-790-7888x548,christine93@example.org,2022-12-06
4067,Susan,Zamora,Mayotte,357-318-4432x1379,omason@example.net,2023-03-05
4068,Chad,Rose,Norfolk Island,874-516-9617,christopherhoover@example.com,2025-04-24
4069,Colleen,Lopez,Jordan,(303)483-8276,campbellchristopher@example.net,2022-03-06
4070,Pamela,Anderson,Luxembourg,927.481.9057x52482,stanleyscott@example.com,2026-02-13
4071,Jordan,Gross,Chad,001-223-844-5703x88444,adambray@example.com,2021-11-12
4072,Christina,Nichols,Jersey,+1-541-568-4507,gjones@example.net,2023-12-11
4073,Christina,Brown,United Arab Emirates,2522524720,sheryl24@example.net,2025-02-06
4074,Raymond,Lynch,Heard Island and McDonald Islands,(854)889-6475,allenhendricks@example.org,2024-09-06
4075,Julie,Livingston,Cambodia,716.454.3016,david87@example.net,2023-04-18
4076,David,Jones,Kuwait,(334)274-8334x34512,rdurham@example.net,2020-03-04
4077,Caitlin,Craig,Saint Vincent and the Grenadines,(275)585-8079x6396,jsmith@example.net,2020-07-12
4078,Jane,Whitehead,Gibraltar,(632)900-0493x24434,tammy75@example.com,2020-09-22
4079,James,Andrews,Saint Pierre and Miquelon,001-958-244-5466x44191,ihanson@example.org,2023-07-29
4080,Donna,Werner,Bahamas,(910)653-0696,rachel37@example.org,2025-04-19
4081,Don,Salazar,Cote d'Ivoire,+1-893-604-9794x40005,otapia@example.com,2022-01-07
4082,Pedro,Charles,Afghanistan,761.787.6617,brooke71@example.net,2025-05-21
4083,Miguel,Garcia,Bermuda,394-808-3602x9501,suzanne42@example.org,2023-10-11
4084,Joshua,Reyes,Bosnia and Herzegovina,001-595-462-6624x56441,lauren91@example.net,2024-06-03
4085,Marc,Gibson,Andorra,(576)228-3748,schwartzmartin@example.net,2020-03-16
4086,Steven,Dennis,Switzerland,5307542941,wmcmillan@example.net,2023-08-14
4087,Anita,Johnson,Turkmenistan,616-756-9926x15721,vanderson@example.com,2022-07-04
4088,Patricia,Marshall,Moldova,989-402-5862x046,bzavala@example.org,2023-10-31
4089,Tina,Dunlap,Falkland Islands (Malvinas),484.253.4073x6292,morenolisa@example.org,2021-12-15
4090,Tina,Ponce,Guadeloupe,945.385.7621x21688,mking@example.com,2023-03-30
4091,Joseph,Cruz,Japan,927.635.0849x92057,irussell@example.com,2021-12-28
4092,Jonathan,Ayala,Germany,(607)281-2674,zpena@example.net,2020-03-17
4093,Ian,Mitchell,Serbia,+1-418-334-6792x9451,crystal96@example.com,2020-02-01
4094,James,Woodward,Chile,001-882-344-2091x88109,angela58@example.com,2020-06-24
4095,Carol,Meyers,Cyprus,(429)759-8060,mariah62@example.net,2023-02-04
4096,William,Banks,Sweden,323.871.6891,gouldannette@example.net,2024-03-20
4097,Allison,Russell,Tuvalu,297-642-2448,rfrederick@example.net,2022-12-11
4098,Pamela,Monroe,North Macedonia,778.618.4325,seanbrooks@example.com,2024-07-16
4099,Carol,Cervantes,Ecuador,517-842-4406,daviskristi@example.com,2022-04-07
4100,Sherry,Olson,Greenland,806-705-8909,mackenzie15@example.org,2021-12-08
4101,Carlos,Nguyen,Nigeria,382.466.8904x2481,gary16@example.org,2020-09-30
4102,Don,Brown,Aruba,540.582.5138x79441,nicholas87@example.org,2022-12-29
4103,Timothy,Rodriguez,Croatia,001-291-998-1191x6084,christopherwood@example.net,2024-08-08
4104,Taylor,Le,Czech Republic,+1-333-469-4373x793,evansjennifer@example.org,2024-11-22
4105,Cody,Russell,Morocco,001-365-615-5949x080,bmiranda@example.net,2023-10-30
4106,Andrew,Miller,Oman,+1-535-646-9277x4211,henry75@example.com,2025-12-12
4107,Haley,Rodriguez,New Zealand,001-408-887-5543x21455,zsmith@example.com,2024-10-06
4108,Amy,Foster,Mali,(731)789-7044x79471,hmorales@example.org,2023-10-31
4109,Brianna,Jones,Kuwait,255-574-3987,williamclark@example.org,2020-12-28
4110,Christopher,Peterson,Monaco,475-531-0430x2242,ttucker@example.net,2022-06-23
4111,Glenda,Garcia,Sao Tome and Principe,410.327.7160x2325,xreynolds@example.com,2022-12-02
4112,Gary,Terry,Guatemala,(954)238-5861x746,dmarshall@example.com,2024-12-18
4113,Christopher,Yu,Burundi,869.359.0707x51912,roger25@example.org,2022-06-13
4114,Paul,Rojas,Anguilla,001-884-321-7716,jessica82@example.net,2026-02-11
4115,Mary,Joseph,Algeria,+1-437-429-7306x46303,steven30@example.net,2023-02-02
4116,Wanda,Davis,India,219.642.7874x4795,stewartmark@example.net,2023-02-24
4117,Barbara,Richmond,Morocco,(830)997-6789x726,colemanstacie@example.com,2021-08-25
4118,Amy,Miller,Wallis and Futuna,579.964.8168x172,karla68@example.net,2021-06-06
4119,Jon,Norton,Saint Barthelemy,358-295-2485,brandi74@example.com,2024-07-02
4120,Lisa,Moreno,Luxembourg,001-206-358-2938x24969,bhogan@example.net,2022-04-23
4121,Erik,Boyd,Paraguay,(728)578-1498x80810,jillmartinez@example.com,2020-02-13
4122,Jennifer,Alexander,Timor-Leste,+1-282-747-3860,frederickluis@example.org,2020-03-04
4123,Carlos,Carr,Bolivia,216.590.8709,xavier08@example.com,2024-03-24
4124,Sean,Lopez,Netherlands,736.622.7934,kwilliams@example.net,2024-11-20
4125,Sherri,Warren,Bahamas,601.718.1917,yanderson@example.org,2026-02-26
4126,Karen,Pena,Niue,(698)225-8279x4409,brownjerry@example.org,2020-01-31
4127,Peter,Carter,Samoa,(951)957-1635x8058,keith99@example.com,2021-02-10
4128,Lori,Noble,Georgia,246.644.2996,cynthiamelton@example.org,2022-01-02
4129,Jennifer,Diaz,Rwanda,(388)626-4334,blakestephen@example.net,2025-05-26
4130,Carl,Lynch,Cuba,254-684-2285,xcraig@example.com,2024-03-07
4131,David,Allen,United Kingdom,(667)265-8972x050,danielerickson@example.com,2024-12-21
4132,Cindy,Cantu,Guinea,+1-584-302-2441,aking@example.net,2023-03-09
4133,Megan,Mccormick,Liechtenstein,001-248-534-0564x0618,william16@example.com,2020-07-26
4134,Jacob,Franklin,Kazakhstan,7676008383,nicoleflores@example.com,2020-02-28
4135,Tara,Kramer,Jamaica,807-743-3167x692,gravesdavid@example.org,2024-03-26
4136,Anthony,Price,Kyrgyz Republic,771-406-8637x08207,codybell@example.com,2021-09-17
4137,Eric,Kelly,British Indian Ocean Territory (Chagos Archipelago),001-441-484-0155x12875,tiffanyperry@example.com,2024-08-15
4138,Joshua,Hendricks,Cape Verde,731-851-0438,lisajohnson@example.net,2023-04-15
4139,Dawn,Watson,Lebanon,751-894-6762x952,stevensbrittany@example.org,2021-02-25
4140,Jennifer,Montgomery,Jordan,(444)230-1381,lmejia@example.org,2023-09-01
4141,Brandon,Lane,Puerto Rico,680.897.8082x6264,jhoward@example.org,2020-08-03
4142,Sandra,Nelson,Belize,302.673.9250x8325,jacqueline54@example.org,2020-04-27
4143,Sheri,Floyd,Philippines,816-359-4734x339,michael12@example.org,2022-04-13
4144,Cindy,Cruz,Cambodia,+1-341-816-0719x60360,eric75@example.com,2022-05-05
4145,Rose,Mitchell,Samoa,(357)801-7824x086,zwinters@example.org,2025-12-25
4146,Derek,Soto,Namibia,995-715-8700x51549,angelamitchell@example.net,2020-07-16
4147,James,Ryan,Tajikistan,+1-238-598-8969,owheeler@example.net,2020-12-31
4148,Sarah,Brown,Timor-Leste,244.289.3400x674,oconnortroy@example.org,2022-10-01
4149,Brandon,Bates,Cook Islands,359.801.2799x78333,hardyjennifer@example.com,2023-07-29
4150,Elizabeth,Cook,Pakistan,384.873.5045x0560,alexjones@example.org,2024-10-30
4151,Stephanie,Gutierrez,Mauritius,+1-238-607-7236x171,kstanley@example.net,2023-08-04
4152,Mary,Day,South Africa,721.764.5401x202,patrickgibson@example.net,2023-08-22
4153,Ethan,Ortiz,Denmark,773.274.2985,jeffreygarza@example.org,2021-03-18
4154,Kyle,Martin,Christmas Island,(871)274-6254x781,williamhuang@example.net,2024-04-17
4155,Douglas,Williams,Myanmar,534-733-6301x95714,joseph28@example.com,2021-12-08
4156,Melody,Wilson,Mongolia,680.288.2978,emily51@example.net,2020-11-13
4157,Matthew,Boyd,Slovenia,879-919-2229x2941,waltonvincent@example.com,2024-03-18
4158,Zachary,Garrison,Cocos (Keeling) Islands,681.350.5492x26394,nfrench@example.org,2020-12-02
4159,Amanda,Anderson,Congo,(439)926-3898x87613,clopez@example.org,2020-04-02
4160,Elizabeth,Patterson,Saint Martin,3715030345,wwilliams@example.com,2023-05-04
4161,David,Foster,Puerto Rico,588.256.9019,thomas50@example.org,2020-01-14
4162,Elizabeth,Brewer,Swaziland,+1-826-580-1597,woodjulie@example.net,2025-05-11
4163,Karen,Sanchez,Guam,447.976.7257,petersonthomas@example.org,2021-11-08
4164,Tyler,Bush,Monaco,001-853-573-0489x297,loganrichardson@example.org,2021-06-28
4165,Joel,Thompson,Burkina Faso,001-574-766-8829x0196,warddustin@example.net,2021-07-26
4166,Cheryl,Barnett,Dominica,001-536-965-2868,james45@example.com,2020-08-17
4167,Terri,Cole,Poland,(400)763-7446x599,colehickman@example.net,2021-04-30
4168,Kristen,Harris,Switzerland,001-881-933-2092x92277,jenniferbarron@example.org,2022-04-13
4169,Joseph,Ross,Trinidad and Tobago,875-554-6562x2653,sarahjohnson@example.org,2024-08-06
4170,Paul,Davis,Falkland Islands (Malvinas),260-426-1491x530,downsjason@example.net,2020-08-08
4171,Heather,Long,Bosnia and Herzegovina,001-470-425-2999x401,ricardo22@example.org,2020-12-27
4172,Kayla,Garcia,Grenada,5529361539,harrismichelle@example.com,2020-10-09
4173,Andrew,Walker,Myanmar,001-959-885-1580x31592,rodneyestrada@example.com,2021-12-15
4174,Michael,Perez,Spain,+1-511-427-5769,smithbeverly@example.org,2025-04-23
4175,Rebecca,Whitaker,Myanmar,001-596-435-9724x69100,kaitlyn25@example.com,2024-11-15
4176,Shirley,Pittman,Liechtenstein,786-785-3491x6697,dluna@example.com,2023-10-01
4177,Marilyn,Lewis,Bahrain,+1-401-480-8432x3671,heathmelissa@example.org,2025-07-10
4178,Kyle,Reid,Djibouti,307-598-6885x4853,igibson@example.org,2021-11-13
4179,Drew,Parsons,New Zealand,(722)349-4380x0649,ramirezmallory@example.org,2021-01-18
4180,Stephen,Johnson,United States Minor Outlying Islands,+1-672-588-5440,sheltonjohn@example.net,2025-03-15
4181,Sara,Day,United States of America,366.240.4892x46807,imccormick@example.com,2026-01-09
4182,Joseph,Ford,Armenia,902.393.0227x23730,rivaskyle@example.org,2022-06-25
4183,Carla,Wilson,Tunisia,+1-449-796-3059x3787,willislorraine@example.com,2021-03-26
4184,Alexis,Stone,Montserrat,+1-894-618-3833,xcampbell@example.com,2020-04-30
4185,Hannah,Sandoval,Fiji,710.927.6984,carlos42@example.net,2021-11-04
4186,Jacqueline,Brown,San Marino,+1-766-924-2536x3053,andersonjohn@example.org,2020-07-15
4187,Theresa,Smith,Honduras,440.289.0242x618,qwilson@example.org,2023-10-31
4188,Jean,Holmes,Isle of Man,328.378.0368,jeromebennett@example.org,2022-08-13
4189,Roy,Barnes,Guam,740.466.7904x99076,abigailmoreno@example.net,2025-02-27
4190,Elizabeth,Rodriguez,Isle of Man,744.773.6980x9277,ehaynes@example.org,2022-02-19
4191,Kevin,Oconnell,Trinidad and Tobago,+1-791-814-7622x497,sara25@example.org,2022-09-15
4192,Harold,Ward,Maldives,001-618-403-5123x81118,greenlisa@example.com,2020-03-03
4193,Vanessa,Patel,Croatia,(262)968-2399x438,rickstevens@example.net,2021-05-23
4194,Wendy,Foley,French Guiana,7262990170,allenmichael@example.com,2025-03-21
4195,Kimberly,Alvarez,Pakistan,(340)727-9092x138,roberthernandez@example.net,2025-09-19
4196,Lisa,Adams,Swaziland,620-357-3669,erin16@example.com,2020-01-21
4197,Kaitlyn,White,Zimbabwe,+1-592-974-0454,roberthowell@example.com,2020-10-19
4198,Rachel,Lane,Colombia,581.373.5424,donnahancock@example.org,2024-04-13
4199,Anne,Soto,Austria,7049527273,jeffreymullins@example.org,2022-02-03
4200,Brian,Wilson,Central African Republic,223-569-5146x9870,michaelpatterson@example.org,2024-02-23
4201,Shirley,Henry,Slovakia (Slovak Republic),(511)348-6712x1404,stephen82@example.net,2025-07-23
4202,Andrea,Gonzalez,Thailand,427-855-5914,stanley19@example.net,2023-03-26
4203,Stacey,Craig,Jamaica,001-238-534-2792x79083,awalker@example.org,2023-08-23
4204,Sarah,Mathews,Oman,798-694-3329x5454,melissa99@example.net,2020-09-15
4205,Michael,Morse,Mexico,001-303-563-1110,reynoldsjeffery@example.net,2023-07-28
4206,Tyler,Brooks,Kazakhstan,533-801-1904,tonyhancock@example.org,2021-10-23
4207,Jeremy,Ortega,Montenegro,001-546-210-9115x6079,staceygarcia@example.com,2023-06-13
4208,Matthew,Cunningham,Afghanistan,703-677-3965,russolacey@example.net,2023-05-01
4209,Zachary,Lee,San Marino,+1-653-298-4716x1458,kathrynpotter@example.net,2026-01-09
4210,Cody,Owens,Andorra,207-788-7517x442,traceylee@example.com,2021-04-01
4211,Alexandra,Malone,Egypt,500-673-0857x01877,ujohnson@example.com,2023-01-18
4212,Cynthia,Johnson,Honduras,+1-948-792-9257x917,bryanpacheco@example.org,2022-08-02
4213,Cynthia,Barrett,Guyana,774-802-4662x15736,trodriguez@example.com,2023-11-09
4214,Victor,Lane,Israel,7784397040,chelseylopez@example.net,2022-04-02
4215,Nicole,Pope,New Caledonia,001-967-969-1882,espinozaemily@example.org,2024-03-20
4216,Tina,Perry,Greece,001-854-793-2109x75672,alexander64@example.com,2024-12-21
4217,Christina,Moreno,Brazil,242-806-4648,harrellearl@example.net,2021-08-13
4218,Susan,Matthews,India,+1-639-731-1642x109,mcummings@example.com,2023-06-13
4219,Kelly,Haynes,Barbados,(562)307-5630,lorettaschmidt@example.org,2024-01-13
4220,Michael,Hayden,Andorra,582-732-1282x98169,welchjeremy@example.net,2021-09-06
4221,Jasmine,Nicholson,Bahrain,911-596-8352,xtran@example.com,2022-01-11
4222,Karen,Miller,New Zealand,(725)330-0566,zdeleon@example.com,2020-07-10
4223,Lacey,Hartman,South Georgia and the South Sandwich Islands,+1-492-616-5310x85646,crystaljohnson@example.org,2020-05-17
4224,Kathryn,Stevens,Peru,284-287-6960x38035,fergusonemily@example.net,2021-09-08
4225,Joshua,Wilson,Niue,5179762308,stanleycody@example.com,2024-10-22
4226,Bonnie,Galloway,Palestinian Territory,(203)924-2998x471,samuelwagner@example.com,2020-10-29
4227,Jennifer,Blankenship,Saint Barthelemy,811-365-8778x4668,smithtyler@example.org,2025-04-22
4228,Frederick,Kirby,India,2493013480,joshuahenry@example.com,2024-03-26
4229,Wendy,Rivera,Italy,+1-348-215-5599,gbrennan@example.com,2022-07-09
4230,Lauren,Sanchez,Palau,6287508484,savagetiffany@example.com,2026-01-19
4231,Paul,Cook,Puerto Rico,664-851-1684x8456,colemangabrielle@example.org,2022-09-20
4232,Brent,Fox,Peru,850.778.4871x49952,awolf@example.net,2025-08-26
4233,Rebecca,Phillips,France,+1-972-371-8535x2938,cmoore@example.net,2025-03-27
4234,Cynthia,Foster,Christmas Island,288.458.2531x81040,kelly36@example.net,2024-12-10
4235,Donald,Foley,Holy See (Vatican City State),+1-626-942-1117x7943,vaughanrichard@example.com,2021-01-02
4236,Tara,Vargas,Fiji,(498)419-9942x50655,ntran@example.com,2022-06-21
4237,Laura,Lee,Samoa,415.487.9147x807,johnhale@example.org,2021-07-30
4238,Stacey,Kelly,French Polynesia,+1-459-735-0217x3478,martinallen@example.net,2025-12-26
4239,Sandra,Cooper,Chad,839-522-0951x474,katherine32@example.com,2021-12-08
4240,Dawn,Davis,Tokelau,001-777-267-5835x2637,marknoble@example.net,2022-06-22
4241,Cole,Jones,Botswana,+1-984-310-1279x96765,alexandrarobbins@example.net,2023-01-17
4242,John,Phillips,Qatar,900-504-3913x72294,joannawolfe@example.com,2021-07-04
4243,Rhonda,Sanchez,Central African Republic,(993)234-3742,gregory95@example.net,2022-01-31
4244,Richard,Stevenson,Congo,(407)272-6982x4351,bradley65@example.net,2023-09-17
4245,Stacey,Hale,Aruba,454-853-6687,lucasallison@example.org,2022-01-30
4246,Jeffery,Nunez,Montserrat,001-217-388-5797x61808,taylor72@example.net,2020-09-15
4247,Jennifer,Hill,Jordan,5868234213,michael63@example.com,2021-07-09
4248,Derrick,Moore,Kenya,985-627-5673,shawn23@example.com,2023-09-04
4249,Paul,Callahan,Bhutan,001-443-435-4610x7442,adamscody@example.net,2022-01-01
4250,Sandra,Lopez,Bangladesh,901.220.7237x764,robert43@example.com,2025-06-18
4251,Brooke,Morris,Tunisia,(309)434-1517,youngamy@example.net,2020-03-17
4252,Andrew,Walker,Nigeria,+1-975-592-3975x378,seanjones@example.net,2020-02-22
4253,Amy,Jensen,Bolivia,616-695-9608x58319,meganclark@example.com,2021-11-11
4254,Shane,Wood,Russian Federation,794-233-0184,olsonmary@example.com,2025-12-08
4255,Stacey,Daugherty,Solomon Islands,736-866-8875x3548,bryantjamie@example.org,2022-10-05
4256,Kendra,Gray,Canada,518.649.8073x0444,colleen55@example.com,2025-09-03
4257,Michael,West,Czech Republic,8425488919,michellefreeman@example.com,2022-08-16
4258,Garrett,Powell,Kuwait,+1-293-257-4501x338,kochvincent@example.org,2024-09-11
4259,Robert,King,Bosnia and Herzegovina,001-217-713-7364,sandrajohnson@example.org,2021-10-03
4260,Melissa,May,Yemen,(290)428-6119x5485,dstevens@example.net,2025-09-23
4261,Holly,Clark,Isle of Man,001-432-676-9916x4458,robert38@example.org,2023-07-22
4262,Matthew,Bright,Luxembourg,+1-699-577-2705,ychandler@example.com,2025-06-01
4263,William,Webb,Saint Lucia,+1-372-786-0761x110,xweaver@example.com,2021-09-17
4264,Keith,White,Lao People's Democratic Republic,(428)268-2874x799,kyle29@example.net,2021-08-05
4265,Diana,Edwards,Congo,5818129695,kelly97@example.com,2024-06-28
4266,Ashley,Davis,Svalbard & Jan Mayen Islands,+1-663-792-8300x864,susan70@example.com,2020-11-14
4267,Ashley,Murphy,Gabon,+1-762-528-3880x2305,robert68@example.net,2020-08-03
4268,Scott,Brown,Niue,370-348-1191,pmercado@example.net,2024-04-07
4269,Tamara,Hall,Italy,(425)736-1935x936,jessica15@example.org,2021-09-15
4270,James,Castillo,Chad,(365)325-4976x50816,halljustin@example.net,2020-02-27
4271,Samantha,White,Ireland,586.822.7645x83805,priley@example.com,2024-04-15
4272,Ann,Walters,Tonga,(284)228-6935x19159,glenn71@example.org,2020-05-10
4273,Stacey,Lopez,Bouvet Island (Bouvetoya),365-605-0962,tina89@example.org,2022-08-18
4274,Sandra,Ferrell,Cambodia,001-735-466-7965,portiz@example.org,2020-04-30
4275,Crystal,Silva,Kuwait,243-926-1917x3611,leahduffy@example.org,2024-08-29
4276,Christopher,Christensen,Nicaragua,(834)370-9305,christopherburns@example.com,2020-06-17
4277,Joshua,Bradley,Georgia,+1-391-465-2708,jenniferperez@example.net,2022-10-10
4278,Daniel,Hernandez,Christmas Island,+1-336-601-7661x412,lewing@example.com,2022-03-03
4279,Angela,Jackson,Lithuania,+1-711-494-1377x4381,rodriguezdavid@example.org,2020-01-18
4280,Allison,Khan,Reunion,5602648020,davidali@example.org,2025-10-15
4281,Randy,Watson,Dominican Republic,455.397.7451,michelle73@example.org,2024-02-05
4282,Teresa,Mccarty,Marshall Islands,+1-324-423-1251,carlajones@example.com,2025-06-30
4283,Sean,Gray,Kyrgyz Republic,(318)518-2310x40343,james17@example.org,2022-09-12
4284,Courtney,Browning,Chad,001-913-843-5413,castrodaniel@example.net,2020-11-24
4285,Michael,Page,Nepal,663-649-1946,masseyluis@example.net,2021-02-16
4286,Lawrence,Gibbs,Saint Vincent and the Grenadines,+1-815-255-5185,johnsonbrenda@example.org,2022-04-21
4287,Nicole,Galvan,Falkland Islands (Malvinas),361.372.1191x18062,fnelson@example.org,2021-04-15
4288,John,Martinez,Isle of Man,917-891-7845,nweber@example.com,2024-07-29
4289,Michael,Goodwin,Niger,(772)315-2334x500,rickyschmidt@example.org,2024-05-26
4290,Debbie,Brown,Tanzania,293.218.7362x258,darrellnixon@example.net,2021-05-24
4291,Connor,Walker,Kenya,921.865.8600,megan62@example.com,2026-02-24
4292,Emily,Rivas,Samoa,(977)217-4365x15399,joneschristine@example.net,2023-02-14
4293,Andrew,Rivera,Sierra Leone,715.495.0499x6832,stephensolis@example.com,2025-04-30
4294,Terri,Braun,Bahamas,001-343-278-5874,christine69@example.org,2021-02-26
4295,Cheryl,Scott,Mauritania,+1-494-750-0577x569,kaitlyn68@example.com,2022-06-30
4296,David,Carter,British Virgin Islands,(971)733-5605,lleon@example.org,2024-08-01
4297,Kaitlin,Robles,Cayman Islands,+1-907-671-3832x9959,annestone@example.com,2021-09-27
4298,Julia,Hubbard,Kiribati,+1-335-583-2313x283,lauriemendez@example.net,2022-12-19
4299,Chad,French,Estonia,735.807.7314,igross@example.org,2025-12-21
4300,Katherine,Leon,Peru,001-802-867-4294x6890,jessica05@example.com,2021-11-20
4301,Julia,Hendrix,New Zealand,001-894-392-7276x67169,larry47@example.org,2022-06-08
4302,Linda,Lopez,Syrian Arab Republic,3329176830,bellmary@example.org,2021-11-26
4303,Rachel,Smith,Comoros,339.559.7283x570,frenchmark@example.org,2025-05-20
4304,Christopher,Compton,Cocos (Keeling) Islands,776.398.9214x863,scottwilliams@example.org,2026-01-17
4305,Kyle,Ibarra,Grenada,(472)765-9976,jennifer31@example.net,2024-03-03
4306,Mark,Huber,Cook Islands,646.326.2949,gjohnson@example.org,2024-03-19
4307,Tina,Hogan,Honduras,352.942.6793,esmith@example.com,2022-08-13
4308,Mariah,Parker,Cambodia,310-780-9016,zsteele@example.net,2020-05-23
4309,Autumn,Rodgers,Ireland,(201)513-2914x62753,hunterfaith@example.org,2024-04-07
4310,Matthew,Ellis,Lesotho,670.426.4801,zgarza@example.net,2020-10-25
4311,Heather,Bolton,Australia,8612654518,vwheeler@example.net,2026-03-03
4312,Tamara,Graham,Equatorial Guinea,5736838094,tiffany13@example.net,2025-07-17
4313,Brandon,Rodriguez,Latvia,(756)525-1376x742,cmartinez@example.org,2025-03-22
4314,Jacob,Morales,Malaysia,(256)588-1780x408,bmcclure@example.com,2026-02-28
4315,Ryan,Mcbride,Denmark,(602)201-7051x588,bflores@example.com,2021-11-29
4316,Derek,Jones,Saudi Arabia,6652603198,rgomez@example.net,2021-05-20
4317,Amanda,Smith,Poland,001-779-506-5444,martinalejandra@example.net,2025-01-20
4318,Beth,Bullock,Macao,+1-710-202-7815,dpena@example.net,2020-07-22
4319,Andrea,Quinn,Iceland,869-588-7899,danielleallen@example.com,2020-06-06
4320,Ann,Carter,Belgium,709.201.1950,casey33@example.org,2023-09-15
4321,Heather,Williams,Haiti,+1-620-359-7100,chaneyelizabeth@example.net,2024-01-26
4322,Joseph,Richardson,Marshall Islands,(829)303-0854x370,nwilliamson@example.net,2023-11-02
4323,Nicholas,Mcintyre,Slovakia (Slovak Republic),001-206-609-9767,richardchang@example.org,2022-09-10
4324,Cynthia,Williams,Pitcairn Islands,300.608.9610,amysmith@example.com,2020-10-27
4325,Bryan,Houston,Kyrgyz Republic,590-452-4520,julian72@example.net,2023-01-23
4326,Anna,Schwartz,Iceland,229.552.6784x15948,romerotricia@example.com,2025-02-04
4327,James,Gomez,Anguilla,433.524.2800x525,hernandezkendra@example.com,2023-05-11
4328,Tracy,Maxwell,Lithuania,001-592-521-3414x1821,lgriffin@example.org,2022-05-31
4329,Andrea,Swanson,Belgium,(811)745-8012,millerjennifer@example.org,2021-07-03
4330,Brittney,Oconnell,Saint Pierre and Miquelon,9689766357,donaldmcdaniel@example.org,2022-04-12
4331,Lauren,Jackson,Swaziland,+1-371-444-6700x80683,kmay@example.net,2020-09-02
4332,Emily,Villa,Sudan,+1-774-524-0357x4833,forbessamantha@example.org,2020-05-14
4333,Kim,Horton,Botswana,001-743-623-1895,john30@example.org,2023-06-03
4334,Erica,Brown,Taiwan,722-923-9289x3273,destinywright@example.org,2020-12-03
4335,Lauren,Johnson,British Virgin Islands,(811)620-4082,john57@example.net,2025-04-04
4336,Ashley,Phillips,Ukraine,+1-730-570-8301x14671,mjones@example.org,2024-05-23
4337,Randall,Taylor,Nepal,001-502-918-2955,stewartamy@example.org,2021-11-14
4338,Holly,Randolph,Luxembourg,461-508-3723,katherine00@example.net,2022-10-16
4339,Ann,Gibson,Cape Verde,(569)257-0958x8586,kingpenny@example.org,2022-11-24
4340,Alexis,Morrison,Indonesia,619.513.7386x55734,rsolis@example.net,2020-03-30
4341,Ryan,Bryant,Iceland,760-566-4640x3158,brian82@example.net,2021-09-09
4342,Caitlin,Krueger,Fiji,448.900.1622,megannicholson@example.com,2024-11-19
4343,Arthur,Kelly,Australia,670-942-7815x55257,ingramjohn@example.org,2024-08-07
4344,Stuart,Brown,Iran,+1-662-613-9853,paulthompson@example.org,2024-09-18
4345,Tracey,Hernandez,Ukraine,790-596-8008,owalker@example.com,2023-01-11
4346,Michael,Martinez,Guinea-Bissau,(579)896-7190,umcintosh@example.net,2023-08-20
4347,Christopher,Mckinney,Ukraine,993.580.9653,erichardson@example.org,2020-03-06
4348,Amy,Gomez,Pitcairn Islands,(895)907-3385,jerry93@example.net,2024-01-10
4349,Paul,Frey,Jersey,(528)304-2080,michaelmckee@example.org,2024-12-27
4350,Elizabeth,Lopez,United States of America,428-817-3480x018,brettcooper@example.net,2020-08-21
4351,Amber,Peters,Bouvet Island (Bouvetoya),001-786-287-7902x361,hterry@example.org,2023-03-21
4352,Jonathan,Rodriguez,United States Minor Outlying Islands,891.245.6336,eperez@example.net,2021-11-29
4353,Victoria,Richardson,Niue,001-822-799-8939,alexandermartinez@example.com,2023-03-20
4354,Justin,Watkins,United Arab Emirates,8202350042,donna18@example.com,2021-09-13
4355,Julie,Nguyen,Ghana,9428460761,barbararamirez@example.com,2026-01-26
4356,Christine,Figueroa,Congo,911-237-4192,ygardner@example.net,2023-08-22
4357,Sean,Nguyen,Cayman Islands,001-822-302-1106x8904,wayne98@example.net,2024-09-18
4358,Laura,Walsh,Pakistan,827-821-2203x3440,meyerpatricia@example.org,2021-01-11
4359,Jeffrey,Acevedo,Sao Tome and Principe,(896)566-7330x57547,bakerjoy@example.org,2020-06-11
4360,Kyle,Cuevas,Samoa,001-691-516-5214x17203,whitedavid@example.com,2020-04-18
4361,Matthew,Wagner,Zambia,(232)313-4640,briggsnatalie@example.com,2021-02-16
4362,James,Acosta,Colombia,+1-705-400-4222x2203,weberholly@example.net,2020-06-07
4363,Brian,Smith,Saint Barthelemy,+1-961-624-5030x507,geoffrey98@example.org,2021-11-21
4364,Patricia,Reed,French Polynesia,(670)202-4577,tina25@example.org,2024-11-24
4365,Deanna,Brown,Zambia,(374)375-6803,sandra71@example.com,2025-12-01
4366,Glenn,Davis,Sweden,+1-262-434-2380,lgarcia@example.net,2025-07-24
4367,Caroline,Henry,Antarctica (the territory South of 60 deg S),666-387-5348,anthony39@example.net,2022-03-23
4368,Michael,Johnson,Iraq,+1-350-277-3199x027,angela05@example.net,2021-03-26
4369,Latasha,Perry,Kuwait,001-833-221-4772x6386,taylorsamantha@example.com,2023-05-28
4370,Adam,Williams,Netherlands,778-402-7338x2717,dgilbert@example.com,2024-10-08
4371,Annette,Richardson,Bosnia and Herzegovina,(426)360-4696x45960,laurendillon@example.org,2025-11-12
4372,Kyle,Gray,Palau,(511)619-1087x8164,matthewlara@example.com,2021-12-13
4373,Amy,Smith,Kuwait,604.772.8911,bakermary@example.org,2020-03-25
4374,Tyler,Mckay,Estonia,544-386-4560,kerrihorton@example.com,2025-08-03
4375,Shawn,Porter,Netherlands,+1-648-560-4917x1919,weberlisa@example.net,2025-03-28
4376,Mary,Williams,Slovakia (Slovak Republic),(645)989-8412,rhaney@example.com,2020-04-19
4377,Paul,Le,Belgium,364-624-0336x686,laura12@example.net,2021-05-17
4378,Christine,Banks,Sri Lanka,983.600.1827,loriward@example.org,2022-02-19
4379,Jason,Finley,United States Minor Outlying Islands,611.842.5211x96650,terry33@example.net,2020-04-30
4380,Vickie,Gonzalez,Iraq,001-945-675-7243x9450,lewhitney@example.net,2023-11-29
4381,Eric,Hall,Latvia,315.880.4463x562,rbriggs@example.com,2023-12-11
4382,Jonathan,Brown,Comoros,+1-352-500-7921x5494,jennifer24@example.org,2024-04-09
4383,Roberta,Daugherty,Bahrain,001-633-829-5089x893,caitlinlawrence@example.org,2021-12-19
4384,Cassandra,Johnson,Kyrgyz Republic,6926680285,egutierrez@example.net,2021-09-12
4385,Randy,Hill,Portugal,419-755-8049x399,cheryl94@example.com,2024-02-12
4386,Allen,Hamilton,Lesotho,+1-236-214-3884x916,christophersmith@example.org,2022-07-20
4387,Devin,Sanders,Iraq,(891)975-6350,rsolis@example.org,2025-01-04
4388,Julie,Gutierrez,Mauritania,(617)372-2701x0510,mstout@example.com,2020-02-10
4389,Kristy,Cain,Oman,(685)935-9258x0823,woodsydney@example.net,2021-07-14
4390,Patrick,Gray,Myanmar,001-995-778-0389,lwatson@example.org,2025-02-23
4391,Leslie,Schmidt,Sao Tome and Principe,9869993483,leslie00@example.org,2020-09-05
4392,Donald,Thomas,France,001-705-720-7022,cvaughn@example.com,2024-01-09
4393,Bailey,Wagner,Mozambique,(312)305-3844x4445,ffox@example.com,2021-11-14
4394,Kathryn,Shields,Poland,+1-943-428-3197,steven24@example.com,2023-02-15
4395,Alicia,Bowers,Saint Lucia,+1-937-884-8959,gregory47@example.org,2024-07-12
4396,Joseph,Mccormick,Rwanda,(775)268-1176x1512,fbrooks@example.com,2025-07-04
4397,Travis,Cortez,Luxembourg,(559)622-2834,rileydominic@example.com,2023-01-17
4398,Alyssa,Clark,Croatia,(205)938-4860x7164,jeremylewis@example.net,2024-10-25
4399,Michael,Payne,Rwanda,807-821-3017,rodriguezpatricia@example.org,2021-12-22
4400,Phillip,Forbes,Saudi Arabia,535-843-4918x17958,josephbarker@example.com,2024-03-27
4401,Peter,Scott,Belgium,+1-802-800-1960x8396,ltucker@example.com,2025-01-15
4402,James,Anderson,Sweden,903-747-3285,carpenterwilliam@example.com,2024-04-05
4403,John,Haley,Rwanda,(532)397-8601,bradfordjames@example.net,2022-06-25
4404,Billy,Meyers,Norway,214.647.6510,fjones@example.com,2025-06-11
4405,Lauren,Jordan,Gabon,(991)331-7832x746,danielle02@example.com,2020-10-29
4406,Susan,Diaz,Syrian Arab Republic,+1-280-256-8958x24783,daniel20@example.com,2024-12-22
4407,Kevin,Combs,Dominican Republic,971-353-2607x23886,timothyhorton@example.org,2022-09-20
4408,Heather,Brooks,Zambia,584-532-1517x2248,ivasquez@example.com,2026-03-08
4409,Theresa,Jennings,Netherlands Antilles,(708)510-0009x313,nhester@example.com,2024-04-14
4410,Shawn,Jimenez,Liechtenstein,643.249.4903x53171,vgould@example.net,2024-03-07
4411,Seth,Hernandez,Djibouti,604.592.9864x6440,michellehenderson@example.org,2025-03-26
4412,Gabriela,Hebert,Tonga,(343)713-7036,luceroscott@example.org,2020-04-25
4413,George,Holden,Jamaica,001-816-505-9792x0209,jgibson@example.org,2023-01-19
4414,Drew,Delgado,Svalbard & Jan Mayen Islands,630-266-3095,jamesbrown@example.com,2021-07-27
4415,Lindsey,Jenkins,Bolivia,+1-842-929-4813x72523,kimberly69@example.org,2020-01-21
4416,Jasmine,Cunningham,Belize,+1-398-966-8833,flemingmikayla@example.net,2023-11-30
4417,Hannah,Davis,Guernsey,898.529.7703x31027,qaustin@example.org,2025-10-23
4418,Kimberly,Lopez,Croatia,(778)582-8902x667,ekerr@example.org,2020-06-22
4419,Robert,Conner,Botswana,976.405.1099x2519,qrodriguez@example.net,2024-07-06
4420,Peter,Sutton,Cambodia,001-386-489-4219x516,nathanhahn@example.org,2020-07-17
4421,Javier,Skinner,Croatia,+1-256-840-9942x2855,beckercharles@example.net,2023-04-01
4422,Matthew,Jarvis,Nauru,(580)337-0839x873,johnnyblake@example.com,2024-02-14
4423,Jessica,Romero,Albania,206-570-6592,pettydebbie@example.org,2023-06-15
4424,Lori,Simmons,Cayman Islands,878-419-9192,rrobinson@example.net,2022-11-03
4425,Nathan,Jackson,Botswana,762-307-3520x51807,guerramichael@example.org,2023-07-14
4426,Nicole,Logan,Cameroon,(475)316-1675,jose01@example.net,2023-09-20
4427,Teresa,Hart,Kazakhstan,001-619-424-9013,christopher41@example.net,2024-10-26
4428,Brandi,Bullock,Bosnia and Herzegovina,280-922-5692,mccarthykyle@example.com,2020-01-07
4429,Angela,Knapp,Andorra,(275)632-5468,richard61@example.org,2025-08-22
4430,Lori,Smith,Peru,580-928-2500,xdalton@example.net,2023-12-30
4431,Edward,Thomas,Bouvet Island (Bouvetoya),498.958.0101,james23@example.org,2023-08-06
4432,Sabrina,Estrada,Malaysia,982-508-8761x59030,zparker@example.com,2023-08-03
4433,Daniel,Harris,Georgia,340.328.7372,webbkim@example.org,2024-06-07
4434,Alison,Medina,Cyprus,4437497935,robin57@example.net,2022-06-01
4435,Ann,Rhodes,Dominica,001-763-673-9570x2872,kyle06@example.org,2026-02-26
4436,Kristin,Bridges,Palau,001-618-384-1666x40952,cmejia@example.com,2024-04-04
4437,Lisa,Campbell,Bahamas,416-655-5078x98131,donald59@example.net,2023-03-31
4438,Alicia,Martinez,Germany,(892)844-2954,cindy47@example.net,2024-06-30
4439,Cody,Young,Lesotho,450-568-6039x38406,timothy94@example.com,2024-04-21
4440,Curtis,Miller,Uganda,313.530.2388,keithjoshua@example.com,2020-05-20
4441,Patricia,Cook,Ethiopia,342.848.8908,hschmidt@example.net,2023-05-29
4442,Erin,Cooper,Djibouti,+1-614-339-3459,weberbarbara@example.net,2022-07-28
4443,Scott,Harris,Somalia,+1-205-575-4352x537,xgarcia@example.com,2025-09-13
4444,Todd,Gonzalez,Slovenia,001-358-629-5745x13414,nicholasnorton@example.org,2021-11-27
4445,Deborah,Hensley,Denmark,665-639-3735,maciasnicole@example.com,2025-02-24
4446,Christopher,Wilkinson,Australia,(711)669-1322x4436,sandyelliott@example.com,2024-01-09
4447,Bradley,Patterson,Ghana,+1-251-910-3471x117,gabrielerickson@example.com,2021-03-16
4448,Donna,Palmer,Panama,941-652-9963x95187,tammy42@example.com,2021-02-01
4449,Rebecca,Deleon,Niue,(857)768-9732x658,colleenbishop@example.net,2024-07-21
4450,Raymond,Smith,Belize,368-343-8337x547,ryanashley@example.com,2020-04-01
4451,Marc,Brown,Burkina Faso,001-583-819-9644x02186,turnerrebecca@example.net,2020-07-25
4452,Harold,Walton,Gambia,001-801-553-3864,espinozajacqueline@example.net,2025-10-30
4453,Shawn,Gray,Croatia,(329)450-1595x276,ngeorge@example.org,2023-07-14
4454,Carol,Saunders,Tokelau,559.669.8165,shelly28@example.net,2025-04-12
4455,Nicholas,Gordon,French Southern Territories,682-364-5695x518,qgomez@example.com,2022-07-13
4456,Reginald,Jackson,Nigeria,001-813-485-6674x5325,tammybarrett@example.net,2021-12-14
4457,Stephen,Chavez,Hong Kong,261.559.8667,victoriavega@example.org,2023-02-22
4458,Michael,Lynch,Serbia,+1-365-328-6627x718,brandi03@example.org,2024-04-06
4459,Brandon,Branch,Luxembourg,208-449-9202,jeffreyfleming@example.net,2020-10-23
4460,Melanie,Cohen,Morocco,519.910.4693,jhanson@example.com,2022-12-31
4461,Lisa,Martinez,Cocos (Keeling) Islands,393-432-6410x88804,daniel28@example.org,2020-04-27
4462,Chelsea,Bell,Armenia,686-434-8715,shannon80@example.com,2022-05-03
4463,Johnny,Stanley,Saint Barthelemy,2383116329,hamptonjamie@example.org,2025-03-08
4464,Stacy,Reed,Nepal,+1-572-947-9936x062,phillipsjessica@example.com,2022-01-01
4465,Aaron,Beasley,Norway,828-306-1212x93295,dschultz@example.net,2021-08-15
4466,Morgan,Rose,Antigua and Barbuda,001-345-785-7036x326,rivasyvette@example.net,2023-01-22
4467,Lauren,Sullivan,Micronesia,7575479310,josemitchell@example.com,2020-06-01
4468,Jacqueline,Schneider,Bosnia and Herzegovina,(427)357-6912,joneill@example.com,2022-10-19
4469,William,Perry,Spain,+1-763-208-1798,heatherpalmer@example.net,2025-03-30
4470,Troy,Sharp,Germany,001-993-802-8842,brittanymiller@example.net,2021-04-19
4471,Elizabeth,Jones,Reunion,644.362.6963,taylorsydney@example.com,2026-01-11
4472,Lori,Hampton,Guatemala,001-241-529-8526,jacobjohnson@example.net,2023-11-02
4473,James,Clark,Sierra Leone,+1-419-279-0893x0047,williampalmer@example.com,2023-08-31
4474,Nicole,Jordan,Belarus,7682175899,coxmichael@example.com,2021-06-01
4475,Patrick,Silva,Marshall Islands,8113867699,nicholas40@example.com,2023-03-15
4476,Adam,Martinez,Cameroon,572.388.7690,moraleszachary@example.com,2023-10-11
4477,Paul,Moreno,Korea,286.729.2766,aaroncole@example.org,2026-01-02
4478,Steven,Drake,Eritrea,(341)261-5266,cindy09@example.com,2020-03-26
4479,Michael,Smith,Fiji,287-356-1647,jason91@example.net,2023-11-05
4480,Nancy,Reynolds,Uzbekistan,+1-506-287-7812x2068,brandy34@example.net,2021-11-21
4481,Robert,Martinez,Dominica,(284)468-3826,cindy63@example.org,2021-05-09
4482,Karen,Gomez,Gabon,(630)945-1062x35918,hernandezlori@example.com,2025-07-14
4483,Christopher,Brewer,Costa Rica,001-283-785-1234x39489,wrightjohn@example.net,2022-05-10
4484,David,Powers,Swaziland,(218)981-5340,masseyjacob@example.org,2020-03-23
4485,Jamie,Villarreal,Saudi Arabia,491.587.6103x9324,salazarrobert@example.net,2024-04-30
4486,Andrew,Miller,Cyprus,653.632.6338x3559,hendrickstaylor@example.net,2022-06-07
4487,Donald,Hill,Cocos (Keeling) Islands,740-925-4164x2055,msanders@example.org,2021-05-20
4488,Vanessa,Lowery,Tanzania,351.750.0673x6705,cordovagrace@example.com,2021-12-04
4489,Jessica,Hunter,Ecuador,982-207-3281x1221,holmessteven@example.net,2025-10-08
4490,Kimberly,Norton,Belgium,879-608-2022x39591,ericingram@example.org,2020-01-02
4491,William,Nolan,New Zealand,5713622693,heatherwhite@example.com,2022-06-15
4492,Melissa,Martin,Libyan Arab Jamahiriya,842.887.0180x77042,bullockwilliam@example.com,2021-09-05
4493,Annette,Nguyen,Denmark,001-882-568-4911x0659,fcole@example.com,2023-08-15
4494,Wendy,Rodriguez,Ireland,(526)245-2710,monica31@example.com,2023-12-15
4495,Elizabeth,Gonzalez,Gibraltar,882-902-0140,ygarcia@example.com,2025-01-24
4496,David,Avila,Luxembourg,(306)890-1048x233,james11@example.org,2023-07-02
4497,Danielle,Jackson,Bolivia,586-444-1758x6522,ywillis@example.org,2022-01-23
4498,Kayla,Carlson,Cyprus,001-908-587-4076x3142,bradley61@example.com,2022-11-16
4499,Jacob,Wallace,Tuvalu,8424477412,michaelhughes@example.org,2022-11-14
4500,Paul,Copeland,Turkmenistan,926-799-0131x2751,jennifer67@example.com,2022-11-18
4501,Charlene,Clark,United States Virgin Islands,955.341.2090,jsmith@example.net,2020-01-29
4502,Jerry,Santos,Liechtenstein,(863)276-0796,darrellweiss@example.net,2021-08-15
4503,Brian,Cordova,Mayotte,001-521-264-7862x425,sherylsmith@example.org,2022-02-06
4504,Wendy,Peters,Kenya,534.753.7250x914,tammyfisher@example.com,2023-07-15
4505,Grace,Hoffman,Honduras,001-797-306-4252x28460,mathisjohn@example.com,2025-04-18
4506,Julie,Reeves,Saint Helena,248.993.2665x1548,sharon68@example.com,2024-08-19
4507,Kristin,Cox,Liberia,519.319.0640x55724,shane52@example.net,2021-12-05
4508,Daniel,Singh,Tajikistan,(261)717-5050x53129,justin71@example.com,2022-05-23
4509,Andrea,Nguyen,French Southern Territories,756.900.7521,ogreene@example.net,2020-02-11
4510,Kathy,Hicks,Brunei Darussalam,(694)696-3869,suzannehoward@example.com,2024-04-05
4511,Phillip,Gould,Falkland Islands (Malvinas),522.821.1809x8995,smiles@example.org,2025-03-25
4512,Jessica,Cohen,Burkina Faso,278.938.7881x14927,elizabethbest@example.org,2024-01-30
4513,Stacy,Burgess,Paraguay,998.303.3239x2845,robert89@example.org,2025-04-15
4514,Christina,Hartman,Netherlands Antilles,663.450.9460,williamstout@example.org,2020-12-10
4515,Michael,Burgess,Singapore,440.908.2795x893,melanie53@example.net,2020-12-08
4516,Bob,Joyce,Madagascar,367-213-0985,brownjonathan@example.net,2025-08-28
4517,Nicole,Carpenter,Ukraine,(436)590-2921x208,heathersolis@example.com,2022-07-26
4518,Christine,Wilson,Lithuania,+1-610-240-4586,mary42@example.com,2020-05-24
4519,Carla,Chavez,Guam,+1-981-209-6905x923,brittany22@example.net,2025-06-28
4520,John,Cooley,Croatia,(515)641-8447x154,zachary26@example.com,2023-03-31
4521,Melissa,Campbell,North Macedonia,338-639-1421x1242,istewart@example.org,2020-05-16
4522,Brenda,Jones,Micronesia,+1-421-632-0685x905,theresa81@example.org,2024-12-30
4523,Joe,Allen,United Arab Emirates,001-632-962-5285,lgoodwin@example.org,2022-12-21
4524,Judith,Torres,Botswana,565.353.1346x5281,juliesanchez@example.org,2022-11-12
4525,Sylvia,Brennan,North Macedonia,498-765-9113x1024,hendrickspreston@example.com,2024-07-30
4526,Christopher,Chavez,Mexico,001-644-872-1954,mmiller@example.net,2021-12-24
4527,Isabel,Rowe,Sweden,(888)949-7981x4189,hhart@example.net,2024-11-14
4528,Taylor,Fuller,Tonga,788-769-4950x36855,derekgonzalez@example.com,2023-03-13
4529,Natasha,Ryan,Kyrgyz Republic,(248)378-7575,christopher80@example.net,2023-04-01
4530,Mark,Nelson,Kazakhstan,856-661-2026x660,pacevedo@example.net,2025-11-19
4531,Tracy,Peterson,Afghanistan,(361)759-8440x28929,yorkmargaret@example.org,2020-04-05
4532,William,Elliott,Heard Island and McDonald Islands,(445)841-1075x8169,lopezbenjamin@example.net,2023-04-03
4533,Tiffany,Gutierrez,Ethiopia,(451)523-3052x58577,brooksmark@example.org,2024-06-28
4534,Colleen,Brooks,Rwanda,6032206441,jburgess@example.com,2021-03-01
4535,Todd,Clements,Israel,(229)291-8958x539,brenda07@example.com,2021-12-29
4536,Michael,Leach,Brazil,001-963-792-5532x14968,alexander17@example.org,2026-02-16
4537,Kenneth,Simmons,Bahrain,001-444-979-8845,jeremy88@example.org,2024-06-21
4538,Gregg,Moore,Bosnia and Herzegovina,001-696-687-0598x1877,palmerpaul@example.org,2024-03-31
4539,Stephen,Zhang,Barbados,599-900-1338x168,eboyd@example.com,2022-05-25
4540,William,Whitehead,United Arab Emirates,+1-939-972-0135x1936,dholt@example.com,2020-02-22
4541,Jesse,Hughes,Equatorial Guinea,4094648768,tiffany01@example.net,2023-11-28
4542,Alyssa,Davis,Luxembourg,001-430-862-0026x156,llewis@example.net,2024-01-17
4543,Joshua,Garcia,Swaziland,715-599-7386x788,carolyn20@example.net,2024-10-28
4544,Thomas,Weiss,Sweden,+1-455-557-4725x29964,perrytanya@example.org,2020-09-16
4545,Mark,Harris,Somalia,226.210.4311,tyler40@example.net,2025-01-01
4546,Keith,Wilkinson,Senegal,001-465-314-2287x5096,antonioheath@example.net,2023-03-30
4547,William,Soto,Egypt,494.512.1450,browndarryl@example.net,2021-10-18
4548,Joseph,Rodriguez,Lithuania,+1-303-583-9555,erin70@example.org,2022-06-30
4549,Melissa,Carter,Mayotte,+1-972-273-1382x65830,james81@example.com,2025-01-28
4550,Pamela,Walls,Trinidad and Tobago,244.238.9062x69070,crogers@example.org,2021-01-10
4551,Scott,Simon,Reunion,(521)722-0363x441,charles09@example.com,2021-01-27
4552,Tanya,Blankenship,Gabon,361-339-5857,stephaniehill@example.net,2021-07-17
4553,John,Davidson,Norway,730.716.8225x2043,pennycastaneda@example.net,2021-12-19
4554,Andrew,Price,Antigua and Barbuda,001-769-633-0910x76243,mmitchell@example.com,2020-01-30
4555,Ashley,Mitchell,El Salvador,001-301-632-5710x7034,ewilliams@example.org,2022-07-17
4556,Bruce,Rice,Australia,(604)788-7795x3772,danaburns@example.com,2025-08-11
4557,Bonnie,Rice,Libyan Arab Jamahiriya,+1-966-975-2117x2793,jeffreysimmons@example.org,2022-05-24
4558,David,Barry,Malawi,535.462.3856,dkirby@example.com,2025-02-27
4559,Erin,Ward,Antigua and Barbuda,(381)663-8720x91124,nlopez@example.com,2021-05-10
4560,Misty,Cooke,France,(954)242-5882,eric24@example.net,2026-02-09
4561,Douglas,Green,Ghana,883-549-4238,russellthomas@example.org,2020-04-27
4562,Scott,Hernandez,Kiribati,344.684.4778x93025,zvaldez@example.com,2025-10-06
4563,Dennis,Lane,British Indian Ocean Territory (Chagos Archipelago),278.917.0939x82334,mckeegabriel@example.com,2025-06-19
4564,Jimmy,Mcdaniel,Montenegro,989.384.8703x70619,james08@example.com,2022-11-10
4565,William,Drake,Uzbekistan,5836367063,haileyjones@example.net,2025-02-12
4566,Renee,Wheeler,Kazakhstan,522.457.3531,rcamacho@example.org,2026-02-06
4567,Billy,Juarez,Barbados,001-822-659-2146x251,margaretschultz@example.org,2022-07-07
4568,Tyler,Thomas,North Macedonia,406-998-1176,mackenziepoole@example.net,2026-03-02
4569,Melanie,Guerra,Syrian Arab Republic,001-347-662-8272x5694,drobbins@example.com,2025-02-01
4570,Madison,Mcdaniel,Isle of Man,752-813-4159,briancallahan@example.net,2020-12-21
4571,Jonathon,Meyer,Bosnia and Herzegovina,+1-785-748-7691x82196,zthomas@example.com,2022-08-06
4572,James,Gallagher,Congo,975.546.6599,adamfoster@example.net,2021-03-01
4573,Janice,Martin,Czech Republic,(988)203-8060x4226,shawnafoster@example.org,2021-01-30
4574,Dennis,Wilkins,Lebanon,958-621-3731,martinezalan@example.com,2022-08-30
4575,Patrick,Copeland,French Polynesia,+1-376-396-8654x5148,ubutler@example.org,2020-08-30
4576,John,Ballard,Honduras,001-625-888-0943x93485,marknguyen@example.com,2025-04-05
4577,Paul,Smith,Nigeria,+1-827-590-2057x95006,kimberlyrivera@example.com,2020-03-10
4578,Joel,Todd,Ukraine,+1-225-255-4703x3313,melanie27@example.org,2023-01-21
4579,Natalie,Allison,Nepal,+1-841-737-4046x109,ndaniel@example.com,2020-10-18
4580,Penny,Mckay,Chile,5127190825,robert31@example.org,2025-10-09
4581,Stephen,Villarreal,Madagascar,+1-839-771-8306x165,wallermark@example.com,2022-09-28
4582,George,Sparks,Angola,8986579720,ryannorton@example.com,2025-07-24
4583,Carlos,Weber,Spain,001-498-976-8156x90649,whitemarc@example.org,2020-06-29
4584,Ronald,Bishop,Iraq,244.436.9704x11978,stephanie73@example.net,2021-01-29
4585,Courtney,Rodriguez,Fiji,(466)419-3863x652,joshua96@example.org,2021-12-30
4586,Thomas,Cook,Czech Republic,(601)778-9661x71621,lreyes@example.net,2023-04-20
4587,Peter,Mcclain,Eritrea,8363162918,tjohnson@example.org,2021-03-22
4588,Stephanie,Thompson,Netherlands Antilles,(742)616-1680x96077,rodriguezzachary@example.com,2020-11-01
4589,John,Price,Lesotho,391-673-9337x3845,clinegeorge@example.com,2021-09-05
4590,David,Navarro,Chad,+1-504-387-6668x748,diana99@example.org,2025-12-01
4591,Andrea,Hodge,Sri Lanka,314.769.7441,mike64@example.org,2023-09-18
4592,Tiffany,Campbell,Sao Tome and Principe,4725764842,johnwilliams@example.net,2022-10-08
4593,Jeffrey,Taylor,Venezuela,783.391.8741x5868,tamara70@example.org,2024-05-01
4594,Steven,Johnson,Malta,462.323.7820x4996,dean86@example.org,2023-07-04
4595,Diana,Bowen,Equatorial Guinea,(921)778-7501x540,berrysherry@example.net,2023-06-04
4596,Karen,Carrillo,Bosnia and Herzegovina,+1-815-666-1261x107,rross@example.org,2024-07-25
4597,Sonya,Craig,Denmark,8115700634,madeline63@example.net,2021-09-21
4598,Alyssa,Mitchell,Western Sahara,7825654716,peggy95@example.com,2024-07-30
4599,Benjamin,Ramirez,Burkina Faso,969.514.9991,caustin@example.org,2021-05-16
4600,Mary,Bernard,Lebanon,001-454-661-7793x97068,bsimon@example.com,2023-03-11
4601,Paul,Berry,United States Virgin Islands,802.313.2192x08972,sjoseph@example.com,2020-02-19
4602,Robert,Frazier,Marshall Islands,+1-941-727-7450,cookchristina@example.net,2024-03-03
4603,Angela,Williams,Tajikistan,+1-875-868-0026x1112,jacksonbryan@example.com,2022-02-21
4604,Kelly,Riley,Nicaragua,734.924.6936,chungjodi@example.net,2022-10-09
4605,Leslie,Cabrera,Seychelles,916-260-1735x160,andersonamanda@example.com,2024-07-31
4606,Paul,Hamilton,North Macedonia,235.966.1560,elizabeth99@example.org,2021-06-05
4607,Keith,Collins,French Polynesia,720.380.3286,sanchezdaniel@example.net,2024-06-27
4608,Tracy,Conner,Burundi,349.702.3195,jesse86@example.com,2026-03-01
4609,Christopher,Valencia,Kiribati,522-260-2495,bradleycole@example.org,2023-06-26
4610,Kristin,Gray,Dominica,224.570.3909,ycrawford@example.com,2024-02-09
4611,Michael,Cruz,Spain,+1-871-536-6273,clee@example.org,2022-08-19
4612,Stephanie,Solomon,Malawi,+1-310-805-6988x9212,dorothyhowe@example.net,2026-02-20
4613,Robert,Burton,Heard Island and McDonald Islands,9415089104,kavery@example.net,2023-09-02
4614,Erika,Gross,Christmas Island,285-655-5569x43044,tracy35@example.com,2024-07-12
4615,William,Campbell,Belgium,692.971.7078x42469,davisernest@example.org,2020-06-06
4616,Richard,Castillo,Yemen,642-667-3014x81128,hmiller@example.net,2025-11-27
4617,Eric,Harris,Senegal,503.719.7480,julie98@example.net,2022-08-26
4618,Scott,Ballard,Senegal,818-415-5823,tim21@example.com,2024-02-16
4619,Lee,Brown,Niger,001-327-365-5573x7670,donald04@example.org,2025-04-24
4620,Kathleen,Bowen,Azerbaijan,+1-463-467-2862,mary94@example.net,2024-02-19
4621,Daniel,Jones,Somalia,+1-730-876-4281,samanthakelly@example.com,2021-05-10
4622,Edward,Thompson,Switzerland,217-595-3063,johnathanpeterson@example.com,2020-03-22
4623,Gary,Baker,Burkina Faso,(697)748-8091,xhenson@example.com,2024-12-20
4624,Mary,Graham,New Zealand,521.485.8235x377,garyandrews@example.org,2021-03-08
4625,Joanne,Johnson,Lebanon,6753340055,thompsonjohn@example.org,2020-06-04
4626,Bobby,Santos,Tunisia,244-262-0833x0293,thomasdarren@example.net,2024-09-23
4627,Julia,Johnson,Mexico,+1-863-387-7174,rgomez@example.org,2022-05-06
4628,Kimberly,Turner,Thailand,+1-333-296-2105,maryperry@example.net,2025-03-20
4629,Eileen,Scott,Paraguay,001-257-901-5775x777,donaldrandall@example.com,2020-01-13
4630,Rachel,Romero,Pakistan,941.977.7674x211,joshuahoward@example.net,2023-03-09
4631,Cassie,Sanders,Singapore,995.770.8252,edward32@example.com,2022-12-14
4632,Jamie,Keller,Belize,229-607-1754,davidortiz@example.org,2022-09-22
4633,Jennifer,Cochran,Sudan,001-608-563-4765x596,bushdiane@example.net,2022-10-13
4634,Caleb,Perez,Fiji,222.285.7330x7484,robertle@example.org,2025-03-24
4635,Renee,Hansen,Cyprus,001-370-312-4508x4526,mikewilliams@example.com,2024-12-01
4636,Julie,Russell,Sierra Leone,664-536-2974,morenoholly@example.net,2025-02-17
4637,Bailey,Schneider,Peru,001-205-455-2484x8759,lauriewilson@example.com,2023-06-17
4638,David,Williams,Mayotte,001-606-591-3030,snash@example.com,2021-04-06
4639,Paula,Benson,Panama,7787260918,ariel73@example.org,2022-12-09
4640,Jacqueline,Johnson,Belgium,313-615-7603x2438,timothymccormick@example.com,2023-02-07
4641,Eugene,Berry,United Arab Emirates,727.826.8935x342,amanda00@example.org,2023-11-12
4642,Stephen,Valencia,Saint Helena,+1-695-606-2775x17816,melendezmichael@example.org,2021-05-28
4643,Roberto,Sharp,Tunisia,001-483-678-8714x840,watersmaria@example.org,2021-01-05
4644,Sarah,Mueller,Denmark,743-938-4244,kathryn56@example.org,2020-04-23
4645,Jessica,Gomez,Jordan,+1-545-882-2939x00325,elizabeth11@example.org,2021-03-30
4646,Heather,Johnson,Lithuania,373.761.5530,joshuamarshall@example.org,2024-02-26
4647,Bryan,Warren,India,373.384.2170x273,iwilliams@example.org,2020-05-05
4648,Susan,Fuller,Turkmenistan,388-309-1565x963,elizabethmurphy@example.org,2025-03-29
4649,David,Larson,Brazil,(949)314-1151,zschmidt@example.org,2023-01-20
4650,Jodi,Daniels,Tanzania,+1-379-209-2773x8108,kathrynperez@example.org,2022-06-20
4651,Edward,Duarte,Turkey,8695007291,tommy62@example.net,2020-08-16
4652,Brittany,Olsen,Ukraine,+1-919-798-4462x835,pauljackson@example.com,2021-06-24
4653,Amanda,Wright,Costa Rica,(763)786-5354x5640,kathryn75@example.com,2021-09-27
4654,Dennis,Cook,Estonia,+1-531-873-2222x63627,jessica64@example.net,2024-12-01
4655,Jeremy,Hall,Central African Republic,(725)593-3691,carterabigail@example.org,2024-02-23
4656,Steven,Shannon,New Zealand,531-695-3851,llee@example.org,2023-06-01
4657,Anna,Mckenzie,Bouvet Island (Bouvetoya),001-258-581-1322x4986,jessica78@example.org,2020-02-02
4658,Jennifer,Jones,Comoros,(903)996-5466,pcook@example.net,2025-04-29
4659,Nicholas,Thomas,Afghanistan,+1-393-368-4654,mpayne@example.net,2024-12-24
4660,Jeffrey,Henry,North Macedonia,001-787-826-7195x157,virginiadelgado@example.com,2021-12-05
4661,Douglas,Castillo,Belize,504.369.4857x68146,xcarlson@example.com,2021-09-25
4662,Ashley,Gross,Uzbekistan,917.645.5469x919,zmorgan@example.org,2023-04-11
4663,Ann,Fleming,Hungary,+1-365-795-1698,elopez@example.com,2022-12-23
4664,Shawn,Baker,Mayotte,(966)837-8506x85135,tmcknight@example.org,2021-09-02
4665,Andrew,Gray,Lao People's Democratic Republic,221.407.6869x7401,mritter@example.com,2025-12-10
4666,Andrea,Morris,Monaco,779-514-7710x0172,jason46@example.com,2020-10-06
4667,Richard,Miller,Cambodia,704-512-9878,wagnercody@example.net,2021-06-23
4668,John,Johnson,Madagascar,515-216-8130x65368,hensleyjonathan@example.net,2025-02-26
4669,Bradley,Flynn,Bolivia,465-382-0194x91712,tlee@example.com,2023-09-12
4670,Stephen,Gill,Sri Lanka,001-491-223-3906x069,pricecarolyn@example.com,2023-01-21
4671,Michael,Marks,Finland,(783)466-9308,valerieterry@example.org,2021-03-18
4672,Jonathan,Yates,Burkina Faso,001-795-821-8939,camachokathryn@example.net,2023-04-23
4673,Joshua,Bridges,Cote d'Ivoire,351-629-6730x1806,contreraschristian@example.org,2026-01-28
4674,Brenda,Griffin,Tajikistan,+1-329-526-0784x954,campbellmichael@example.org,2022-09-19
4675,Brandy,Howard,Georgia,877-980-1789x0564,vrodriguez@example.org,2022-06-19
4676,Sherry,Sweeney,United States Minor Outlying Islands,727-780-0681,hannahcooper@example.net,2020-03-28
4677,Ariel,Ross,Bulgaria,643-435-9949x38248,jonathan24@example.org,2022-10-23
4678,Robert,Harper,Albania,852-497-2655x894,penningtonamy@example.com,2021-07-27
4679,Travis,Romero,Palestinian Territory,+1-203-708-9839x526,justin93@example.org,2025-01-21
4680,Leah,Wiley,Pitcairn Islands,(255)536-1165x201,katherine57@example.org,2023-12-15
4681,James,Cunningham,Bolivia,2122248126,james43@example.org,2021-05-08
4682,Victoria,Luna,Guernsey,+1-689-641-4926,cummingskevin@example.org,2021-12-06
4683,Christopher,Stone,Cote d'Ivoire,001-762-489-5101x3474,amy26@example.org,2021-08-13
4684,Justin,Johnson,Liberia,577.340.1241x853,tmarquez@example.org,2023-11-06
4685,Crystal,Mckee,Kenya,001-677-823-1662x921,stephenroberts@example.org,2023-10-16
4686,Joseph,Perkins,Panama,2395841860,rmiller@example.net,2020-12-01
4687,Erin,Liu,Myanmar,751.890.9626x84329,joseph48@example.net,2022-04-10
4688,Hannah,Mcdonald,Italy,(466)928-6249x865,bharris@example.com,2024-02-05
4689,Erika,Byrd,Eritrea,(733)493-8950x67890,yedwards@example.net,2022-03-15
4690,Steven,Lucas,United States Virgin Islands,+1-860-318-2215,johnjohnson@example.org,2025-03-30
4691,Carol,Preston,Tonga,632.992.6838x011,meganburke@example.net,2023-10-28
4692,Jeffrey,Wallace,Saint Pierre and Miquelon,(357)218-3430,eric10@example.com,2023-05-04
4693,Courtney,Walker,Uruguay,274-399-3185x249,michaeldaniels@example.net,2023-07-20
4694,Samantha,Horn,Saint Helena,318.895.8503x589,pennyritter@example.net,2021-03-17
4695,Alyssa,Salinas,Mali,(839)772-9791x63453,wardtanner@example.org,2024-12-08
4696,Teresa,Carrillo,Bouvet Island (Bouvetoya),001-651-443-0300,jesselynn@example.com,2021-04-09
4697,Zachary,Sullivan,Saint Kitts and Nevis,001-824-263-7022,omatthews@example.com,2021-07-11
4698,Michael,Spence,Cape Verde,808-431-4074,ashley86@example.com,2022-11-22
4699,Krista,Johnson,Germany,+1-789-360-6286x179,calvin12@example.com,2023-06-29
4700,Cory,Bolton,French Guiana,(527)996-4495,groberts@example.com,2022-01-12
4701,Allen,Sullivan,Malawi,+1-377-212-0692,craig37@example.com,2024-08-25
4702,Malik,Walsh,Iraq,946.710.2616x474,isabella94@example.com,2021-10-31
4703,Amy,Dickerson,Djibouti,001-509-573-3282x5080,thansen@example.com,2025-06-06
4704,Catherine,Ward,United States Virgin Islands,001-821-592-4685x278,andersoncheryl@example.com,2021-12-22
4705,Roy,Costa,Serbia,001-470-686-2903x82956,andersonsara@example.com,2025-02-04
4706,Roy,Peterson,El Salvador,+1-590-957-0970x21046,mramos@example.org,2021-08-22
4707,Elizabeth,Hahn,Tajikistan,629-533-6914x478,lopeztimothy@example.com,2023-02-09
4708,Kevin,Rodriguez,Bulgaria,+1-554-542-6221,vtucker@example.org,2022-04-21
4709,Carly,Jordan,Burundi,+1-362-267-4987,jonesbecky@example.org,2021-12-07
4710,Dakota,Mathis,Congo,939-723-6086x79761,nicolehunt@example.net,2020-06-02
4711,Christopher,Morgan,Gambia,+1-396-288-9071x29677,brian84@example.org,2023-01-22
4712,Jeremy,Baker,Mayotte,603.714.5258,elizabeth60@example.net,2020-08-18
4713,Sylvia,Rivers,Israel,001-903-557-1997x46993,philipgonzalez@example.org,2020-06-24
4714,Denise,Burns,Grenada,489.425.9113x3647,andrea63@example.net,2024-07-30
4715,Julia,Buck,Germany,370.948.9263,stevenhorne@example.net,2025-05-18
4716,Danielle,Evans,Myanmar,(354)275-6664x22683,natasha88@example.com,2022-07-28
4717,Susan,Black,Syrian Arab Republic,001-475-345-9449x83551,cynthiamartin@example.com,2020-11-17
4718,Becky,Knox,Belize,001-482-581-0373x379,kedwards@example.org,2020-09-05
4719,Samuel,Williams,Cameroon,831-570-6758,megan54@example.net,2024-09-23
4720,Elizabeth,Brown,India,2477330645,brandon79@example.org,2023-08-06
4721,Brittney,Meadows,Germany,+1-288-764-0766x5145,paul14@example.com,2023-07-18
4722,Stephanie,Stewart,Central African Republic,001-273-902-2057,ryanluna@example.net,2022-02-27
4723,Evelyn,Oliver,United States Minor Outlying Islands,7585509088,robertsontiffany@example.net,2022-04-20
4724,Dennis,Marquez,Tokelau,(746)297-8673x5343,carolsullivan@example.net,2023-11-30
4725,Deanna,Johnson,Maldives,7404251896,bradley92@example.org,2023-03-25
4726,David,Parks,Heard Island and McDonald Islands,339-610-6071x1021,ashields@example.com,2022-03-03
4727,Alvin,Copeland,Brazil,926.701.5138x976,phillipswilliam@example.net,2023-04-14
4728,Justin,Cummings,Bermuda,544-315-8757,william41@example.net,2025-09-10
4729,Andrew,Perez,Hong Kong,887-215-8035x4938,phill@example.org,2023-01-20
4730,Brandon,Collins,China,778-921-1073x98380,harringtonlinda@example.com,2026-02-05
4731,David,Espinoza,Costa Rica,859-734-5846x296,ldavis@example.com,2024-03-18
4732,Paul,Miller,Mali,(948)994-8041x81817,ythomas@example.org,2022-01-14
4733,Jill,Rollins,Benin,316-488-0112x9311,tylerjohnston@example.net,2024-12-15
4734,Robert,Grant,Brunei Darussalam,+1-953-252-2743x160,joe18@example.org,2025-01-14
4735,Nicole,Hoffman,Andorra,716-619-1927x778,cunninghamjonathan@example.org,2025-01-06
4736,Christine,Jones,Albania,+1-806-437-0160x1677,cookgloria@example.com,2025-12-23
4737,Jonathan,Salazar,Puerto Rico,+1-405-672-5252,johngonzales@example.org,2025-10-26
4738,Christina,Williams,Trinidad and Tobago,747-665-5216x789,beckercraig@example.com,2020-08-26
4739,Matthew,Reed,Jordan,(869)855-1201x20122,dennismartin@example.org,2025-11-27
4740,William,Booker,Malawi,(573)211-1288,lhickman@example.org,2020-06-14
4741,Jeffrey,Dawson,United States of America,001-367-479-8260x97573,amandajohnson@example.com,2022-03-22
4742,Daniel,Rodriguez,Bangladesh,001-203-731-6012x208,melissa68@example.net,2024-07-22
4743,Kevin,Hunter,Montserrat,+1-326-292-4950x6997,brian07@example.net,2021-09-17
4744,Laura,Hogan,Argentina,876.385.8300x92156,yvette87@example.com,2022-03-03
4745,Karen,Robinson,Honduras,(890)261-7443x6928,qdelacruz@example.com,2025-01-06
4746,Amy,Melton,Chad,359-245-5296,colleen64@example.org,2022-08-28
4747,Joan,Suarez,United States Minor Outlying Islands,(247)955-3699,perrymeredith@example.org,2021-10-24
4748,William,Stone,Mayotte,424.569.2966x0930,hlam@example.org,2024-07-17
4749,Robert,Rodriguez,Dominica,(680)425-8980x52355,xwagner@example.org,2021-06-01
4750,Aaron,Garcia,South Georgia and the South Sandwich Islands,682-447-8208,robinsonjason@example.com,2026-01-22
4751,John,Powell,Gibraltar,577-419-3546x6357,pmelendez@example.net,2024-02-24
4752,Kevin,Smith,Russian Federation,663-322-6605x7138,stephenskristi@example.com,2024-08-01
4753,Brooke,Ramos,El Salvador,(781)238-3140x48427,taylorkimberly@example.net,2022-12-22
4754,Chad,Meyers,Malta,734-533-3289x0092,joshua16@example.com,2021-11-15
4755,Evan,Costa,Belarus,001-662-981-9640,rebecca14@example.com,2022-03-22
4756,April,Wood,North Macedonia,4183245424,nwilson@example.net,2022-02-24
4757,Gregory,Mcdaniel,Moldova,001-558-779-6983,ortegaandrea@example.org,2020-12-19
4758,Jimmy,Hawkins,Cote d'Ivoire,(343)537-7823,rileypatrick@example.org,2025-04-21
4759,Angela,Ayala,Sweden,001-415-250-3011x672,barryjones@example.com,2025-11-12
4760,Mark,Ramos,Portugal,3258614059,dmoyer@example.net,2021-10-20
4761,William,Adams,Lao People's Democratic Republic,001-605-810-0935x139,dcrawford@example.com,2024-11-13
4762,Margaret,Phillips,Thailand,708-244-8230x175,jason02@example.com,2023-04-22
4763,Alejandra,Oliver,Namibia,001-443-968-3363,martinezmichelle@example.net,2022-06-02
4764,Daniel,Bond,Iraq,544.419.2382,jacobskimberly@example.com,2020-11-03
4765,Joseph,Williams,Uzbekistan,948.564.7265,mhudson@example.com,2022-01-18
4766,Jacob,Mcdonald,Nicaragua,+1-288-936-1116x39771,allisonanita@example.org,2024-05-01
4767,Sarah,Obrien,Namibia,986-841-7082x82683,sgreen@example.com,2023-06-26
4768,Christopher,Sherman,Guinea-Bissau,611-418-8527,evalentine@example.org,2025-10-24
4769,Kimberly,Robbins,Pitcairn Islands,626-476-0251x9606,peckmichael@example.org,2024-09-02
4770,Joseph,Walker,Burkina Faso,437-751-6761x644,rossjohn@example.com,2024-12-06
4771,Amy,Jensen,Pakistan,374-689-1025,torresdavid@example.org,2020-04-30
4772,Sharon,Espinoza,Martinique,001-238-899-6396,daniellewilliams@example.net,2020-02-04
4773,Elizabeth,Wright,Senegal,538-733-4383x9412,timothywolf@example.org,2021-11-22
4774,Angela,Tucker,Uganda,613-398-6072x7011,dgray@example.com,2022-02-19
4775,Chelsea,Brown,British Indian Ocean Territory (Chagos Archipelago),966-745-8838x21517,melissajones@example.org,2021-09-15
4776,Hannah,Kelly,Guinea-Bissau,210-528-1283x6199,janetbond@example.com,2023-04-04
4777,Michelle,Daniel,Guatemala,001-497-697-1317x23155,stephenssarah@example.org,2024-10-23
4778,Tracy,Moore,Latvia,001-490-474-4264x21562,cwilliams@example.net,2023-01-13
4779,Jason,Boyd,Iran,427-739-5763x26454,lopezrichard@example.com,2020-10-07
4780,Derek,Thomas,Myanmar,(583)800-4539x86738,robincarrillo@example.net,2021-11-26
4781,William,Lin,Montenegro,862-256-4283,gardnerdustin@example.org,2022-05-04
4782,Jennifer,Green,Saint Kitts and Nevis,233.766.0468x13077,emily42@example.org,2025-07-06
4783,Michelle,Hunter,Syrian Arab Republic,(818)922-1104x26072,jenniferjohnson@example.com,2025-01-28
4784,Sean,Ellis,Netherlands Antilles,001-917-215-0966,ntanner@example.org,2025-03-15
4785,Maureen,Rice,Mali,001-718-300-4890x24556,dawnfisher@example.net,2023-04-16
4786,William,Martinez,Togo,839-804-1087x01470,christopher53@example.org,2023-11-25
4787,Jennifer,Stone,Wallis and Futuna,+1-273-494-5117x4174,karentodd@example.org,2021-01-20
4788,Rodney,Carter,Vietnam,+1-487-790-0794x73829,gonzalezjeffrey@example.org,2023-12-15
4789,Sandra,Baldwin,Kazakhstan,770.222.6257x422,qmccarthy@example.com,2024-12-01
4790,Kimberly,Thomas,French Southern Territories,418.412.7090x8581,russell29@example.net,2022-08-16
4791,Brianna,Rodriguez,Kuwait,001-799-411-1557x374,jonesalex@example.com,2021-10-11
4792,John,Alexander,Finland,869.744.7229x74915,connieford@example.org,2024-04-11
4793,Valerie,Brown,Falkland Islands (Malvinas),497.949.2774x137,joseph25@example.net,2025-06-20
4794,Sandra,Willis,Burkina Faso,(879)942-0982,eric68@example.org,2023-08-30
4795,Stacy,Lopez,Suriname,834.202.7041,oarellano@example.net,2025-12-16
4796,Kathryn,Simmons,Malta,(821)425-2028,davidsonmatthew@example.net,2022-11-13
4797,Denise,Ward,Algeria,5696431783,jaimephillips@example.org,2024-03-22
4798,Jonathan,Manning,Mozambique,(547)639-1906,jennifercoleman@example.com,2025-11-18
4799,Jonathan,Gibbs,Malawi,(366)868-5601x182,carla71@example.net,2024-02-17
4800,Stephen,Meyers,Thailand,+1-887-838-4474,ryankelly@example.org,2020-05-20
4801,Samantha,Boyle,Gabon,001-243-593-4916,lewisjoshua@example.net,2025-08-15
4802,Lynn,Harris,China,001-505-963-7218x912,brittany97@example.org,2021-11-21
4803,Ricky,Ross,Japan,627-630-4041x59481,kschroeder@example.org,2024-01-14
4804,Alec,Rice,Jordan,358.860.5710x0554,murraymichael@example.com,2024-10-27
4805,Jill,Garner,Poland,8225084084,mitchell12@example.com,2023-08-19
4806,Patricia,Baker,Niger,4606982467,xgonzales@example.org,2021-07-08
4807,Kenneth,Freeman,United States of America,365-715-3631x905,dmurphy@example.org,2025-11-11
4808,Patrick,Lee,Palau,720-345-2201x4622,matthew60@example.net,2021-09-29
4809,Sandra,Alvarez,Azerbaijan,+1-658-680-1139x166,theresahill@example.com,2022-04-24
4810,Michelle,Howe,Uruguay,206.207.2956,amy85@example.com,2022-08-15
4811,Valerie,Blair,Seychelles,001-761-785-6249x9408,tadams@example.org,2020-02-26
4812,Haley,Brown,Tajikistan,9949710966,james89@example.net,2020-09-10
4813,David,Mccarthy,Suriname,551.444.0397,andersonelizabeth@example.net,2023-11-23
4814,Nicholas,Edwards,Chile,+1-917-532-4228x53765,rollinstammy@example.net,2023-05-11
4815,Timothy,Kramer,Gibraltar,(675)713-7789,allenangela@example.net,2023-01-24
4816,Jessica,Simmons,Ghana,001-326-347-6666,jenkinsjacqueline@example.com,2024-03-02
4817,Christopher,Johnson,Niger,596.706.3105,kristindaniel@example.com,2025-02-28
4818,Joseph,Cook,Guyana,357.271.9797x21404,millerlauren@example.org,2022-08-27
4819,Lee,Morris,Afghanistan,(942)896-9335,bennettkristopher@example.org,2022-08-05
4820,Christopher,Kidd,Luxembourg,818-821-9625x4733,carrollmichael@example.com,2026-01-31
4821,Frederick,Austin,Benin,917-813-5024,scontreras@example.com,2024-06-20
4822,Steven,Summers,Peru,+1-823-638-4740,perezjames@example.org,2020-05-18
4823,James,Walker,Saint Helena,(572)824-2420x5890,gthompson@example.net,2025-10-04
4824,Robert,Stephens,Luxembourg,498.710.2719,wigginsronnie@example.com,2022-01-08
4825,Deborah,Salazar,Equatorial Guinea,883-872-1989x36961,landryraymond@example.org,2023-12-09
4826,Christopher,Rodriguez,Chile,(266)883-7263x72759,tnolan@example.net,2021-12-06
4827,Alicia,Rodriguez,Djibouti,(602)230-7459,justinwilliams@example.com,2021-07-18
4828,Michele,Stanley,Malta,8504353737,samuellowe@example.org,2021-10-25
4829,Eric,Gilbert,Israel,(426)458-5516x964,zachary00@example.net,2024-11-15
4830,Omar,Williams,Guinea,+1-325-963-7309,yruiz@example.net,2022-10-12
4831,Anthony,Gonzales,Kuwait,515.819.1488x70866,heidi58@example.net,2023-03-27
4832,Casey,Dixon,Senegal,+1-759-389-3049,monica38@example.net,2022-03-23
4833,James,Rodriguez,Somalia,973.914.2941,vanessa34@example.net,2022-08-07
4834,Bryan,Carlson,Cayman Islands,321.630.6841x73549,tony20@example.org,2024-06-29
4835,Matthew,Arias,Sao Tome and Principe,(623)692-5814x652,terri81@example.net,2024-11-07
4836,Heather,Huber,Costa Rica,644-403-3947x70080,james12@example.com,2025-01-03
4837,Robin,Horne,Malawi,583.635.2025,anita27@example.net,2023-02-07
4838,Sonya,Johnson,Zimbabwe,(644)826-5129,laurie87@example.com,2023-05-07
4839,Tammy,Franco,Antarctica (the territory South of 60 deg S),421-722-5598,benjamin96@example.com,2022-10-01
4840,Jennifer,Aguirre,Tanzania,+1-399-712-7370,ulopez@example.com,2020-03-14
4841,Robert,Roberts,Anguilla,001-473-302-2356x0922,ygriffith@example.net,2020-12-27
4842,Melanie,Douglas,Pakistan,584-708-5651,cynthiaoneill@example.net,2024-04-22
4843,Cristian,Knox,Montenegro,+1-790-875-8882x24588,kstout@example.com,2024-03-27
4844,Richard,Koch,Algeria,(483)684-5417x6976,robin08@example.net,2020-09-27
4845,Joseph,Thomas,Hungary,001-227-448-9542,igibbs@example.org,2023-09-24
4846,Kenneth,Ryan,Bhutan,8567345774,lbowen@example.org,2025-02-03
4847,Kathy,Jones,Rwanda,589-384-1063x9190,regina12@example.net,2023-04-29
4848,Rodney,Burgess,Saint Vincent and the Grenadines,(906)929-3300x951,haneybrittany@example.net,2020-08-18
4849,Rodney,Oliver,Rwanda,+1-949-789-8699x37648,thomasdouglas@example.org,2024-09-11
4850,Mark,Brown,Turkey,(550)273-9368x6899,ashleymitchell@example.org,2020-01-08
4851,Andrew,Sweeney,Afghanistan,795-557-3178,drakejennifer@example.com,2023-01-01
4852,Samantha,English,Timor-Leste,(235)709-8795,michael19@example.net,2021-06-03
4853,Denise,Contreras,Croatia,6844966824,lthompson@example.com,2023-12-08
4854,Jeffery,Adkins,Gabon,315-416-6600x421,powerstimothy@example.net,2025-11-10
4855,Matthew,King,Macao,(845)474-6745x99907,matthewwang@example.org,2025-02-13
4856,Michael,Arnold,Bouvet Island (Bouvetoya),+1-381-824-7027x7468,gmyers@example.org,2024-06-03
4857,Henry,Schaefer,Isle of Man,498.714.4344,lucas18@example.org,2025-08-30
4858,Ronald,Dawson,Montserrat,577-820-8826x937,qjones@example.com,2025-10-17
4859,Howard,Walton,New Zealand,522-295-1704x901,brownjohn@example.org,2025-04-08
4860,Steven,Smith,Algeria,631-362-5557x312,jason01@example.org,2025-03-22
4861,Tommy,Munoz,Honduras,001-493-401-1822x2784,millerabigail@example.org,2022-09-12
4862,Christopher,Bryant,Moldova,(760)651-6962x63162,mcollins@example.com,2025-07-23
4863,Sabrina,Taylor,Saint Pierre and Miquelon,913.216.3471x778,riveraapril@example.net,2024-08-18
4864,Kara,Andrews,Guinea-Bissau,001-510-856-6824x630,kellysean@example.com,2021-09-19
4865,James,Stevenson,Syrian Arab Republic,288.493.9978x34538,stanleyguerra@example.net,2023-02-08
4866,Sabrina,Martin,Bhutan,001-908-761-2032x5652,alvaradovanessa@example.org,2023-03-16
4867,David,Brown,Netherlands Antilles,871.958.6619,patrickbennett@example.org,2023-07-11
4868,Kenneth,Powell,Venezuela,4214858103,hunterdiana@example.com,2023-03-25
4869,Tara,Shaw,Syrian Arab Republic,001-406-510-1261x5367,veronicasmith@example.com,2020-12-18
4870,Jason,Lopez,Bangladesh,3663835253,fgraves@example.org,2021-12-28
4871,Amanda,Brown,Portugal,+1-633-270-3522x10231,christophervelasquez@example.org,2021-09-24
4872,Tracey,Gomez,Senegal,999-302-7699x342,charlescarson@example.net,2024-08-08
4873,Reginald,Yang,British Indian Ocean Territory (Chagos Archipelago),001-908-935-9286x1061,jason35@example.net,2022-11-18
4874,John,Evans,Australia,3054831329,katherine63@example.com,2024-03-11
4875,Thomas,French,Madagascar,(495)719-4614x788,ybrown@example.org,2023-02-26
4876,Shannon,Carrillo,Turks and Caicos Islands,(703)286-0380,allenjoshua@example.com,2023-04-11
4877,Sarah,Scott,Panama,272.420.2720,lhorton@example.org,2025-07-10
4878,Lauren,Wells,Turkey,+1-430-621-0425x3304,brianarodriguez@example.com,2021-07-03
4879,Monica,Howard,Guyana,316.431.5300x3187,hawkinskaren@example.com,2022-06-19
4880,Christine,Hobbs,Montserrat,970.384.2947,natalie51@example.net,2020-01-22
4881,Andrew,Nelson,Saudi Arabia,(223)552-3178x931,lawsoncory@example.com,2022-04-02
4882,Douglas,Sims,Mayotte,300-203-1621x80813,gmartinez@example.net,2023-03-28
4883,Stephanie,Taylor,Greece,+1-982-200-9839x6820,kimberly83@example.com,2024-06-13
4884,Thomas,Wood,Colombia,001-365-290-4852x25554,perezjacqueline@example.net,2023-02-10
4885,Alison,Smith,Syrian Arab Republic,766.852.7743x354,tmoreno@example.org,2026-02-12
4886,Michael,Smith,Grenada,+1-747-352-0811x3445,oliviareed@example.com,2020-03-19
4887,Randy,Flores,Estonia,764-707-7004,joshua92@example.com,2020-10-05
4888,Stephanie,Harris,Peru,380-228-5871x92376,marcostevens@example.org,2020-09-24
4889,Abigail,Lewis,Lithuania,802.773.7747x57071,marywilson@example.org,2025-01-25
4890,Gabriella,Benitez,Uganda,847.671.1037x414,mkrause@example.net,2025-01-10
4891,Teresa,Moran,Libyan Arab Jamahiriya,001-376-863-9258x05976,cruzmario@example.org,2023-03-30
4892,Jennifer,Martin,Honduras,001-662-954-8589,daniel69@example.org,2020-08-27
4893,Richard,Miller,Paraguay,001-567-201-2678x9067,lorrainerodriguez@example.com,2021-12-23
4894,Diana,Hickman,Australia,(906)914-0931x666,tina20@example.net,2025-11-19
4895,Paul,Coleman,Guatemala,560-865-7902x7461,lisapowers@example.com,2024-10-08
4896,Charles,Brown,Hong Kong,212-820-9956x5247,dianamontgomery@example.com,2022-02-04
4897,Robert,Crane,Saint Pierre and Miquelon,952-778-1785x99527,brendaarmstrong@example.org,2022-06-20
4898,Dawn,Hanson,Anguilla,858.364.9446,marcuswest@example.net,2024-11-30
4899,Pamela,Smith,Morocco,(599)926-2484x633,carterbenjamin@example.com,2021-05-09
4900,Ryan,Williams,Nauru,(521)292-7854x60205,herreraann@example.org,2024-06-17
4901,Bradley,Warren,Seychelles,433.230.7252,heather92@example.org,2020-05-01
4902,Raymond,Lam,Bosnia and Herzegovina,694-808-0809x88196,nlewis@example.net,2021-06-25
4903,Jason,Hendrix,United States of America,559.621.1222x6587,donald42@example.org,2022-10-09
4904,Susan,Barnes,Guyana,725.414.6369x16150,morriswillie@example.net,2024-02-26
4905,Jonathan,Allen,Kiribati,433.680.0678,walkerdennis@example.net,2024-01-07
4906,Jessica,Lynch,Botswana,001-893-538-4318x64759,lisa23@example.org,2021-03-12
4907,Jeffrey,Vargas,Isle of Man,494-966-6857x025,mcdonaldjustin@example.com,2022-11-21
4908,Diane,Campbell,Lithuania,267-533-2465x2345,shelby37@example.net,2024-02-01
4909,Sandra,Brennan,Iceland,724-695-8398,juan37@example.net,2021-02-24
4910,Cindy,Sweeney,Saint Helena,(958)650-3934x60552,johnsoncharles@example.org,2025-05-31
4911,Aaron,Lee,Slovakia (Slovak Republic),211.690.7344x2712,scase@example.net,2025-02-25
4912,Teresa,Lawson,Turkey,244-839-3236,mclaughlinjoshua@example.com,2023-09-11
4913,Kimberly,Ware,Georgia,001-927-481-9165x15847,karen90@example.org,2025-10-02
4914,Alexander,Bennett,Antarctica (the territory South of 60 deg S),+1-783-649-0251x7769,dpotts@example.org,2024-08-12
4915,John,Stevens,Singapore,+1-605-827-5546x65076,barnesshelly@example.com,2022-08-10
4916,James,Vega,Turkmenistan,841-243-9049x3031,hernandezmariah@example.org,2022-06-14
4917,Frances,Adams,Isle of Man,+1-688-480-4266x5701,williamjenkins@example.net,2024-02-09
4918,Carl,Moon,Hungary,715.640.3678,carlostorres@example.net,2020-08-28
4919,Nicholas,Curry,South Georgia and the South Sandwich Islands,001-605-728-8564,elizabeth29@example.com,2025-12-20
4920,Joseph,White,Kiribati,747-501-2893x91096,austin73@example.org,2020-04-21
4921,Andrea,Brock,Poland,001-425-429-5772x84229,brett70@example.org,2021-10-28
4922,Mark,Ho,Georgia,001-491-920-7697x2310,rcruz@example.org,2020-12-19
4923,Jorge,Wells,United States Virgin Islands,+1-789-644-1325x243,clarkvickie@example.net,2024-05-07
4924,Raymond,Scott,Uganda,001-494-419-5863x643,felicia62@example.net,2021-05-18
4925,Jeffrey,Wolfe,Iran,200.216.3619x6634,joshuamaddox@example.net,2023-04-04
4926,John,Peters,Senegal,956.710.5670x82931,anthony11@example.net,2024-03-05
4927,Michael,Vega,United Kingdom,(301)975-9979x1960,rioscarlos@example.org,2024-12-29
4928,Anthony,Coleman,Croatia,8868765642,dbarajas@example.com,2022-05-30
4929,Jonathan,Contreras,Spain,+1-966-274-5876x7496,samanthasmith@example.org,2021-09-11
4930,Hannah,Moody,Estonia,949.615.3046,znixon@example.org,2024-11-01
4931,Tyler,Clark,South Georgia and the South Sandwich Islands,(647)793-3821x28905,jessicawilson@example.com,2024-01-01
4932,Michael,Schneider,Pitcairn Islands,661.214.1199x448,shawmelinda@example.net,2021-12-25
4933,Brett,Wilson,Mauritania,(760)224-5303,vscott@example.net,2022-11-09
4934,John,Price,Wallis and Futuna,+1-225-410-5395x3425,kimberlywilliams@example.org,2025-01-12
4935,Stacy,Vaughn,Jersey,(200)780-4177x09491,myersadrian@example.com,2021-10-27
4936,Denise,Lewis,Nepal,001-720-749-1060,rsilva@example.com,2021-04-21
4937,Jennifer,Snyder,Paraguay,661.794.7027x5475,tatemichaela@example.org,2023-04-14
4938,Emily,Scott,Bahrain,4946821767,ewilliams@example.com,2021-10-07
4939,Justin,Bradshaw,Philippines,883.516.2738x97679,carolyndixon@example.com,2025-02-11
4940,Gregory,Saunders,United States Virgin Islands,647.355.2855,angelafarrell@example.net,2023-02-22
4941,Richard,Miller,Jersey,(375)693-8973x7951,carolyn22@example.org,2025-04-01
4942,Jack,White,Belgium,(252)681-7048,qevans@example.com,2022-08-18
4943,Tim,Smith,Solomon Islands,+1-652-911-3518x962,hsanchez@example.net,2022-11-05
4944,Ethan,Lane,South Africa,609-662-4624,nicholas54@example.org,2021-08-06
4945,Ashley,Cabrera,Madagascar,001-519-552-1866x9517,jchambers@example.com,2024-02-24
4946,Teresa,Quinn,India,+1-825-640-6231x22143,vgordon@example.org,2021-08-01
4947,Frank,Garrison,Mauritania,+1-933-679-3583,michaelmorris@example.org,2022-01-08
4948,Michael,Owen,Western Sahara,+1-751-771-4644x607,brandtangela@example.net,2025-08-15
4949,Marcus,Larsen,Russian Federation,001-505-324-6331,jamesmiller@example.net,2021-11-08
4950,Elizabeth,Collins,Saint Martin,001-254-667-2614x3544,thomaslauren@example.com,2025-08-12
4951,Matthew,Juarez,Croatia,+1-339-205-9236x8031,thomasrichard@example.org,2021-02-13
4952,Stephen,Hunt,Solomon Islands,(263)509-2107x32176,branchkimberly@example.net,2023-04-04
4953,Jill,Moore,Mozambique,9046097186,qjackson@example.net,2022-10-15
4954,Brenda,Johnson,Argentina,001-909-722-5164x16498,matthew04@example.net,2023-03-01
4955,Meredith,Marshall,Jordan,337.884.6720x5650,watsongina@example.org,2023-06-19
4956,Elizabeth,Herrera,Guinea,+1-613-884-2839x49162,kristengreen@example.net,2020-08-31
4957,Kimberly,Burke,Anguilla,3177963042,richard48@example.org,2020-06-14
4958,Justin,Drake,Japan,(494)546-4884,ncruz@example.net,2023-09-13
4959,Joshua,Robinson,Malawi,428-785-8097,adamchavez@example.org,2025-10-08
4960,Ian,Andrade,Italy,268.756.5207,lcabrera@example.org,2022-09-21
4961,Stefanie,Hartman,United States of America,355.644.7246x7738,nicolas73@example.net,2024-06-20
4962,Dawn,Wright,Martinique,001-686-523-2766x02432,stacyluna@example.org,2024-02-07
4963,Timothy,Cooper,Uruguay,+1-871-206-8141x48440,wcummings@example.net,2022-04-10
4964,Gloria,Jones,Bouvet Island (Bouvetoya),(279)698-1480x7568,brianmcbride@example.com,2023-02-20
4965,Brenda,Mason,Svalbard & Jan Mayen Islands,947.560.3537x38136,peter33@example.net,2024-11-27
4966,Christopher,Cabrera,Cuba,+1-911-331-1380,jasonlong@example.org,2023-07-04
4967,Alexis,Fuller,Namibia,(265)661-2634,moyermargaret@example.com,2022-12-26
4968,John,Hansen,Saint Vincent and the Grenadines,001-569-882-0315x23405,matthewwang@example.com,2021-06-22
4969,Russell,Miller,Pitcairn Islands,(895)254-3288,millstimothy@example.org,2024-09-29
4970,Valerie,Montgomery,Nicaragua,609-653-1628x35757,jmoore@example.net,2021-12-26
4971,Miguel,Stewart,Saint Kitts and Nevis,282-819-6456,robertcampbell@example.com,2025-09-23
4972,Rodney,Patel,Guam,381-216-1223x639,mendezjulie@example.net,2020-10-27
4973,Henry,Wells,Mongolia,+1-498-748-8667x54739,carlsondylan@example.com,2020-11-17
4974,Chad,Ali,Northern Mariana Islands,+1-438-596-3844x3803,kathryn72@example.com,2020-06-20
4975,Sean,Haynes,Niue,+1-652-475-0316,tamarabarrett@example.net,2021-09-12
4976,Gary,Phillips,Tunisia,507-544-3273x15314,jwagner@example.net,2024-04-16
4977,Isaac,Jackson,Guatemala,240.253.6615x3574,melissawright@example.com,2021-05-20
4978,Mary,Padilla,Spain,765-561-9861x202,coxtodd@example.org,2025-06-27
4979,Nicole,Smith,Tunisia,(946)820-6226,yolanda69@example.net,2020-07-02
4980,Kelly,Saunders,Bosnia and Herzegovina,(697)900-1538x971,oodonnell@example.org,2021-01-18
4981,Jacob,Moody,Georgia,741.239.2580x416,bobbowen@example.net,2023-09-02
4982,Victoria,Jackson,British Indian Ocean Territory (Chagos Archipelago),795-510-2469x9638,stevenbarrett@example.net,2023-04-16
4983,Veronica,Bright,Eritrea,(511)331-5986,kdorsey@example.net,2021-08-25
4984,Justin,Mayo,Mauritius,(486)289-7883x732,qwilliams@example.net,2020-10-03
4985,Samantha,Rosario,Bosnia and Herzegovina,(545)685-7559,torresjoseph@example.com,2024-09-29
4986,Clifford,Brooks,Reunion,232.922.2337x534,ldavis@example.net,2024-02-17
4987,Antonio,Hughes,Niger,+1-351-594-7807x299,vrobinson@example.net,2025-05-30
4988,Brittany,Mccall,Swaziland,714.972.2741x1302,daniel36@example.com,2023-02-27
4989,Nicholas,Mitchell,Saudi Arabia,542.575.2714x81064,mbennett@example.com,2021-05-22
4990,Wendy,Morales,Denmark,001-636-975-7710x51028,gfrank@example.com,2020-12-05
4991,Catherine,Prince,Saint Vincent and the Grenadines,(753)601-5739x53458,vgraham@example.com,2025-05-13
4992,Paul,Harris,North Macedonia,(631)504-0273x757,evanslisa@example.org,2025-04-10
4993,Victoria,Golden,El Salvador,6088357826,maurice76@example.net,2020-02-11
4994,Laura,Madden,Greenland,001-286-373-4043x6481,johnathan66@example.com,2022-10-04
4995,Rachel,Barnes,Netherlands,+1-971-952-0092,gparrish@example.net,2024-08-28
4996,Guy,Perry,Syrian Arab Republic,327.836.8114x53355,arnoldjamie@example.org,2024-09-22
4997,Mark,Walker,Brunei Darussalam,001-973-976-7855x562,monica38@example.org,2022-03-04
4998,Linda,Cook,Malta,(574)331-9225x226,adamfernandez@example.net,2021-05-11
4999,James,Jones,Indonesia,+1-821-279-2367x198,daniel78@example.org,2024-11-14
5000,Anne,Bennett,Svalbard & Jan Mayen Islands,+1-219-650-7087x10920,uallen@example.org,2025-11-08
5001,Karina,Moss,Ethiopia,(467)854-1374,urivera@example.org,2023-09-14
5002,Ashlee,Love,Guernsey,402.933.1495x80243,cflynn@example.net,2020-06-17
5003,Sherry,Johnson,Guinea,245-595-3700x835,brendachan@example.net,2025-01-03
5004,Cody,Walker,Cayman Islands,001-789-987-6834x029,darroyo@example.com,2025-01-24
5005,Andrea,Walters,Lao People's Democratic Republic,+1-331-841-9494x87404,garciachristina@example.net,2024-06-01
5006,Justin,Ritter,Niue,777.603.3458,cheyenne44@example.com,2025-05-01
5007,Becky,Brown,Pitcairn Islands,001-776-473-4233x4854,jose74@example.org,2024-10-20
5008,Laura,Anderson,Colombia,448-628-1903x118,jimmy35@example.com,2023-11-26
5009,Jill,Walker,Kuwait,+1-204-658-4836x75080,wrightsteven@example.org,2025-04-07
5010,Stacy,Edwards,New Zealand,(655)803-7139x06776,patriciarobinson@example.net,2021-04-17
5011,Jacob,Williams,China,5385576834,julie25@example.com,2020-02-14
5012,Jacob,Snow,Namibia,(220)967-0337x436,schneidercody@example.net,2025-05-23
5013,Kimberly,Banks,Lithuania,(360)890-2075x46861,michaelwilliams@example.net,2020-01-13
5014,Donna,Jones,Andorra,001-342-938-7190,susancontreras@example.net,2023-01-26
5015,Jessica,Chapman,Guatemala,(816)932-1242,irivera@example.com,2021-05-02
5016,Dustin,Myers,French Guiana,001-525-540-9574x23248,crystal96@example.net,2020-07-23
5017,Jamie,Haynes,Cote d'Ivoire,001-299-482-1179,noconnor@example.com,2020-05-18
5018,Stephanie,Cooper,Egypt,(396)498-3442x74241,thomasanthony@example.net,2023-08-23
5019,Alice,Bates,Greenland,(202)389-4335x23001,ramirezmary@example.org,2022-09-20
5020,Steven,Martin,Luxembourg,565-622-4680,ssolomon@example.com,2023-05-02
5021,Justin,Sandoval,Liberia,860-398-8773x174,bedwards@example.net,2025-07-01
5022,Shannon,Conrad,Croatia,(621)676-6718,christopher42@example.com,2025-04-08
5023,Brandy,Smith,Mauritania,988-744-0070x1465,fcarlson@example.org,2022-04-24
5024,Debra,Sanders,Saudi Arabia,(573)592-4777x4575,vasquezstephanie@example.net,2024-01-22
5025,Jeff,Mills,Colombia,001-219-807-0593,umeyer@example.org,2025-02-05
5026,Benjamin,Santiago,Gambia,001-676-470-2854x73096,patrick12@example.net,2020-10-14
5027,Andrew,Guzman,Andorra,001-736-598-6042x6548,amorales@example.com,2025-02-05
5028,Joshua,Williams,Sao Tome and Principe,001-354-977-9162,dayjason@example.net,2021-01-08
5029,Daniel,Harper,Netherlands Antilles,+1-299-434-5123x090,jonesshelia@example.org,2022-05-04
5030,Miranda,Jackson,Saint Helena,001-623-259-0877,bmorgan@example.org,2020-06-11
5031,Tina,Gonzalez,Madagascar,(365)383-6913,hutchinsonannette@example.com,2025-06-08
5032,Cody,Gray,American Samoa,356.558.2041x22350,kcooper@example.net,2023-02-16
5033,Gloria,Reyes,Thailand,(626)739-2280x431,tiffanylynch@example.net,2026-02-06
5034,Heather,Rodriguez,Chad,973-240-8312x899,xjohnston@example.net,2024-03-29
5035,Cameron,Roach,China,(462)285-8805x527,christopher14@example.com,2025-02-11
5036,Tracy,Byrd,Kiribati,+1-955-776-9460x3830,petercastro@example.org,2021-05-19
5037,Alicia,Leonard,Sweden,001-863-313-4482x76270,joshuadavis@example.org,2020-03-26
5038,Edward,Robles,Canada,9759643426,davidsonmark@example.org,2023-08-22
5039,Michael,Prince,Montenegro,001-511-846-8755,kempdonna@example.com,2020-08-22
5040,Brenda,Brown,Guyana,+1-589-678-5200x649,timothy72@example.com,2025-01-21
5041,Steven,Walsh,Croatia,(474)551-3744x126,valerie13@example.com,2024-03-19
5042,Amy,Santos,Maldives,(971)543-6628x449,alexgonzalez@example.org,2025-08-09
5043,Madison,Miranda,Cayman Islands,385.926.3247x088,zcoleman@example.com,2021-05-20
5044,Denise,Jennings,Iran,001-409-718-1764x2015,fsmith@example.com,2024-09-07
5045,David,Heath,Tuvalu,+1-458-588-3647x595,ricardoadams@example.com,2025-07-05
5046,Jenna,Mcdaniel,Korea,(329)483-4421,crystal22@example.net,2023-05-13
5047,Stephanie,Pham,Sierra Leone,+1-615-324-8920x716,hallerin@example.org,2025-01-01
5048,Brian,Reed,Saint Pierre and Miquelon,(661)981-3226x43472,loriperez@example.org,2023-01-18
5049,Glenda,Smith,Pakistan,649-610-2444,michellehill@example.net,2025-12-04
5050,Brandon,Harris,Saint Lucia,376.293.1942x665,millercarol@example.com,2022-02-21
5051,Breanna,Castro,Bosnia and Herzegovina,708.238.2517x0651,brandy00@example.com,2022-07-11
5052,Chad,Lloyd,Croatia,953.277.2714,martinezlisa@example.net,2024-04-21
5053,Kristen,Smith,Germany,297-627-6605x4822,rjohnson@example.org,2020-11-30
5054,Roy,Reyes,Uganda,+1-234-454-8932x2698,kayleeolsen@example.net,2024-10-26
5055,Brian,Calhoun,Maldives,001-429-604-1608,markpage@example.com,2022-09-01
5056,Anthony,King,Greenland,(764)638-0313x88097,millersteven@example.com,2021-10-17
5057,Ryan,Wong,Belize,643-320-4665,dhorton@example.org,2024-08-28
5058,Laura,Morales,Samoa,(460)260-3466,abrown@example.com,2023-01-22
5059,Nicole,Miller,Bangladesh,918.544.6048x1847,kristen18@example.com,2024-05-10
5060,Angela,Rodriguez,El Salvador,559.248.5025x6394,gregory25@example.org,2021-02-19
5061,Wayne,Bowman,Luxembourg,(759)789-7057x51920,andreapaul@example.net,2025-02-15
5062,Deborah,Sanchez,Italy,744-939-8213x106,seanjackson@example.org,2025-05-24
5063,Bianca,Alvarado,Jersey,(384)896-4035x224,jeffrey70@example.org,2023-04-07
5064,Stephen,Barron,El Salvador,4802042274,stevencaldwell@example.org,2022-04-17
5065,Carlos,Browning,Venezuela,837.821.9652x1521,robertchaney@example.net,2023-03-06
5066,Chad,Holt,Niue,209.312.3852x98881,rpitts@example.org,2020-02-16
5067,Lisa,Mitchell,Mayotte,(425)314-9708,hgutierrez@example.com,2022-08-27
5068,James,Jones,United States Minor Outlying Islands,903-821-0188x0522,lori28@example.net,2023-03-05
5069,Bianca,Ellis,Djibouti,243.736.7842,vsmith@example.net,2024-12-18
5070,Jose,Butler,Guinea,342-566-8441,gatesalexis@example.com,2025-04-18
5071,Hannah,Bates,South Georgia and the South Sandwich Islands,5729968164,davidgreen@example.com,2020-10-05
5072,Samuel,Turner,Trinidad and Tobago,001-384-442-6244,laurenjohnson@example.net,2021-08-22
5073,Timothy,Davis,Nepal,+1-751-900-5371x20034,barnesconnie@example.net,2024-10-14
5074,Joshua,Sheppard,Sierra Leone,(856)929-0517,diana96@example.com,2021-11-20
5075,Patrick,Reese,Venezuela,595-558-3542x838,geraldmejia@example.org,2023-04-15
5076,Kimberly,Miller,Hong Kong,001-864-785-0003x16555,lrobinson@example.net,2025-02-08
5077,Matthew,Sanders,Norfolk Island,+1-770-618-2827x696,jjones@example.org,2022-12-02
5078,Joseph,Hodge,Benin,964-480-2191,randyjohnson@example.com,2024-05-03
5079,Katie,Acevedo,Cocos (Keeling) Islands,(710)582-7061x631,briansilva@example.com,2022-10-28
5080,Henry,Thompson,Paraguay,928-945-1858x57651,millerjacqueline@example.net,2020-06-27
5081,Joy,Chavez,Sweden,665-960-0710x0248,wiselarry@example.com,2021-01-24
5082,Adam,Colon,United States Virgin Islands,(415)330-2390x225,brettferguson@example.org,2022-03-14
5083,Erica,Baker,Ukraine,723.387.9116,madeline85@example.com,2021-02-21
5084,Anita,Pham,Seychelles,674-558-6884x984,brian83@example.org,2021-12-30
5085,Laura,Flores,Egypt,2057515315,juanrobbins@example.org,2025-12-14
5086,Denise,Rodriguez,Tuvalu,001-482-496-3247x2624,jacobsmichael@example.net,2023-07-05
5087,Hannah,Fuller,Niue,966-205-4238x456,emily90@example.net,2022-10-25
5088,Stephen,Harrison,Vietnam,724-538-6956x202,jamierobinson@example.org,2022-09-11
5089,Michael,Kim,Libyan Arab Jamahiriya,(959)964-5653x97202,gallagherdaniel@example.com,2025-04-29
5090,Robert,Mayer,Iraq,404-881-9179x4334,charleslynch@example.com,2022-08-10
5091,Clinton,Davis,Guinea-Bissau,5826367811,brenda38@example.net,2020-12-17
5092,Alexandra,Coleman,Burkina Faso,+1-916-749-9864,lhunter@example.org,2023-05-21
5093,Sarah,Cardenas,Congo,818.410.4987x727,arnoldkaren@example.com,2023-04-23
5094,Mark,Blair,India,472-294-5698x294,zachary99@example.net,2024-08-02
5095,Renee,Thomas,Liechtenstein,(934)388-8139x89401,veronicanelson@example.com,2020-02-23
5096,Joseph,Martinez,Nauru,001-915-241-5724x17632,sherryreyes@example.com,2022-04-14
5097,Regina,Spencer,Norway,001-567-388-0209,jessicasanchez@example.net,2022-08-16
5098,Derrick,Torres,Russian Federation,979.506.2575x031,brianmartin@example.org,2026-02-15
5099,Amy,Torres,French Southern Territories,270-377-6280,nhernandez@example.com,2023-02-13
5100,Monica,Russell,Philippines,246-667-2608x2277,rrodriguez@example.com,2021-05-25
5101,Derrick,King,Niue,228.791.0376x91947,lyonstimothy@example.com,2024-01-10
5102,Brian,Walker,Botswana,866.630.2477x782,kellypatton@example.org,2024-11-09
5103,Craig,Schneider,Qatar,(577)826-5573,zwilliams@example.net,2020-01-21
5104,Rachel,Thompson,Mauritius,+1-725-886-1319x7798,amandageorge@example.net,2020-08-25
5105,Megan,Tate,Myanmar,+1-357-863-1361x14938,murphymary@example.net,2024-10-19
5106,Madison,Martinez,Micronesia,464-498-3553x901,careyronnie@example.com,2025-06-27
5107,Tina,Bishop,Guinea-Bissau,001-534-241-2651x5608,jennifer53@example.net,2025-09-16
5108,Jennifer,Dillon,Tonga,+1-769-297-2594,brianparsons@example.net,2020-03-21
5109,Michael,Robbins,Tanzania,688.463.3218x66958,istuart@example.org,2023-11-05
5110,Dale,Roberts,Mongolia,(998)550-5255x0527,sheatracy@example.com,2021-04-30
5111,Donald,Wells,Anguilla,001-782-238-2869x68759,eric31@example.org,2025-03-22
5112,Alexa,Davis,South Africa,2537244187,tuckerhenry@example.org,2025-07-18
5113,Ashley,Yates,Saint Helena,001-493-291-2559x7354,hilltammy@example.com,2020-07-24
5114,Hannah,Bennett,Mozambique,867.501.2179x491,harrisharold@example.net,2024-10-23
5115,Austin,Chandler,Togo,8125575352,sandra37@example.net,2024-02-14
5116,Kristen,Jones,Panama,(863)352-6283,tiffanyevans@example.net,2022-07-07
5117,James,White,Micronesia,7317669405,samanthajones@example.org,2024-04-21
5118,Justin,Davidson,British Virgin Islands,9635155229,dana87@example.net,2023-05-02
5119,Richard,Campbell,Norfolk Island,632.244.3344x343,melissafrey@example.org,2024-01-05
5120,Benjamin,Edwards,Myanmar,912-584-1911x3073,kathleen35@example.com,2024-03-05
5121,Robert,Allen,French Southern Territories,336.605.6419x9267,bryanjames@example.com,2025-12-24
5122,Lisa,Reed,British Indian Ocean Territory (Chagos Archipelago),+1-270-441-3344,melaniesteele@example.org,2023-05-23
5123,Michael,Solomon,Turkey,001-464-614-6993x2060,matthew26@example.net,2022-05-23
5124,Jeremiah,Flynn,New Zealand,+1-261-748-9680x7657,douglas64@example.net,2024-12-28
5125,Kim,Goodwin,Namibia,+1-915-857-6499x743,mcknightamanda@example.com,2023-12-01
5126,Jeremy,Parker,Suriname,001-685-276-4448,buchananglenn@example.com,2023-12-02
5127,John,Romero,Cambodia,(897)396-0581x842,thompsonbrian@example.com,2024-03-08
5128,Lisa,Stone,French Southern Territories,(202)763-9675x3238,melissadavis@example.com,2024-06-29
5129,Christine,Villanueva,Estonia,+1-309-765-6075,michellestewart@example.org,2025-09-11
5130,Diane,Jackson,Germany,(733)976-1753x033,alexahayes@example.net,2020-07-29
5131,Kevin,Leonard,Monaco,927-520-3527,charles75@example.org,2023-02-14
5132,Laurie,Nielsen,Malaysia,001-289-603-5934x09258,kroberts@example.org,2023-03-05
5133,Natalie,Erickson,Trinidad and Tobago,001-254-299-5775x20460,mendozajasmine@example.org,2023-02-15
5134,Theresa,Briggs,Estonia,001-267-321-2895x85796,matthewlane@example.com,2024-02-11
5135,Johnny,Key,Croatia,001-790-785-3889,qholder@example.com,2025-05-19
5136,Gregory,Marsh,Madagascar,934-206-5003x33570,robersonvalerie@example.net,2025-07-12
5137,Courtney,Charles,Israel,766-917-5265,susankim@example.net,2021-11-08
5138,Theresa,Baker,Jordan,+1-257-641-5567x04072,carla85@example.net,2021-03-26
5139,Katelyn,Johnson,Saint Pierre and Miquelon,001-650-402-8705x4734,zimmermansandra@example.net,2023-01-05
5140,Jennifer,Pierce,French Polynesia,+1-586-375-7201x57020,jennifer20@example.org,2020-06-21
5141,Pedro,Cruz,Northern Mariana Islands,(541)466-8187x16798,lynnkelly@example.com,2021-11-14
5142,Samantha,Perry,Congo,001-806-875-7940x613,davisdonald@example.com,2020-01-03
5143,Sara,Murphy,Dominican Republic,350-594-6662x032,jproctor@example.org,2024-10-13
5144,Rachel,Barrett,Dominican Republic,001-377-560-5012x004,acameron@example.net,2025-12-07
5145,Patrick,Noble,Norway,001-452-439-1929x2854,sara07@example.net,2023-02-22
5146,David,Ruiz,Saint Kitts and Nevis,001-273-972-0412,ujordan@example.net,2021-07-31
5147,Timothy,Harmon,Bahrain,506.379.1759x825,michael65@example.com,2023-01-02
5148,Jonathan,Harris,Germany,(441)611-5429x32053,rdonaldson@example.net,2023-02-28
5149,Eric,Davis,Tanzania,(649)810-3210x890,jenniferwolf@example.com,2023-08-13
5150,Logan,Morris,French Southern Territories,+1-815-600-4641x338,brendafields@example.com,2024-03-25
5151,Stephen,Woods,Cuba,001-524-998-1950x0765,virginiadeleon@example.net,2022-02-25
5152,Regina,Keith,Kiribati,001-282-981-7773x4046,april22@example.net,2025-01-30
5153,Lauren,Stewart,El Salvador,254.499.9807,vcaldwell@example.org,2024-06-12
5154,Christina,Martinez,Tuvalu,705-407-6873,lsmith@example.org,2021-12-31
5155,Nicole,Hays,Tuvalu,329.252.3943x16054,fjohnston@example.net,2025-09-02
5156,Amy,Miller,Benin,416-495-4904,dicksonwendy@example.net,2021-02-17
5157,Sarah,Edwards,Northern Mariana Islands,643.918.1722,gloria70@example.org,2020-06-04
5158,Christine,Hahn,Togo,434.924.8845,melissa70@example.net,2026-01-20
5159,Alex,Best,Nepal,952.609.0190,obrown@example.org,2020-02-02
5160,Ashley,Murphy,Peru,277.416.1720x4078,rachel44@example.org,2021-03-15
5161,Christy,Huff,Martinique,835-735-8032,vargascurtis@example.org,2022-04-12
5162,Mark,Mckee,Saint Barthelemy,(280)401-4272,smithgregory@example.net,2024-07-12
5163,Kathryn,Thompson,Saint Helena,(765)446-3782,rodriguezwendy@example.net,2024-04-24
5164,William,Wheeler,Mexico,925-468-3138x4892,vlynn@example.com,2024-05-29
5165,Nancy,Martin,Bangladesh,239-750-3083,jenniferfrye@example.com,2024-07-27
5166,Theresa,Wilson,Spain,957.884.8603,juanlang@example.net,2023-01-12
5167,Tiffany,Miller,Marshall Islands,001-552-438-5931,branditorres@example.net,2022-02-06
5168,Donna,Williams,Jordan,289.248.2719,dyoung@example.com,2024-01-04
5169,Steve,Neal,New Caledonia,474-857-3599x5213,ilee@example.net,2020-07-23
5170,Dave,Calhoun,Monaco,586-293-9823x6168,abigail93@example.org,2025-07-27
5171,Jared,Alexander,Malawi,001-570-823-3204x63284,wellskathy@example.org,2023-06-30
5172,Amy,Sherman,Uganda,251.204.6422x64744,qschmidt@example.net,2022-12-08
5173,Pamela,Taylor,Japan,001-887-259-5408x84343,jamesanderson@example.net,2024-08-25
5174,Amy,Reynolds,Eritrea,916-879-4127x2959,justin74@example.org,2023-10-16
5175,Glenn,Houston,Cape Verde,5419990459,ryan57@example.net,2023-06-04
5176,Danny,Reed,Pitcairn Islands,286.471.1072x75925,fordmark@example.com,2021-06-27
5177,Mallory,Jackson,Guinea,001-362-390-7267x89541,youngbrittany@example.org,2020-08-26
5178,Victoria,Powell,Albania,685.433.2549x250,jeffreygarcia@example.net,2020-08-05
5179,Matthew,Vaughan,Niue,(742)512-0801x6848,brownjohn@example.org,2021-06-08
5180,John,Garrett,Honduras,+1-887-943-6191x49119,kimberlytaylor@example.org,2022-08-28
5181,Kendra,Mayer,Liberia,(867)417-3388,joshua60@example.com,2023-01-15
5182,Daniel,Williams,Western Sahara,(476)730-8136x6154,jenkinsjessica@example.org,2023-04-14
5183,Rebecca,Huynh,Vietnam,731.263.5153,richardsonkristin@example.net,2021-12-13
5184,Ronald,Foley,New Zealand,+1-748-442-4052x07690,monica78@example.org,2024-07-19
5185,Jamie,Carter,Aruba,495-472-7560,ramirezdonald@example.com,2025-01-29
5186,Sharon,Ramos,Sudan,975.908.4712,gomezchristina@example.net,2024-08-17
5187,Christopher,Young,Tonga,001-791-961-1127x0234,ilee@example.com,2021-09-24
5188,Valerie,Foley,Reunion,(452)315-6943x246,david74@example.net,2020-11-05
5189,Helen,Vaughn,Martinique,001-777-852-5330x7150,jeffrey85@example.org,2021-03-11
5190,Martha,Brown,Bulgaria,(993)223-4685x807,bcummings@example.com,2023-04-28
5191,Shannon,Mendez,Venezuela,920.246.6200x6878,james46@example.org,2024-08-16
5192,Susan,Francis,Bulgaria,001-726-572-0268,fraziereric@example.com,2023-02-12
5193,Robert,Harmon,Venezuela,691.520.2980,vanessa20@example.org,2025-01-17
5194,Erica,Lee,Mongolia,+1-273-425-5004x823,aliciamartin@example.org,2024-12-04
5195,Erika,Lowe,Timor-Leste,905-454-8162x08957,mariawilliams@example.com,2024-01-21
5196,Kiara,Jennings,United States Minor Outlying Islands,(566)291-2608x477,padillaanna@example.net,2023-08-07
5197,Misty,Garcia,French Polynesia,208-827-2076,ztodd@example.com,2023-07-04
5198,Donald,Aguilar,Cuba,(472)513-5612x694,christiancollins@example.org,2021-03-16
5199,Kenneth,Johnson,El Salvador,590-237-1419x7564,garyjones@example.net,2021-08-15
5200,Holly,Hobbs,Monaco,971.373.3635,mezarobyn@example.net,2022-05-30
5201,Carol,Kelly,Nauru,735.486.5041x35559,zvasquez@example.org,2023-10-02
5202,Seth,Monroe,Yemen,(589)843-8471,brittany14@example.net,2021-10-04
5203,Justin,Robbins,Ghana,9252817013,markbradshaw@example.org,2021-12-30
5204,Phillip,Allen,Puerto Rico,239-982-3680x061,chelsea85@example.net,2025-03-29
5205,Joshua,Pope,Lao People's Democratic Republic,646-238-9047,frank96@example.org,2023-09-01
5206,Peter,Peterson,Papua New Guinea,487-958-9484,armstrongnatalie@example.com,2021-07-24
5207,Rachel,Sheppard,North Macedonia,6976291079,sharpapril@example.net,2020-03-19
5208,Shane,Mclean,Montenegro,(654)330-3885,thompsonlindsey@example.org,2021-01-19
5209,Angela,Dyer,Moldova,001-642-347-5984x1547,hopkinsharold@example.net,2025-12-12
5210,Angela,Rosales,Hong Kong,(839)443-8798x2299,travistaylor@example.org,2020-11-29
5211,Leslie,Ponce,Christmas Island,+1-396-498-2298x9617,hendersonscott@example.org,2025-04-14
5212,Alicia,Lowe,Puerto Rico,232.287.3819x65942,wvelez@example.net,2021-11-25
5213,John,Hart,Turks and Caicos Islands,294-547-6781,emilymeyer@example.com,2021-10-21
5214,Maurice,Miller,Kyrgyz Republic,+1-677-267-1305,markanderson@example.com,2020-12-23
5215,Stacey,Wallace,Thailand,001-467-280-9888x855,charlesadams@example.org,2022-07-31
5216,Andrew,Collins,Spain,(333)895-9493,palmermikayla@example.net,2024-02-03
5217,Jill,Owens,United Kingdom,279-520-8943,christopherflynn@example.net,2020-05-29
5218,William,Anderson,Serbia,+1-988-281-6621x954,schmittmadison@example.org,2022-05-13
5219,Brittney,Oneill,Dominican Republic,(776)209-3447x16482,rebecca83@example.net,2022-09-23
5220,Lisa,Schmidt,Puerto Rico,458-845-4943x628,scottwest@example.org,2024-01-19
5221,Melissa,Miller,Anguilla,(305)991-3506x6575,lamamy@example.org,2021-02-17
5222,Julia,Gonzales,Cambodia,(591)453-9951,jacob70@example.org,2021-03-09
5223,John,Garcia,Malaysia,954-414-8680x13506,arthurharris@example.net,2024-11-30
5224,Nicole,Castro,India,+1-845-276-1246,garymiller@example.org,2025-01-14
5225,Jeffrey,Shaffer,Mayotte,(842)499-3962,jimmygomez@example.net,2020-07-21
5226,Gina,Turner,Gibraltar,(818)951-6363x465,anthonyevans@example.com,2024-07-28
5227,Carl,Griffin,Cyprus,434-708-7542x5008,jane35@example.net,2023-05-21
5228,Jenna,Quinn,Palestinian Territory,457.457.9496x96854,rodriguezbrooke@example.org,2021-03-19
5229,Denise,Bennett,Burkina Faso,644-254-2271,charlesgamble@example.net,2022-11-06
5230,Debra,Nguyen,Syrian Arab Republic,9138493768,markellis@example.com,2025-12-01
5231,Brian,Brown,Cape Verde,+1-357-830-7728x0184,heatherfowler@example.net,2023-11-14
5232,Mariah,Johnson,Guyana,968-878-8436x03949,bbenjamin@example.org,2020-12-04
5233,Linda,Hurley,Slovenia,909.848.0223x05151,heatherortiz@example.org,2023-05-15
5234,Joseph,Edwards,Cameroon,001-259-271-2289x3542,vlee@example.org,2024-06-05
5235,Pamela,Moore,Kiribati,+1-826-794-6731x2793,michaelblack@example.com,2022-10-14
5236,Lindsay,Howell,Pakistan,(645)765-3596,estradabruce@example.com,2022-08-03
5237,Cheryl,Ingram,Russian Federation,(394)665-0781,vscott@example.com,2023-03-06
5238,Maria,Hughes,Croatia,+1-814-343-3989,rblackburn@example.net,2025-07-14
5239,Robert,Jensen,Egypt,+1-562-382-4248x726,zhess@example.com,2023-04-05
5240,Randy,Thomas,Israel,001-827-309-4388x5938,amy44@example.net,2022-09-15
5241,Donna,Sexton,Hong Kong,+1-228-549-6349,uking@example.net,2022-02-19
5242,Daniel,Taylor,Grenada,001-591-953-6956x9506,stokesdylan@example.org,2023-03-04
5243,Michael,Norton,Kuwait,878.696.0607,ldunn@example.net,2021-07-06
5244,Jonathan,Williams,Chad,779.355.3108x5827,tara61@example.net,2020-01-16
5245,Nathan,Fisher,Finland,+1-226-409-8085x1456,kingmichael@example.org,2020-05-03
5246,Carolyn,Thompson,Qatar,993-307-3220,ccabrera@example.net,2022-06-18
5247,Karen,Ramirez,Slovakia (Slovak Republic),758.215.4205,kevin59@example.org,2023-05-22
5248,Robert,Smith,Congo,760-232-7437x14654,cynthiacastillo@example.com,2025-06-17
5249,Jonathan,Howard,Belize,(631)280-8292x248,sarah00@example.net,2021-12-29
5250,Elizabeth,Ross,Suriname,511-870-0974x0346,creed@example.net,2023-07-16
5251,Keith,Ramirez,British Virgin Islands,+1-837-905-3760x36603,katherine31@example.org,2026-03-02
5252,Carrie,Hampton,Lao People's Democratic Republic,+1-229-693-4631x713,christopher98@example.org,2025-09-07
5253,Regina,Stephens,Maldives,314.720.3484,melissadaniels@example.org,2025-06-17
5254,Melinda,Mathis,San Marino,001-963-505-8500x807,jessicafranklin@example.org,2022-08-17
5255,Michael,Khan,Philippines,+1-907-821-4288x67423,timothy65@example.com,2021-07-18
5256,Kelli,Maddox,Svalbard & Jan Mayen Islands,001-948-509-7333x5904,reginald66@example.net,2020-07-20
5257,Lisa,Scott,Netherlands,483.733.5733x627,ohart@example.net,2025-01-15
5258,Laurie,Clayton,Suriname,446.784.8886x73096,erin01@example.org,2024-04-10
5259,Adam,Wong,Puerto Rico,397.304.3117x947,patrick30@example.com,2023-04-01
5260,Carrie,Dickerson,Gabon,+1-292-606-4332x34040,lisawerner@example.net,2023-04-20
5261,Cody,Perez,Bermuda,+1-801-652-7766,lisawilliams@example.com,2025-11-07
5262,Jared,Price,Nigeria,+1-469-660-1192x747,garciadanny@example.org,2022-08-29
5263,Joanne,Jackson,Mayotte,(978)704-9285,christinaanderson@example.com,2021-11-15
5264,Kelly,Norris,Aruba,415-278-2603,samantha63@example.com,2022-10-13
5265,Donald,Moody,French Polynesia,3664075062,stacy59@example.com,2023-03-06
5266,Kimberly,Li,Argentina,704-370-6158x4986,chapmangary@example.com,2020-04-04
5267,Jennifer,Brown,Niger,252.245.4399,stephengray@example.org,2023-05-15
5268,James,Robinson,Italy,4535905344,marissa78@example.org,2026-02-10
5269,Sean,Phillips,Falkland Islands (Malvinas),001-913-335-3561x7478,anthonyunderwood@example.com,2024-01-25
5270,Colin,Sanders,Syrian Arab Republic,230-961-1191x1810,christy51@example.net,2021-12-03
5271,Sherry,Perez,Isle of Man,300.201.1996x43431,lawsonthomas@example.org,2023-04-19
5272,Michael,Abbott,Syrian Arab Republic,+1-605-272-2007x050,steven34@example.com,2024-07-16
5273,Toni,Klein,Falkland Islands (Malvinas),9704629060,kayla32@example.org,2024-11-05
5274,Justin,Rogers,Colombia,001-425-409-1130x9657,moniquemccoy@example.net,2022-04-17
5275,Julia,Smith,Poland,+1-414-407-2147x2441,kevin40@example.org,2022-04-24
5276,Jade,Tucker,Norfolk Island,632.720.8269,saraprice@example.org,2021-08-14
5277,Joseph,Davis,Hong Kong,807.463.2606x87934,abigailtate@example.net,2020-03-09
5278,Christopher,Reyes,United States Minor Outlying Islands,751.494.3940,georgejeremy@example.org,2021-10-10
5279,David,Chavez,Botswana,7822048938,ashleyward@example.net,2024-11-22
5280,Kevin,Johnson,Philippines,+1-888-445-4284x584,ashleylopez@example.net,2024-07-24
5281,Christopher,Hoover,Heard Island and McDonald Islands,262-488-8809x051,vrodriguez@example.net,2022-02-27
5282,Nicole,Copeland,Puerto Rico,+1-987-963-0199x2789,cbender@example.com,2022-04-23
5283,Lisa,Fuller,Gibraltar,6115288768,nguyenmichael@example.net,2023-02-11
5284,Kelly,Martinez,Haiti,360.218.0197x310,khanelizabeth@example.org,2023-07-13
5285,Michael,Dunn,Uruguay,+1-665-379-4689x618,ryanpena@example.com,2025-03-08
5286,Jamie,Delgado,North Macedonia,557.977.9225,johnsonkevin@example.org,2024-11-11
5287,William,Bryant,Gambia,913.936.7941,andrew25@example.net,2021-01-14
5288,Shawn,King,Reunion,534.885.1194,beardkimberly@example.org,2021-12-11
5289,Daniel,Thompson,Guernsey,+1-548-962-7512x0317,xfrost@example.net,2023-02-12
5290,Heather,Lara,Saint Pierre and Miquelon,568-466-7620x8747,robin95@example.net,2025-09-28
5291,John,Evans,Saint Kitts and Nevis,001-654-405-5935x8220,pattersonandre@example.org,2021-12-19
5292,Michael,Sullivan,United States Minor Outlying Islands,5015255989,wleonard@example.net,2020-07-08
5293,Ronnie,Stevens,Benin,+1-520-264-6277,stephenjones@example.org,2022-10-14
5294,Samantha,Brown,Taiwan,(778)806-8921x4944,sharonwhite@example.com,2024-01-10
5295,Michele,Martin,Slovenia,(708)714-3361x28114,diazdan@example.org,2026-01-09
5296,Tina,Carter,Poland,454.973.2629x665,jenniferjohnson@example.com,2020-10-02
5297,Natasha,Mcgee,Qatar,001-247-691-4857x837,andrew39@example.org,2025-12-18
5298,Deborah,Martinez,Philippines,6496985201,peterdelgado@example.net,2026-01-18
5299,Elaine,Larson,Cocos (Keeling) Islands,5513164665,morgan96@example.com,2021-08-02
5300,Cynthia,Sexton,Puerto Rico,(397)562-9241x0391,ysims@example.net,2022-03-30
5301,Erin,Rios,Honduras,(865)934-8085,stephen54@example.org,2022-02-27
5302,Gabriel,Chan,Palau,+1-478-825-0479x150,zortega@example.org,2023-09-26
5303,Chase,Johnson,Guatemala,739.464.5783,roger27@example.net,2023-11-04
5304,Sara,Wilkerson,New Zealand,+1-568-332-7993,andreamason@example.org,2023-09-24
5305,Robert,Collins,Burundi,218-232-6804x0263,santosmark@example.net,2026-01-14
5306,Jason,Henry,Seychelles,363.614.9196x402,jameswyatt@example.org,2020-06-02
5307,Amanda,Myers,Equatorial Guinea,+1-883-638-3698,karen26@example.org,2020-12-18
5308,Lindsay,Cook,San Marino,659-790-7077x689,elizabeth79@example.com,2024-07-18
5309,Jason,Perez,Lithuania,7135121854,tdaniel@example.com,2024-10-11
5310,Michael,Lawrence,Tokelau,(523)439-0075,ronniethomas@example.com,2021-03-11
5311,Elizabeth,Manning,Saint Lucia,001-683-702-4371,emilyduke@example.net,2021-03-03
5312,Jamie,Donovan,Malawi,001-919-762-5739x7086,kevingutierrez@example.com,2023-05-21
5313,Victoria,Hawkins,Paraguay,905.758.0319,fwells@example.net,2020-08-22
5314,Desiree,Shields,Kuwait,001-240-477-2072x137,terri16@example.org,2025-09-15
5315,Lauren,Stokes,Latvia,908.456.4031x2554,hicksaaron@example.com,2021-05-18
5316,Brian,Warner,Lao People's Democratic Republic,+1-273-843-7185x10434,cevans@example.org,2020-03-08
5317,Alicia,Kim,Tokelau,490.630.0301,jordanmary@example.com,2025-03-09
5318,Trevor,Richmond,Kuwait,001-690-459-8380,wheelerrebecca@example.org,2023-11-09
5319,Courtney,Craig,Indonesia,959.950.1782,wdodson@example.org,2025-05-06
5320,Christian,Marshall,Afghanistan,922.757.0274x04176,smullins@example.net,2025-07-22
5321,Mark,Clarke,France,386.499.9373x09505,janetharrison@example.org,2023-07-26
5322,Debra,Hughes,Belarus,001-280-802-5370,laurafoster@example.com,2025-09-13
5323,Sarah,Marshall,Nepal,(988)714-1632x0944,pwhite@example.com,2025-10-09
5324,Karen,Smith,Tanzania,(735)417-5464x246,johnmcgrath@example.org,2020-08-19
5325,Brandon,Roth,Aruba,001-214-265-4159x68708,dakotamueller@example.com,2025-11-06
5326,Christopher,Grant,British Indian Ocean Territory (Chagos Archipelago),851-672-1760x0546,santanasara@example.net,2022-02-17
5327,Leslie,Rodriguez,Lebanon,9567690869,gracemayo@example.org,2024-11-03
5328,Anthony,Lewis,Central African Republic,+1-862-923-9382x1327,williamsanthony@example.org,2025-08-19
5329,Mary,Fitzgerald,Antarctica (the territory South of 60 deg S),573-315-5632x995,ashley11@example.org,2024-09-04
5330,Mary,Woods,Mayotte,(491)649-6955x9490,nicholasfrazier@example.net,2025-02-22
5331,Dawn,Logan,Spain,(651)847-5610x483,justin74@example.net,2025-01-25
5332,Bill,Owens,Aruba,(624)221-1346,jesse58@example.org,2022-07-09
5333,Marcus,Blackwell,Sao Tome and Principe,+1-896-415-0630x784,vadams@example.com,2021-02-24
5334,Joshua,Mills,United States Minor Outlying Islands,391.581.4015,contreraschristopher@example.com,2025-07-25
5335,Todd,Singleton,Mauritius,6226749953,carolyn95@example.com,2025-02-17
5336,Jennifer,Edwards,Turkmenistan,+1-326-232-8735x235,cowanchelsea@example.com,2022-01-03
5337,Stephanie,Aguilar,Kenya,811-714-5596,shirleywong@example.net,2021-12-08
5338,Connie,Terry,Botswana,728.402.9192,ykelly@example.com,2023-10-21
5339,Wendy,Brown,Colombia,910-237-9740x36750,ryanbaker@example.org,2022-03-11
5340,Jeffrey,Vaughn,Tokelau,001-510-347-6909x692,floresmichael@example.com,2025-07-26
5341,Abigail,Young,Korea,001-695-526-7148x0348,wilsonchristina@example.org,2021-03-27
5342,Tracy,Ferguson,Niger,623-309-9923x413,brownjamie@example.net,2020-05-20
5343,Leslie,Scott,Malta,681.660.8647x6755,nnorris@example.net,2020-05-19
5344,Steve,Johnson,Kenya,213-545-9476,parksgregory@example.org,2024-09-30
5345,Troy,Baker,Moldova,263.910.0054,aaronmcintosh@example.com,2024-03-03
5346,Debbie,Butler,Belgium,+1-693-434-9102x313,anthonyperez@example.org,2023-04-14
5347,Alicia,Kim,Cambodia,6185652617,emartin@example.net,2024-01-15
5348,Patricia,Griffith,Azerbaijan,+1-463-367-2529,clayapril@example.org,2021-05-27
5349,Susan,Peterson,Jamaica,(352)404-5022x15077,aguilargina@example.com,2020-02-07
5350,Sharon,Smith,United Kingdom,861.801.4231x344,singletonmichael@example.com,2021-08-21
5351,Jared,Nguyen,New Zealand,+1-387-853-6738x0528,nwaters@example.net,2022-11-13
5352,Leslie,Lee,Albania,001-839-902-4125x0246,mendezwilliam@example.com,2023-02-16
5353,Justin,Reed,Liberia,777-342-8299x338,nicolevasquez@example.net,2025-08-04
5354,Michael,Jackson,Turkmenistan,+1-491-805-6360x471,xsantiago@example.org,2020-05-14
5355,Patty,Berger,Libyan Arab Jamahiriya,001-969-853-1016x809,michellesolomon@example.com,2020-08-08
5356,Timothy,Wilson,Azerbaijan,554-812-6509x053,jeffreyking@example.org,2020-07-27
5357,Kathy,Glover,Denmark,(750)426-9679,michaelmiller@example.org,2022-05-10
5358,Molly,Cervantes,Central African Republic,+1-200-462-3039,coxjenny@example.net,2025-06-01
5359,Matthew,Smith,Saint Barthelemy,913.725.6805x84184,charles52@example.com,2024-11-24
5360,Jodi,Harper,Falkland Islands (Malvinas),+1-719-248-7350x2929,kewing@example.net,2021-10-11
5361,Rebecca,Ortega,Uruguay,+1-996-303-8518x623,ichavez@example.com,2025-01-15
5362,Morgan,Aguirre,Romania,7659872151,frank49@example.org,2025-08-09
5363,Christopher,Evans,Italy,(468)795-8498x2043,seanjones@example.org,2023-09-26
5364,Kathryn,Cooper,Angola,(201)592-9539,henrypamela@example.net,2021-10-11
5365,Zachary,Reynolds,Iraq,613.744.2952x180,jasonhebert@example.org,2026-01-26
5366,Pamela,Ward,Puerto Rico,001-756-832-4466x4241,vcampbell@example.org,2020-11-07
5367,Jeffery,Dyer,Guinea-Bissau,(969)440-6642,bcurry@example.org,2020-12-16
5368,Heather,Martinez,Sao Tome and Principe,987.648.9836x52323,kellererica@example.net,2020-02-20
5369,Paula,Foster,Belgium,(434)884-5795x7328,barnettdaniel@example.org,2021-07-18
5370,Caleb,Blair,Panama,553.866.4469,andresfrazier@example.net,2023-02-17
5371,Jacob,Johns,Malta,9537516883,stephen62@example.org,2021-05-29
5372,Tonya,Ochoa,Hungary,683.206.5707,samantha64@example.com,2024-12-13
5373,Melissa,Mcknight,Gabon,364.439.2400,csmith@example.org,2026-02-03
5374,Christina,Wang,Bhutan,001-221-900-0877x48200,amandajohnson@example.net,2021-01-31
5375,Nichole,Trevino,Moldova,001-643-661-2244x633,dianeporter@example.com,2024-06-01
5376,Christopher,Morris,Christmas Island,518-894-6829,kellymorrow@example.org,2026-02-07
5377,Nicholas,King,Netherlands,(326)632-6941,brittanyhamilton@example.com,2020-05-20
5378,Anthony,Eaton,Sudan,239.898.0544,lawrencejean@example.net,2022-10-18
5379,Devin,Fritz,Saudi Arabia,958-693-8610x019,cohenrobert@example.org,2020-07-05
5380,Preston,Gonzalez,Iraq,(399)472-4455x5905,dixontonya@example.org,2024-07-24
5381,Kathryn,Ward,Barbados,(389)588-0291,jenniferwebb@example.org,2020-11-14
5382,Robert,Sanchez,Tokelau,(741)836-9534,garnerdiane@example.net,2020-12-17
5383,Michelle,Ponce,Vietnam,917-769-5261,oallen@example.org,2023-08-05
5384,Dorothy,Walls,Anguilla,348.875.3254x04695,hrusso@example.net,2025-04-26
5385,Mary,Patterson,Reunion,(631)523-9508,kirbymarissa@example.com,2020-01-09
5386,Faith,Williams,Tonga,001-968-819-9652x929,vanderson@example.net,2021-01-05
5387,Jessica,Rivera,Poland,245-663-0619x200,gfreeman@example.com,2025-06-06
5388,Christina,Marshall,Jordan,493.618.2382x2965,sanchezdevin@example.org,2021-11-23
5389,Natasha,Williams,Uganda,677.650.9929x764,henryrobinson@example.net,2021-03-30
5390,Gina,Allen,Brazil,(383)656-0307x857,tina99@example.com,2023-09-04
5391,Cassandra,Stephens,Libyan Arab Jamahiriya,001-608-924-7782,chloe76@example.com,2023-04-14
5392,Kayla,Edwards,Gibraltar,+1-320-374-5731x98706,madelinethornton@example.com,2022-01-08
5393,Glenda,Porter,Russian Federation,001-450-919-7158,carolyn00@example.net,2020-12-17
5394,Tyler,Lawrence,Chad,3229674140,grayjennifer@example.com,2023-08-09
5395,Tammy,Gibson,Guinea,899-523-8672x8210,ambercampbell@example.org,2025-01-07
5396,Jill,Harris,Andorra,5846138124,brittany81@example.net,2020-01-16
5397,Daniel,Simon,Jersey,212-235-1258,raymond81@example.com,2023-06-03
5398,Glenda,Rodriguez,Zimbabwe,(825)649-6966,davidgillespie@example.com,2020-01-25
5399,Michelle,King,Guadeloupe,001-273-962-0461x16185,arnoldchristopher@example.org,2025-06-30
5400,Mary,Davidson,Slovakia (Slovak Republic),990-553-3680x52933,barrymorgan@example.org,2023-11-24
5401,Melvin,Freeman,Korea,+1-495-549-6829x1020,ntaylor@example.org,2021-11-15
5402,Andrea,Houston,Guam,623.969.1003,stephanie54@example.net,2022-10-14
5403,Jacob,Hall,Madagascar,+1-230-878-1813x3550,bonnie34@example.org,2024-06-04
5404,Martin,Thomas,Lao People's Democratic Republic,867.328.1357x18049,wendybaker@example.net,2024-08-25
5405,Kevin,Briggs,Romania,001-679-893-1391,zwallace@example.org,2025-01-20
5406,Erik,Hall,Qatar,728-803-6585x93426,kturner@example.com,2025-03-23
5407,Kevin,Ramirez,Afghanistan,303.864.4320,williamsjames@example.com,2020-04-24
5408,Mark,Moore,Ukraine,(375)598-4684,ugomez@example.org,2022-04-20
5409,Sandra,Allen,Sri Lanka,735.730.4032x0559,smithmegan@example.org,2020-12-21
5410,Andrew,Riley,Cambodia,408-261-0095,roger05@example.org,2023-03-31
5411,Christine,Wang,Isle of Man,339-289-9042x05342,hterry@example.org,2024-09-03
5412,Terri,Robinson,Antarctica (the territory South of 60 deg S),(820)213-2843,lcraig@example.org,2023-03-25
5413,Donald,Burns,Iran,001-605-415-4173,jill02@example.org,2024-09-29
5414,David,Clark,Fiji,667-939-0744x4666,griley@example.com,2025-06-30
5415,Tammy,Bell,Eritrea,(773)676-0141,ashleyyoung@example.org,2025-06-27
5416,Cheryl,Porter,Netherlands Antilles,(745)484-3124,joanne15@example.com,2023-05-09
5417,John,Taylor,North Macedonia,(717)513-0233,lindseyjones@example.net,2024-10-21
5418,Katherine,Gomez,Venezuela,838.436.9264x027,johnsonjoyce@example.org,2023-03-24
5419,Michael,Williams,Peru,001-854-327-6427x71381,scottcurtis@example.net,2023-12-29
5420,Ronnie,Massey,Saint Kitts and Nevis,2454263808,robert68@example.com,2023-01-08
5421,Darrell,Campos,Trinidad and Tobago,752-738-9053x973,nelsonlorraine@example.net,2025-06-22
5422,Scott,Hobbs,Finland,001-233-247-2520x1869,lwall@example.org,2020-03-03
5423,Jessica,Williamson,Dominica,001-820-763-0701x35025,jeffreylane@example.com,2026-01-12
5424,Clifford,Pena,Pitcairn Islands,001-279-544-4831,rogerscody@example.com,2021-06-20
5425,Karen,Yates,Pitcairn Islands,592-788-8813x815,anthony16@example.com,2023-04-14
5426,Austin,Esparza,Mexico,2822980407,hartamanda@example.org,2025-05-23
5427,Michael,Perkins,Russian Federation,(207)886-4109x8881,martinnathan@example.net,2023-12-15
5428,Tony,Rodriguez,Benin,545-975-7498x377,ruizcynthia@example.com,2020-09-24
5429,Kyle,Osborne,Austria,565-385-1067x531,miranda73@example.net,2020-07-13
5430,Carol,Lee,Solomon Islands,(799)678-5494,manningkristin@example.org,2024-07-31
5431,Kristie,Tucker,Panama,(928)824-2554x6842,destinyhoffman@example.com,2025-12-19
5432,Derek,George,Turkmenistan,(476)624-4728x814,kellyshields@example.org,2024-08-26
5433,Carla,Diaz,Antigua and Barbuda,+1-908-783-4938x7185,whitewayne@example.org,2025-03-16
5434,April,Boyle,Czech Republic,8043783153,lvillanueva@example.org,2022-01-26
5435,Timothy,Roberts,Peru,849-839-1802x7228,wilsonshannon@example.net,2026-03-01
5436,Paul,Fernandez,Serbia,457.202.7010x1281,gatkinson@example.org,2024-07-28
5437,Julie,Kline,Colombia,001-861-765-6641,matthewking@example.com,2023-06-17
5438,Erica,Mcguire,Norway,3785311752,wmiller@example.net,2024-01-28
5439,Elizabeth,David,Moldova,201-712-3321,rebecca62@example.org,2024-08-24
5440,Jessica,Mays,Antarctica (the territory South of 60 deg S),+1-985-730-6142,lsanchez@example.net,2022-07-29
5441,Brandy,Perez,Nigeria,510-220-0988x2461,hwong@example.org,2025-05-05
5442,Elizabeth,Perkins,El Salvador,(490)836-7088,jade16@example.com,2025-07-15
5443,Tara,Pena,Japan,(389)905-9210,justin21@example.org,2021-10-09
5444,Gina,Nelson,New Caledonia,719-877-6601,tammyprice@example.org,2021-03-16
5445,Derrick,Turner,Liberia,9836434602,lovewayne@example.net,2024-03-01
5446,Yvonne,Lang,Costa Rica,(841)863-5989,james81@example.net,2024-03-12
5447,Brittany,Barnett,Holy See (Vatican City State),835.993.8910x3482,delgadoalexander@example.net,2024-01-11
5448,Robert,Burke,Kenya,001-534-402-1007x4669,hudsonjustin@example.net,2025-08-30
5449,Andrew,Ramirez,Antigua and Barbuda,640-308-8669x41620,umorris@example.com,2020-08-19
5450,Aimee,Harris,Kuwait,001-886-492-4145x63362,khall@example.com,2025-03-07
5451,Stanley,Davis,Jordan,573-259-1799x0938,sholloway@example.net,2025-02-21
5452,Patricia,Mullins,Palestinian Territory,5506750632,stephanie45@example.com,2023-01-11
5453,Timothy,Hunt,Korea,627-255-4634x851,robert45@example.org,2020-01-03
5454,Jessica,Proctor,Indonesia,480.983.2772x6662,clarkvickie@example.org,2021-05-13
5455,Ronald,Ortiz,Egypt,305.699.7782,eddie98@example.net,2022-04-04
5456,Frank,Gates,Vietnam,392-530-1654x29766,tyler40@example.org,2020-02-13
5457,Susan,Martinez,Bosnia and Herzegovina,4115921350,wilsonjasmine@example.net,2024-10-04
5458,Caroline,Harmon,Papua New Guinea,(499)590-8816,troy31@example.net,2025-06-21
5459,Jennifer,Newman,Korea,+1-579-575-2739x724,nathanallen@example.org,2023-03-20
5460,Deborah,Smith,Taiwan,607.836.1787x797,qcross@example.com,2024-02-11
5461,Frank,Bennett,Paraguay,882.575.1218x1747,hparrish@example.com,2025-01-25
5462,Hannah,Villa,Saint Vincent and the Grenadines,001-222-726-2339,fergusonthomas@example.com,2023-10-17
5463,Stephanie,Buck,Svalbard & Jan Mayen Islands,605.487.8682,campbellwillie@example.net,2022-10-19
5464,Thomas,Johnson,Djibouti,001-465-488-6634x04773,ymendez@example.org,2023-01-16
5465,Ana,Gray,Kyrgyz Republic,383.311.9036x442,richardhuffman@example.org,2020-12-20
5466,Dawn,Kim,Tuvalu,918-238-1625x98425,millersandra@example.net,2024-07-21
5467,Jack,Allen,El Salvador,001-453-535-1349x408,ywhite@example.net,2020-07-31
5468,Christopher,Harris,Libyan Arab Jamahiriya,655-993-7192,martinezvanessa@example.com,2022-08-06
5469,Ricky,Anderson,Norway,+1-725-900-0973,xjones@example.org,2022-02-27
5470,Michael,Warren,Isle of Man,439-829-7639,bshea@example.com,2024-07-17
5471,Garrett,Barry,Russian Federation,7228527009,joseph96@example.com,2023-02-16
5472,Dakota,Mejia,Gabon,(969)797-6253x25663,stephanie27@example.net,2023-09-09
5473,Kevin,Long,United States of America,001-858-749-9172x80824,william15@example.net,2021-06-05
5474,Kathleen,Mcknight,Martinique,+1-278-898-9240,karen46@example.org,2024-10-17
5475,Erika,Bolton,Cyprus,441-377-2737x04665,scott49@example.net,2021-01-01
5476,Jeff,Miller,Cote d'Ivoire,+1-674-272-8554,obaldwin@example.com,2021-07-22
5477,Danielle,Carroll,Turkey,508.798.3427x762,thomasjames@example.org,2020-10-01
5478,Morgan,Graves,Kyrgyz Republic,687-678-8196x968,tberry@example.com,2022-02-04
5479,Bridget,Foley,Iran,698.611.6138x639,kimberly00@example.net,2026-01-03
5480,Crystal,Stewart,Ecuador,+1-650-353-7470x866,rodriguezkeith@example.net,2024-11-16
5481,Sarah,Wade,Korea,432.748.6807x087,jonesdonald@example.net,2022-06-10
5482,Rebecca,Carpenter,Korea,237.266.3069,rcampbell@example.net,2022-03-27
5483,Jennifer,Camacho,Costa Rica,001-724-418-8584,amartinez@example.com,2023-01-02
5484,Jackie,Meza,Uganda,(451)571-5493x81095,morganhartman@example.org,2024-05-12
5485,Ernest,Carter,Uruguay,423-616-3688x85376,robertcollins@example.net,2024-10-07
5486,Kathryn,Mcdonald,Bosnia and Herzegovina,894-379-9432,jacksonbrittany@example.net,2022-12-07
5487,Kristin,Hoffman,Sierra Leone,882-232-5229x2303,wrubio@example.org,2020-01-18
5488,Erica,Hall,Azerbaijan,674.708.9707,jonesmichael@example.com,2020-08-11
5489,Jon,Brooks,Italy,516.906.5250x3953,ericbrewer@example.org,2020-04-16
5490,Dustin,Washington,Tuvalu,001-641-635-4050x832,qholmes@example.net,2024-05-16
5491,Andrea,Smith,Equatorial Guinea,878-670-2184,michaelhurley@example.com,2022-05-20
5492,Christopher,Owens,Albania,001-808-298-7782x84282,coxstephen@example.net,2025-06-10
5493,Cole,Boyd,Guyana,6892614906,wheelerjeffrey@example.org,2024-02-03
5494,Christine,Walsh,Tunisia,566.207.9207x465,kevinjones@example.com,2025-05-27
5495,Rhonda,Adkins,Uzbekistan,(352)385-8759x4423,ujenkins@example.net,2022-04-03
5496,James,Perkins,Australia,001-688-614-5378,teresahawkins@example.com,2021-07-23
5497,Steven,Snyder,Libyan Arab Jamahiriya,+1-318-611-6954x556,bhickman@example.net,2020-04-12
5498,Erica,Smith,Jamaica,456-236-5158,douglasmcmahon@example.org,2024-03-21
5499,Jeffery,Rhodes,Grenada,001-619-229-3721,charlesboyle@example.net,2022-05-17
5500,Patrick,Andersen,Marshall Islands,934.933.6953x58144,gmitchell@example.net,2023-03-19
5501,Grace,Frey,Madagascar,704.771.6828,paulrodriguez@example.net,2020-04-04
5502,Ariel,Hicks,Singapore,+1-641-734-5118x1903,upage@example.net,2022-04-27
5503,Teresa,Gonzales,Croatia,245-790-8480,jordanwesley@example.com,2025-06-29
5504,Heather,Miller,Saint Lucia,001-607-594-9155x224,adamsjessica@example.net,2025-07-28
5505,Danielle,Flowers,Netherlands,367.434.7124x81805,irivera@example.net,2020-12-14
5506,Helen,Williams,Sudan,390.807.6379x6219,jaredchapman@example.com,2020-07-18
5507,Michelle,Marshall,Saint Martin,692.458.0334x3920,ryansteele@example.net,2024-02-14
5508,Linda,Howell,Philippines,210.271.2887,timothy01@example.net,2026-02-25
5509,Beth,Alexander,Wallis and Futuna,001-296-270-5520x50511,howardkevin@example.net,2021-12-25
5510,Jessica,Brady,Portugal,+1-783-702-2048,dickersonandrew@example.com,2020-05-18
5511,Christine,Johnson,Luxembourg,308-915-8702x710,evanslisa@example.com,2023-02-25
5512,Cassidy,Reed,Solomon Islands,001-445-510-5774x0537,khughes@example.org,2020-04-06
5513,Leslie,Carlson,Zimbabwe,+1-449-468-8718x20938,mariachambers@example.com,2025-03-24
5514,Latoya,Matthews,Comoros,001-499-470-9013x8693,dhall@example.net,2024-09-09
5515,Jimmy,Harrington,Ethiopia,+1-939-464-5695x3725,georgehart@example.net,2025-11-12
5516,Karen,Cruz,Jordan,3412315798,martinamy@example.com,2023-06-11
5517,James,Singh,Albania,7243614000,michelle67@example.net,2021-12-29
5518,Heidi,Ross,Jordan,792.831.5153x2720,destiny89@example.net,2021-08-01
5519,Joshua,Fletcher,Kenya,499.535.8549x805,qeverett@example.com,2025-12-13
5520,Katherine,Taylor,Burkina Faso,(264)954-3412,smithchristopher@example.net,2020-03-21
5521,Lisa,Richardson,Azerbaijan,540.900.3964,gina36@example.net,2023-06-12
5522,Andrea,Harvey,Central African Republic,001-722-663-7900x64870,cherylhale@example.com,2025-03-07
5523,Dennis,Hall,Jamaica,853.394.8802x2467,erinpatterson@example.org,2025-06-26
5524,Jeffrey,Randall,Guatemala,513.204.4706,wendy20@example.com,2025-12-24
5525,Jason,Anderson,Switzerland,(279)979-1825x122,ymiles@example.net,2025-12-14
5526,Laura,Franklin,Dominican Republic,(895)600-8923x514,barbara53@example.com,2023-01-23
5527,Susan,Sanford,Mauritius,435-531-6181,jimenezerica@example.net,2025-04-24
5528,Alexandra,Alvarez,Uganda,001-306-472-2925,nsandoval@example.org,2021-01-27
5529,Natalie,Clark,Turkmenistan,5675740214,thompsonbrandon@example.org,2023-11-26
5530,Joseph,Paul,Greece,(446)404-3486,kayla53@example.net,2022-06-27
5531,Mary,Hayes,United States Virgin Islands,654-248-0662x443,veronica38@example.org,2026-03-07
5532,Peter,Johnson,Libyan Arab Jamahiriya,001-814-904-7615,stephen38@example.com,2022-06-02
5533,Brian,Perkins,Jamaica,(968)259-1603x397,kimberly26@example.com,2021-01-26
5534,Jessica,Duncan,Namibia,629-934-4715,knightvincent@example.com,2022-02-09
5535,Ashley,Powell,Guinea,517.300.2521,elizabeth61@example.org,2026-02-10
5536,Courtney,Richard,Kyrgyz Republic,+1-233-255-6355x766,hilldavid@example.com,2023-09-22
5537,Lisa,Ashley,Togo,426.253.0030x3112,ryanlopez@example.com,2023-10-19
5538,Amanda,Gonzalez,Congo,618-467-2305x445,sandraosborne@example.org,2021-03-08
5539,Kelly,Smith,Hungary,8706941416,hmorgan@example.org,2024-05-29
5540,Anthony,Berry,Tonga,+1-557-871-0048x9007,tonyperry@example.org,2023-11-14
5541,William,Smith,Sweden,315.807.4256x057,travisbowman@example.com,2024-05-07
5542,Anthony,Brennan,Montenegro,978.978.4067x552,allenkaren@example.org,2022-07-05
5543,Erica,Newman,Georgia,(802)927-0810,belinda92@example.net,2022-06-09
5544,Brian,Brown,Kyrgyz Republic,+1-917-460-2833x9677,howardjohn@example.net,2022-07-25
5545,Larry,Moreno,Czech Republic,525-381-8822x353,carterpaula@example.org,2025-07-23
5546,Amy,Robbins,American Samoa,371-925-1147x549,elizabeth62@example.org,2023-10-01
5547,Andrew,Carter,Myanmar,(848)659-6019x00969,racheldiaz@example.net,2024-04-24
5548,Diana,Williams,Lebanon,714-533-7265,lewisstephen@example.com,2022-07-21
5549,Hannah,Chen,Kazakhstan,001-698-514-8860x09237,uschaefer@example.net,2023-09-05
5550,Brenda,Cross,French Polynesia,001-301-339-4152,pedrodouglas@example.net,2020-02-02
5551,Reginald,Murray,Netherlands Antilles,001-649-381-7815x7508,michealbowman@example.net,2024-10-24
5552,Karen,Hobbs,Turks and Caicos Islands,(566)250-8578,dmartinez@example.org,2022-07-28
5553,Kristopher,Morales,Yemen,839.268.6456x57313,onguyen@example.org,2022-08-21
5554,Michelle,Cole,Bangladesh,001-625-452-1560x39431,solisalex@example.org,2025-04-24
5555,Joe,Bishop,Tokelau,601-948-1921x21323,smitherika@example.org,2021-01-26
5556,Christina,Silva,Somalia,001-474-609-7573x719,jennymiller@example.com,2022-05-27
5557,Jorge,Cameron,Colombia,001-628-532-1965,lauriecrosby@example.org,2022-04-22
5558,Shawn,Patton,Brazil,307-374-8666x262,tony15@example.net,2026-01-15
5559,Joann,Ferguson,Macao,(413)931-9578x638,wilsonrichard@example.com,2022-09-27
5560,John,Holmes,Monaco,673-612-3167,pbryan@example.net,2021-11-26
5561,Pamela,Novak,Colombia,001-254-401-2230,meredithsanders@example.net,2024-12-22
5562,Andrea,Green,Denmark,(439)847-1215,walllaura@example.com,2021-08-27
5563,Andrew,Garcia,South Georgia and the South Sandwich Islands,8482835965,heather88@example.net,2020-03-07
5564,Margaret,Cline,Qatar,496-231-4927x674,pacejose@example.org,2024-06-24
5565,Brian,Caldwell,Vanuatu,(734)561-9019,rodriguezmichelle@example.net,2022-03-28
5566,Ruth,Mendoza,Kenya,206-515-5400x9637,creynolds@example.com,2023-07-07
5567,Heidi,Mejia,Costa Rica,530-832-3542,stephanieleon@example.net,2021-05-15
5568,Teresa,Mendez,Cook Islands,+1-366-283-6899x70522,millerjamie@example.net,2020-06-05
5569,Michael,Conway,Ukraine,601-266-7436x92304,watsonrichard@example.net,2021-08-16
5570,Faith,Roberts,Isle of Man,4986172622,kwilliams@example.com,2021-06-05
5571,Donald,Taylor,French Guiana,242-856-6928x890,martingina@example.net,2024-01-23
5572,Cynthia,Roberts,Australia,849-929-5443x8967,wendymcmillan@example.org,2025-06-10
5573,Matthew,Chavez,Jordan,338.704.5315x64502,jason40@example.org,2025-12-09
5574,Andrew,Allen,United Kingdom,4767896093,tammybest@example.org,2021-11-18
5575,Teresa,Keller,Burundi,906.583.3260,kristin52@example.org,2025-07-03
5576,Patricia,Gutierrez,India,001-375-751-4661x485,joshua48@example.org,2020-12-16
5577,Brittany,Reed,Kyrgyz Republic,001-882-433-1178x704,prodriguez@example.net,2025-05-15
5578,Amber,Owens,Egypt,341-455-0153x935,omitchell@example.com,2024-08-11
5579,Zachary,Moore,Serbia,391.538.1785,watsonantonio@example.net,2020-05-06
5580,David,Willis,Indonesia,001-544-427-5667x482,ccampbell@example.com,2020-04-24
5581,Michael,Barnes,Faroe Islands,(633)961-4071,cprice@example.org,2024-05-28
5582,Eric,Norman,Malawi,262.428.0106,wperez@example.com,2024-10-05
5583,Amy,Alvarez,Togo,+1-322-989-3308x3206,gibbsjames@example.com,2020-08-24
5584,James,Burnett,Switzerland,(806)373-0759x5023,simpsonkevin@example.org,2024-11-26
5585,Adriana,Saunders,Oman,4796450696,imccullough@example.net,2024-05-30
5586,Crystal,Holloway,Mexico,5023427896,james52@example.com,2024-12-15
5587,Blake,Wood,Liberia,9166550777,jbell@example.com,2022-06-08
5588,Michael,Valencia,Luxembourg,001-872-329-0116x93525,chavezjason@example.net,2020-09-09
5589,Kathryn,Simmons,Vietnam,(391)503-2818x58182,sarahhamilton@example.org,2024-07-18
5590,Jonathan,Wright,Tokelau,(547)626-9668,tonyalowe@example.net,2026-01-30
5591,Casey,Salas,Switzerland,+1-465-641-6044x1989,hicksdanielle@example.org,2024-08-03
5592,Julie,Frazier,Panama,975-796-0693,meghan70@example.net,2024-06-04
5593,Crystal,Simmons,Dominican Republic,(297)976-1372,erica39@example.org,2026-01-27
5594,Stephanie,Johnson,Korea,500-346-2042,catherine79@example.net,2020-05-15
5595,Stephanie,Hopkins,Christmas Island,465-344-0674x833,david76@example.org,2021-07-12
5596,Angelica,Turner,United States Virgin Islands,786.237.0840,zschwartz@example.com,2024-07-16
5597,Anthony,Wilson,United Arab Emirates,001-425-623-7411x262,sarah61@example.com,2022-02-11
5598,Jermaine,Bishop,Haiti,(815)207-4131x3960,gregorymitchell@example.com,2021-02-01
5599,Brian,Martin,Lao People's Democratic Republic,001-375-434-6856x95813,wrodriguez@example.com,2022-08-14
5600,William,Salas,Brunei Darussalam,(669)645-9562,danielmarsh@example.com,2023-06-17
5601,Ryan,Meyer,Mali,8138136344,jerry93@example.com,2025-10-21
5602,Randy,Taylor,Romania,667-562-9935x168,frankfranklin@example.net,2024-09-05
5603,David,Mccarthy,Andorra,625.731.9100,nielsenpatrick@example.net,2020-12-27
5604,Heather,Schaefer,Maldives,257.210.0516,millstravis@example.com,2022-10-23
5605,Melanie,Ortega,Turkmenistan,532-787-3129x168,stephen58@example.org,2021-05-27
5606,Courtney,Lin,Cameroon,6552198334,zbautista@example.net,2020-05-01
5607,Michael,Howard,Madagascar,001-233-235-9387x3665,griley@example.com,2022-11-18
5608,Jennifer,Livingston,Kiribati,487.961.7205,valdezgregory@example.com,2022-05-03
5609,Ricky,Aguirre,Tajikistan,(831)200-8041x42249,ksmith@example.org,2023-10-20
5610,Diana,Lawson,Israel,(337)542-4655x5920,ryan42@example.com,2020-02-18
5611,Angela,Erickson,Malawi,001-972-337-6993x2954,dbarnes@example.net,2026-02-24
5612,Sandra,Bauer,Saint Martin,(893)751-6166x19379,smithloretta@example.net,2026-02-02
5613,Charles,Walker,Oman,(986)655-9785,amandacunningham@example.net,2025-02-04
5614,Jose,Vega,Holy See (Vatican City State),467-322-1189x541,travisrussell@example.net,2021-05-23
5615,Kim,Wilson,Austria,264.713.1992x689,mjones@example.org,2024-12-03
5616,Julie,Howell,Senegal,(838)279-6824,snunez@example.net,2024-05-14
5617,Joseph,Hernandez,Belgium,+1-884-309-7063x9258,weavermark@example.net,2023-04-30
5618,Veronica,Martin,Peru,717.645.1101,riverajames@example.org,2025-02-10
5619,Oscar,Griffith,Sudan,001-570-665-2792x36362,ncarlson@example.org,2022-03-24
5620,Katherine,Sandoval,Bhutan,(909)351-7752x03008,stephaniehoover@example.net,2025-06-01
5621,Tracy,Anderson,Cuba,200-315-2129,valdezjanet@example.org,2025-04-17
5622,Marie,Harris,Serbia,764-929-7048,josephbates@example.com,2022-05-28
5623,Christine,Rice,Anguilla,829-567-9203x9752,elizabethrobinson@example.net,2020-02-09
5624,Seth,Knight,Saint Pierre and Miquelon,821-284-0614,thomas84@example.com,2025-03-18
5625,Jacob,Torres,Papua New Guinea,+1-889-719-7528x509,lisa54@example.org,2020-11-24
5626,Bradley,Suarez,Saint Helena,459-244-3505x80503,xparker@example.com,2026-02-21
5627,Jasmin,Miller,Micronesia,499.349.4521x47986,santosjesse@example.net,2022-02-24
5628,John,Arroyo,France,(503)911-9035,mark29@example.org,2023-02-11
5629,Michael,Warner,Bahamas,001-351-946-1865x8807,aperry@example.com,2024-04-01
5630,Stephen,Kirk,Ecuador,001-700-971-9100x62270,melodyyoung@example.net,2020-06-03
5631,Wendy,Maxwell,Cameroon,+1-820-695-9266,kyle59@example.net,2025-10-02
5632,Christina,Singh,Maldives,449.251.0307,paigeturner@example.org,2021-07-10
5633,Jennifer,Williams,Bulgaria,815.331.5323,mccoyphillip@example.com,2021-11-23
5634,Peter,Miller,Australia,9369049674,lcolon@example.com,2022-03-30
5635,Alejandro,Hines,Myanmar,824-770-3056,david09@example.net,2023-08-06
5636,Elizabeth,Chan,Panama,(579)777-8942x9469,linda47@example.net,2024-08-25
5637,Linda,Herrera,Marshall Islands,001-422-560-2844x15831,griffindouglas@example.org,2022-02-08
5638,Joshua,Cantu,Palau,206.462.6861x26567,othomas@example.org,2025-10-27
5639,Brandon,Jackson,Antarctica (the territory South of 60 deg S),2339418142,daviscynthia@example.com,2024-05-31
5640,Jennifer,Velasquez,El Salvador,306.503.0696x31952,zgarcia@example.org,2025-03-08
5641,Eric,Henderson,Chile,779.237.4563,karlacastillo@example.org,2025-11-07
5642,Matthew,Barker,Brunei Darussalam,+1-455-692-3010x5971,pamela88@example.org,2025-04-24
5643,Daniel,Keith,Switzerland,(931)695-7185x23152,oconnorsteven@example.net,2020-07-03
5644,Kevin,Mullen,Argentina,4492592602,caleb56@example.com,2021-09-26
5645,Randall,Thomas,Czech Republic,359.834.6594x799,kellymoore@example.org,2023-11-20
5646,Julian,Haynes,French Guiana,(359)859-7715x551,kevin99@example.com,2023-10-12
5647,Scott,White,Antarctica (the territory South of 60 deg S),+1-998-565-0328x4402,michael50@example.com,2023-10-26
5648,Willie,Nelson,Cote d'Ivoire,001-982-439-2262x40525,kaitlyn67@example.net,2025-11-13
5649,Maria,Gill,Lesotho,+1-298-940-1077x598,petermcbride@example.net,2020-02-11
5650,Allen,Warner,Chile,(339)723-8773x96103,fordrichard@example.org,2025-01-14
5651,Amy,Bolton,Djibouti,5548959583,ttaylor@example.net,2024-10-07
5652,James,Sanders,Morocco,820-455-5459,marc28@example.net,2026-02-10
5653,Steven,Cruz,Niger,(899)374-7522x54989,ramirezcynthia@example.org,2022-01-08
5654,Gina,Leon,Bouvet Island (Bouvetoya),204.372.0488x924,ewilkerson@example.net,2021-09-19
5655,Chris,Delgado,Mauritius,929-264-3889x895,shuffman@example.net,2026-02-26
5656,Joshua,Peters,Nigeria,+1-632-733-4464x099,wherring@example.com,2020-05-26
5657,Joshua,Jordan,Somalia,(549)899-5614,willismelanie@example.org,2021-02-11
5658,Nicole,Jackson,Tajikistan,517.373.4487x9171,ywallace@example.net,2022-08-13
5659,John,Jackson,India,(209)585-8822x25355,kristen82@example.net,2024-08-31
5660,Allison,Gonzalez,Moldova,(415)667-1245x574,erin51@example.org,2023-12-01
5661,Eric,Harper,Malawi,001-418-705-0916x93446,katelyn33@example.com,2020-11-13
5662,Matthew,Ward,Turkey,001-570-496-3454,youngkirk@example.com,2020-11-11
5663,Katie,White,Tunisia,599-339-9992,mgarrison@example.org,2021-03-20
5664,Stacey,Mcgee,Jamaica,+1-515-972-6977x4163,dclark@example.org,2021-06-17
5665,Emily,Hahn,Bhutan,582-243-2777,bhamilton@example.net,2020-12-01
5666,Maria,Thomas,Mongolia,4717226396,qsloan@example.org,2024-02-12
5667,Jeremy,Cruz,Korea,911-318-1760,amber15@example.net,2021-11-19
5668,Tammy,White,Ukraine,555-844-5736x17720,hendersonjenna@example.net,2024-09-22
5669,Brandon,Bell,Palau,+1-425-979-2010x053,ajacobs@example.org,2020-06-08
5670,Benjamin,Henderson,Sierra Leone,728.657.8155,lauren08@example.org,2025-01-12
5671,Levi,Fritz,Bolivia,(868)402-8295x6304,velliott@example.net,2026-02-26
5672,Nicole,Henderson,Serbia,374.936.9822,tonya72@example.org,2021-12-16
5673,Michael,Chang,Hong Kong,+1-925-292-8230x407,jerry54@example.org,2022-06-01
5674,Ricardo,Valdez,Madagascar,5772684536,chanhunter@example.net,2021-11-01
5675,Gregory,Mckee,Brunei Darussalam,+1-206-698-6062x815,rebecca47@example.com,2023-08-11
5676,Denise,Keith,France,788-606-9265,nguyenbrenda@example.com,2022-07-21
5677,Marissa,Tate,Serbia,692-322-0925x979,richardthomas@example.com,2024-06-28
5678,Kaylee,Chandler,Philippines,001-591-294-4094x76396,darrenwilcox@example.org,2023-01-01
5679,Jessica,Wood,Gabon,001-330-972-9337x937,aflores@example.org,2026-02-25
5680,Paula,George,Belgium,624-704-6333,joannaparsons@example.com,2020-11-23
5681,Sarah,Blake,Papua New Guinea,001-745-422-7332x726,juliathompson@example.net,2025-12-20
5682,Stacy,Harmon,Somalia,765-644-8614x447,tammieyoder@example.net,2020-08-09
5683,Katherine,Martinez,Bermuda,+1-499-481-3089x84676,perryderrick@example.org,2023-04-08
5684,Christopher,Ramos,Tajikistan,633-855-2198,oharris@example.net,2020-10-04
5685,Natalie,Taylor,Afghanistan,001-861-248-1158x27702,erichoward@example.net,2022-08-02
5686,Cory,Sandoval,Peru,287-351-5436,charles27@example.org,2023-07-08
5687,Alex,Hale,French Southern Territories,801-302-6408x180,hsmith@example.com,2020-12-31
5688,Leah,Brown,Dominican Republic,(370)675-6641x28393,christine78@example.org,2025-01-03
5689,Melissa,Miller,Antigua and Barbuda,+1-879-624-6506x6703,katrina34@example.net,2024-08-13
5690,Joshua,Brown,United Kingdom,339.275.2558x53784,sierrasmith@example.com,2023-11-11
5691,Julia,Yang,Lebanon,821.632.9088x400,michaelmarks@example.org,2023-07-05
5692,Jenny,Armstrong,Afghanistan,480.904.9448x3013,powerselizabeth@example.com,2020-01-11
5693,Angela,Randolph,Macao,+1-638-781-9755x78394,timothyhayden@example.net,2025-06-30
5694,Michael,Anderson,Djibouti,001-367-551-0538x07596,william49@example.net,2021-04-26
5695,Jessica,Freeman,Central African Republic,+1-758-511-3029x4367,rubiosara@example.net,2023-03-25
5696,Brendan,Baker,Austria,001-440-707-5744,christopherpitts@example.org,2024-09-24
5697,Rachel,Brooks,Suriname,001-634-644-8258x3968,thomas67@example.com,2023-04-05
5698,Randall,Gonzalez,Somalia,(273)671-3035x688,pamelaknight@example.org,2022-12-13
5699,Denise,Hale,Gabon,(253)737-2422x741,llong@example.com,2021-11-10
5700,Sandy,Thompson,Montenegro,+1-284-577-9346x206,williamsjennifer@example.org,2025-12-11
5701,Hannah,Velez,Tunisia,556.661.4422,cheryl51@example.net,2022-11-07
5702,Daniel,Brown,South Africa,+1-482-939-9170x257,tiffanynicholson@example.org,2023-04-05
5703,William,Martin,Guyana,510-270-3080x3536,benjamin54@example.org,2020-09-03
5704,Dakota,Singleton,Croatia,623-961-0975,ochapman@example.org,2023-09-23
5705,Rachel,Wood,Cayman Islands,251.940.9927x7531,warrenlaura@example.com,2022-05-28
5706,Carrie,Black,Austria,+1-986-473-4653x45737,margaretmadden@example.org,2025-05-06
5707,Laura,Medina,Slovenia,(855)330-8101x7824,tthomas@example.org,2026-01-17
5708,James,Stevenson,Pitcairn Islands,6014323204,robert33@example.org,2025-01-10
5709,Matthew,Burke,Cocos (Keeling) Islands,798.827.4078x5747,gjones@example.org,2024-04-21
5710,Brittany,Estrada,Czech Republic,318-495-3788,smithcarla@example.net,2022-10-24
5711,Lawrence,Montgomery,United Arab Emirates,(608)960-3937x221,jordanbeard@example.org,2024-10-10
5712,Dale,Nelson,Guinea-Bissau,430-230-6189,nicholas40@example.org,2023-01-12
5713,Martin,Garcia,Canada,001-517-589-2602x64217,lucerokimberly@example.com,2025-11-17
5714,Hayden,Moreno,Isle of Man,628.392.0092x338,josephhoward@example.org,2024-02-13
5715,Paul,Mann,Timor-Leste,826.528.6053x40148,timothywarren@example.org,2021-02-11
5716,Alexander,Kane,Argentina,6223582550,manningsteven@example.net,2022-02-14
5717,Timothy,Novak,Saint Martin,440.358.1553x2604,jeffreyhamilton@example.org,2020-10-30
5718,Matthew,Mathis,Mali,739-536-4110x440,jeffrey06@example.net,2020-11-14
5719,Thomas,Ellis,South Georgia and the South Sandwich Islands,364.486.9278x96511,colemanleslie@example.com,2022-08-10
5720,Kaitlyn,Stevens,Dominica,(591)734-8264,johnsontodd@example.com,2022-05-11
5721,Jacob,Smith,Switzerland,548-536-1457,jill37@example.org,2024-08-13
5722,Jeremy,Walker,Macao,(924)603-2626x986,pmarquez@example.org,2025-04-13
5723,Justin,Montes,Tokelau,669.651.0290x235,robert30@example.com,2023-03-05
5724,Robin,Hughes,Tanzania,(614)399-4275x79549,marcusrobinson@example.org,2021-10-16
5725,Christian,Blair,Peru,(874)217-9642,watsonvanessa@example.net,2025-03-19
5726,Monica,Reid,Yemen,9656479014,warddaniel@example.net,2022-12-04
5727,Jacob,Crane,Armenia,001-402-542-3036x4740,pwhite@example.org,2023-05-09
5728,Janet,Scott,Estonia,+1-233-260-1825x285,munozrobert@example.com,2024-01-15
5729,April,Lee,Bermuda,+1-689-827-9005x76267,keith36@example.net,2020-07-21
5730,Steven,Dodson,Ecuador,299-472-3804,gregory27@example.net,2024-07-09
5731,Mark,Smith,Bhutan,798-929-6927x17676,thart@example.net,2021-08-13
5732,Michael,Johnson,Venezuela,(461)259-8345x4300,erin92@example.org,2025-11-20
5733,Megan,Jacobs,Angola,001-771-802-2036,amyrogers@example.org,2025-01-12
5734,Stacy,Johnson,San Marino,397-214-9987x100,mbell@example.com,2021-07-16
5735,Alexander,Peters,Saint Vincent and the Grenadines,654.918.0820x77836,shanesexton@example.org,2022-10-30
5736,Erik,Grant,Netherlands,451-877-6466,sara26@example.org,2025-01-09
5737,Douglas,Johnston,Greece,427.311.7850x043,sirwin@example.net,2021-03-20
5738,Theresa,Estrada,Botswana,(956)354-8550x701,aguirremanuel@example.org,2021-12-17
5739,Wayne,Robbins,Gambia,833.403.8161x75831,pbarton@example.com,2021-07-19
5740,Maria,Wright,Uruguay,840.797.3299x173,dianalittle@example.org,2024-07-08
5741,Tara,Johnston,Guinea-Bissau,001-758-344-8955x671,robertsdonald@example.org,2020-01-09
5742,Bonnie,Wright,Niue,3822182780,nroach@example.net,2025-02-05
5743,Robert,Case,Liechtenstein,(803)280-2140,maryli@example.org,2024-09-24
5744,Dawn,Moran,Zimbabwe,001-629-886-5404,rhonda46@example.org,2024-01-12
5745,Peter,Knapp,Congo,648-918-9792x43938,jeffreygarcia@example.com,2025-11-12
5746,Shane,Gutierrez,Guernsey,(587)784-5288x09631,jacksonjoshua@example.net,2020-08-30
5747,Anthony,Morrow,United Arab Emirates,(763)309-3798,moorenicholas@example.org,2021-07-06
5748,Megan,Butler,Morocco,6378346159,steven18@example.com,2023-06-08
5749,Lisa,Singh,Korea,(987)915-4363x345,rcohen@example.org,2022-09-10
5750,John,Medina,Ecuador,001-219-594-4317,micheletaylor@example.org,2024-12-27
5751,John,Lopez,Greece,394.807.1672x1166,hmartin@example.com,2025-12-17
5752,Wendy,Rodriguez,Hong Kong,502.249.2579x15259,scottkarina@example.org,2023-10-25
5753,Nicole,Stevens,Iceland,+1-634-490-3766,hweaver@example.com,2024-12-05
5754,Alicia,Brooks,Luxembourg,2816478722,alvarezjo@example.net,2023-10-22
5755,Eric,Morton,Turkey,(860)446-2752x282,claudia37@example.com,2024-03-12
5756,Joan,Jordan,American Samoa,+1-336-621-3369x9301,mcdonaldjonathan@example.org,2023-06-11
5757,Travis,Flores,Palau,+1-955-909-3285x327,andreaweaver@example.org,2025-12-19
5758,Michelle,Murphy,Jersey,4608277679,maryrangel@example.net,2026-01-06
5759,Kristen,Parker,Haiti,+1-859-748-0491x66956,shawn73@example.com,2022-01-30
5760,Sharon,Holloway,Netherlands Antilles,(911)862-6349,dana38@example.net,2021-08-26
5761,James,Bennett,Korea,6684642325,bryankevin@example.net,2020-12-19
5762,Roger,Barker,Montenegro,+1-265-933-8973x8237,lisa19@example.net,2020-08-24
5763,Todd,Lopez,Belarus,600.443.7804,sarahmata@example.org,2025-05-24
5764,Derek,Vang,Indonesia,+1-843-680-6994x7986,maryspears@example.org,2024-02-12
5765,Lisa,Hansen,Chad,+1-832-360-0064x32852,christinebailey@example.com,2026-01-28
5766,Brian,Richardson,Belize,001-998-343-9483,daniel84@example.org,2023-05-22
5767,Chad,Garcia,Azerbaijan,(619)869-8470,laurenreeves@example.com,2025-04-24
5768,Kevin,Walton,Vanuatu,(444)317-3254,danielnoble@example.net,2021-07-03
5769,Anthony,Day,Faroe Islands,464.431.5787x21458,dgreer@example.com,2020-11-19
5770,James,Santiago,Kuwait,001-215-353-2341,zacharyelliott@example.org,2025-12-24
5771,Caitlyn,Sanford,Australia,001-649-280-7420x1849,tvega@example.org,2022-08-28
5772,Kathryn,Hill,Palestinian Territory,+1-980-298-3238,marcia53@example.org,2024-09-13
5773,Brittany,Kelley,Ukraine,(708)763-1583x6337,loriarmstrong@example.org,2024-09-18
5774,Henry,Villarreal,Faroe Islands,+1-856-787-4955x64206,bullockpaul@example.org,2021-05-16
5775,Chad,Jones,Lithuania,601.296.5081x82571,christopher88@example.org,2023-09-13
5776,Katelyn,Smith,Liechtenstein,(751)878-0936,branchkara@example.org,2020-03-31
5777,Connor,Smith,Guernsey,+1-269-587-2890x511,mscott@example.com,2020-06-04
5778,Stephen,Williams,Antarctica (the territory South of 60 deg S),+1-714-734-0581x0950,katherinejordan@example.org,2020-05-18
5779,Sean,Wagner,Canada,2626071780,kmanning@example.net,2021-03-17
5780,Mary,Walker,Taiwan,(451)968-7771,alvarezkathy@example.net,2024-04-23
5781,John,Thomas,Montserrat,001-941-437-0158,veronica31@example.org,2024-09-10
5782,Roy,Calhoun,Greenland,+1-467-304-3757x99316,donald03@example.org,2025-08-04
5783,Rebecca,Reyes,Saint Lucia,+1-905-722-1331,washingtonvirginia@example.com,2024-07-11
5784,Nicole,Hess,Djibouti,+1-225-772-3666x272,rholt@example.net,2023-03-13
5785,Erin,Houston,Rwanda,001-946-995-4287x241,davidzamora@example.com,2026-01-17
5786,Jennifer,Miller,Sao Tome and Principe,+1-523-699-8000,jennifer70@example.org,2022-12-11
5787,Aaron,Compton,Qatar,321-536-7803x538,donald52@example.net,2020-03-30
5788,James,George,Somalia,666.611.9060,laura13@example.net,2025-08-15
5789,Brian,Bautista,Gambia,+1-707-537-0059x458,hflowers@example.com,2025-10-23
5790,Gary,Hudson,Denmark,494-689-3640x2798,francomercedes@example.net,2024-09-18
5791,Amanda,Lloyd,Afghanistan,825.891.7069,johnhunter@example.com,2024-09-05
5792,Jennifer,Kelly,British Indian Ocean Territory (Chagos Archipelago),001-345-474-0267x32281,zacharymunoz@example.net,2025-07-23
5793,Jenna,Jordan,Iraq,542.296.0605x807,ugonzalez@example.com,2022-12-10
5794,Bridget,Gibson,Eritrea,853-845-9949x487,rayheather@example.org,2021-12-18
5795,Elizabeth,Stevenson,Kiribati,7727479720,michelleyoung@example.org,2026-01-07
5796,Robert,Miller,Papua New Guinea,+1-426-250-8776,reillystephen@example.net,2024-07-17
5797,Jonathan,Williams,Equatorial Guinea,001-726-525-8886x11207,iwilliamson@example.net,2024-10-02
5798,Suzanne,Ray,Georgia,265.206.9752x816,bcarlson@example.org,2021-01-31
5799,Alyssa,Rogers,Bolivia,365.452.1246x18346,james19@example.net,2020-03-30
5800,Tina,Ryan,Uganda,696.832.8429x57984,susan83@example.org,2023-09-23
5801,Nicholas,Williams,El Salvador,(410)258-5607x7038,matthew46@example.org,2021-11-17
5802,Robert,Garcia,Croatia,416-440-7738x98003,caitlinfrazier@example.com,2023-04-25
5803,Michelle,Beasley,United Kingdom,225-969-5778x249,jillianthompson@example.org,2022-05-30
5804,Lorraine,Mata,British Virgin Islands,798.447.8564x792,craigmitchell@example.org,2021-09-13
5805,Ryan,Wright,United Arab Emirates,(963)390-5034,vasquezjoseph@example.com,2024-04-12
5806,Alexis,Blake,Rwanda,704.460.4302,brownmaria@example.org,2024-07-20
5807,Julie,Harris,Solomon Islands,358-546-7603x92443,hutchinsonlisa@example.com,2023-07-29
5808,Tiffany,Combs,Nepal,2825183760,doyleadam@example.com,2023-02-20
5809,James,Jones,United States Minor Outlying Islands,288-863-3841,lisa55@example.net,2023-08-14
5810,Mark,Carpenter,Bahrain,950.397.8903x43338,jacosta@example.com,2021-03-21
5811,Kyle,Jensen,Indonesia,+1-958-365-8236x554,parksshari@example.org,2020-08-16
5812,Charles,Briggs,Senegal,315-552-1012x1297,tabithacurtis@example.org,2022-09-08
5813,Francisco,Johnson,Sri Lanka,+1-496-462-9376,ipalmer@example.net,2020-12-19
5814,Ashley,Garcia,Tuvalu,(977)825-2600,suzannegonzales@example.org,2024-02-22
5815,Joseph,Smith,Guadeloupe,(419)633-5935x840,kristinaburns@example.com,2024-06-06
5816,Michael,Peck,Iran,(306)466-1637,mowens@example.org,2020-12-08
5817,Philip,Atkinson,Myanmar,(286)642-5632x730,bensonjasmine@example.com,2022-04-03
5818,Carolyn,Morse,Mayotte,(638)267-8483x6314,jesse15@example.com,2025-03-06
5819,William,Davis,Greece,792-233-0804x11814,markfisher@example.net,2022-10-12
5820,Robert,Wells,Monaco,+1-913-801-2302x194,taylor95@example.org,2024-01-15
5821,Catherine,Pennington,Egypt,3354147624,brianhampton@example.org,2023-07-08
5822,Thomas,Cooper,Guam,723-564-1801x98745,tchapman@example.com,2024-12-27
5823,Nina,Lester,Northern Mariana Islands,515-447-3267x3080,cynthia71@example.com,2021-08-23
5824,Richard,Blake,Chile,(616)645-7025,williamsdanielle@example.net,2022-09-22
5825,William,Singh,Nigeria,911.333.7531x11059,qoconnor@example.com,2025-02-21
5826,Jesse,Duke,New Caledonia,001-718-217-5474x7367,qsmith@example.net,2023-09-30
5827,Thomas,Andrade,Kenya,210-437-5256x29957,melissacarpenter@example.net,2025-12-08
5828,John,Zimmerman,Venezuela,264-717-5758,hannah69@example.com,2021-02-10
5829,Mark,Ramsey,Iraq,001-472-916-3134,tracy10@example.com,2025-12-20
5830,Erica,Taylor,Eritrea,541.477.7553,evanwilson@example.org,2025-01-19
5831,Olivia,Lopez,Lebanon,+1-508-847-1125,robert96@example.net,2025-07-16
5832,Andrew,Keller,Saint Kitts and Nevis,001-447-670-7138x0183,ericachase@example.org,2020-11-06
5833,Thomas,Clark,Cocos (Keeling) Islands,+1-461-294-2725x863,pharrison@example.org,2022-08-01
5834,David,Brown,Greenland,902-941-2540x7325,miranda53@example.com,2023-06-07
5835,Mary,Bernard,Poland,+1-707-550-4516x552,ugraham@example.com,2020-06-06
5836,Jason,Kirk,Tokelau,001-770-987-5719x74833,qcurtis@example.org,2021-09-28
5837,Deborah,Ramirez,Costa Rica,376-721-2367x13674,katelyn22@example.org,2020-02-06
5838,Tina,Bryant,Trinidad and Tobago,240.585.0954x587,ricejames@example.net,2022-12-14
5839,Dakota,Ford,Belarus,+1-399-804-5328,campbellrobert@example.com,2021-06-23
5840,Wesley,Chase,Marshall Islands,+1-974-713-9387x616,caitlyn08@example.com,2024-06-02
5841,Patricia,Edwards,Kiribati,4028282961,tylerbarrera@example.com,2023-01-05
5842,Melanie,Williams,Chad,6639328258,ksantos@example.com,2020-01-24
5843,Isaac,Reeves,Malta,694-439-0161x3060,delgadoadam@example.com,2025-01-30
5844,Eric,Thompson,Tuvalu,001-377-389-4038,lindastevens@example.com,2025-02-12
5845,James,Cummings,Thailand,925-785-8315,kathyowens@example.net,2023-07-05
5846,Mary,Wright,Paraguay,(465)959-9666,elizabethbarajas@example.com,2023-04-17
5847,Amy,Ramirez,Germany,718-976-9490,lauraweiss@example.net,2023-03-14
5848,Rodney,Thornton,Papua New Guinea,+1-604-859-3103x3973,christopher26@example.org,2020-05-22
5849,Lisa,Donaldson,Maldives,001-809-954-4796x6825,dschultz@example.com,2021-07-28
5850,Jeremy,Rangel,Vietnam,(222)609-3074x061,crystallee@example.com,2023-09-24
5851,Kim,Ellis,Cuba,(466)472-3030,joseph82@example.net,2022-06-08
5852,David,Espinoza,Mauritania,+1-371-725-2201x4875,ahoward@example.org,2026-01-23
5853,Robin,Smith,Antigua and Barbuda,001-781-687-1706x8242,edunlap@example.net,2023-10-29
5854,Patrick,Blevins,Congo,+1-334-714-6288,marthapatel@example.net,2020-12-02
5855,Paul,Scott,Antarctica (the territory South of 60 deg S),(721)641-8950,timothy60@example.com,2021-11-17
5856,Ryan,Martin,French Polynesia,466.466.8379x27899,weaverann@example.net,2022-09-03
5857,Victoria,Phillips,Iraq,(304)553-6359,valerie67@example.org,2023-10-30
5858,Christopher,Castillo,Mali,210-376-3105x709,rachelwagner@example.org,2025-03-15
5859,Alexander,Glenn,Congo,001-855-475-7918x9902,justinperez@example.com,2020-08-20
5860,Elizabeth,Wu,Pakistan,+1-952-584-6721x902,whenry@example.net,2023-09-25
5861,Randy,Ward,Bhutan,400-865-1303,lindsaydrake@example.net,2026-01-13
5862,Robert,White,Kiribati,(222)441-6430,xjohnson@example.com,2024-08-03
5863,Charles,Barton,Bosnia and Herzegovina,852-453-2413x9175,williamsbrianna@example.org,2021-07-24
5864,William,Weber,Western Sahara,777.627.2672x761,stephanielong@example.com,2026-02-05
5865,Michelle,Johnson,Uruguay,+1-354-517-6815x528,ywoods@example.com,2024-11-25
5866,Stefanie,Thompson,Senegal,797.225.0565x295,salasstacey@example.net,2022-02-21
5867,Tiffany,Smith,Cape Verde,+1-298-618-5958x438,jeffrey40@example.com,2023-11-09
5868,Andrew,Henry,Angola,479.889.2129x70954,benjamin08@example.org,2026-02-04
5869,Sheri,Rodriguez,Bhutan,783.433.2976x9093,eharmon@example.com,2025-08-17
5870,Paula,Davis,Samoa,001-344-753-7737x957,catherine75@example.net,2020-05-29
5871,Kimberly,Miles,Canada,+1-200-776-2916x99954,davidkelly@example.org,2021-01-08
5872,Andrea,Hampton,Senegal,+1-839-209-2477x08758,brian97@example.org,2025-05-13
5873,Carl,Fox,Svalbard & Jan Mayen Islands,225-313-5339x60986,xmcknight@example.com,2021-10-04
5874,Sonya,Johnson,Guernsey,827.443.8698x94927,angela67@example.net,2022-05-11
5875,Mary,Anderson,Burkina Faso,3343022942,timothygallegos@example.net,2021-02-23
5876,Carol,Curtis,Paraguay,383.629.8256x84525,qtapia@example.net,2021-07-01
5877,Samantha,Ramos,Belgium,001-592-648-7659x52668,andrew20@example.net,2024-02-20
5878,Roger,Hamilton,American Samoa,626.426.9027x337,ronaldwolf@example.org,2022-07-03
5879,Stephanie,Conway,Saint Kitts and Nevis,307.918.5542x3417,bridget68@example.com,2022-05-08
5880,Joshua,King,Congo,231.224.3155x547,raytownsend@example.net,2024-12-14
5881,Anthony,Lopez,Uzbekistan,(572)758-2255,castillojulie@example.com,2026-02-11
5882,Mark,Hodge,Chad,(518)893-0773,hoovercolleen@example.com,2020-09-05
5883,Sandra,Gray,Malawi,(681)809-9184x9171,alexrivera@example.org,2025-01-03
5884,Stacey,Villegas,Syrian Arab Republic,237.748.2922x12945,hernandezamanda@example.net,2020-03-18
5885,Ryan,Campbell,Italy,(892)697-5086,walter95@example.net,2023-04-17
5886,Jeremy,Sanders,Rwanda,628-548-6178x68000,john15@example.com,2022-07-07
5887,Jennifer,Briggs,Morocco,386-599-7893,bennettkristen@example.org,2021-04-03
5888,Lindsey,Reilly,Madagascar,222.805.7826,ykey@example.com,2022-11-12
5889,Jennifer,Randall,Israel,+1-496-817-3396,ashley32@example.com,2020-06-08
5890,Jacob,Hernandez,Ireland,001-317-618-0812x58607,austinevan@example.com,2020-04-22
5891,David,Santos,Liberia,278.589.1633x52058,lukegarcia@example.org,2022-07-22
5892,Nathaniel,Robinson,Saint Kitts and Nevis,+1-339-652-4301,vnunez@example.net,2025-03-30
5893,Daniel,Larson,Canada,+1-966-923-0015,amy22@example.com,2026-01-27
5894,Lindsay,Holmes,Netherlands Antilles,(592)909-5137,clozano@example.com,2024-05-08
5895,Kristina,Vasquez,Venezuela,9212022289,amystevens@example.org,2024-07-30
5896,Noah,Mills,Nepal,(440)942-8341,byrdrandy@example.org,2025-03-22
5897,Dennis,Perry,Antarctica (the territory South of 60 deg S),(488)536-3163,christy12@example.net,2022-06-20
5898,Kathryn,Preston,French Southern Territories,473-369-1911x6867,warrenkyle@example.net,2025-04-21
5899,Gerald,Lutz,Uganda,315-560-2420x962,fyates@example.net,2023-07-23
5900,Raymond,Cohen,Suriname,357-865-1198x17393,smcgee@example.net,2024-01-19
5901,Daniel,Dennis,Burkina Faso,743.257.2943x761,elizabeth66@example.com,2022-11-08
5902,Jeff,Barnett,Australia,001-845-938-0804x0627,levans@example.com,2025-01-10
5903,Joshua,Martin,Guyana,3842985289,timothychapman@example.net,2022-03-17
5904,Joshua,Humphrey,Reunion,469.701.5360,hallclaire@example.org,2020-10-04
5905,Kevin,Wilson,France,868-589-3613,danielle11@example.org,2024-08-22
5906,Lisa,Moore,Svalbard & Jan Mayen Islands,+1-974-203-8942x0257,jmorrow@example.org,2024-10-30
5907,Justin,Obrien,Yemen,248-989-1866x9893,mcgrathchristopher@example.net,2022-09-03
5908,Dawn,Foster,Palestinian Territory,(413)847-3226x489,hjackson@example.org,2025-06-04
5909,Aaron,Black,Antigua and Barbuda,997.322.1616,cboyer@example.org,2022-11-27
5910,Kelsey,Dixon,North Macedonia,695.981.9769x4783,sweeneyvictoria@example.net,2021-11-21
5911,Kelly,Rice,Uzbekistan,001-813-921-3914,gardnermichelle@example.net,2021-07-16
5912,Sydney,Greer,Saint Kitts and Nevis,(692)880-3392,rossanne@example.org,2024-03-18
5913,Elijah,Sutton,North Macedonia,567-562-2364,jack28@example.net,2024-12-21
5914,Michael,Williams,Papua New Guinea,673.383.2727,jeremynelson@example.net,2022-03-06
5915,Kevin,Rivera,Australia,001-355-745-7925x93841,jessica42@example.org,2022-11-10
5916,Emily,Miller,Cuba,639-861-1777x86616,anthonycampos@example.net,2026-01-22
5917,Barbara,Cordova,Saint Martin,7323893006,christopherbarnes@example.net,2020-05-19
5918,Alexis,Perez,Ecuador,800.748.3359x0271,garciakevin@example.com,2023-10-09
5919,Susan,Acosta,Panama,+1-462-739-7030x00963,leonardthompson@example.net,2022-04-20
5920,Melanie,Lewis,Saint Lucia,(425)314-1244,rileyabigail@example.org,2024-07-09
5921,April,Hardy,Spain,5297365861,biancagarner@example.net,2025-04-06
5922,Ryan,Lee,Uruguay,001-719-950-9115x20102,hrichardson@example.org,2026-01-15
5923,Cynthia,Garrison,Micronesia,(859)470-1420,timothy65@example.org,2023-12-25
5924,Robert,Adams,Sri Lanka,623-558-9988,eric60@example.org,2022-07-30
5925,Natalie,Paul,Latvia,954-344-4610x91055,sarah88@example.org,2025-03-19
5926,Nancy,Weber,India,4124167824,shieldsmargaret@example.org,2021-01-21
5927,Jason,Morales,Guernsey,984-259-0267x427,dortega@example.com,2020-06-17
5928,Sheila,Murphy,Ghana,4573195709,anita22@example.net,2020-09-24
5929,Misty,Adams,Timor-Leste,3273220793,meganevans@example.net,2022-06-20
5930,Lance,Lee,Tokelau,001-746-903-3126x04581,anitaferguson@example.org,2025-02-15
5931,Allison,Mcguire,Gibraltar,275.562.6775x3370,kho@example.net,2021-03-09
5932,Richard,Diaz,Libyan Arab Jamahiriya,813.530.7520x4479,mlawson@example.org,2022-02-28
5933,Evelyn,Diaz,Poland,281-472-5698x06692,vkemp@example.net,2022-02-17
5934,Patricia,Hudson,Nigeria,+1-316-643-3571x8447,icurtis@example.com,2025-09-24
5935,Nicholas,Mitchell,Tanzania,308.467.9360x8614,emccormick@example.org,2023-06-19
5936,Jason,Schaefer,Bahamas,(565)231-6591x92404,aharris@example.com,2026-01-10
5937,Jeffrey,Porter,Faroe Islands,2454092824,robinsonelizabeth@example.com,2025-11-11
5938,Valerie,Bates,Ethiopia,(266)257-0563x89877,tjordan@example.org,2023-06-10
5939,Kayla,Hall,Malta,791-863-3850x9808,harrisdennis@example.com,2024-06-25
5940,Sonya,Cooper,Switzerland,+1-750-474-8108x5721,barbersusan@example.com,2025-09-04
5941,Marcus,Morales,Korea,951.229.2389,brianzimmerman@example.com,2022-02-22
5942,Rachael,Sanchez,Germany,001-565-594-5256x4286,brandon67@example.org,2020-04-22
5943,Katherine,Walters,Spain,967.590.7352x257,bestsuzanne@example.org,2021-06-01
5944,Valerie,Jefferson,Maldives,+1-798-791-5476x9263,mollysullivan@example.net,2022-05-29
5945,Brett,Lang,Marshall Islands,(542)296-3303x9092,dmendoza@example.org,2024-03-23
5946,Emily,Parks,Grenada,(364)596-6182x74811,dmiller@example.org,2021-08-31
5947,Kathryn,Jones,Norfolk Island,484.422.0226x75186,kbailey@example.com,2025-06-10
5948,Meghan,Smith,Egypt,(653)380-4680,kevinwillis@example.net,2024-02-01
5949,Anna,Hines,Morocco,+1-885-984-3598x99111,orozcobrian@example.org,2023-05-03
5950,Jessica,Garza,Croatia,333.550.2088x38927,amber39@example.com,2022-08-16
5951,Brandon,Ingram,Mozambique,+1-236-985-6009x842,susanmann@example.com,2024-06-02
5952,Mark,Wallace,Egypt,790-335-0945x67935,meyersvanessa@example.org,2026-01-24
5953,Andre,Moody,Norfolk Island,+1-251-650-5208x35700,rosemark@example.com,2025-05-24
5954,Andrea,James,Western Sahara,987.855.6161,allenseth@example.org,2024-06-05
5955,Mark,Martin,Uzbekistan,376-908-8224x39462,brownjennifer@example.com,2021-01-31
5956,Jason,Reynolds,Portugal,(569)689-0795x903,jillian42@example.org,2025-09-17
5957,Kevin,Smith,Marshall Islands,001-618-224-6686x39168,ihoover@example.com,2020-07-26
5958,Leslie,Rice,Gabon,840-747-1937x969,njones@example.net,2020-07-05
5959,Angela,Smith,Svalbard & Jan Mayen Islands,+1-587-247-4979x8494,larrybrown@example.org,2020-01-22
5960,Christopher,Spencer,North Macedonia,001-365-525-2355,eringreer@example.org,2023-12-17
5961,David,Robinson,Brunei Darussalam,243-344-4989x6877,debra49@example.com,2022-12-20
5962,Kathleen,Payne,Dominica,997-891-9745,nicholasyoung@example.com,2023-04-16
5963,Courtney,Mitchell,Cambodia,942-280-0323,nlewis@example.org,2024-07-27
5964,Amanda,Nguyen,Cuba,238-712-1786,morrisjared@example.org,2020-12-08
5965,Sheri,Watkins,Slovenia,8124743402,crogers@example.org,2021-02-01
5966,Emily,Rios,United States Virgin Islands,290-637-5702x117,hollandbrian@example.com,2020-09-05
5967,Philip,Jackson,Liberia,+1-698-231-8159,william73@example.net,2022-01-31
5968,Tyler,Jenkins,South Georgia and the South Sandwich Islands,693.273.6710x787,ymccarthy@example.com,2021-12-27
5969,Barry,Harper,France,001-456-534-5016x8649,felicia92@example.org,2020-02-17
5970,Charles,Krueger,Finland,200.648.6036x95946,michael77@example.net,2024-04-15
5971,Antonio,Thomas,Croatia,(400)227-7515x162,kyle56@example.net,2026-01-14
5972,Richard,Lewis,Malta,384-899-2409,upark@example.net,2022-05-27
5973,Dylan,Raymond,Mozambique,983.366.3466x4871,tjohnson@example.com,2025-05-28
5974,Jennifer,Stanley,Saint Kitts and Nevis,001-634-574-3843x992,istout@example.net,2022-12-30
5975,Daniel,Smith,Korea,001-781-888-9302x96730,kimberly80@example.com,2021-12-23
5976,Mary,Meyer,Tuvalu,889.890.8237,lisa32@example.org,2024-08-27
5977,Kayla,Yates,Barbados,(698)257-4025x0899,christopher03@example.com,2025-11-02
5978,Tina,Morrison,Chad,(558)492-4440x23273,matthew85@example.org,2022-03-10
5979,Nathan,Olson,Equatorial Guinea,3694986705,stacey36@example.net,2026-02-28
5980,Tracey,Herrera,Cote d'Ivoire,+1-831-723-3015x74032,andreamatthews@example.net,2026-01-09
5981,Alexander,Snyder,Anguilla,552-326-7034x89703,bellzachary@example.net,2025-06-24
5982,Alexandra,Castro,United States Virgin Islands,6166951356,oconnorkrista@example.com,2021-03-15
5983,Cassandra,Robbins,Pitcairn Islands,001-495-232-1819x1437,victoria51@example.net,2025-06-19
5984,Anne,Arroyo,Martinique,3695919814,zsanchez@example.org,2024-09-01
5985,Patricia,Jackson,Croatia,882-480-8008x327,toddgentry@example.com,2024-05-16
5986,Christopher,Long,Saint Kitts and Nevis,001-413-996-3597x8760,kruegerrobin@example.net,2022-07-27
5987,Tammy,White,Sri Lanka,(217)781-5712x5587,robinsonjonathan@example.org,2021-02-09
5988,Shawn,Crane,Macao,730-723-0372x5437,brenda35@example.com,2024-12-17
5989,David,Guerrero,Portugal,+1-799-694-9670x5387,megan89@example.com,2023-08-27
5990,Jennifer,Miller,Eritrea,(968)839-0707,elizabethjones@example.com,2021-02-27
5991,Patrick,Diaz,Montserrat,001-358-936-1269,buchananchristian@example.net,2024-11-28
5992,Danny,Palmer,South Georgia and the South Sandwich Islands,484-592-3724x7869,frenchsharon@example.net,2023-02-15
5993,Travis,Palmer,Eritrea,5776330106,douglasdonald@example.com,2025-08-10
5994,Rodney,Lee,Isle of Man,+1-678-806-9806,grant56@example.org,2022-07-19
5995,Natalie,Jensen,Reunion,6472416919,beverlykirby@example.net,2023-09-25
5996,Ryan,Miller,Norfolk Island,+1-312-840-2112x19500,ostark@example.com,2023-07-05
5997,Justin,Farmer,Sao Tome and Principe,952-852-6255x16822,wsmith@example.com,2025-05-12
5998,Lori,Lloyd,Grenada,817-446-7295,joshua94@example.com,2020-12-13
5999,Ethan,Cooper,Cambodia,+1-664-228-2982,conwaychristian@example.net,2025-04-03
6000,Matthew,Carter,Iraq,001-382-784-0893x8879,fernandezjacob@example.org,2025-09-19
6001,Brendan,Evans,Iran,+1-297-310-4700x47971,cochranjacob@example.com,2022-10-11
6002,Rebecca,Callahan,Madagascar,442.873.4659x36523,imartinez@example.com,2025-05-20
6003,Holly,Werner,Madagascar,914-475-7723,jenniferwhite@example.org,2022-04-07
6004,Makayla,Davis,Guadeloupe,001-944-715-1849x65359,nancy21@example.com,2024-01-25
6005,Angela,Turner,Congo,429.274.3371x8356,langmatthew@example.com,2020-10-01
6006,Annette,Nelson,Cocos (Keeling) Islands,001-853-375-1960,michaela69@example.net,2023-02-14
6007,Jessica,Black,Germany,804-864-7123x261,wallbrian@example.com,2025-11-26
6008,Brent,Molina,Cook Islands,(907)318-2101x2809,blakestevenson@example.org,2021-11-08
6009,John,Shannon,Turkey,620.895.6298,ylara@example.org,2022-07-29
6010,Stephen,Clark,Gabon,668.558.1190x40866,john17@example.net,2024-10-26
6011,Marissa,Glover,Kazakhstan,477.623.1432x2619,alexandracole@example.com,2025-06-12
6012,Michele,Jones,Gambia,001-222-592-8195x88391,rachelschwartz@example.com,2021-05-02
6013,Shane,Berry,Bulgaria,754-892-4541,gouldstephanie@example.com,2025-10-13
6014,Kristen,Lewis,Cyprus,+1-772-722-2397x8741,mhoffman@example.com,2025-11-09
6015,Richard,Burke,Vietnam,703-322-5717x8066,russellmatthew@example.org,2020-01-12
6016,James,Fletcher,Honduras,(646)949-6320,sarah84@example.net,2023-10-09
6017,Katherine,Quinn,British Virgin Islands,(409)704-2645,sheryl74@example.org,2025-11-20
6018,James,Brown,Gambia,001-350-446-3876x461,richardjackson@example.net,2021-05-17
6019,Brian,Reynolds,Australia,588.687.5736,nicolemontgomery@example.com,2022-09-05
6020,Timothy,Hubbard,Vietnam,992-572-1657,hamiltonbrandon@example.net,2021-02-25
6021,Michele,Nguyen,Korea,001-828-959-7587,robertsonricardo@example.net,2023-03-10
6022,Jamie,Collins,Burkina Faso,(592)609-2081x01196,michaelmccall@example.com,2022-03-10
6023,Deborah,Buck,Estonia,7809954301,gonzalezkenneth@example.net,2025-10-26
6024,Olivia,Ellis,Madagascar,980.223.1111x6409,ashleygarza@example.org,2025-08-09
6025,Cynthia,Dennis,United States Virgin Islands,350-513-2122x2824,amiller@example.org,2025-11-19
6026,Jamie,Moore,Morocco,(842)954-0025,nmercado@example.org,2024-09-01
6027,William,Holmes,Tanzania,354-329-0982,byang@example.org,2025-01-18
6028,Russell,Torres,Bouvet Island (Bouvetoya),+1-371-499-6192x12535,benderbrian@example.net,2020-01-31
6029,Kaitlyn,Cardenas,Iraq,6212900188,sarahwilson@example.net,2023-04-07
6030,Andrew,Lopez,Tunisia,547.581.6858x417,josephevans@example.net,2020-01-16
6031,Wendy,Rose,Chile,(440)842-0279,montgomeryheather@example.com,2023-07-30
6032,Stephen,Copeland,Luxembourg,815-555-0804,cherylsanchez@example.com,2021-03-02
6033,Steven,Powers,Ireland,001-969-524-2130x67534,catherinecasey@example.org,2021-08-22
6034,Brett,Montgomery,Trinidad and Tobago,+1-481-482-2679x87354,robertjohnson@example.com,2020-03-29
6035,Blake,Mcgee,Grenada,(448)485-6898,ahowe@example.org,2022-01-25
6036,Douglas,Lewis,British Indian Ocean Territory (Chagos Archipelago),(203)882-9624,fletcherstephanie@example.net,2023-11-10
6037,Jennifer,Wong,Georgia,(823)243-5187x00103,nicole16@example.com,2022-02-08
6038,Christopher,Moore,Mozambique,(653)804-7881x390,mindy08@example.net,2021-06-25
6039,Angelica,Armstrong,Cambodia,001-250-622-0411,michaelhernandez@example.com,2025-07-16
6040,Jordan,Saunders,Uganda,3692815744,peggymiranda@example.net,2024-07-01
6041,Michael,Tucker,Somalia,001-470-356-1251x74535,udavis@example.com,2024-01-22
6042,Joshua,Rush,Afghanistan,+1-971-546-8829x64510,sodom@example.com,2021-01-17
6043,Suzanne,Cummings,Benin,9775133817,stewartdonna@example.net,2022-08-17
6044,Frank,Lynch,Turks and Caicos Islands,001-616-932-7796x5683,petersonregina@example.com,2025-01-26
6045,Jeremy,Flowers,Lao People's Democratic Republic,343-766-1235x1252,pereznicholas@example.org,2023-10-08
6046,Marissa,Adams,Jordan,001-553-574-9089x7525,stephen35@example.net,2021-07-04
6047,Adam,Arellano,Portugal,667-550-4351x652,kenneth42@example.com,2022-08-01
6048,Jessica,Harper,Yemen,(647)603-3710,maryschroeder@example.org,2023-11-11
6049,Manuel,Liu,Belarus,(281)327-5752x9778,johnnichols@example.com,2020-06-21
6050,Sydney,Jacobs,American Samoa,+1-238-230-6073x630,kristibaker@example.net,2024-08-21
6051,Jason,Ramirez,Argentina,+1-278-753-4363x26793,martincarrie@example.net,2020-05-01
6052,Benjamin,Marks,Lithuania,001-407-868-6240x1240,tracyrussell@example.com,2023-01-30
6053,Julia,Thomas,Romania,+1-443-784-9276x48366,vfranklin@example.com,2024-12-21
6054,Jesus,Tucker,Saint Pierre and Miquelon,001-402-248-0124x2911,zsandoval@example.com,2024-06-11
6055,William,Norris,Tonga,(553)844-7976x0142,michaeldavis@example.net,2025-09-14
6056,Brooke,Rodriguez,Hong Kong,5408420057,kwells@example.net,2025-06-30
6057,Nancy,Warren,Kyrgyz Republic,868-680-0627,hernandezgeorge@example.net,2026-02-25
6058,Tyler,Smith,Mozambique,001-989-387-3881,shelbyking@example.org,2024-01-27
6059,Wendy,Chavez,Grenada,(314)556-8695x3914,vbrooks@example.com,2022-10-01
6060,Paula,Wells,Israel,001-363-852-2517x43287,edawson@example.org,2020-07-01
6061,Sharon,Irwin,Latvia,001-321-960-1541x2000,mary57@example.org,2022-09-05
6062,Adam,Jensen,Cocos (Keeling) Islands,(963)521-0643,selena86@example.com,2023-11-26
6063,Michelle,Morgan,Korea,001-938-450-7685,darin93@example.net,2020-03-17
6064,Jodi,Perez,Ethiopia,898.596.2741x34627,ajohnson@example.com,2024-11-16
6065,Grant,Chandler,Tuvalu,+1-765-376-6066x672,hernandezheather@example.org,2020-10-29
6066,Teresa,Harrell,Bouvet Island (Bouvetoya),989.264.4160,russelljohn@example.com,2022-10-17
6067,Tracy,Hunter,Saint Helena,967-527-1477,williamschristina@example.org,2025-10-15
6068,Anthony,Lee,South Africa,001-924-744-8437x0902,tinalynn@example.net,2020-03-05
6069,Mark,Mora,Russian Federation,+1-368-801-7338x50430,nbruce@example.net,2022-04-12
6070,Jackson,Bennett,Gabon,8324388851,uanderson@example.org,2025-07-26
6071,Deborah,Farmer,Sri Lanka,581.348.4919x33867,andrew14@example.net,2024-04-03
6072,Mariah,Hudson,Cayman Islands,767.323.9961x32621,jonessteven@example.net,2025-08-25
6073,Samuel,Graham,Saint Lucia,+1-917-430-0665x92524,dawn17@example.org,2024-04-27
6074,Steven,Ramsey,Tanzania,651-897-6317x30655,brookerivers@example.org,2024-03-20
6075,Nathan,Lopez,Denmark,+1-534-772-7930,davidhuber@example.net,2023-04-28
6076,Ryan,Parker,Costa Rica,943-367-6372,daniellefritz@example.org,2024-06-03
6077,William,Olson,Oman,303.936.5589x788,sydney11@example.net,2023-09-09
6078,Jorge,Vasquez,Bulgaria,001-820-983-3338x212,johnsshawn@example.org,2024-10-27
6079,Lori,Mccoy,Cook Islands,001-861-220-0736,claytonbryan@example.com,2022-11-22
6080,Tammy,Shepherd,Australia,205.291.5547x31584,vgomez@example.com,2023-07-06
6081,Cathy,Rangel,Palau,481.653.7069x64911,william64@example.org,2021-10-19
6082,Jenna,Bean,Romania,723.945.3969,apugh@example.net,2022-03-02
6083,John,Simmons,Netherlands Antilles,551.410.7851x145,eochoa@example.net,2025-06-13
6084,Robert,Allen,French Southern Territories,382-604-2279x210,angie37@example.com,2025-04-20
6085,Joy,Hampton,Western Sahara,306-997-2510x5958,emilysellers@example.net,2025-03-30
6086,Rick,Tran,Cape Verde,351.468.1689x12666,hwilliams@example.com,2020-04-07
6087,Eric,White,Palau,(472)611-3572,cmelendez@example.org,2026-02-19
6088,Nicole,Lucas,Netherlands,268.608.8754,shannontaylor@example.org,2022-04-28
6089,Natalie,Pierce,Cote d'Ivoire,+1-268-397-4377x43128,andrea34@example.com,2025-07-05
6090,Michael,Lawrence,Bulgaria,(710)231-5904,pbrock@example.org,2021-01-30
6091,Donald,Miller,Brunei Darussalam,295-508-1043,martinjill@example.com,2022-09-25
6092,Shannon,Hart,Madagascar,221.340.0211,warddouglas@example.com,2022-05-08
6093,Beth,Elliott,Dominican Republic,001-738-784-6296x11997,estesedward@example.com,2020-08-03
6094,Jennifer,Johnson,San Marino,806-329-1918x8678,xjones@example.com,2021-03-03
6095,Jacob,Carter,China,957.419.5193x016,stephenbishop@example.org,2025-09-26
6096,Anthony,Thomas,Tunisia,633-648-8488x74516,williamsmariah@example.com,2021-08-21
6097,Denise,Woodward,United States Virgin Islands,001-574-725-3102x431,csmith@example.com,2023-04-01
6098,Michelle,Holmes,Suriname,(343)364-5650x1381,natalie26@example.org,2025-03-09
6099,William,Leach,Benin,+1-310-906-1879x82400,susanhernandez@example.com,2023-04-16
6100,Christopher,Cohen,Bangladesh,294-956-1064x8600,shawcory@example.net,2020-12-25
6101,Tara,Smith,Cyprus,(288)844-1882,christinashaw@example.org,2025-05-19
6102,Angel,Wells,Cayman Islands,(332)358-2421,roserachel@example.com,2020-12-04
6103,Norma,Payne,Bermuda,+1-437-741-1847x34385,williamhicks@example.net,2025-07-18
6104,Robert,Hill,United States Virgin Islands,(285)905-7250x206,julie96@example.net,2023-06-30
6105,Jacqueline,Chung,Guatemala,696-235-3924x862,mendezcarolyn@example.com,2022-11-22
6106,Richard,Proctor,San Marino,(654)759-1643,jeffery06@example.net,2024-12-30
6107,Rachel,Rodgers,Ghana,001-593-781-7087x159,madisonsmith@example.org,2024-04-19
6108,Stephen,Shannon,Paraguay,+1-968-879-7906x998,jason88@example.org,2024-03-06
6109,John,Hernandez,Greece,627-992-7725x2030,webbtimothy@example.com,2022-01-03
6110,Jonathan,Howard,Mali,001-763-373-1534,frydaniel@example.org,2022-05-11
6111,Curtis,Gilmore,Maldives,+1-348-283-5519x761,vlane@example.org,2024-10-23
6112,David,Munoz,Anguilla,5582213880,kellyshirley@example.net,2021-07-24
6113,Christopher,Bowers,Niue,+1-964-468-8085x39184,pottsdavid@example.net,2020-02-19
6114,Michael,Woods,Nicaragua,+1-482-809-1069x671,fgomez@example.net,2023-08-30
6115,Amy,Lee,Monaco,693-665-9033,ugray@example.com,2021-04-14
6116,Kimberly,Johnson,Lebanon,662-327-9400x155,mariawade@example.net,2025-04-15
6117,Timothy,Potter,France,535.836.3900x481,hernandeztyler@example.com,2022-06-09
6118,Angela,Mckay,Samoa,+1-439-705-5113x73188,jesse50@example.org,2021-02-14
6119,Darren,Chapman,Svalbard & Jan Mayen Islands,942-206-5855,pjohnson@example.com,2023-04-10
6120,Brian,Koch,Nicaragua,619-361-5855x9522,millerkevin@example.com,2024-10-10
6121,Melissa,Perry,Austria,+1-269-787-3224,mark29@example.org,2021-12-19
6122,Katrina,Bruce,Italy,(893)525-6418x791,baldwinandrea@example.net,2024-05-15
6123,Robert,Gill,Libyan Arab Jamahiriya,4415255899,millermelanie@example.net,2025-12-14
6124,Eugene,Moon,Tonga,568-973-3069x03688,taylorbryan@example.org,2022-03-10
6125,Katie,King,Madagascar,001-705-469-8323x8742,brendahall@example.net,2025-03-29
6126,Clayton,Simmons,Cayman Islands,596-934-9815x1543,hmccarty@example.net,2024-11-12
6127,Michael,Jones,Saint Barthelemy,(405)620-0612,kristinaanderson@example.com,2021-07-22
6128,Christy,Turner,Brazil,987.372.3646,jenniferlarson@example.org,2025-05-29
6129,Yolanda,Tucker,Korea,(534)551-2253x267,ihodge@example.com,2025-08-19
6130,Jamie,Baker,Belize,495.747.6904x148,pamelabrown@example.org,2021-11-12
6131,Troy,Martinez,Svalbard & Jan Mayen Islands,730.208.1964x880,qtaylor@example.com,2021-09-01
6132,Joshua,Wilson,Turkmenistan,995.412.8243x0898,weaverrachel@example.org,2021-07-10
6133,Jose,Ramirez,Oman,(995)432-8290,wendygarcia@example.net,2023-12-31
6134,Sara,Johnson,Liechtenstein,(475)507-2847x976,ahunt@example.com,2020-03-12
6135,Kayla,Stanley,United States of America,(268)670-1350x659,raymond51@example.com,2020-01-01
6136,Ronald,Burton,Trinidad and Tobago,+1-305-316-8032x2278,caseymunoz@example.net,2021-04-27
6137,James,Johnson,Romania,286-369-1178x89481,ucastaneda@example.org,2022-07-27
6138,Bruce,Douglas,Cuba,(571)499-3996x0636,bowmanthomas@example.org,2022-06-22
6139,Patrick,Navarro,Mozambique,332-912-9701,ovazquez@example.org,2024-08-27
6140,William,Chambers,Antigua and Barbuda,(787)987-6380x2512,peterwalker@example.net,2024-12-04
6141,Diane,Adkins,Papua New Guinea,+1-950-282-6811,udoyle@example.net,2020-06-03
6142,James,Anderson,Kiribati,333-497-8358x960,stacy70@example.net,2022-04-13
6143,Lindsey,Bell,Saint Helena,715.334.2174x3063,pattonmichael@example.net,2020-03-12
6144,Kristen,Bush,Mongolia,932.870.4562x319,vcabrera@example.org,2026-01-09
6145,Adam,Morales,New Caledonia,767.359.6624x902,gary85@example.com,2020-07-06
6146,Erin,Phillips,Tokelau,256.306.8902,kimchapman@example.net,2025-12-16
6147,Lisa,Black,Spain,(222)276-4298x1290,laura55@example.net,2023-10-02
6148,Andrea,Baker,Libyan Arab Jamahiriya,+1-516-269-9351,hballard@example.com,2022-08-30
6149,Christopher,Dillon,San Marino,(447)265-4525,gregory43@example.net,2022-11-20
6150,Samantha,Ramos,Jamaica,(655)365-4949x206,kelly34@example.net,2024-12-15
6151,Christina,Ayers,Venezuela,212-636-4968x24588,chrisrobinson@example.com,2022-09-02
6152,Sheila,Rodriguez,Paraguay,(583)600-7213,juliegarcia@example.org,2023-10-21
6153,Stephen,Brown,Palau,(954)922-0319x49042,proctorchristopher@example.net,2021-05-27
6154,Alicia,Jordan,Slovenia,991-872-6411x413,dpeck@example.net,2023-09-02
6155,Theresa,Richardson,Kiribati,640.310.0153,tmiles@example.net,2021-02-17
6156,John,Zamora,Guernsey,597.910.8758x6591,zwaller@example.com,2025-10-13
6157,Natasha,Chapman,Haiti,(478)606-3014x5266,erica18@example.net,2021-05-14
6158,Joshua,Hernandez,Moldova,859-425-7518x35738,jonesadrian@example.net,2020-11-01
6159,Tara,Smith,Norfolk Island,001-689-898-0739x74024,stevensthomas@example.org,2026-02-18
6160,Matthew,Ward,Fiji,001-809-937-5687x65542,valdezkatherine@example.org,2021-02-19
6161,Matthew,Chavez,Egypt,573.743.8117x6973,pinedajeanne@example.net,2020-11-01
6162,Larry,Robinson,Bosnia and Herzegovina,+1-978-577-1934x5469,derrickramirez@example.com,2020-04-03
6163,Andrew,Monroe,Cuba,+1-674-677-5028x12113,isoto@example.org,2024-03-21
6164,Bradley,Riley,Libyan Arab Jamahiriya,8328131050,jthompson@example.org,2023-08-28
6165,Tammy,Dickerson,Togo,+1-267-866-1675,ymedina@example.com,2023-11-24
6166,Sherry,Stone,Qatar,(472)945-9619x72923,jessica31@example.org,2024-10-01
6167,Robert,Ferguson,Mozambique,893-451-9459x98150,ballen@example.net,2022-10-13
6168,Hannah,Meyer,Benin,540-983-3148x0251,murphyrachel@example.org,2023-09-05
6169,Casey,Carpenter,Iraq,001-788-418-1477x5185,leachlaura@example.org,2025-03-04
6170,Rebecca,Scott,Sierra Leone,001-750-645-0720x68037,lsalazar@example.com,2023-05-01
6171,David,Morgan,Guadeloupe,845-210-9470x619,jose99@example.net,2024-10-13
6172,Carl,Howard,Solomon Islands,206-299-8273x056,christopher72@example.net,2021-04-04
6173,Madison,Smith,United States of America,528.848.6018x87129,mford@example.net,2024-06-09
6174,Robert,Brooks,Argentina,001-706-879-2674,rodriguezthomas@example.net,2024-09-07
6175,Charles,Carey,Panama,001-724-751-3650,twright@example.net,2022-03-11
6176,Roger,English,Cyprus,491-518-4113,ortegacurtis@example.net,2022-08-15
6177,James,Davis,Uganda,675-662-0112x70482,ehowell@example.com,2023-04-16
6178,Andre,Allen,Moldova,+1-776-826-2869,tjoyce@example.com,2020-04-13
6179,Edward,Murphy,Saint Lucia,(326)259-0937x1190,kingbecky@example.net,2022-07-20
6180,Autumn,Holmes,Lesotho,(992)961-4626x37605,halllogan@example.net,2021-05-12
6181,Susan,Pena,United States Minor Outlying Islands,867.595.3039x66429,garciadustin@example.net,2023-05-22
6182,Tanya,Vazquez,Antigua and Barbuda,(826)472-0768,youngblake@example.com,2025-06-30
6183,Pamela,Adams,Armenia,+1-894-464-0749x55737,fadams@example.net,2020-02-08
6184,Natasha,Mccall,Gambia,689.832.3177x427,billymitchell@example.net,2025-09-22
6185,Sean,Wyatt,Finland,+1-833-485-8340,ysmith@example.org,2020-08-28
6186,Matthew,Hernandez,Seychelles,(643)691-2028,jeromelewis@example.com,2021-11-20
6187,Jesse,Archer,Bahamas,3633210423,marcus77@example.org,2022-01-30
6188,Mark,Nelson,Iraq,+1-464-208-5011x5487,traciesantos@example.net,2023-04-11
6189,Anthony,Jackson,Liberia,(445)456-5225x3569,johnsonkaren@example.org,2020-05-04
6190,Aaron,Rush,Argentina,001-218-229-5411x093,claire76@example.org,2025-01-11
6191,Lori,Davies,Hong Kong,(288)847-5824x6166,jodi02@example.com,2020-08-28
6192,Donald,Lawson,Vanuatu,823.933.1339x877,amywalker@example.org,2020-09-11
6193,James,Spears,Nepal,610-759-5141,ortegajennifer@example.org,2026-01-23
6194,George,King,Bermuda,+1-869-416-7274x19070,pamelasanchez@example.net,2024-05-16
6195,Lisa,Edwards,United States of America,001-878-203-4763x33296,thompsonvictoria@example.org,2021-03-11
6196,Joshua,Simmons,Lao People's Democratic Republic,662-905-5563,adam31@example.org,2020-11-14
6197,Laurie,Leon,Sudan,+1-887-398-5587,doris60@example.net,2020-07-02
6198,Patrick,Travis,Yemen,271.688.4426,hbaker@example.com,2021-07-10
6199,Jerry,Moore,Martinique,(878)941-6291,rachelmueller@example.net,2023-05-03
6200,Joe,Jones,Hungary,676.363.3530x977,dominguezbrian@example.org,2023-05-02
6201,Crystal,Higgins,Micronesia,485.517.5895x520,laura38@example.com,2025-11-16
6202,Edward,Rogers,Germany,541-781-7092,isabella64@example.org,2025-07-15
6203,Leon,Baker,Uzbekistan,001-366-869-9306x01149,mitchellcummings@example.net,2020-09-07
6204,Jeremy,Smith,Serbia,339-995-7227x8566,brittanydavis@example.net,2020-12-13
6205,Craig,Parker,British Indian Ocean Territory (Chagos Archipelago),425-527-9081x91884,kathryn32@example.net,2024-05-28
6206,Autumn,Hood,Turks and Caicos Islands,+1-672-726-9924,wrodgers@example.org,2021-10-01
6207,Thomas,Brady,United States Virgin Islands,(741)958-9139x77245,michelle59@example.net,2021-02-28
6208,Debra,Martinez,Micronesia,001-643-666-5478,angelalynn@example.com,2020-06-19
6209,Kimberly,Fields,Ireland,8559696233,ujohns@example.com,2025-11-08
6210,Justin,Garner,Austria,001-613-216-0125x8753,sara23@example.net,2025-02-25
6211,Robin,Faulkner,Cook Islands,001-942-967-6458x50263,btrujillo@example.net,2022-08-17
6212,Brenda,Snyder,Greenland,+1-663-243-3002x62307,kelleypatrick@example.com,2025-11-25
6213,Heather,Davis,Cook Islands,828.635.8331x1080,bryantdouglas@example.net,2025-11-24
6214,Randall,Lawrence,Paraguay,423-519-4743x995,brandibrooks@example.net,2024-06-05
6215,Veronica,Greene,Tanzania,(914)690-8763x9826,kellycharles@example.net,2024-06-21
6216,David,Griffith,Tanzania,663-328-5779x727,lking@example.net,2020-07-01
6217,Amanda,Hamilton,Palau,(734)894-5463x94882,rbenton@example.net,2025-05-09
6218,Veronica,Ballard,Bolivia,+1-266-855-4364x97549,shannon19@example.net,2022-10-27
6219,Tiffany,Johnson,Togo,(421)377-7724,robertgonzalez@example.org,2021-10-04
6220,Laura,Mann,Holy See (Vatican City State),701-799-9823,marvin40@example.net,2023-02-03
6221,Linda,Martin,Guernsey,380.361.5590,scottmcintosh@example.com,2024-03-24
6222,Mark,Rowe,Aruba,940-866-3204x16097,williamsjames@example.net,2022-01-15
6223,Alexandra,Alexander,Uganda,706.784.5824x88027,davisbrittany@example.com,2023-07-08
6224,Molly,Arellano,Sri Lanka,606.587.8319,dominiquehartman@example.com,2025-04-22
6225,Alicia,Watkins,Slovenia,+1-887-443-1140x671,xcollier@example.org,2023-01-18
6226,Heather,Gonzalez,Switzerland,(677)280-7286x67326,delacruzrebecca@example.net,2024-08-15
6227,Christopher,Guzman,Oman,(449)524-8430,jennifer44@example.org,2021-09-01
6228,Holly,Warner,Anguilla,001-898-754-6565x011,pparker@example.net,2021-03-05
6229,Jonathan,Henderson,Central African Republic,001-847-232-2797,matthewavery@example.net,2024-12-31
6230,Jose,Tucker,Costa Rica,001-268-226-2146x83071,newtoncourtney@example.org,2023-07-16
6231,Carrie,Sharp,Serbia,+1-612-415-6166x1098,hblack@example.org,2024-01-15
6232,Christopher,Lyons,Bolivia,+1-597-558-9896x596,ngraham@example.com,2021-04-05
6233,Chad,Carrillo,Isle of Man,839.257.1496,dennissingh@example.com,2026-01-24
6234,Kelly,Burch,Poland,391-374-7831x186,palvarez@example.com,2021-01-22
6235,Teresa,Rasmussen,Lao People's Democratic Republic,477-626-3565,amanda08@example.net,2024-06-13
6236,Veronica,Miller,Romania,001-216-972-8912x242,justin59@example.org,2022-10-10
6237,Kenneth,Kelley,Spain,588.613.5340x8392,manuel40@example.net,2021-11-08
6238,Kristina,Miller,Grenada,9788283663,tpatterson@example.net,2021-08-19
6239,Meredith,Small,Panama,(359)569-5989,mooretiffany@example.net,2021-07-06
6240,Stephanie,Jones,Paraguay,300.552.5868x29308,amytaylor@example.com,2020-04-13
6241,Christina,Salazar,Faroe Islands,746.467.8447x410,pmcdowell@example.net,2020-12-28
6242,Erica,Macias,Slovakia (Slovak Republic),001-347-705-4090x24480,vhernandez@example.net,2022-07-11
6243,Andrea,Edwards,Macao,563-444-4199,david40@example.org,2024-11-28
6244,Wendy,Vincent,San Marino,(679)444-5063,clinekatie@example.com,2024-12-01
6245,Mark,Scott,Thailand,(604)281-3376x1308,oparker@example.com,2020-09-19
6246,Justin,Shelton,Belize,709.987.9862,arice@example.com,2021-08-09
6247,Robin,Wells,French Guiana,519-821-5331x9895,madison34@example.net,2024-09-25
6248,Susan,Sullivan,Djibouti,+1-914-866-5987,markcraig@example.org,2020-04-02
6249,Katherine,Lopez,Hungary,257-707-1648x27493,xfitzgerald@example.com,2025-08-06
6250,Robert,Snyder,Luxembourg,+1-908-224-5125x871,scott02@example.org,2021-09-25
6251,Jeremy,Delacruz,Bahrain,785.208.3597x94656,christinamorgan@example.com,2021-05-16
6252,Dominic,Jackson,Belarus,001-494-486-6123,vcisneros@example.org,2022-09-24
6253,Elizabeth,Munoz,Zambia,(676)263-7315,pricestephanie@example.com,2020-03-19
6254,Jacqueline,Henry,Chile,(526)824-6006x3044,hendersonmackenzie@example.org,2020-11-28
6255,Mary,Herrera,Grenada,001-630-380-8398x902,carlyreynolds@example.net,2023-06-26
6256,Dominique,Ewing,Mali,+1-532-759-0653x291,carternicole@example.net,2020-10-22
6257,Ebony,Atkinson,Northern Mariana Islands,406.412.4005,lisabrown@example.com,2020-11-02
6258,Brandon,Nash,Luxembourg,+1-387-336-7811x468,erinsanford@example.com,2025-01-12
6259,Connor,Brown,Botswana,+1-667-906-9092x239,lgoodwin@example.org,2021-10-25
6260,Joshua,Mclean,Ethiopia,924.820.0955,alexisdavis@example.com,2020-10-20
6261,Natalie,Wallace,Australia,+1-575-488-6434x70265,batesbenjamin@example.net,2023-08-24
6262,Anthony,Collins,Cook Islands,772-693-8021x5032,clarence90@example.org,2023-04-27
6263,Todd,Vang,Guatemala,904.962.0549x2356,kristinbishop@example.com,2025-09-04
6264,John,Rodriguez,Libyan Arab Jamahiriya,812.825.4011x2130,martin05@example.net,2021-03-11
6265,Stephanie,Fuentes,Kazakhstan,521.724.1772,andrewjohnson@example.net,2021-10-02
6266,Sarah,Flores,Nicaragua,549-554-8888x34552,marshalldrew@example.org,2024-11-18
6267,Diane,Green,Ecuador,817.330.4391x79004,thomasbradley@example.net,2020-05-09
6268,Daniel,Miller,Norfolk Island,001-514-357-4599x43809,richard37@example.org,2025-07-17
6269,Alexandra,Kelly,Czech Republic,(310)733-7159x670,xtapia@example.org,2024-05-07
6270,Lawrence,Taylor,Tuvalu,721.823.9427,mthompson@example.com,2020-02-09
6271,Shane,Rios,Montenegro,(780)303-9130,zlambert@example.com,2024-09-18
6272,Collin,Jenkins,Trinidad and Tobago,+1-919-610-6132x276,nicholas52@example.com,2021-06-23
6273,Charlene,Jordan,Tunisia,500.202.1363,wallacesarah@example.net,2024-12-10
6274,Bailey,Gonzales,Bahamas,528-875-8462x824,uruiz@example.net,2023-10-19
6275,Steven,Mcmillan,Kazakhstan,001-409-397-9379x924,brandi45@example.net,2025-05-30
6276,Randall,Medina,Senegal,(827)679-8753x623,andre16@example.com,2022-06-08
6277,Brittney,Acevedo,Falkland Islands (Malvinas),300-969-9175x51114,sandra50@example.net,2022-11-05
6278,Jeremy,Castillo,Portugal,242-435-3698x86382,josephbyrd@example.com,2023-07-07
6279,Gregg,Rodriguez,Djibouti,(793)741-7656x409,ncurry@example.org,2023-11-10
6280,Jonathan,Thomas,Guyana,220.979.1145,davidstafford@example.net,2021-04-29
6281,Angela,Martin,Canada,001-508-676-2325x733,hlopez@example.net,2023-03-24
6282,Alex,Jones,Indonesia,001-534-316-1141x4536,toddboone@example.net,2024-06-14
6283,Katherine,Riley,Saint Pierre and Miquelon,523.352.6453x50752,prattkelly@example.net,2025-10-05
6284,Daniel,Allen,Bosnia and Herzegovina,216.236.1650x7600,logantaylor@example.org,2020-12-29
6285,Kenneth,Watson,Uruguay,001-279-438-8341x7859,janetmejia@example.net,2020-03-08
6286,Melissa,Carney,Qatar,976-253-0143,shelbyfigueroa@example.com,2023-12-25
6287,Anthony,Daniels,Greenland,(255)443-0619,maciasscott@example.org,2022-07-12
6288,Cameron,Barnes,Portugal,(281)394-8585x942,smithcharles@example.org,2023-01-04
6289,Victor,Willis,Korea,001-954-539-6260x7371,ghicks@example.com,2022-05-03
6290,Holly,Cummings,Saint Kitts and Nevis,268.288.1178x136,erintate@example.net,2022-10-07
6291,Russell,Cruz,French Southern Territories,3416959433,aaronwilliams@example.org,2020-03-24
6292,Andrew,Mendoza,Singapore,+1-313-596-8919x5419,shannonsmith@example.com,2026-03-03
6293,Darryl,Garcia,Montserrat,+1-423-339-0942,sharonbowman@example.net,2025-05-25
6294,Jeremy,Walker,Serbia,(563)217-7348x8305,howens@example.org,2026-02-11
6295,Kenneth,Mcdonald,Palau,492-775-7615x685,joshua78@example.net,2025-01-06
6296,Herbert,Bullock,Azerbaijan,001-352-953-2077x7132,murphyjustin@example.net,2024-02-22
6297,Nicole,Bullock,Turkmenistan,+1-234-494-8890x7873,danielleleonard@example.net,2025-11-09
6298,Martha,Watson,Cocos (Keeling) Islands,221.680.5320x608,sharpmelissa@example.net,2022-09-25
6299,Valerie,Jones,United States Minor Outlying Islands,+1-652-832-7905x08732,raymond56@example.net,2024-02-09
6300,Michael,Huerta,French Guiana,(618)866-8140x611,jonathankaiser@example.net,2026-01-07
6301,Natasha,Farrell,Equatorial Guinea,+1-393-839-3281x26878,holderashley@example.net,2020-12-16
6302,Amy,Pham,Guinea-Bissau,862-503-1066x232,sortega@example.org,2026-02-14
6303,Frank,Sampson,Guernsey,(540)525-0821x908,christensencarlos@example.org,2022-04-23
6304,Michelle,Perry,Dominican Republic,001-919-757-0252x8353,bsmith@example.net,2024-04-24
6305,Tami,Frazier,Japan,(267)711-3546,murraycarl@example.org,2021-09-15
6306,Stephanie,Ball,Norfolk Island,518-553-5199x64506,richardwade@example.com,2020-12-14
6307,Joseph,Goodwin,Liechtenstein,+1-526-576-3747,laurenford@example.com,2022-04-19
6308,Meagan,Jones,Maldives,8506785692,zking@example.com,2025-12-19
6309,Michael,Jones,Mayotte,+1-537-432-9777x68128,elizabeth08@example.com,2024-03-28
6310,Christopher,Jones,Seychelles,001-501-553-3444x86954,mercedes96@example.org,2021-08-21
6311,Sophia,Morris,Isle of Man,334.394.2222,stacysanders@example.org,2025-02-28
6312,Douglas,Sims,Norfolk Island,5689828815,bcobb@example.org,2022-07-21
6313,Michelle,Gonzales,Guyana,437-392-7054x18829,johnsonamy@example.net,2023-07-12
6314,Jessica,Jackson,Costa Rica,558-499-5001,bbaker@example.com,2020-08-26
6315,Kyle,Mcbride,Eritrea,001-500-234-9925x6739,lbrooks@example.org,2020-04-03
6316,Allen,Gonzalez,Nicaragua,(809)669-1593,zreyes@example.com,2025-12-25
6317,Lacey,Mccoy,Jordan,(595)797-3928x122,jacobrivera@example.com,2022-10-03
6318,Danielle,Warren,Montenegro,757.222.5704,robert44@example.com,2024-08-07
6319,Sara,Rice,Mali,001-485-966-0043x234,gravesryan@example.com,2023-01-15
6320,Tina,Wheeler,Romania,6669395824,cassandramorris@example.net,2024-02-04
6321,Sharon,Brooks,Bangladesh,388-262-3930x74947,patrick01@example.net,2020-06-11
6322,Devon,Williams,Gabon,877-876-4625,brittanylopez@example.net,2025-01-26
6323,Morgan,Brooks,Greece,690.310.8291x1675,tanyaelliott@example.net,2021-01-24
6324,Shelly,Ellis,Switzerland,481.528.7716x6939,benjaminthomas@example.org,2023-08-07
6325,Brian,Sherman,Malaysia,623-918-7670,valerie13@example.org,2025-05-02
6326,Carol,Scott,Guadeloupe,337.539.7310,maria47@example.com,2022-05-29
6327,Michelle,Giles,Portugal,683-430-8389x883,craigmercer@example.com,2024-03-13
6328,Diana,Weeks,Greenland,+1-423-478-0105x175,williamsjennifer@example.org,2023-06-03
6329,Tina,Doyle,Rwanda,+1-204-757-3800x740,kturner@example.org,2024-10-11
6330,Peter,Jones,Afghanistan,641-406-1296,mooretanner@example.com,2023-04-26
6331,Andrew,Orr,Chad,807-482-5908,rachelle@example.net,2020-09-12
6332,April,Rogers,Uganda,625-271-8303x02533,lindamccann@example.org,2020-03-21
6333,Nicholas,Wilkerson,Jordan,631-765-9603x5566,patriciavaldez@example.org,2022-06-04
6334,Barbara,Lewis,Albania,587.876.2766x339,cli@example.com,2022-06-10
6335,Antonio,Hines,Solomon Islands,650.603.7041,monica81@example.net,2022-07-02
6336,Wendy,Gonzalez,Slovenia,608-299-9237x7343,silvarobert@example.com,2021-06-26
6337,Christina,Callahan,San Marino,(271)250-4957,ramirezvanessa@example.net,2020-10-16
6338,Robert,Palmer,Bahamas,(725)846-2046x684,peter60@example.org,2022-05-08
6339,Steven,Williams,Cocos (Keeling) Islands,725-208-5336,cunderwood@example.net,2023-05-11
6340,Jacob,Flores,Netherlands,+1-763-839-7776,manningmark@example.org,2021-09-11
6341,Richard,Perry,Egypt,001-889-553-3130x594,ajohnson@example.net,2021-03-30
6342,Brandon,Baker,Nicaragua,001-735-447-0891,jwilliams@example.net,2025-10-11
6343,Adam,Gibson,Pakistan,776-579-4589,mallen@example.com,2022-12-17
6344,Vincent,Stewart,Antigua and Barbuda,607-475-0148,moorejennifer@example.com,2021-05-09
6345,Jeremy,Thompson,Palau,430.570.4302x42341,loganlee@example.org,2022-05-25
6346,Julie,Cameron,Japan,848-903-4441x35643,brownmatthew@example.org,2023-11-04
6347,Pamela,Johnson,Portugal,001-628-566-4989x82386,nlawson@example.org,2023-12-20
6348,Carolyn,Payne,Austria,+1-513-411-4566,thomas10@example.net,2025-07-15
6349,Susan,Carney,Burkina Faso,001-987-267-2592x1252,sharon08@example.org,2025-08-01
6350,Tanya,Becker,Rwanda,+1-830-322-7823x32423,montgomeryjennifer@example.com,2024-07-29
6351,Jeff,Reyes,Sweden,281.791.2916,padillamelissa@example.net,2020-07-17
6352,Debra,Bonilla,Botswana,332-672-8332x86795,adamstrevor@example.com,2022-02-13
6353,Martha,Guzman,United States of America,5625632634,kimberlyhall@example.org,2020-05-02
6354,Jennifer,Huff,Nepal,+1-810-512-4708,austin76@example.net,2023-12-15
6355,Jasmine,Boone,France,477-533-4709,gary55@example.net,2021-04-19
6356,Sandra,Dunn,Lao People's Democratic Republic,(265)555-3431,paul83@example.net,2022-11-26
6357,Tanya,Ramos,Korea,798-483-6961,nnolan@example.net,2023-10-10
6358,Timothy,Sandoval,Armenia,(887)349-8275x0446,miguelsweeney@example.net,2023-11-14
6359,Amber,Martin,South Africa,(218)551-9882x60230,pachecobianca@example.net,2025-03-25
6360,Melissa,Thompson,Estonia,(421)716-1937,thomas39@example.com,2023-09-08
6361,Michael,Anderson,Turkey,(501)492-1359x91060,amycox@example.org,2020-12-01
6362,Kevin,Grant,Sao Tome and Principe,+1-538-601-9718x19760,paulward@example.org,2020-06-26
6363,Kenneth,Preston,Kenya,001-705-856-4087,jacquelinemcmillan@example.org,2024-12-20
6364,Jesse,Carroll,Angola,(587)652-0676,whale@example.com,2023-08-05
6365,Robin,Long,Tuvalu,497-457-8374,hfarmer@example.com,2023-04-14
6366,Rachel,Owens,Portugal,(807)232-5131,davidkelley@example.net,2021-08-09
6367,Charles,Contreras,Burundi,658.716.5519,eanthony@example.net,2024-10-04
6368,Jennifer,Davidson,Taiwan,(339)747-8422x1842,ppollard@example.net,2023-07-04
6369,Carolyn,Walker,Central African Republic,989-962-5755,baxtersamantha@example.com,2021-11-23
6370,Mark,Bryant,Kuwait,+1-332-766-6739x39447,dayanthony@example.com,2021-07-05
6371,Austin,Palmer,Japan,(392)728-5146x5059,marcusvillanueva@example.com,2024-08-07
6372,Pamela,Mann,Sri Lanka,(358)370-5976x63779,mccoylorraine@example.com,2020-05-24
6373,Jennifer,Little,Denmark,700.507.6783x0062,kylefarrell@example.org,2025-01-04
6374,Amy,Williams,Bahamas,310.777.7674x70312,williamsjacob@example.org,2020-11-18
6375,Amanda,Anderson,British Virgin Islands,384-567-2244x8901,john31@example.com,2025-09-24
6376,Mary,White,Bangladesh,3493220056,meganvargas@example.com,2024-10-25
6377,Lisa,Price,Vanuatu,514-739-2137x732,matthewhodges@example.net,2023-02-11
6378,Michael,Macias,United States Minor Outlying Islands,296.719.1392,emmablankenship@example.org,2021-02-23
6379,Janet,Holmes,Mauritius,871.979.7334x0972,aaron52@example.com,2023-03-31
6380,Christopher,Andersen,Philippines,+1-983-386-3033,medwards@example.org,2025-03-10
6381,Nicholas,Chen,Ethiopia,950-530-1728x50760,brandongalloway@example.org,2023-08-20
6382,Jessica,Rodriguez,Montenegro,956-609-2100x6096,rmoody@example.org,2023-01-14
6383,Sherry,Lawson,Lebanon,(667)248-0211,lshepherd@example.net,2020-01-06
6384,Michael,Harmon,Dominican Republic,459-443-1437,ashleyhancock@example.net,2025-10-12
6385,Kyle,Wiley,Iraq,4058990053,smithdavid@example.net,2021-12-09
6386,Kevin,Simon,Cambodia,(768)680-3594x583,herreragary@example.com,2025-06-22
6387,Daniel,York,Moldova,(315)966-2519x89404,qmartinez@example.net,2023-01-20
6388,Christopher,Ramirez,Bosnia and Herzegovina,4144375582,tyler88@example.net,2021-01-05
6389,Michael,Scott,Swaziland,463.550.7891x2583,lynnhunt@example.net,2023-02-27
6390,Ashley,Ellis,Cyprus,(345)399-6440x4653,clarkgeorge@example.org,2025-12-02
6391,Jose,Anderson,Madagascar,232.259.6656,courtney77@example.net,2025-08-25
6392,Timothy,Frank,Azerbaijan,2753862501,littlemichele@example.net,2021-06-13
6393,Matthew,Porter,Iraq,8528572574,fredwilson@example.com,2022-12-05
6394,Jesus,Singleton,Korea,(864)834-8633,robertmontes@example.com,2020-08-15
6395,Samantha,Collier,Uganda,412.865.0332,aharrell@example.com,2025-12-15
6396,Albert,Sanchez,Saint Barthelemy,001-683-516-1903x834,michellecarson@example.org,2025-01-02
6397,Christopher,Thompson,Netherlands,+1-298-714-0541x018,marygarner@example.net,2025-02-05
6398,Steven,White,Slovakia (Slovak Republic),+1-429-951-8130x240,iedwards@example.org,2021-11-04
6399,Brian,Smith,Cote d'Ivoire,+1-722-962-1968,fosterbenjamin@example.org,2023-06-03
6400,Brandon,Wong,Western Sahara,+1-864-253-8246x53758,robinsondean@example.net,2023-08-29
6401,Sandra,Thomas,Canada,3716223675,greenewilliam@example.net,2025-10-15
6402,Malik,Leach,Burkina Faso,463-515-8569,thomas22@example.org,2020-05-15
6403,Douglas,Simmons,British Virgin Islands,+1-573-434-2110x717,campbellmichelle@example.net,2022-11-12
6404,Erin,Myers,Congo,+1-546-537-4073,olivertracy@example.net,2021-06-05
6405,Cheyenne,Jackson,Romania,739.811.1478,mario55@example.com,2023-04-20
6406,Nancy,Evans,Yemen,510-494-9010x20410,petersjoshua@example.net,2021-08-08
6407,Kelsey,Little,Germany,+1-364-826-0451x631,sheilabrown@example.com,2023-03-23
6408,Richard,Wood,Bulgaria,+1-606-203-5877x7966,uduran@example.com,2024-05-14
6409,Shelly,Evans,Malta,001-859-715-7396,thunt@example.net,2020-01-10
6410,Beth,Duran,Turkey,860-578-4841x768,katienichols@example.org,2022-05-05
6411,Donald,Martinez,Palestinian Territory,7819254715,jmiller@example.org,2021-05-05
6412,Bryan,Daniels,Reunion,+1-438-499-6020x611,murphyrobert@example.net,2025-07-24
6413,Robin,Patel,Vanuatu,716-573-6822x7722,marcriggs@example.com,2024-03-05
6414,Mark,Wood,Saint Vincent and the Grenadines,+1-636-340-9949x97678,tfisher@example.net,2023-04-04
6415,Billy,Hill,Costa Rica,(568)482-5908x824,randall81@example.net,2020-11-17
6416,Richard,White,Cuba,001-231-955-4719x84878,nelsonchristopher@example.com,2026-02-02
6417,Laurie,Mann,Myanmar,+1-771-356-4641x7769,shannon70@example.org,2023-11-01
6418,Dana,Francis,Burundi,896-316-3040,montgomerymelissa@example.com,2023-08-01
6419,Robin,Moore,Korea,974-246-1562x57561,eric19@example.net,2020-08-18
6420,Marie,Knapp,Panama,+1-362-586-7822x1735,fhardy@example.com,2025-11-20
6421,Jason,Harvey,Bermuda,(434)635-1804x76613,floresmegan@example.com,2020-09-15
6422,Dorothy,Cox,Cuba,+1-995-763-6697,suzanne94@example.net,2021-09-04
6423,Jessica,Figueroa,Sierra Leone,875-581-6639x003,kristine17@example.net,2020-05-12
6424,Nicholas,Shelton,Heard Island and McDonald Islands,+1-548-258-6400x91457,gregorymcdowell@example.org,2025-10-17
6425,Douglas,Farley,Haiti,+1-875-290-6824x7020,thayes@example.org,2025-11-13
6426,Jennifer,Baker,Madagascar,562.816.9726x844,kjohnson@example.com,2023-11-21
6427,Robert,Schwartz,Central African Republic,(863)853-1579,michaelreid@example.net,2023-07-28
6428,Kathryn,Bennett,Bulgaria,716-924-5230x122,amy61@example.org,2020-07-27
6429,James,Hansen,Tajikistan,(530)885-5600x2457,clarkelizabeth@example.org,2023-02-08
6430,Adrian,Pruitt,Lebanon,001-453-308-5651x44485,kayla73@example.org,2022-08-23
6431,Ashley,Stewart,France,(416)219-6425,jonathanfarley@example.com,2020-07-13
6432,William,Brandt,Christmas Island,(826)544-7913,patrick20@example.org,2025-01-07
6433,Sandra,Sanchez,Sweden,286.612.8056x0872,charles72@example.net,2020-05-08
6434,Jacob,Potter,Isle of Man,(881)809-3635x3038,joan62@example.com,2021-01-10
6435,Kristy,Marquez,Western Sahara,953.948.1902x2201,xmontes@example.org,2025-12-03
6436,Daniel,Lee,Burundi,+1-802-326-6024,levinepaul@example.net,2023-08-10
6437,Matthew,Lopez,Lao People's Democratic Republic,(613)320-5833x8130,lewisnatalie@example.com,2024-06-02
6438,Jack,Saunders,Myanmar,832-594-1899,istevens@example.com,2022-12-21
6439,Megan,White,Kenya,694.471.4403,mvasquez@example.org,2020-01-24
6440,Samantha,Gordon,Mozambique,(988)986-5245x73563,robinsonsherri@example.org,2023-05-07
6441,Jenny,Jones,Cocos (Keeling) Islands,536-744-3128x807,hartpenny@example.com,2022-09-19
6442,Zachary,Murphy,Vanuatu,(646)562-9819,perrymichael@example.org,2024-07-11
6443,Mary,Dawson,Saudi Arabia,9219159302,georgewiley@example.net,2025-09-09
6444,Tracy,Russell,Peru,842.535.9584,richardnelson@example.org,2021-12-12
6445,Jennifer,Roach,Chile,001-264-560-9172x371,amy52@example.org,2022-02-15
6446,Jennifer,White,India,434.610.4348x2966,eanderson@example.net,2020-10-15
6447,Nathan,Chavez,Martinique,374.235.2805,cvargas@example.org,2026-03-08
6448,Alex,Sanchez,Faroe Islands,366.473.4253,nburton@example.org,2024-11-03
6449,Anthony,Dixon,Monaco,612.582.6446,ortizjeffrey@example.net,2025-02-27
6450,Adam,Martinez,Philippines,001-988-549-6105,melissaramirez@example.org,2024-05-15
6451,Daniel,Jacobs,Belgium,001-506-680-1782x5236,masseysteven@example.com,2023-02-26
6452,George,Phillips,Central African Republic,246.305.2027,xcopeland@example.org,2022-04-30
6453,April,Kennedy,Tajikistan,239.272.8709,bruce73@example.org,2024-02-05
6454,Alex,Miles,Lithuania,893-351-4294x59256,daniel77@example.com,2024-11-23
6455,James,Kelly,Sierra Leone,001-368-529-3664x96027,jeffreyortiz@example.com,2023-12-10
6456,Zachary,Miller,France,(514)986-3846,amy08@example.com,2023-12-03
6457,Nicholas,Shelton,Guadeloupe,(766)919-0268,andrew80@example.com,2024-03-06
6458,Briana,Moore,Turkmenistan,(697)541-3926,ndiaz@example.org,2026-02-28
6459,Julie,Ross,Cyprus,+1-757-596-7268x6745,joseph31@example.net,2024-01-12
6460,Jesse,Klein,Ghana,509-204-9524x8771,patriciahoffman@example.net,2023-09-29
6461,Joshua,Campbell,Venezuela,+1-501-618-5703x1047,julie89@example.com,2022-05-10
6462,Tracy,Kelly,Malta,(871)220-2755x58205,susan73@example.org,2024-04-15
6463,Alexander,Sullivan,Seychelles,263-638-6227x60763,erik37@example.net,2023-08-26
6464,Rebecca,Wolfe,Norfolk Island,582.875.9888,seanmartinez@example.com,2023-04-03
6465,Ryan,Meadows,Spain,894-848-0070,baileysteven@example.net,2023-06-06
6466,Samantha,Williams,Nauru,991-269-5527x60262,angelataylor@example.net,2022-09-30
6467,Brittany,Martin,Zambia,903-301-1960,walkerrobert@example.net,2022-06-04
6468,James,English,India,3616410979,jonesariel@example.com,2024-07-10
6469,Jeffrey,Richards,Lithuania,+1-268-279-6816x084,millermonica@example.net,2023-04-17
6470,Denise,Sanchez,Kiribati,+1-993-642-1941x46179,hillwalter@example.com,2022-12-01
6471,Melissa,Parks,United Arab Emirates,001-297-481-9906x6187,jeremysimon@example.com,2020-09-27
6472,Sandra,Moore,Ireland,(604)719-9156,susangross@example.org,2021-12-30
6473,Sandra,Flynn,Vietnam,936.344.1914x27650,aaron57@example.com,2020-01-24
6474,Patricia,Wong,Andorra,219.559.9193,sara16@example.org,2026-02-19
6475,Amy,Ellis,Latvia,5345603340,dawn10@example.net,2026-02-16
6476,Joshua,Guzman,United States of America,329.646.9522x4640,yodergary@example.org,2025-01-25
6477,Jeffery,Maldonado,Saint Helena,001-679-539-6021x17554,kennedytravis@example.org,2022-12-08
6478,Ian,Smith,Saint Vincent and the Grenadines,001-743-220-8307,wwood@example.net,2025-08-18
6479,Jennifer,Anthony,Philippines,710.797.0555x968,lynn14@example.net,2023-12-29
6480,Morgan,Russell,Algeria,9992495635,jeffreymolina@example.com,2026-02-27
6481,Sarah,Williams,Ukraine,(465)374-3743,sharpbrian@example.com,2020-09-05
6482,Michael,Gregory,French Polynesia,(290)547-0479x2988,ihaynes@example.org,2025-08-22
6483,Eric,Johnson,Netherlands Antilles,9752323798,william57@example.net,2020-11-13
6484,Sherry,Summers,Germany,001-331-990-0722x52662,mendezjoel@example.com,2020-11-27
6485,Lee,Holden,Iran,001-894-652-2952x710,kelly72@example.org,2020-11-05
6486,Amy,Russell,Finland,001-872-988-8403x88885,kennethreed@example.net,2021-03-24
6487,Kevin,Douglas,Netherlands Antilles,001-862-898-9501,jtran@example.org,2023-05-13
6488,Trevor,Hawkins,Guatemala,+1-839-507-9454x626,berrykatherine@example.org,2021-10-11
6489,Christina,Allen,Cayman Islands,5099067247,debra60@example.com,2024-03-24
6490,Sara,Hicks,Cambodia,753.755.0419x75640,lopezanne@example.com,2022-01-27
6491,James,Moore,Poland,(872)332-2372x041,moralesmichael@example.org,2020-01-07
6492,Gary,Preston,Eritrea,882.425.2142x1539,wanderson@example.com,2022-11-03
6493,Cesar,Lowe,Panama,+1-270-221-7634x729,william50@example.net,2022-10-08
6494,Tina,Tucker,Spain,001-930-519-9564x84096,johnsonpaul@example.com,2020-12-16
6495,Ronald,Harris,British Virgin Islands,599.553.1018x2604,nstuart@example.org,2022-05-09
6496,Kathleen,Ali,Zimbabwe,6374502358,tylervargas@example.org,2024-01-12
6497,Christopher,Guerrero,Dominican Republic,501.729.4050x8286,sharon42@example.org,2021-12-27
6498,Rodney,Booth,Honduras,704.693.0662,erinwhite@example.net,2021-03-10
6499,Brianna,James,Turks and Caicos Islands,001-481-283-2524x67170,hrose@example.org,2021-07-09
6500,Joseph,Mcdonald,Chad,799-966-1607x807,veronicahardy@example.com,2024-02-05
6501,Michael,Gonzales,Gabon,876.467.8793,mariahfrank@example.net,2023-08-23
6502,Donald,Santiago,Saint Pierre and Miquelon,(216)327-6515,emilysanchez@example.com,2021-07-08
6503,Jessica,Foley,Kiribati,(961)665-0821x8077,jacksonjennifer@example.net,2021-03-08
6504,Mark,Bradley,Paraguay,+1-835-582-8240x6274,elopez@example.com,2022-11-21
6505,Sabrina,Anderson,Angola,354-895-7454,gallen@example.net,2022-02-18
6506,Jamie,Shaw,Andorra,621-501-4104x28815,howellkathryn@example.org,2021-07-30
6507,Alexandria,Case,United States Minor Outlying Islands,979.443.9257,scarroll@example.org,2020-01-24
6508,Dawn,Green,Bouvet Island (Bouvetoya),(357)221-3026,ericawalker@example.net,2020-11-08
6509,Jessica,Munoz,Niger,7309747503,brandon89@example.com,2024-02-12
6510,Robert,Fowler,Nauru,001-978-267-4489x68355,rosborn@example.com,2025-07-16
6511,David,Smith,Panama,203-474-3114,nicole60@example.org,2023-04-05
6512,Mackenzie,Zuniga,Mongolia,+1-555-831-4329x98280,grahamkim@example.com,2022-12-21
6513,Raymond,Collins,Kenya,963-269-3536x1168,csmith@example.net,2020-05-19
6514,Jeffery,Foley,Costa Rica,471.243.0291x1579,jenna19@example.net,2021-05-31
6515,Anthony,Lewis,Nepal,4537927840,patrick77@example.net,2020-07-02
6516,Michael,Harris,Paraguay,466-464-1169,nicolehoover@example.com,2020-02-19
6517,Michael,Smith,Hungary,302.766.2327x801,anthonytaylor@example.org,2021-11-15
6518,Robin,Holmes,Peru,387.681.2766x08427,cory63@example.net,2021-08-05
6519,Julia,Shea,Pakistan,830-515-3216x053,charles23@example.com,2025-05-29
6520,Travis,Perez,Latvia,611.863.8158x76700,zhangamanda@example.org,2022-04-25
6521,Kyle,Jones,Equatorial Guinea,493-866-5034,eric43@example.com,2021-08-17
6522,Paul,Mitchell,France,(830)626-3126x2675,youngkimberly@example.com,2021-10-04
6523,Anthony,Kennedy,Lebanon,(514)528-8224x1902,penningtonkaren@example.org,2021-05-18
6524,Shelby,Mckinney,Portugal,889-252-9640x86376,kathleenbuchanan@example.net,2022-11-09
6525,Emily,Walker,Kiribati,882.962.5478x12433,joneschristopher@example.org,2023-05-08
6526,Lisa,Carson,Georgia,(741)886-0549x9350,courtneynelson@example.com,2024-09-07
6527,Sharon,Murphy,Bosnia and Herzegovina,001-553-910-0570x60287,marcuspatton@example.com,2022-06-04
6528,Donna,Vargas,Bosnia and Herzegovina,(819)219-1888x286,wanda92@example.org,2022-03-09
6529,Robert,Williams,Uzbekistan,001-329-443-7494x492,brady72@example.com,2024-04-20
6530,Laura,Tucker,Slovakia (Slovak Republic),204.784.7868,bryce40@example.com,2022-07-03
6531,Raymond,Tucker,Nauru,874-332-6271x7826,jennifer67@example.com,2026-01-28
6532,Madeline,Edwards,Central African Republic,001-374-842-5949x1326,timothy41@example.com,2023-04-15
6533,Emily,Payne,Swaziland,619.993.3536,gracecollins@example.net,2024-06-18
6534,Troy,Goodman,Germany,808.212.6366,ericmoore@example.org,2025-07-23
6535,Debra,Freeman,Maldives,215.416.2393x800,rowemichele@example.net,2026-02-20
6536,Marcus,Brooks,Cuba,804-399-6429,jason62@example.net,2024-04-20
6537,Edgar,Henderson,Mongolia,907-940-5448x152,schmidtdavid@example.com,2022-03-02
6538,Steven,Ross,Sierra Leone,001-330-484-9466x0433,scottgomez@example.com,2023-05-03
6539,Colleen,Campbell,American Samoa,7276371366,john51@example.com,2023-06-26
6540,John,Fisher,Aruba,9926348016,rebecca18@example.net,2021-07-13
6541,Tracy,Riley,Wallis and Futuna,+1-739-821-0309x02266,phillipfowler@example.com,2023-11-06
6542,Kristi,Kim,Korea,754-478-3123x0241,gomeztimothy@example.org,2023-11-25
6543,Robert,Rodriguez,Albania,(218)435-3767x850,ganderson@example.net,2021-07-01
6544,Meghan,Williams,Dominican Republic,391-653-2431x7205,ashleyalexander@example.com,2021-06-22
6545,Erika,Ramsey,Mauritius,+1-397-394-8063x35031,catherinesanders@example.org,2026-01-03
6546,Tyler,Abbott,Poland,001-610-819-5912x03982,thompsontabitha@example.net,2025-07-10
6547,Jacqueline,Jennings,Germany,761.545.4165x751,steinsuzanne@example.org,2021-11-02
6548,Joshua,Walters,Kyrgyz Republic,001-361-383-7186,garrettannette@example.com,2023-02-20
6549,Carolyn,Hill,South Africa,597.296.5342,perryparker@example.org,2022-03-22
6550,Carla,Ward,Armenia,726.955.1836,rharris@example.org,2024-01-18
6551,Megan,Navarro,Eritrea,3103188736,tcohen@example.net,2025-10-14
6552,Kaitlin,Snyder,Anguilla,(981)695-5942,terrellandrew@example.net,2020-10-19
6553,Brenda,Bradshaw,Angola,661-773-0222x194,victoriacisneros@example.org,2022-01-16
6554,Michael,Harris,Tunisia,728-222-4644x78490,wreed@example.com,2024-02-05
6555,Michael,Butler,Chad,+1-795-929-7011x4057,pclark@example.net,2025-06-13
6556,Nicole,Booker,Taiwan,001-441-609-7614x9258,nicholaswise@example.org,2020-08-08
6557,Victoria,Jimenez,Croatia,270.627.2489x2819,michael19@example.net,2021-11-10
6558,Jason,Cantu,Estonia,952-921-8692x79843,thomas29@example.org,2024-06-18
6559,Martin,Moreno,Guernsey,(917)705-5584x785,opeterson@example.com,2022-05-21
6560,Alice,Shaw,Philippines,668.659.9914x894,stacey13@example.org,2020-06-05
6561,Erin,Thomas,Ghana,319-612-8116,dchang@example.com,2022-09-02
6562,Kara,Cook,Japan,+1-346-315-3751,jperez@example.org,2025-03-29
6563,Amy,Cooley,Palestinian Territory,851-931-0440x1566,carrmegan@example.org,2026-01-24
6564,Ruben,Baker,Tokelau,355.539.3669x87959,osbornebrandon@example.org,2024-09-19
6565,Melissa,Logan,Gibraltar,(267)638-5851,jeremy45@example.org,2025-12-02
6566,Lisa,Harris,Bolivia,624.200.1649x660,jasonmiller@example.com,2022-12-19
6567,Christopher,Schmitt,Puerto Rico,488.631.5886x143,lisa65@example.org,2021-09-20
6568,Katrina,Brown,New Caledonia,371.454.6111x323,evanskelly@example.org,2023-10-09
6569,Jorge,Taylor,Costa Rica,(293)645-7488x00900,michael51@example.com,2020-11-30
6570,Mary,Henderson,Faroe Islands,(983)825-6727x9945,johnsonmadison@example.org,2026-03-01
6571,Cody,Williams,Bosnia and Herzegovina,925.998.4942x7117,petersmario@example.org,2022-04-27
6572,Anthony,Castillo,Antigua and Barbuda,001-462-271-6976x41687,hurstpenny@example.net,2022-01-26
6573,David,Smith,Philippines,5758439294,jennifer58@example.com,2023-02-15
6574,Jenny,Jones,Qatar,001-720-757-0699x424,joshuale@example.org,2021-04-26
6575,Scott,Wise,Nicaragua,001-264-787-4247,andersonjeffrey@example.org,2024-12-22
6576,Mark,Gray,Honduras,+1-466-805-1583x7592,jessica22@example.com,2021-01-15
6577,Kendra,Walsh,Pakistan,861.992.6789,hpatel@example.net,2026-01-28
6578,Shannon,Wilson,Honduras,667.921.6130,silvajessica@example.org,2021-02-23
6579,Ronald,Black,Croatia,8114859554,jonescatherine@example.com,2025-12-18
6580,David,Hinton,Korea,596.353.3005x3980,keith73@example.org,2023-05-03
6581,Benjamin,Williamson,Christmas Island,001-386-222-6823,nicole61@example.org,2023-07-20
6582,Kaitlyn,Scott,United States Minor Outlying Islands,810.501.9244x16829,michael79@example.net,2020-11-18
6583,Jon,Henson,Faroe Islands,(482)620-0151,martinmatthew@example.net,2021-08-08
6584,George,Cobb,South Georgia and the South Sandwich Islands,001-891-744-1917x8956,ellisjordan@example.net,2022-01-25
6585,Tina,Klein,Poland,548-865-9309,richardstaylor@example.org,2022-08-23
6586,Albert,Johnson,Kazakhstan,001-605-879-4314x42026,susan88@example.org,2025-06-26
6587,Roger,Nelson,Senegal,(367)555-4830,ggray@example.com,2021-05-23
6588,John,Brown,Christmas Island,976-407-8238x44007,sallen@example.net,2021-04-30
6589,Ryan,Harris,Yemen,+1-592-943-8882,charles95@example.net,2023-07-30
6590,Brian,Johnson,North Macedonia,632-458-7467,smithdawn@example.com,2020-11-14
6591,Sharon,Campos,Korea,+1-781-771-8635x02932,sandra59@example.org,2021-11-04
6592,Pamela,Green,Bulgaria,767-857-5031,thomaswiggins@example.org,2021-03-21
6593,Maria,Giles,Comoros,(875)412-5281,thomasdrew@example.org,2022-01-08
6594,Sarah,Alexander,British Virgin Islands,412.989.6406x7491,ewiggins@example.org,2020-07-29
6595,Lisa,Griffin,Austria,3904095770,thomasgreene@example.org,2022-08-11
6596,Willie,Robles,Somalia,001-910-496-2064x68212,walkerdaniel@example.net,2023-11-11
6597,Madeline,Gomez,Chad,001-867-204-4803x80757,brianglenn@example.com,2021-11-30
6598,Benjamin,Long,Guernsey,672-968-6415x315,samantha45@example.org,2022-09-01
6599,Raymond,Webb,Azerbaijan,(696)450-9671,greenelisa@example.org,2025-03-04
6600,Beverly,Kim,Russian Federation,(447)477-7771,snichols@example.org,2023-09-28
6601,John,Becker,Timor-Leste,462.425.8680,katherineweaver@example.com,2024-10-12
6602,Gary,Bailey,Solomon Islands,934.801.4868x7951,sharonschultz@example.org,2025-02-11
6603,Christopher,Tucker,Saint Helena,+1-600-680-3486,davidsmith@example.org,2023-12-17
6604,Diane,Young,Montenegro,278-359-8078x30778,jerrymiller@example.net,2022-02-11
6605,Kristen,Jones,Saint Barthelemy,2105753347,smitchell@example.net,2024-01-06
6606,Jason,Miranda,Serbia,416.655.9789,amy85@example.net,2025-01-31
6607,Bobby,Smith,Bolivia,001-879-969-1079,psmith@example.org,2021-12-17
6608,Ronald,Torres,Liechtenstein,+1-597-230-5395x0872,calvin58@example.net,2025-04-18
6609,Maria,Benton,Belize,850-856-5011,matthew21@example.com,2020-05-24
6610,Brandon,Johnson,Burundi,4537828847,mark88@example.net,2020-11-02
6611,Martha,Santiago,Fiji,+1-211-693-1795x89936,heather60@example.net,2021-02-26
6612,Joseph,Miller,Turks and Caicos Islands,(294)270-6937,bobby90@example.org,2026-01-22
6613,Michelle,Padilla,Australia,001-914-348-9604x79079,iacevedo@example.net,2024-11-25
6614,Briana,Gallagher,Kazakhstan,001-289-276-4221x041,danielbrown@example.org,2022-01-19
6615,Alexander,Elliott,Uruguay,+1-202-626-2488,gonzalezsarah@example.com,2020-05-20
6616,Gabriel,Johnson,Palau,001-230-376-8663,alexanderellis@example.net,2026-02-01
6617,Johnny,Griffin,Namibia,+1-337-896-3654x59671,porteralison@example.org,2022-07-21
6618,Marvin,Nguyen,Palestinian Territory,6267000398,srangel@example.org,2022-12-30
6619,Joshua,Gordon,Costa Rica,001-719-978-1097x687,fglenn@example.com,2022-02-23
6620,Carrie,Carr,Falkland Islands (Malvinas),+1-395-412-6273,daniel06@example.org,2025-01-31
6621,Tamara,Key,Maldives,+1-512-256-1584x082,christinalee@example.org,2020-06-24
6622,Kelsey,Ramos,India,001-523-211-1710x803,jroberts@example.com,2020-06-20
6623,Chad,Kennedy,Dominica,8454896379,perezstephanie@example.net,2025-12-07
6624,Alicia,Fitzpatrick,Saint Lucia,648-853-7905x79931,vnicholson@example.net,2022-01-10
6625,Patrick,Parker,French Guiana,8447940279,bherring@example.com,2023-12-31
6626,Joel,Vaughn,Wallis and Futuna,+1-308-919-4047x6947,mccarthycody@example.com,2024-06-06
6627,Allison,Morrow,Belarus,590-647-9978x9597,jenniferwilliams@example.org,2020-12-26
6628,Melissa,Rivera,Northern Mariana Islands,(830)797-2737x9849,faguilar@example.net,2023-10-05
6629,Richard,Sullivan,Western Sahara,001-964-416-4114x191,jacob03@example.com,2023-05-26
6630,Yvonne,Harrison,Turks and Caicos Islands,823-752-3241x572,qwalter@example.org,2025-07-22
6631,Brittany,Davis,Saudi Arabia,+1-465-603-0838,amandaaustin@example.com,2023-08-15
6632,Lee,Oneill,Guinea,425-795-5164x919,patrick72@example.org,2023-05-01
6633,Emily,Escobar,Tokelau,001-856-916-6071,tonya80@example.net,2021-06-30
6634,Paula,Silva,Brazil,(832)260-8064x560,dawn49@example.net,2023-09-01
6635,Sheila,Walton,New Zealand,+1-792-644-9838,valeriepham@example.org,2022-11-14
6636,Darius,Cox,Falkland Islands (Malvinas),789.650.0964,rebeccataylor@example.com,2022-08-23
6637,James,Delacruz,Venezuela,758-867-4578x273,jacobarmstrong@example.net,2024-05-05
6638,Shelley,Riley,Slovakia (Slovak Republic),372.635.4559,hduarte@example.net,2025-03-20
6639,Brett,Hobbs,Cook Islands,+1-275-867-3345x3394,huynhpatricia@example.org,2020-08-16
6640,Karen,James,Argentina,697-395-5490x326,joseph35@example.net,2025-01-25
6641,Courtney,Franklin,Bouvet Island (Bouvetoya),921-499-8040x3816,dalvarado@example.org,2024-02-08
6642,Taylor,Ramirez,Algeria,+1-517-629-4450x938,mckenziejohnny@example.org,2021-01-27
6643,Ana,Roberts,France,287.498.7145x5414,tyler75@example.org,2024-03-13
6644,Donna,Reed,Montenegro,001-378-694-4061x69683,petersonjames@example.com,2025-02-19
6645,Ryan,Henson,Turkey,+1-948-465-5029,cbaker@example.com,2024-06-06
6646,Joseph,Long,Cook Islands,+1-209-309-2597x9224,chenjames@example.org,2023-06-28
6647,Sara,Lloyd,Northern Mariana Islands,373-643-0932,andersonvincent@example.org,2025-02-05
6648,Kerri,Sanders,Slovakia (Slovak Republic),230-662-3355,ureyes@example.com,2022-02-02
6649,Timothy,Daugherty,Uganda,(920)376-0197x7708,adriennefoley@example.org,2024-09-08
6650,Maureen,Fitzpatrick,Chile,(714)462-5999x20189,veronica41@example.net,2023-09-18
6651,Jessica,Morrow,Sri Lanka,+1-773-415-5791x45948,fhartman@example.net,2023-08-27
6652,Alexander,Thompson,Somalia,001-464-690-6234x804,ijones@example.net,2022-02-22
6653,Mike,Anderson,Bosnia and Herzegovina,(803)710-0791,megan05@example.com,2023-06-17
6654,Daniel,Perry,Cambodia,(387)267-9573x66357,kelly78@example.com,2022-10-26
6655,Carlos,Gonzalez,United Kingdom,001-704-720-6230,timothy19@example.org,2020-07-29
6656,Barbara,Bush,Turks and Caicos Islands,949.419.2540,drakeemily@example.net,2025-07-05
6657,Justin,Oconnell,Djibouti,989-968-7664,ckirby@example.net,2020-01-03
6658,Samuel,Patterson,Ethiopia,404-277-4396x409,mistyfletcher@example.com,2022-04-23
6659,Jeremy,Porter,Jamaica,(319)638-3017x8302,douglasnathan@example.com,2023-08-21
6660,Paul,Lozano,Hong Kong,+1-963-612-9362x446,jstewart@example.org,2025-01-07
6661,Victor,Wilson,Samoa,+1-701-437-3531x130,bturner@example.com,2021-01-19
6662,Erin,Chavez,Uzbekistan,372-648-6590x844,sararivera@example.org,2020-04-05
6663,Christopher,Ballard,Dominican Republic,643-545-8716,jefferyrogers@example.net,2021-01-04
6664,Kelsey,Leon,Guadeloupe,(730)640-6429x660,stephenscheryl@example.net,2020-06-19
6665,Ryan,Mooney,Guam,4586662187,marymcgee@example.org,2022-04-26
6666,John,Rivas,Sudan,882.597.0562,matthewarellano@example.com,2021-01-05
6667,Alexandra,Aguirre,Saint Helena,+1-332-206-3351,aweeks@example.com,2021-03-13
6668,Roy,Wilson,Ukraine,(683)350-7556x055,kenneth41@example.com,2023-12-21
6669,Nathan,Curtis,Monaco,+1-490-418-7242,tomballard@example.org,2024-03-05
6670,Samantha,Michael,Tanzania,+1-382-794-0238x1734,davisnicole@example.org,2023-10-07
6671,Tony,Shaw,Cocos (Keeling) Islands,227-629-7366x2221,megan01@example.com,2021-03-23
6672,Benjamin,Villarreal,Pitcairn Islands,934-712-7119,xcole@example.org,2024-07-06
6673,William,Mcdaniel,Saint Martin,(858)811-3595x93801,allendiane@example.net,2021-12-03
6674,Erika,Davis,Austria,001-969-648-0041,krystal41@example.com,2022-05-29
6675,Theresa,Jones,Cameroon,406.969.4231,chad57@example.net,2020-11-28
6676,Sarah,Graham,Namibia,342.251.5980x7454,lozanokayla@example.com,2022-11-29
6677,Lindsay,Berry,Uganda,327.258.9310x02353,elizabethscott@example.org,2024-02-20
6678,David,Valenzuela,Papua New Guinea,6945539724,powellwilliam@example.net,2026-01-06
6679,Denise,Lucas,Northern Mariana Islands,+1-638-651-1842x171,ryan54@example.net,2022-12-23
6680,Jacob,Cruz,Trinidad and Tobago,(636)582-5592,tara28@example.org,2022-11-08
6681,James,Adams,Guernsey,859-788-5146x13383,johnrivera@example.com,2024-03-20
6682,Elizabeth,Hayes,United States Virgin Islands,(682)261-9316,singletonbryan@example.net,2021-01-17
6683,Sophia,Harmon,United States Minor Outlying Islands,(400)997-3850,kevinfoster@example.com,2022-06-09
6684,Tyler,Levine,Spain,311-679-4734,lozanojoshua@example.org,2025-06-12
6685,Hannah,Everett,Togo,953-861-2833,rodriguezmargaret@example.com,2020-06-23
6686,Samantha,Gonzalez,Malaysia,+1-957-212-6203x284,swilliams@example.com,2022-04-21
6687,Robert,Crawford,Zimbabwe,783-817-6854x08589,tspears@example.net,2025-02-23
6688,Gary,Kim,Lithuania,525.863.0285x76324,yateseric@example.org,2024-11-18
6689,Madeline,Thomas,Mauritania,930.992.8459x652,ymartinez@example.net,2022-12-04
6690,Sarah,Sanchez,Martinique,+1-257-595-4389,dosborne@example.org,2023-03-11
6691,James,Rose,Czech Republic,+1-631-744-2086,bpowell@example.com,2025-09-20
6692,Michael,Jones,Serbia,341.215.2369x48882,glenn19@example.com,2020-02-24
6693,Karen,Mitchell,Faroe Islands,(569)830-1540,reyescrystal@example.net,2020-09-21
6694,Lisa,Knox,Bolivia,6889394355,asalazar@example.com,2022-07-19
6695,Patricia,Payne,Cuba,671-235-1167,cindymcmahon@example.org,2021-02-17
6696,Timothy,Rowland,Swaziland,+1-315-490-8350x9480,dakota21@example.org,2022-11-30
6697,Devin,Schmidt,British Virgin Islands,(591)448-4724x47176,jackiewalker@example.net,2021-07-25
6698,Dennis,Taylor,Bahrain,305.859.3960x684,heather56@example.net,2022-04-20
6699,Anthony,Barnes,Saudi Arabia,+1-475-830-0718,dwong@example.com,2025-08-31
6700,Anita,Moreno,Kiribati,001-640-736-8527x10105,moyerdeborah@example.com,2023-03-10
6701,Joshua,Wood,Peru,565.264.8557,connie60@example.net,2023-02-14
6702,Jacob,Jackson,Saudi Arabia,5594014374,adam48@example.net,2025-10-10
6703,William,Acevedo,Timor-Leste,+1-352-757-0993,amyedwards@example.com,2025-06-24
6704,John,Soto,Sri Lanka,(812)685-2057,dhall@example.com,2025-04-22
6705,Daniel,Duke,Egypt,712-596-1108x3389,stephaniegarcia@example.net,2022-04-28
6706,Lisa,Hill,Swaziland,440.631.7969,elizabeth56@example.com,2021-11-27
6707,Michelle,Burns,Andorra,860-951-5408x31377,diazjeremy@example.net,2021-02-01
6708,Mark,Marks,Somalia,(638)839-3013,heather80@example.org,2020-09-29
6709,James,Clark,Russian Federation,4224928726,pwalsh@example.org,2020-05-17
6710,David,Goodwin,Netherlands Antilles,001-596-560-4387x86959,littlecharles@example.net,2025-01-09
6711,Lisa,Gill,Guinea,3194194821,dpeck@example.com,2025-11-28
6712,Brian,Murphy,Burkina Faso,001-326-972-3742x06763,wmartin@example.com,2023-02-01
6713,Thomas,Sullivan,French Polynesia,221.295.6950x28326,hughesmarc@example.org,2022-03-08
6714,Edward,Douglas,Bhutan,001-985-392-1238x4959,nelsonchristopher@example.com,2022-08-31
6715,Samuel,Meza,Micronesia,585-284-4597,bellstephanie@example.com,2020-02-17
6716,Frank,Walker,Mexico,001-774-601-1399x578,marystone@example.org,2022-11-07
6717,Tyler,Mccoy,Rwanda,(350)855-7122x685,robertsexton@example.org,2021-09-21
6718,Jackson,Williams,Dominican Republic,8617659584,kevin80@example.com,2022-11-11
6719,Megan,Koch,Israel,609-313-6096,cynthia74@example.com,2022-09-05
6720,Riley,Murphy,Nigeria,360-593-1886,iwilson@example.org,2020-06-08
6721,Marcia,Rivers,Bosnia and Herzegovina,406-817-2704x55531,smerritt@example.org,2021-02-26
6722,Keith,Watkins,Latvia,735.763.8534,knightdaniel@example.org,2020-09-15
6723,Jennifer,Smith,Saint Pierre and Miquelon,+1-872-761-5203x406,xclark@example.com,2025-06-20
6724,Mary,Anderson,Italy,453-431-3822x1509,dannyberg@example.org,2023-08-25
6725,Alicia,Williams,Falkland Islands (Malvinas),793-328-3832x468,smithjesse@example.com,2021-01-19
6726,Brian,Serrano,Belgium,(940)739-2830x78247,katrina50@example.net,2022-04-24
6727,Ashlee,Reynolds,Holy See (Vatican City State),(408)560-5231x2665,simspatricia@example.net,2025-04-18
6728,Stacy,Williams,Kyrgyz Republic,957.777.4243,joann24@example.com,2023-06-16
6729,Carrie,Bolton,Western Sahara,897-986-3785x853,elizabeth71@example.net,2025-06-09
6730,Julie,Ellis,Suriname,(751)602-4007x896,torresamanda@example.net,2024-11-20
6731,Jillian,Cook,Kenya,001-869-385-6031x02572,alexhendrix@example.net,2022-12-20
6732,Cassandra,Hall,Reunion,638-256-1743x011,bushlisa@example.com,2022-05-08
6733,Carla,Christensen,Saint Pierre and Miquelon,+1-985-577-8170,maryswanson@example.org,2020-11-14
6734,Melanie,Wright,Comoros,001-338-393-5683x3249,erin38@example.net,2023-02-05
6735,Jacob,Sutton,Cayman Islands,+1-726-858-6276x8922,sandovaljulia@example.com,2024-03-06
6736,Ann,Hanson,Somalia,916-913-6322x834,zmoss@example.com,2022-07-27
6737,Tina,James,Mayotte,806-787-4890x630,smithrita@example.net,2020-10-06
6738,Charles,Holt,San Marino,607-284-9372,martinezjonathan@example.com,2022-04-29
6739,Pamela,Berry,Azerbaijan,432.616.4867x4320,coxdavid@example.org,2025-04-01
6740,Douglas,Blackwell,Guatemala,001-635-486-9200x6460,jennifergriffin@example.org,2024-05-22
6741,Daniel,Moore,Liechtenstein,214.949.2961,gina70@example.net,2024-04-04
6742,Daniel,Wyatt,Iran,(669)912-4924,ushah@example.com,2020-12-07
6743,Kathleen,Martinez,American Samoa,320-982-5318x47425,sgomez@example.com,2021-04-04
6744,Ronald,Jones,Honduras,(403)849-9185x580,robertslee@example.net,2025-08-28
6745,Wayne,Fitzgerald,Sweden,001-318-874-4389x124,andrew49@example.net,2026-02-15
6746,Thomas,Thomas,Italy,(525)408-9865,crystal90@example.org,2020-12-25
6747,Luis,Cardenas,Solomon Islands,262-959-3111,kcoleman@example.com,2023-05-28
6748,Carrie,Miller,Australia,001-250-256-1206x3539,mary05@example.net,2024-07-03
6749,William,Padilla,Lithuania,5392317694,rbarnes@example.net,2022-01-02
6750,Ronnie,Barber,Ethiopia,001-654-618-7683,mclaughlinashley@example.com,2021-09-14
6751,Stacey,Cook,United States of America,(339)368-3881,laura73@example.org,2023-08-04
6752,Megan,Schmidt,Palau,8417221406,ngreene@example.org,2022-05-24
6753,Christopher,Hoffman,Philippines,3806217868,aliciabell@example.net,2023-03-08
6754,Heather,Gates,Denmark,001-662-322-7686,alancole@example.net,2020-06-10
6755,Julia,Cooper,Morocco,4554233498,shernandez@example.net,2024-05-26
6756,Daniel,Jones,Lesotho,001-443-614-8539x181,garciagerald@example.com,2025-03-17
6757,Alexander,Stewart,Syrian Arab Republic,001-670-544-3235,jgutierrez@example.net,2021-04-15
6758,Jeffrey,Baker,Cuba,001-347-827-4239,xdennis@example.net,2022-12-24
6759,Ryan,Whitaker,Andorra,(254)264-8542x68692,daniel25@example.org,2022-10-28
6760,Rachel,Williams,Samoa,001-919-466-7367x3716,bellhenry@example.com,2021-12-11
6761,Nancy,Mccarty,Tunisia,811-656-7931x1267,austinwilson@example.net,2022-01-18
6762,Matthew,Peters,Lesotho,900-893-8473x49805,cristiansanders@example.com,2022-01-18
6763,Lacey,Vasquez,Azerbaijan,541.747.2851x7866,jamesjackson@example.net,2025-07-28
6764,Gabriela,Dawson,Cook Islands,001-624-938-4480,icampbell@example.com,2024-09-07
6765,Maria,Sullivan,Jamaica,4704877302,hreese@example.com,2022-07-04
6766,Dominic,Harrison,Pitcairn Islands,(765)478-4451x571,john26@example.net,2025-12-17
6767,Samantha,Fischer,Switzerland,(824)696-4672x65683,reynoldsjennifer@example.org,2025-03-05
6768,April,Cook,Tajikistan,953-318-9066x8194,brewercatherine@example.org,2025-12-05
6769,Nicole,Morris,Mali,253.586.4705,john15@example.net,2022-03-17
6770,Kimberly,Anderson,Bermuda,963.213.4134,eric08@example.net,2022-01-01
6771,Jacqueline,Mack,Bhutan,(468)558-5561x5888,sandrasanchez@example.net,2025-12-30
6772,Natalie,Leach,Djibouti,384-934-3381x7076,dgray@example.com,2024-09-21
6773,Holly,Hanson,Zambia,001-500-584-1767x7100,simmonsjustin@example.com,2020-02-29
6774,Jason,Herring,Anguilla,001-917-611-7097x98067,reedjake@example.com,2024-03-02
6775,Keith,Francis,Taiwan,001-904-454-8547,cobbjennifer@example.org,2025-03-13
6776,Jason,Beltran,Bosnia and Herzegovina,868-224-5227,tbenton@example.org,2024-06-04
6777,Ronald,Osborne,Cameroon,406.913.9822,maddoxmichelle@example.com,2022-05-01
6778,Daniel,Berry,Guyana,(830)441-7058x0442,mackdanielle@example.org,2021-10-13
6779,Jason,Harper,Chile,+1-965-337-9461x49739,abennett@example.com,2022-11-29
6780,Robin,Cruz,Mayotte,208.512.4967x018,marvinanderson@example.org,2020-03-04
6781,Theresa,Fisher,Ireland,+1-252-534-8005,adrian24@example.net,2021-05-10
6782,Catherine,Peterson,Italy,+1-798-809-3244x792,ysimpson@example.net,2020-11-20
6783,Tonya,Brown,Ecuador,443-533-8859,dsoto@example.org,2024-02-22
6784,Cynthia,May,Somalia,769.492.6632x07928,cooperwilliam@example.com,2025-05-15
6785,Madeline,Andrews,Madagascar,(936)335-4107,icopeland@example.org,2023-10-22
6786,Leonard,Price,Benin,7615483249,waredaniel@example.net,2025-01-11
6787,Tina,Evans,Kiribati,001-621-924-0954,emily06@example.com,2025-10-02
6788,Austin,Johnson,Norway,001-661-677-0445x90581,ccoleman@example.org,2020-04-19
6789,Nathaniel,Kane,Montserrat,430-935-4637x4274,nicholas42@example.com,2021-11-30
6790,Jeremy,Jones,Cocos (Keeling) Islands,254.635.8364,christina47@example.net,2023-12-02
6791,Crystal,Gonzalez,Sierra Leone,(779)498-5925,ashley78@example.com,2020-05-30
6792,Yolanda,Buck,Liechtenstein,825-388-3591,robertperkins@example.org,2020-10-06
6793,Courtney,Gibson,Niue,742.758.0909x873,irodriguez@example.net,2025-08-13
6794,Denise,Rodriguez,Guatemala,(678)227-2589,smithkristina@example.org,2026-01-15
6795,Raymond,Romero,Mozambique,001-890-350-8751x3438,tommy13@example.com,2020-04-10
6796,Emily,Miller,South Africa,(958)504-1754x116,martinamy@example.org,2023-06-22
6797,Laura,Miller,Cote d'Ivoire,436.989.1725x407,sextonleslie@example.net,2022-06-06
6798,Dalton,Mccoy,Jersey,(795)801-6701x4653,ianreyes@example.net,2023-11-13
6799,Jesus,Long,Jersey,(433)623-5261x9016,taylorsanchez@example.org,2021-02-19
6800,Nicholas,Harper,Guinea,2836796347,collinscraig@example.com,2022-09-22
6801,Gregory,Carlson,Italy,4248875305,alexis94@example.com,2024-08-01
6802,Daniel,Vasquez,Afghanistan,001-959-670-1860x948,thompsonaustin@example.com,2025-01-19
6803,Nicholas,Clark,Iraq,699.743.0036x9244,matthew46@example.org,2020-10-01
6804,Kevin,Rivas,China,001-802-896-8235,dwalker@example.org,2023-07-10
6805,Jared,Medina,Ireland,740.589.8524x05594,nicole38@example.org,2020-03-19
6806,Olivia,Donovan,French Guiana,8452778396,harrismichael@example.net,2021-05-05
6807,Tammy,Brooks,United States Minor Outlying Islands,(565)617-4672,kristineharris@example.com,2022-02-10
6808,Denise,Perez,Guatemala,4697353841,alicia42@example.net,2023-03-19
6809,Tammy,Coleman,Guernsey,216.463.0482,tsmith@example.com,2021-10-30
6810,Barbara,Pena,Belize,495-997-1856x523,fhughes@example.org,2021-11-28
6811,David,Sutton,Saint Vincent and the Grenadines,805.325.3215x5090,fernando29@example.net,2020-12-16
6812,Heather,Moran,Australia,+1-635-641-0330,johnsonjulia@example.org,2020-06-03
6813,Todd,Allen,Tokelau,2409748225,tamigay@example.net,2022-11-03
6814,Dana,Jimenez,Saint Pierre and Miquelon,541.298.7441x593,kevin67@example.net,2025-11-14
6815,Amanda,Ruiz,Falkland Islands (Malvinas),(631)296-0969x20675,krystal66@example.net,2024-07-18
6816,Joshua,Brown,Tajikistan,3678242329,johnsonjanice@example.com,2024-11-05
6817,Edward,Hendricks,Jersey,3389994849,umckee@example.net,2025-01-14
6818,Susan,Owens,Guernsey,843-992-6207,pholder@example.org,2023-10-18
6819,Maurice,Ochoa,Suriname,5906048274,nicholsdenise@example.org,2021-08-14
6820,Steven,James,Central African Republic,+1-949-693-7472x32839,sarawall@example.com,2023-11-27
6821,Amy,Boone,Saint Helena,898-375-6289,angie15@example.org,2025-04-29
6822,Lawrence,Jarvis,Turkmenistan,669-781-6086x94424,thorntonjames@example.org,2021-09-03
6823,Connor,Burton,Uruguay,(253)650-5904x4188,gillamanda@example.net,2023-08-20
6824,Lisa,Walker,Libyan Arab Jamahiriya,001-977-690-4201x812,griffithhayley@example.org,2022-04-04
6825,Alexa,Flowers,Djibouti,892.618.3911,urodriguez@example.net,2023-11-29
6826,Sandra,Wong,Slovenia,001-542-631-5952x290,andrew73@example.net,2025-04-07
6827,Mark,Castaneda,Christmas Island,(882)654-7454,moyershelley@example.net,2023-03-25
6828,Deborah,Garcia,Vietnam,+1-944-820-3574x619,rstewart@example.net,2022-09-13
6829,Sara,Leon,Rwanda,773-321-4725,wyatt69@example.com,2026-02-17
6830,Whitney,Paul,Algeria,7696745497,brandiforbes@example.com,2023-02-10
6831,David,Young,Myanmar,931.928.4329x678,christopherclements@example.org,2025-05-24
6832,Lisa,Green,Mayotte,3796791419,uhansen@example.net,2024-03-11
6833,Rachel,Wright,Iran,233.517.8724x200,petersonbrandon@example.net,2025-12-17
6834,Tracy,Sandoval,Nauru,6634635047,sonyasteele@example.net,2022-09-09
6835,Kevin,Miller,Mauritius,+1-332-795-2297x5233,zoehenry@example.com,2025-04-07
6836,Kenneth,Fernandez,Morocco,+1-546-409-8776x48198,gomezrachel@example.org,2021-02-04
6837,Brittany,Lee,Lesotho,939.440.8385x829,larrylopez@example.com,2024-09-28
6838,Tracy,Norton,Netherlands,915-901-9064x565,vrodriguez@example.com,2020-09-07
6839,Donald,Hopkins,Western Sahara,(211)904-1587,richardlee@example.net,2022-05-23
6840,Brian,Parker,Haiti,(789)359-4886x312,cassandra14@example.net,2025-12-15
6841,Amy,Elliott,Saint Vincent and the Grenadines,9116839279,hulleric@example.com,2022-06-28
6842,Bridget,Phillips,Monaco,(222)875-3128x68313,anthonyking@example.net,2025-04-29
6843,Brandi,Sanders,Slovakia (Slovak Republic),684.395.7107x695,weberryan@example.org,2023-12-21
6844,Victor,Turner,Libyan Arab Jamahiriya,286.237.5117x596,harveytracy@example.net,2023-08-14
6845,Barry,Garcia,Myanmar,688.233.5503,nealvictor@example.org,2023-09-23
6846,Lee,Bishop,Saint Pierre and Miquelon,(374)267-7384x110,steven17@example.net,2024-05-14
6847,Rachel,Adams,Turks and Caicos Islands,+1-884-673-4048x867,kallison@example.net,2020-06-30
6848,Erica,Cunningham,Australia,+1-648-880-3658,virginiachandler@example.net,2022-03-06
6849,Michael,Henry,Vanuatu,834.529.6755x5839,larsonroberto@example.net,2024-07-12
6850,Chelsea,Nunez,Nepal,389-408-4703,fryan@example.com,2020-03-30
6851,Tracy,Ellis,Morocco,(603)695-3854x158,pricejack@example.net,2021-01-15
6852,Alexander,Sutton,Ethiopia,(807)943-5338x282,tlandry@example.com,2023-06-09
6853,Albert,Parks,Maldives,826.958.8282,gbaker@example.org,2022-05-30
6854,Zachary,Soto,Uruguay,001-693-352-3380x0220,jackmatthews@example.net,2020-04-23
6855,Clifford,Simpson,Brunei Darussalam,884.435.5130x72945,tbullock@example.org,2024-04-13
6856,Ray,Newton,Peru,+1-565-711-4004x2640,robyn43@example.com,2023-04-16
6857,Jeanette,Park,Ukraine,+1-620-781-7235,kcarter@example.net,2023-02-23
6858,David,Frey,Cape Verde,001-678-304-1011x58216,lindatrevino@example.com,2025-10-05
6859,Jose,Robertson,Uganda,001-954-361-4076x44745,amy69@example.com,2024-09-28
6860,Eddie,Francis,Gibraltar,(255)678-7429x66259,riosandrea@example.com,2021-03-18
6861,Philip,Carter,Montserrat,(867)786-9397x595,underwoodmichael@example.net,2022-09-25
6862,Nicolas,Carter,Zambia,4103915563,spencerkayla@example.org,2023-06-10
6863,Stephen,Skinner,Kazakhstan,247-722-7176x8957,medinabrenda@example.net,2022-01-11
6864,Patrick,Woods,Tajikistan,+1-951-403-6217,johnsonerik@example.com,2022-02-19
6865,William,Cross,Togo,+1-372-226-3032x82254,keybrian@example.org,2022-04-20
6866,Lisa,Blake,Kenya,619.519.6934x5553,callahancatherine@example.net,2023-06-20
6867,Debra,Owens,Morocco,807.417.4504x677,michelecox@example.com,2026-02-14
6868,Diana,Mann,Monaco,(849)391-3766x5496,natasha76@example.org,2025-07-03
6869,Patricia,Simpson,Algeria,5439162535,kimberlyhernandez@example.com,2020-07-17
6870,William,Scott,Spain,811-940-9099,brittany57@example.com,2022-03-29
6871,Lauren,Reyes,Mozambique,610-259-3313x2567,whitakerhenry@example.org,2021-02-10
6872,Thomas,Frazier,Greece,+1-866-285-5276x07251,imurphy@example.org,2024-10-13
6873,Mark,Hernandez,Turkey,+1-582-710-0124x05984,taylorlarry@example.com,2023-02-22
6874,Corey,Perez,Canada,258.716.3832x71013,tammymiller@example.com,2025-03-17
6875,Ernest,Mora,Finland,8583609950,jamestaylor@example.com,2022-04-11
6876,Dillon,Delacruz,Kuwait,+1-717-596-6320x961,sthompson@example.org,2020-11-15
6877,Reginald,Johnson,Cayman Islands,+1-576-525-1609x6922,mbeck@example.net,2024-12-20
6878,David,Burgess,Zambia,001-975-680-1098x387,evan53@example.net,2022-12-27
6879,Dawn,Tapia,Cape Verde,(293)722-9686,klee@example.com,2020-04-29
6880,Raymond,Morales,Ecuador,001-449-292-4798x3273,rodriguezsavannah@example.net,2023-09-02
6881,Shannon,Lee,Thailand,575.478.7959x313,gouldjanet@example.com,2024-05-04
6882,Jeffrey,Blackburn,United Arab Emirates,592-356-3149x674,jenniferlawrence@example.org,2025-10-08
6883,Amy,Robertson,Isle of Man,(230)294-5298x35238,ryanayala@example.org,2024-12-15
6884,Cheryl,Burnett,Jamaica,236-489-1792,ggentry@example.com,2023-10-05
6885,Sara,Anderson,Brazil,836-422-6338,ythompson@example.org,2024-07-22
6886,Raymond,Sanchez,Germany,8116363282,pmorton@example.net,2025-03-07
6887,Christina,Miller,Romania,+1-801-963-7109x2869,amy79@example.net,2024-09-14
6888,Brad,Barrett,Colombia,(461)757-4431,sarahmatthews@example.org,2023-10-25
6889,Tony,Huang,Niue,392-756-6069x36309,bradleyblankenship@example.org,2022-07-14
6890,Paul,Murillo,Latvia,+1-730-770-2866,hannahhamilton@example.net,2024-01-31
6891,Ian,Morrison,South Georgia and the South Sandwich Islands,514-571-2208,randy58@example.org,2022-11-24
6892,Crystal,Day,Svalbard & Jan Mayen Islands,551.724.7040x45927,mturner@example.com,2023-01-18
6893,Rachel,Barrett,Norfolk Island,440.288.1781x075,pbender@example.org,2025-06-14
6894,Dawn,Hernandez,Macao,(581)901-7323,veronica00@example.com,2024-02-27
6895,Amy,Rose,United Arab Emirates,(305)562-8660,danielhamilton@example.com,2022-09-06
6896,Amy,Allen,Antarctica (the territory South of 60 deg S),001-741-952-0954x3473,qwebb@example.org,2023-12-26
6897,Charles,Cooper,India,577.591.7078x4945,anthonyrogers@example.org,2023-12-09
6898,Christy,Thomas,Azerbaijan,366.375.7653,davidsondebra@example.org,2021-02-11
6899,Amanda,Acosta,India,714-808-2198x240,eharris@example.org,2021-02-03
6900,Sabrina,Willis,Tonga,519-333-3399,david32@example.net,2023-02-09
6901,Richard,Wallace,Armenia,418-576-2149x696,emily69@example.net,2022-11-16
6902,Gina,Wilson,Russian Federation,344-969-1642x3789,smithmark@example.org,2021-02-09
6903,Michael,Ellis,Puerto Rico,2203648675,qblair@example.com,2025-04-30
6904,Jessica,Phillips,New Caledonia,251.801.3321,awilliams@example.com,2020-10-05
6905,Michael,Davis,Aruba,(924)449-4723x92222,rstewart@example.com,2021-09-12
6906,Penny,Martin,Nauru,(312)230-9914x6477,joybenson@example.org,2020-11-12
6907,Shelby,Greer,Cambodia,(844)750-6358x3139,savannahwilliams@example.com,2024-08-25
6908,Lisa,Washington,Pakistan,343.866.3312,hernandezdarlene@example.net,2021-02-13
6909,William,Moody,British Indian Ocean Territory (Chagos Archipelago),(848)366-8159x82861,wabbott@example.com,2021-07-28
6910,Kathryn,Marquez,France,(331)761-2058x15981,danieljohn@example.org,2022-03-02
6911,Aaron,Moyer,Venezuela,(427)527-3894x29776,walshsuzanne@example.com,2025-11-25
6912,Alicia,Mathews,Belarus,001-879-822-8669,amandawilcox@example.net,2025-12-01
6913,Curtis,Hughes,Palestinian Territory,9418171685,daniel90@example.org,2022-11-26
6914,Maria,Perez,Japan,438-466-6380,lisanichols@example.org,2022-07-23
6915,Richard,Moreno,Maldives,+1-805-927-1098x9711,williamkim@example.net,2022-04-08
6916,Emily,Evans,Bolivia,445-779-1372x8811,louiswalker@example.com,2020-08-14
6917,Frank,Rose,Vietnam,488.301.3425,jstevens@example.org,2022-09-28
6918,Christina,Sullivan,Guadeloupe,(708)490-8327,donaldguerrero@example.net,2021-11-04
6919,Michael,Pitts,Guyana,5532755844,hardincindy@example.org,2022-11-13
6920,Brett,Schmidt,Uganda,+1-305-509-2992x003,arthur59@example.org,2020-09-07
6921,Tanya,Jackson,Cape Verde,782-733-1053,vevans@example.org,2022-09-21
6922,Diane,Morris,United States Minor Outlying Islands,410.949.7407x4326,iliu@example.org,2025-12-27
6923,David,Garcia,Azerbaijan,790-642-2854x20150,emartin@example.com,2025-05-14
6924,Raymond,Donaldson,Micronesia,(683)675-0795,jenniferfrancis@example.net,2024-11-30
6925,Desiree,Aguilar,Congo,+1-887-980-8761x170,danielle55@example.net,2025-09-25
6926,Francisco,Jackson,Sudan,+1-955-514-9310x02436,rodriguezamy@example.net,2021-01-15
6927,Stephanie,Henderson,Morocco,771.324.3008x8446,timothyadkins@example.com,2023-09-23
6928,Tammy,Myers,French Southern Territories,648-478-2974,uedwards@example.com,2020-01-22
6929,Christina,Bentley,North Macedonia,001-410-606-1782x49159,johnsondrew@example.net,2022-07-16
6930,Stacy,Jackson,Guatemala,(759)258-4591,xmoore@example.net,2020-01-29
6931,Stephanie,Houston,Azerbaijan,001-928-371-3585x9261,shari38@example.com,2022-11-02
6932,Thomas,Anderson,Iran,464-942-1946x98036,zachary47@example.com,2021-05-05
6933,Katelyn,Collins,Nicaragua,318-333-8152x120,owilkerson@example.com,2023-06-21
6934,Alexander,Clayton,Hong Kong,+1-244-407-1137x9293,warnold@example.net,2021-07-04
6935,Michele,Cannon,Armenia,+1-718-565-7309x483,pittstiffany@example.org,2022-03-13
6936,Mark,Smith,Benin,+1-985-483-1036,justinmitchell@example.net,2022-12-21
6937,Joseph,Wright,Guinea,+1-827-689-6958x5296,davidchan@example.org,2024-12-30
6938,Heather,Howard,Croatia,(324)274-9376x2626,barroncharles@example.com,2024-04-27
6939,Brandon,Johnson,San Marino,3992866971,williamsdavid@example.net,2023-01-09
6940,Catherine,Fox,Oman,972-652-4323x1394,laurathomas@example.net,2022-06-28
6941,Crystal,Bradford,Liberia,+1-983-658-8886x21880,hstephens@example.net,2020-04-16
6942,Stephen,George,Mali,(990)413-3344x60706,rhubbard@example.com,2023-10-09
6943,Anthony,Hurst,Niger,433-925-8217x52332,campbellcindy@example.org,2020-05-31
6944,Christine,Carter,Turkmenistan,+1-475-575-5717,kwall@example.com,2025-05-23
6945,Charles,Carroll,Ecuador,(890)926-0806x44008,jennifer51@example.net,2021-05-07
6946,Mary,Butler,Algeria,985.706.3898x504,daniel61@example.com,2020-12-10
6947,Anna,Edwards,Bermuda,+1-904-395-7317x14799,nicholasyates@example.net,2025-01-26
6948,Kenneth,Richardson,Saint Pierre and Miquelon,+1-535-922-3250x884,russellmike@example.net,2020-11-18
6949,Jonathan,Rodriguez,Libyan Arab Jamahiriya,561.362.5080x5346,bcollins@example.com,2023-01-07
6950,Michael,Brown,United States Virgin Islands,+1-661-772-2056x35864,graybenjamin@example.org,2021-02-05
6951,Susan,Johnson,Qatar,(894)971-5886,garnerjames@example.org,2025-11-02
6952,Rebekah,Johnson,Madagascar,(770)221-5356,robinsonzachary@example.com,2022-01-06
6953,Tracy,Pugh,Rwanda,(685)491-8506,patrickgomez@example.org,2024-06-29
6954,David,Burke,Falkland Islands (Malvinas),848-971-8173,rangelshaun@example.net,2022-02-10
6955,Brian,Sullivan,Korea,(812)768-6645,karen37@example.com,2021-12-23
6956,Mary,Carlson,Moldova,+1-320-442-7622x0813,russellrobert@example.net,2024-06-29
6957,Juan,Adams,Tajikistan,+1-478-348-8231,bakerroger@example.org,2023-08-23
6958,Stacy,Ibarra,Swaziland,633-782-0740x646,peter67@example.org,2024-08-08
6959,Tanner,Gibson,Hungary,826-861-5184x0370,emily81@example.org,2024-12-15
6960,Autumn,Hunt,Saint Lucia,+1-994-898-5664,fmendoza@example.com,2025-11-20
6961,Daniel,Dalton,Chad,8184376062,cindywalker@example.org,2022-05-12
6962,Joshua,Cohen,Grenada,+1-463-300-2953x6011,qalvarez@example.com,2024-11-07
6963,Linda,Larsen,Germany,(555)426-5015,higginsjohn@example.net,2020-02-03
6964,Paul,Hoffman,India,001-371-330-4499,daniel70@example.com,2024-10-14
6965,Paula,Coffey,Falkland Islands (Malvinas),(576)555-6554x42694,collinsjasmin@example.net,2022-01-13
6966,Shawn,Brooks,Saint Pierre and Miquelon,(507)829-0647,xduncan@example.com,2020-01-09
6967,Stephanie,Campos,Bahrain,453-943-3162x3253,ujefferson@example.com,2025-08-17
6968,Kathryn,Murphy,United States of America,(824)510-3699x7862,ryanmendez@example.org,2022-02-25
6969,Duane,Mccarthy,Pitcairn Islands,585-887-3312x985,nsanchez@example.net,2024-01-29
6970,William,Goodwin,British Virgin Islands,+1-655-342-6675x59824,victoria55@example.org,2022-08-02
6971,Rhonda,Clark,Vanuatu,001-350-488-5836x101,steven17@example.net,2021-11-08
6972,Cindy,Woods,Grenada,723.496.1561x61721,rbrooks@example.com,2025-03-08
6973,Jason,Simmons,Korea,875.334.6003x8460,lunajasmine@example.org,2020-07-02
6974,Christina,Garcia,Puerto Rico,666.548.9246x381,piercemario@example.net,2022-11-18
6975,Amanda,Taylor,Costa Rica,+1-801-461-7924,vmartin@example.com,2025-09-28
6976,Angela,Griffith,Maldives,712-417-6327,sstevenson@example.org,2024-08-19
6977,Mary,Stone,Western Sahara,001-735-758-9223x1669,ugomez@example.net,2024-06-03
6978,Jason,Keith,Slovenia,801.384.8563x715,steinscott@example.com,2022-11-24
6979,William,Graves,Tunisia,001-654-661-0622x7829,craigdiaz@example.org,2021-07-05
6980,Zachary,Strong,Italy,963-204-0069x715,bowmanjane@example.com,2025-11-23
6981,Susan,Ross,Kenya,861.993.5429x927,tmoore@example.org,2022-04-29
6982,Christy,Porter,Gambia,2403838095,georgegibson@example.com,2022-07-11
6983,John,Wallace,Equatorial Guinea,(329)755-9609,psuarez@example.com,2023-06-27
6984,Brian,Harris,Macao,9652642543,steelebrandi@example.net,2024-07-23
6985,Amy,Acosta,British Virgin Islands,001-857-843-9127x16292,lisaboone@example.net,2025-04-12
6986,Robert,Guzman,Niue,3255024272,lisamontoya@example.org,2023-02-11
6987,Roberta,Ramos,Malawi,(279)519-3723,anthony95@example.com,2023-05-03
6988,Deanna,Montgomery,Dominican Republic,867.447.1886,hendersoncorey@example.org,2020-06-13
6989,Christopher,Palmer,United Arab Emirates,001-611-232-7717x95540,david74@example.org,2022-11-08
6990,Brett,Reynolds,Dominica,(830)934-0983x919,thomasvillanueva@example.net,2025-05-01
6991,Peter,Hunt,Luxembourg,001-978-203-1247x6682,hoopersean@example.org,2025-12-21
6992,David,Roberts,Eritrea,945.840.8692x7180,heidifox@example.com,2024-12-05
6993,Jamie,Myers,Saudi Arabia,+1-715-409-2681x6834,jennifershea@example.net,2025-12-02
6994,Daniel,Carpenter,Belarus,577.747.6236x6766,matthewfields@example.org,2022-08-16
6995,Christina,Morrison,Kyrgyz Republic,2875912309,jennifer23@example.org,2023-03-21
6996,Shane,Oneill,Uruguay,(894)901-6639,robert00@example.net,2024-09-02
6997,Paul,Perez,Iran,+1-237-825-2563x709,jnelson@example.com,2025-01-22
6998,Tracey,Newton,Burundi,(322)386-5683,burkejoshua@example.net,2022-01-26
6999,Robert,Rose,Cameroon,(934)438-6003x887,jryan@example.net,2021-10-13
7000,Timothy,Sanders,Gibraltar,734-683-2936x7236,josephpittman@example.org,2022-12-12
7001,Jessica,Mcintyre,Somalia,+1-377-950-0177x80470,ojohnson@example.com,2024-08-12
7002,Jonathan,Carson,San Marino,326.390.2043,michele76@example.net,2022-09-06
7003,Bryan,Humphrey,Brazil,(627)514-2693,patricia68@example.net,2021-11-08
7004,Chad,Dean,Kenya,(485)462-7499x784,meyersalexis@example.com,2023-01-08
7005,James,Richardson,Ukraine,001-244-423-6778,maria38@example.net,2025-06-23
7006,Paula,Lee,Palestinian Territory,3599783513,ebradshaw@example.com,2023-06-13
7007,Kenneth,Gray,Netherlands,+1-645-780-0948x443,ashley36@example.org,2025-06-29
7008,John,Wilson,Kiribati,326-352-3366,gshepherd@example.com,2023-04-19
7009,Alexander,Chaney,Marshall Islands,9759843575,jamessandoval@example.org,2025-07-15
7010,Kimberly,Hicks,Jordan,534-424-7908x5268,uchaney@example.org,2022-11-23
7011,Crystal,Hill,Heard Island and McDonald Islands,001-840-866-0775x18398,madelineclark@example.org,2025-10-25
7012,Johnny,Allen,Estonia,945-807-6816x80545,fdavidson@example.net,2021-09-23
7013,Andrea,Hernandez,Liberia,(892)740-4481x1496,lambertjohn@example.org,2023-05-24
7014,Maria,Townsend,Libyan Arab Jamahiriya,(977)827-2298x04844,myersbenjamin@example.org,2025-12-25
7015,Pamela,Villarreal,Timor-Leste,+1-478-551-0550,wadeaustin@example.net,2024-09-09
7016,Thomas,Ponce,Thailand,(678)228-2543,jessicascott@example.org,2022-03-02
7017,Kyle,Mason,Kuwait,+1-488-864-8443x923,gsnow@example.com,2025-05-14
7018,Janet,Garcia,Samoa,350.872.9352x5365,brownsteve@example.com,2020-06-13
7019,Jeffrey,Montgomery,Cuba,387-744-2171x7980,danieltimothy@example.com,2020-09-29
7020,Edgar,Simmons,France,(673)609-0943,ernest28@example.org,2024-11-26
7021,Thomas,Wells,Saint Helena,(910)977-7179x423,pachecojermaine@example.com,2024-03-01
7022,Brian,Zavala,India,001-457-779-3058x12963,kray@example.com,2025-06-25
7023,Crystal,Copeland,Namibia,793.842.0599,morganmichelle@example.net,2021-07-30
7024,Jeremy,Vasquez,Malta,(847)588-7019,amorse@example.net,2022-06-30
7025,Robert,Moore,Vanuatu,+1-374-975-6163x98966,miranda60@example.com,2023-10-04
7026,Kristi,Davis,Cambodia,651-760-5062x9357,heather70@example.org,2022-02-16
7027,Nicole,Collins,Cyprus,473.225.3838,fernandowilliams@example.net,2021-07-01
7028,Megan,King,Tajikistan,001-741-425-8952x52152,caitlinpatterson@example.org,2024-05-01
7029,Rachel,Hernandez,Macao,826.905.5187,hrasmussen@example.com,2021-01-24
7030,Amber,Stewart,Canada,232.448.1927x40284,stevecameron@example.com,2021-08-25
7031,William,Trujillo,Indonesia,279-819-8857x900,owillis@example.org,2021-09-17
7032,Steven,Lawrence,Sao Tome and Principe,001-647-623-6544x32660,dperez@example.org,2023-07-26
7033,David,White,Iraq,945-633-0275x97013,brentfritz@example.org,2025-01-03
7034,Anna,Gallagher,Denmark,+1-424-443-2357x084,richardsonlarry@example.org,2025-10-15
7035,Heidi,Miller,Antigua and Barbuda,616-444-9342,nathangoodwin@example.com,2025-07-29
7036,Brandon,Phelps,Colombia,8878466311,anthony37@example.org,2020-05-10
7037,Kimberly,Shah,Jordan,+1-757-269-1206,courtney25@example.net,2025-12-13
7038,Theresa,Avila,Vietnam,+1-885-879-2502x565,alancole@example.com,2022-12-13
7039,Michael,Rodgers,Ghana,+1-365-266-3444,joshua74@example.org,2022-09-08
7040,Abigail,Mendez,Egypt,401.401.2277,larasandra@example.com,2022-10-02
7041,Chris,Keller,Falkland Islands (Malvinas),825.407.7275,mspencer@example.net,2020-12-31
7042,Phillip,Hoffman,Liechtenstein,(262)225-1751x21084,pmaldonado@example.org,2023-03-18
7043,William,Wells,Zambia,001-343-457-1806,zjones@example.com,2025-09-23
7044,Erica,Huang,Saint Pierre and Miquelon,+1-744-505-8219x948,glenn93@example.org,2023-04-20
7045,Nicole,Yang,Suriname,331-623-9004,susan27@example.org,2025-06-29
7046,Emma,Barrera,Central African Republic,412-824-2885,richardballard@example.com,2022-07-13
7047,Travis,Wright,Vanuatu,(414)774-7684x629,christian70@example.org,2025-12-05
7048,Daniel,Jones,Haiti,+1-633-324-4585x78784,andrealee@example.net,2025-07-18
7049,Allison,Gonzales,Svalbard & Jan Mayen Islands,+1-933-214-4109x46710,tylerpeterson@example.org,2025-11-09
7050,Zoe,Watkins,French Polynesia,001-631-998-4215,jay66@example.net,2020-05-20
7051,Tammy,Jackson,Madagascar,(552)212-2374x2908,gregoryscott@example.com,2020-04-15
7052,Shawn,Mejia,Portugal,4167171357,ashley16@example.com,2022-06-03
7053,Cassandra,Wolf,Malawi,3572543733,wperez@example.org,2021-12-31
7054,Mark,Boyd,Turkmenistan,423-596-9407x0372,mark87@example.com,2022-04-14
7055,Christopher,Lee,Nepal,7808923109,longmonica@example.com,2021-09-08
7056,Lindsay,Schwartz,Lesotho,+1-523-445-6641x66669,mckayheather@example.com,2024-10-18
7057,Brandi,Scott,Jamaica,9616738612,ubennett@example.org,2022-11-12
7058,Craig,Brown,Isle of Man,547.306.0624x38448,randy13@example.com,2024-10-12
7059,Zachary,Dorsey,Liechtenstein,001-799-527-4176x722,robert11@example.net,2022-09-21
7060,Joshua,Barnes,Dominican Republic,252-418-4776x3520,rknapp@example.com,2021-01-01
7061,Mary,Johnston,Puerto Rico,001-974-210-1689x95249,amber87@example.com,2021-05-22
7062,Robin,Fields,Honduras,(233)346-6250x443,pmartin@example.net,2025-01-13
7063,Emily,Gallegos,Russian Federation,583.831.3109x530,englishshawn@example.com,2024-07-17
7064,Gregory,Butler,Paraguay,828-293-3488,daniel31@example.net,2021-07-18
7065,Brianna,Dodson,Georgia,(559)698-3965x20016,ernest25@example.com,2022-03-16
7066,Joseph,Gray,Peru,778.945.4024,hancockdenise@example.com,2021-09-14
7067,William,Jefferson,Jordan,392.467.8456x303,katherinebaird@example.net,2020-11-04
7068,Karen,Davis,Bulgaria,001-784-499-5908x302,brandymendez@example.org,2020-04-06
7069,Andrew,Lloyd,Denmark,(244)296-2360,susanruiz@example.com,2023-11-20
7070,Sandra,Freeman,Senegal,837.539.1907x278,fburton@example.org,2022-12-23
7071,Morgan,Lowe,Fiji,001-638-453-8201x24279,patricia88@example.net,2024-05-03
7072,Daniel,Baird,Albania,001-281-634-2230x49001,christine26@example.com,2023-08-24
7073,Samuel,Perry,Tokelau,895.230.8473x540,ymoreno@example.org,2024-07-13
7074,Donna,Jackson,Indonesia,622.209.2677,dawn48@example.org,2020-09-14
7075,Diane,Moore,Czech Republic,918.949.0931,ellisdustin@example.org,2025-04-23
7076,Jamie,Hawkins,Andorra,309-396-9183,carlsharp@example.com,2022-06-22
7077,Anne,Best,Tonga,(785)513-4478x21930,jasontaylor@example.net,2020-10-07
7078,Christopher,Curry,Lithuania,381.734.1776x34951,lkim@example.com,2021-04-22
7079,Amanda,Tran,Singapore,+1-761-478-1226x28947,allenchristopher@example.com,2022-09-21
7080,Jason,Frey,Turkey,+1-457-752-9981,darrellwebb@example.com,2022-06-12
7081,Kristina,Cooper,Cape Verde,+1-484-858-4290x6840,estradatimothy@example.org,2022-10-13
7082,Kyle,Collins,Turks and Caicos Islands,848.738.8552x952,jeanne19@example.net,2024-11-12
7083,Steven,Cruz,Argentina,(923)652-5829,martinezerica@example.net,2020-06-19
7084,Raven,Brown,New Caledonia,001-505-297-0124,connormorris@example.com,2022-07-06
7085,Teresa,Rodriguez,British Indian Ocean Territory (Chagos Archipelago),+1-748-238-3254x98849,qmaldonado@example.net,2023-08-06
7086,Troy,Roberts,Cote d'Ivoire,(874)686-4996x10962,karen45@example.com,2021-12-19
7087,Paul,Hooper,Congo,9588414416,mosesdillon@example.net,2024-02-09
7088,Emily,Singh,Gabon,864-285-7069,nicole70@example.org,2021-07-10
7089,Jennifer,Wood,Bermuda,579.565.2127,schaeferalexa@example.com,2020-07-09
7090,Yvonne,Mckinney,Niger,244-210-5106x915,fitzgeraldrichard@example.com,2024-08-18
7091,Ethan,Rush,Congo,774.405.5004,bradley73@example.com,2020-12-24
7092,Jasmine,Baker,Thailand,3652695183,bwilliams@example.org,2026-01-25
7093,Susan,Green,Mongolia,001-654-694-8207,vasquezkatherine@example.com,2023-10-23
7094,Michael,Jones,Pitcairn Islands,+1-369-432-7356x242,johnortega@example.org,2025-07-20
7095,Jonathon,Stephens,Brunei Darussalam,626.946.1746,jbailey@example.org,2020-09-08
7096,Janice,Wong,Barbados,853.809.9559x67481,ellenacevedo@example.com,2024-08-23
7097,Lisa,Jackson,Dominica,001-894-575-2511,anthonyhudson@example.com,2024-07-10
7098,John,Maldonado,Aruba,(274)762-6453x2172,zpatrick@example.com,2020-03-22
7099,Lisa,Dunn,Costa Rica,455-375-6603,mooreleah@example.net,2025-03-14
7100,Grant,Griffin,Georgia,001-467-632-7987x56806,donnamonroe@example.com,2022-04-27
7101,Mason,Martin,Senegal,539.564.9319x0939,adam10@example.net,2021-03-01
7102,Paul,Welch,Anguilla,3365895349,robertlamb@example.org,2024-10-28
7103,Samantha,Dickerson,French Polynesia,001-386-908-7238x1308,kelly53@example.org,2020-05-27
7104,William,Porter,Kazakhstan,(493)657-8236,michael33@example.com,2022-10-08
7105,James,Smith,Cameroon,(367)660-8576x269,katherinebraun@example.org,2022-10-15
7106,Nicholas,Garcia,Marshall Islands,001-421-798-4637x82102,vdixon@example.com,2021-05-22
7107,Corey,Morris,Sao Tome and Principe,497.467.0737x69626,cheryl94@example.org,2023-07-01
7108,Alyssa,Green,Mali,(977)522-8979,andre82@example.com,2025-01-30
7109,Samantha,Martin,Peru,6698642203,zachary84@example.org,2023-11-28
7110,Jessica,Richardson,New Zealand,6444896738,zfranco@example.org,2021-01-17
7111,Phillip,Jones,Holy See (Vatican City State),636.559.7514,tiffanybrown@example.com,2021-08-08
7112,Dennis,Stewart,Ecuador,702-819-3636,michellebrown@example.net,2021-06-18
7113,Rebecca,Mcintyre,Lithuania,428-721-1487,fsmith@example.org,2025-09-21
7114,Stephanie,Adams,Spain,555.847.2113x79841,salasnatalie@example.net,2025-02-24
7115,Christopher,Lambert,Tanzania,(339)748-6002x83416,bowmangregory@example.com,2022-04-21
7116,Sarah,Sanchez,Austria,+1-272-565-9859x08250,cynthiaruiz@example.com,2023-08-27
7117,Thomas,Hansen,Norway,(735)747-3663,jessica49@example.org,2022-06-19
7118,Jessica,Zhang,Somalia,8738327458,michaelowens@example.net,2023-09-23
7119,Tyler,Wade,South Africa,265-357-3653,rchan@example.com,2025-06-04
7120,Lisa,Moore,Equatorial Guinea,719-836-8205x613,kmcneil@example.org,2021-12-31
7121,David,Maldonado,Senegal,+1-934-392-9435x52135,jordan97@example.com,2023-03-20
7122,James,Kim,Croatia,+1-776-446-0087x890,joseph82@example.org,2026-01-26
7123,Terri,Price,Algeria,+1-798-673-8601x7364,cgilmore@example.org,2024-05-31
7124,Cassidy,Johnston,Christmas Island,+1-400-252-7746x77994,reyesraymond@example.net,2020-05-03
7125,Chelsea,Fleming,El Salvador,001-915-474-2566x3259,hgraves@example.org,2024-01-13
7126,Kimberly,Lee,Sao Tome and Principe,932-502-9846x4648,eware@example.net,2022-04-26
7127,Angel,Mccall,Nepal,681-975-9680x5432,rgreer@example.org,2024-02-02
7128,Christopher,Stanley,Saint Pierre and Miquelon,(547)388-4642x600,xpope@example.org,2020-08-28
7129,Elizabeth,Johnson,Malaysia,851-869-8383x39051,ljohnson@example.com,2021-06-02
7130,Carolyn,Martin,Bolivia,233-503-7585,pcabrera@example.net,2021-08-04
7131,Scott,Gallegos,Switzerland,(261)689-4836,carlosellis@example.org,2023-09-10
7132,Kristin,Hernandez,Swaziland,001-537-801-2907,greenwyatt@example.org,2020-12-13
7133,Jane,Moran,Guinea-Bissau,+1-374-959-2624x87752,mitchell01@example.com,2021-10-17
7134,David,Huff,Indonesia,+1-924-218-0613,ilane@example.net,2023-01-04
7135,Philip,Washington,Oman,+1-570-765-8533x356,ycarson@example.net,2021-07-18
7136,Sheila,Horn,India,(461)539-9103x914,julieneal@example.net,2025-06-22
7137,Joy,Stewart,Albania,+1-477-734-9943x4826,savagedwayne@example.com,2025-07-28
7138,Isabel,Sanders,Peru,(679)777-4007x279,twhite@example.org,2021-02-18
7139,James,Castillo,United Arab Emirates,+1-322-433-8867x853,yujonathon@example.com,2020-08-25
7140,Mary,Sullivan,Mozambique,001-560-369-0904x89279,janice27@example.org,2022-07-20
7141,Anthony,Morgan,Tokelau,440.380.8221x32064,reidsteven@example.net,2020-11-21
7142,Susan,Strickland,Guernsey,+1-241-888-9063,eric05@example.com,2025-04-16
7143,Raymond,Thornton,Guam,001-744-475-2124x7344,ashley04@example.net,2025-09-08
7144,Kelly,Sullivan,Georgia,(281)958-2706x5127,kara12@example.org,2023-03-09
7145,Jacob,Long,Guadeloupe,9294052009,rodriguezsamantha@example.org,2023-06-14
7146,Kristy,Andrews,Jersey,(518)774-8733,frankbarker@example.org,2023-11-11
7147,Kimberly,Arias,Nigeria,945-216-0504x453,bakerjesus@example.org,2023-12-13
7148,Jennifer,Callahan,Namibia,493.435.1315x2822,gliu@example.com,2025-02-11
7149,Bryan,Wyatt,Zambia,268.310.6139,lindsey28@example.net,2020-02-20
7150,Kelli,Blake,Germany,584.867.6866,wallrobert@example.net,2025-03-14
7151,Gina,Villa,United States of America,658-332-8587x1081,stevenperez@example.org,2024-07-27
7152,Scott,Osborn,Denmark,864.225.2471x7429,brownrichard@example.net,2024-12-12
7153,Matthew,Webb,Mozambique,001-301-751-5188x449,nancyallen@example.com,2024-06-20
7154,Alejandra,Chan,Jersey,(389)870-1210x4099,lmarquez@example.org,2023-10-19
7155,Victoria,Henry,Moldova,+1-450-351-0358x2760,boydemily@example.net,2024-10-06
7156,Robert,Graves,Liberia,(207)560-7516,uwarren@example.com,2023-01-15
7157,John,Johnson,British Virgin Islands,(973)356-3515x130,harrisnicholas@example.com,2020-06-27
7158,Allison,Andrade,Jersey,+1-857-331-5840x05603,jbarnes@example.net,2020-06-29
7159,Kristen,Day,Austria,001-809-780-1707x518,gregorymichael@example.com,2020-01-25
7160,Jennifer,Franco,Burkina Faso,258-358-2488,watsonmonique@example.net,2025-05-05
7161,Barbara,Johnson,Somalia,975-698-5402x835,rhull@example.com,2023-09-30
7162,Laura,Conrad,Mauritania,(493)720-2892,ologan@example.org,2024-03-27
7163,Wendy,Fisher,Djibouti,960.968.6466x2235,ofowler@example.com,2022-03-11
7164,Joseph,Snyder,Puerto Rico,001-722-317-4113x68162,porternicholas@example.org,2020-06-30
7165,Stephanie,Rodriguez,Brunei Darussalam,(570)424-4132x913,josemurray@example.com,2021-07-06
7166,Rebecca,Durham,Jersey,515.852.9438,stewartashley@example.com,2023-04-27
7167,Richard,Black,Slovenia,397.941.9470x736,amy79@example.com,2023-02-24
7168,Ian,Page,Mali,873.562.2022x9879,kristie13@example.net,2020-10-16
7169,Dana,Lewis,Fiji,+1-311-680-1966x8167,lisamacdonald@example.net,2020-02-17
7170,Mark,Thomas,Honduras,201.446.3068x142,vhumphrey@example.net,2023-03-17
7171,Edward,Bean,Ukraine,(551)767-1690x6642,laura44@example.net,2024-04-25
7172,Krystal,Baker,Montserrat,800.411.0656x05747,rachel76@example.org,2020-04-08
7173,Robert,Marquez,Albania,(673)510-1394,jonathansmith@example.org,2020-07-14
7174,Stephen,Huff,Palau,740-685-7252x8839,rachel17@example.net,2021-12-26
7175,Brandon,Conley,Cocos (Keeling) Islands,323.556.9717x24078,jessicahill@example.com,2023-01-09
7176,Michael,Gutierrez,Uzbekistan,+1-720-920-1538,rchapman@example.com,2021-08-25
7177,Monica,Walter,Bhutan,001-575-685-2290x335,johntaylor@example.com,2020-09-24
7178,John,French,French Southern Territories,001-863-540-9511x3654,fernandoperez@example.org,2024-09-09
7179,Rachael,Orozco,Norway,960-942-0251x2026,wrightangel@example.net,2025-03-29
7180,Elizabeth,Perry,Antarctica (the territory South of 60 deg S),520-807-6872x95202,timothymiller@example.net,2021-03-01
7181,Jennifer,Ruiz,Bouvet Island (Bouvetoya),3005417202,stevenclark@example.com,2020-06-05
7182,Christopher,Hobbs,New Caledonia,330.565.5949x929,jhoffman@example.org,2026-02-24
7183,Sarah,Wilson,Portugal,001-270-436-3800x25066,hmarks@example.com,2024-07-09
7184,Sean,Becker,Papua New Guinea,971-977-3308x288,stephencamacho@example.com,2023-03-03
7185,Stephen,Nicholson,Georgia,001-357-638-5377x83787,latoyasmith@example.com,2020-11-09
7186,Jerome,York,Austria,+1-934-563-2499x12476,cindyroberts@example.net,2022-10-06
7187,Denise,Conley,Lebanon,+1-999-903-4339x208,andrew86@example.org,2021-02-28
7188,Ruben,Jones,Saint Lucia,379.479.4801x846,fjackson@example.net,2024-01-29
7189,Donna,Hudson,Guyana,(886)475-6143x441,wilkinsmatthew@example.org,2025-06-12
7190,Ashley,Thomas,Luxembourg,415-523-4353x981,spearsheather@example.net,2023-12-22
7191,Jenna,Martin,Georgia,933.710.5531x8585,bennettmadeline@example.org,2023-12-23
7192,William,Jones,Switzerland,(916)397-8298,mendezhelen@example.org,2022-02-04
7193,Debra,Maxwell,Mozambique,(652)929-3672,hthomas@example.com,2024-03-02
7194,Brittany,Winters,Saint Pierre and Miquelon,(281)697-9338x7949,kaitlyn59@example.org,2024-05-11
7195,Mary,Pitts,Turkey,737-384-2827x496,henry32@example.com,2021-03-10
7196,Matthew,Scott,Japan,360-582-7233x266,sergiowatson@example.net,2025-11-18
7197,Randy,Cortez,Myanmar,797.346.3376x4283,janet92@example.net,2024-10-24
7198,Sandra,Hill,Guatemala,930-774-8569,danielmartinez@example.com,2020-07-24
7199,Thomas,Santos,Colombia,+1-691-900-8604x016,rogersclaudia@example.net,2020-10-23
7200,Jeffrey,Tucker,Svalbard & Jan Mayen Islands,4639944016,svilla@example.com,2024-06-15
7201,Janet,Watson,Switzerland,001-382-763-7148,ashleycampbell@example.org,2021-12-24
7202,Linda,Camacho,Timor-Leste,001-574-999-8847x001,jimenezjoshua@example.org,2023-06-03
7203,Alexander,Curtis,Botswana,300-877-0607x21261,rrhodes@example.net,2021-09-21
7204,Jennifer,Stuart,Wallis and Futuna,(287)974-0806,jasminecaldwell@example.net,2021-03-18
7205,Austin,Serrano,Honduras,+1-294-985-2316x4650,jtaylor@example.com,2024-11-30
7206,Danielle,Burke,Tokelau,4323657630,parkerrebecca@example.net,2024-09-28
7207,Anthony,Brown,Montserrat,001-489-701-8551x4389,lauren92@example.net,2023-07-20
7208,Derek,Edwards,Slovenia,994-461-5559x0395,benjaminwilliam@example.net,2020-02-02
7209,Michelle,Wallace,Togo,+1-961-667-2851,zdiaz@example.org,2023-06-10
7210,Samantha,Vang,Brunei Darussalam,+1-927-968-6353x834,pwatts@example.org,2022-02-08
7211,Brandon,Scott,Japan,001-451-847-2535,jacobsjose@example.com,2020-02-25
7212,Cody,Cooper,Papua New Guinea,450.985.3701,allenronald@example.com,2021-07-05
7213,Diamond,Serrano,Myanmar,+1-260-820-0027x452,nterry@example.net,2021-06-13
7214,Andrea,Gutierrez,Myanmar,8434816686,simpsoncrystal@example.com,2021-01-02
7215,Christopher,Hopkins,Turks and Caicos Islands,916.407.5671x27452,taylorjanice@example.org,2021-06-12
7216,William,West,Vanuatu,9428018132,ccruz@example.com,2021-07-07
7217,Deanna,Wilson,Georgia,+1-243-934-6728x5730,sheadeborah@example.org,2020-03-15
7218,Michael,Brewer,United States of America,+1-780-973-3887x3358,salexander@example.org,2026-03-08
7219,Tracy,Russell,Hungary,+1-982-539-5935x24036,emcbride@example.org,2024-05-14
7220,Timothy,Carter,Saint Kitts and Nevis,001-640-964-5596x3488,hartamy@example.com,2025-02-01
7221,William,Harvey,South Africa,(960)663-6524x97521,aprilhunt@example.org,2024-03-12
7222,Steve,Thomas,Estonia,966-838-9824,connerelizabeth@example.com,2021-02-11
7223,Miguel,Bird,Cameroon,3133661902,amy77@example.net,2025-01-29
7224,Lacey,Franco,Estonia,759-497-6497,qlong@example.com,2021-04-19
7225,Ian,Montoya,Cote d'Ivoire,(923)240-9386x023,zbeck@example.com,2025-01-09
7226,Luis,Fox,Cocos (Keeling) Islands,214.338.0570x81450,nelsoncarlos@example.com,2024-09-25
7227,Antonio,Juarez,Belarus,+1-701-508-0209x6773,lwu@example.net,2024-08-05
7228,Taylor,Ward,Nicaragua,656-206-4445,mckenziebentley@example.net,2026-03-08
7229,Mike,Bowers,Saint Pierre and Miquelon,688.240.3440x535,colemanpaul@example.com,2023-10-16
7230,Alison,Johnson,United Kingdom,648.942.5042,carol77@example.com,2025-12-09
7231,Marcus,Clark,Bahamas,486.480.8395,paul88@example.net,2021-06-18
7232,Robert,Murphy,Central African Republic,(325)559-1671x14450,justin19@example.org,2020-10-26
7233,Desiree,Turner,Iceland,877.452.8337x146,jaywilliams@example.com,2023-08-05
7234,Brittney,Smith,Greece,366.900.7638x91244,jennifer94@example.com,2023-08-13
7235,Kelly,Young,Barbados,(366)439-5190,thompsonsteven@example.org,2021-03-04
7236,James,Benjamin,Iran,761-818-5420x74534,leslie16@example.org,2021-11-20
7237,Cathy,Hill,Tonga,235-210-0812,markmcgee@example.org,2022-02-14
7238,Leslie,Walton,Denmark,540.617.2807x970,bartlettandrea@example.net,2020-02-16
7239,Paul,Young,Colombia,581-223-1291,janetlang@example.org,2022-08-15
7240,David,Bradford,Cape Verde,945-893-7360x98406,ecabrera@example.net,2024-08-20
7241,Jacob,Brown,Jamaica,626-431-0734x077,ronaldschaefer@example.com,2024-03-23
7242,Gwendolyn,Nguyen,Botswana,872-269-4387x40579,josephfoster@example.net,2023-08-01
7243,Tony,Lowe,Hungary,+1-929-995-7455x950,blaketyler@example.org,2024-08-30
7244,Scott,Rodriguez,Chile,876-314-6570x80199,navarromichelle@example.net,2021-05-01
7245,Wendy,Baldwin,Japan,528-341-0606x3644,rbooth@example.net,2022-01-19
7246,Pamela,Freeman,Saudi Arabia,441.604.3139x620,qlewis@example.org,2024-02-28
7247,Jessica,Smith,United States Minor Outlying Islands,426.337.0823,rodneyknight@example.com,2021-11-26
7248,Eduardo,Chung,Kenya,702-995-2445,justin45@example.com,2021-04-25
7249,James,Owens,Puerto Rico,611.746.1173x985,jonessarah@example.org,2025-01-03
7250,Corey,Hall,Qatar,001-888-778-7769x86269,tammy84@example.org,2024-09-14
7251,Yolanda,Buckley,Serbia,905-760-6296x752,melissa08@example.com,2023-01-12
7252,Emma,Bradley,Montenegro,893.479.0505,deanwilson@example.com,2026-02-15
7253,John,Trevino,Mongolia,511-649-0993x790,floresbrandon@example.com,2022-12-03
7254,Debra,Alexander,Austria,(328)592-8469x50285,kathryn93@example.com,2021-04-20
7255,Ashley,Harper,Mauritania,(338)613-9487x8853,jonestammy@example.com,2021-01-07
7256,Christopher,Evans,Afghanistan,+1-738-477-4952x7689,stephen53@example.org,2022-04-25
7257,Rodney,Long,Palestinian Territory,001-355-359-2553x49372,cody57@example.net,2026-03-01
7258,Mackenzie,Russell,Sierra Leone,417.527.7013x47175,moorematthew@example.org,2020-07-25
7259,Kimberly,Sanchez,South Africa,871-566-7261,mooremegan@example.com,2024-03-29
7260,Brett,Jacobs,Sri Lanka,(877)676-1918x9942,glendamartin@example.net,2023-04-07
7261,Richard,West,Cuba,+1-739-419-2267x6603,alex25@example.com,2021-09-10
7262,Noah,Mueller,Peru,2567501823,susan70@example.com,2026-02-27
7263,Cindy,Rice,French Southern Territories,771-615-3132,lopezerik@example.net,2022-07-05
7264,Tonya,Ayers,Niue,499.694.2165x33648,nelsonmelissa@example.org,2024-11-29
7265,Jeffrey,Hughes,Libyan Arab Jamahiriya,678.531.0530x0549,nicolewilson@example.org,2024-12-09
7266,Richard,Bryan,French Guiana,508-945-7502x8027,hparker@example.org,2021-09-16
7267,Ryan,Jones,Ukraine,+1-532-451-0839x7263,hortega@example.org,2025-05-22
7268,Matthew,Mills,Malta,(628)400-5564,michael06@example.org,2023-12-19
7269,Matthew,Jones,Dominican Republic,001-960-479-7941x7029,ellisonmatthew@example.org,2020-04-23
7270,Sarah,Greer,Saint Martin,424.568.0258,scottjason@example.com,2022-12-04
7271,Scott,Charles,Venezuela,(238)420-0066,lyonskimberly@example.com,2025-11-17
7272,Nathaniel,White,Bhutan,+1-562-857-3675,fgreene@example.com,2020-07-08
7273,Larry,Morgan,Cocos (Keeling) Islands,+1-881-213-7574x862,qhahn@example.net,2022-06-26
7274,Nicole,Newman,Libyan Arab Jamahiriya,9706467947,robertsdonna@example.com,2025-06-27
7275,Cynthia,Valentine,Mozambique,+1-430-278-8237x85078,creynolds@example.org,2020-03-01
7276,Malik,Stevens,Cape Verde,593.459.3609x905,juliepalmer@example.org,2024-12-01
7277,Louis,Harrison,Afghanistan,+1-212-375-5802x215,amandaphillips@example.net,2025-10-22
7278,Nancy,Rodriguez,Burkina Faso,(720)754-3693x85292,audreymatthews@example.net,2023-09-29
7279,Rita,Dunn,Timor-Leste,001-884-354-3561x02027,morganodonnell@example.net,2025-09-01
7280,Mark,White,Somalia,(630)619-1416x3114,gonzalezrobert@example.net,2022-07-17
7281,Nicole,Alvarado,Portugal,376-790-6650,ugriffith@example.com,2024-02-06
7282,Barry,Bennett,American Samoa,(365)860-2759,robertdurham@example.org,2021-03-18
7283,Sandra,Vance,Martinique,(767)561-5276x13287,scottbrown@example.com,2021-03-21
7284,Penny,Jenkins,Guatemala,+1-849-218-8143x359,xcisneros@example.com,2024-04-20
7285,Sarah,Fritz,Namibia,+1-473-486-6300x34192,brownsean@example.org,2022-10-24
7286,Jesse,Harvey,Vietnam,(342)490-2394,williamlarsen@example.com,2020-12-21
7287,William,Navarro,Cayman Islands,713-961-3042x50871,brownaaron@example.net,2024-11-08
7288,Rebecca,Floyd,Russian Federation,+1-346-431-5655,carterdonna@example.org,2021-12-25
7289,Linda,Stephens,Croatia,963.912.1567x9062,tammy04@example.com,2022-06-18
7290,Travis,Green,Afghanistan,(887)341-1071x23293,alexsanchez@example.com,2021-11-18
7291,Sophia,Gonzales,Madagascar,(220)434-9357x560,daviskatherine@example.com,2024-05-24
7292,Elizabeth,Williams,Albania,770-351-6635,smanning@example.org,2024-12-17
7293,Amber,Doyle,Sao Tome and Principe,443-682-1228,bartlettmike@example.org,2023-12-09
7294,Mark,Jones,United States Virgin Islands,912.690.4678,tuckermichael@example.net,2024-01-07
7295,Brandi,Vang,Paraguay,+1-849-358-5309x40587,timothymatthews@example.net,2021-03-13
7296,Jaime,Ferrell,North Macedonia,257.655.7103x7262,johnny47@example.com,2025-02-18
7297,Randall,Dunlap,Suriname,(932)563-6908,stacey62@example.com,2024-09-12
7298,Robert,Simmons,Lesotho,4088048766,klee@example.org,2022-01-02
7299,Nicholas,Hamilton,Uzbekistan,282.418.8204,patriciaburch@example.com,2022-12-03
7300,Victor,Davis,United Kingdom,6905155118,pmyers@example.org,2026-03-05
7301,Todd,Black,Tajikistan,+1-675-874-1261x4822,gloverchristopher@example.com,2022-07-25
7302,Rachel,Barnes,Solomon Islands,+1-537-604-8084,hsalinas@example.com,2025-12-02
7303,Michelle,Estrada,Niger,001-394-889-5942x5093,aaronkent@example.org,2022-02-24
7304,Robert,Barnett,Morocco,683-249-1608,rebecca33@example.net,2025-10-12
7305,Molly,Jones,Croatia,232-462-1828x3540,twerner@example.org,2025-01-26
7306,Sara,Carter,Haiti,550.326.8008,nathanielrangel@example.org,2020-02-11
7307,Scott,Barrett,Congo,565-266-0750x84559,davidmoore@example.com,2020-10-23
7308,Matthew,Hammond,Ireland,507-965-3818,perezmelissa@example.net,2023-06-20
7309,Deborah,Taylor,Bermuda,8182739676,lewisemily@example.net,2021-02-10
7310,Katie,Flores,Paraguay,(313)313-9489x7557,parkswilliam@example.net,2024-05-27
7311,Paul,Green,Barbados,7433272239,sydney98@example.com,2020-03-02
7312,Gina,Thompson,Zimbabwe,(783)959-7154x1716,christophersimon@example.com,2021-09-12
7313,Autumn,Garza,Syrian Arab Republic,259-595-5584x1429,harrisamber@example.net,2026-02-03
7314,Kevin,Thompson,French Southern Territories,852.737.9006x76784,qweber@example.com,2020-03-30
7315,Carrie,Smith,Liechtenstein,705.478.3824,osanders@example.net,2020-10-29
7316,Omar,Stevens,Malta,001-759-499-8485x18693,sheila19@example.net,2020-11-17
7317,Frank,Gross,Liberia,+1-209-962-9049x0264,carl18@example.net,2022-03-18
7318,Christopher,Fitzgerald,Guinea-Bissau,767.444.4840x5757,marie77@example.net,2022-10-18
7319,Brian,Walsh,Gabon,(381)564-4802x2385,travispeters@example.org,2026-01-06
7320,Meghan,Peterson,Pitcairn Islands,001-213-502-2753,jason21@example.org,2025-09-17
7321,Colin,Duarte,Nauru,990.897.7321,loganhall@example.net,2023-11-01
7322,Sandra,Jones,Japan,709.328.4721,brownwilliam@example.com,2020-09-21
7323,David,Rodriguez,Wallis and Futuna,264.655.3746,josewilliams@example.com,2022-06-27
7324,James,Pham,Slovenia,207-423-4995,sarah78@example.net,2021-12-26
7325,Katie,Delgado,Burundi,843.459.2535x84467,qponce@example.com,2020-07-16
7326,Vincent,Wagner,Cape Verde,964.235.9056,kcisneros@example.com,2020-04-30
7327,Marvin,Cruz,Tonga,(946)654-6440x657,peggy01@example.net,2023-07-18
7328,James,Mayer,Mongolia,001-552-883-1585,xlandry@example.org,2022-01-31
7329,Harry,Hill,Netherlands Antilles,866-828-7863,santiagoantonio@example.com,2026-02-13
7330,Emily,Kennedy,United Arab Emirates,001-738-660-2017x2810,aaron73@example.net,2023-12-22
7331,Lauren,Jackson,Cocos (Keeling) Islands,001-294-669-0957x912,hlivingston@example.net,2021-09-10
7332,Michael,Johnston,Rwanda,(563)755-2951,laurie86@example.org,2023-08-28
7333,Stephen,Smith,Madagascar,703-787-6296x25228,travis59@example.net,2020-01-07
7334,Rachel,Edwards,Turks and Caicos Islands,+1-756-436-4739x1630,karamcgee@example.net,2020-07-11
7335,Barbara,Brown,Japan,948.365.2150,uponce@example.com,2021-03-22
7336,Beverly,Rogers,Oman,(810)990-9068,sethstevenson@example.org,2024-05-17
7337,Paula,Hudson,Estonia,213.259.8188,rossjohn@example.org,2025-05-04
7338,Robert,Barker,Belize,659-680-0387x4292,avilaheather@example.net,2025-08-27
7339,Veronica,Barnett,Sierra Leone,596.869.3600,lisa32@example.net,2024-08-25
7340,John,Johnson,Comoros,297-537-6943x3188,derekjackson@example.net,2022-04-30
7341,Robert,Jones,Costa Rica,746.521.7713,gary68@example.org,2025-04-17
7342,Jennifer,Barnett,Heard Island and McDonald Islands,+1-655-501-9921,edward96@example.net,2021-08-17
7343,Christopher,Avila,Norway,5034836174,taylordaniel@example.net,2022-06-25
7344,Patricia,Lynch,Bolivia,553.694.4743,briangraves@example.net,2021-06-27
7345,Robert,Brown,Niue,+1-844-721-4989x4010,justin51@example.org,2022-02-03
7346,Marilyn,Holmes,Guatemala,831-782-8375,michaelbarnes@example.net,2025-08-12
7347,Margaret,Vega,Benin,+1-629-256-9314,wesleygraham@example.com,2020-09-17
7348,Terry,Brown,Sierra Leone,718.496.1417x66969,swilkinson@example.org,2021-11-22
7349,Rodney,Reed,Dominica,668.477.4472x0582,kathyward@example.org,2021-08-06
7350,James,Patrick,Botswana,286-885-0116x4345,mcline@example.com,2024-10-02
7351,Brooke,Taylor,Nicaragua,001-559-715-2735x706,ericthomas@example.net,2024-07-22
7352,Amy,Hodges,Monaco,739.843.0647x3518,theresawalsh@example.com,2021-08-31
7353,Nathan,Cummings,Estonia,2445241165,james17@example.net,2020-08-31
7354,Nicole,Choi,Brazil,611.969.9818,zwarren@example.org,2025-01-11
7355,Madison,Castillo,Turkmenistan,912.896.7478x27931,adamsscott@example.net,2020-09-01
7356,Laura,Mccoy,Maldives,514.956.1269,josephlopez@example.net,2023-06-12
7357,Kristina,Flores,Albania,(459)835-2944,erin53@example.org,2021-05-25
7358,Debra,Powers,Timor-Leste,(403)735-8286x00706,joannjohnson@example.com,2021-06-01
7359,Jeffery,Vaughn,Tuvalu,751-453-3014,jonathanzhang@example.com,2024-05-30
7360,Kim,Myers,Cayman Islands,001-698-487-3465x264,dwaynemartinez@example.org,2026-02-14
7361,Megan,Lam,Cocos (Keeling) Islands,211-381-5522,jessicajones@example.org,2026-01-30
7362,Bradley,Hoffman,Egypt,(579)505-5734,jesuscarpenter@example.org,2024-06-15
7363,Brittany,Watson,Iraq,+1-493-558-8252x6750,davidchambers@example.net,2025-08-14
7364,John,Brandt,Equatorial Guinea,723-915-0325,kristengonzalez@example.net,2025-02-17
7365,Katherine,Hansen,Sao Tome and Principe,749-763-1953x76786,shawn29@example.net,2020-06-28
7366,John,Moody,Mongolia,(547)886-6363x209,ronald46@example.net,2021-01-15
7367,Barry,Kelly,Solomon Islands,637.337.4542x270,cruzwilliam@example.org,2026-02-05
7368,Barbara,Thompson,French Southern Territories,692-334-8686x895,zkrueger@example.com,2021-07-20
7369,James,Thomas,Equatorial Guinea,+1-892-760-6553x674,trevorkerr@example.net,2021-01-22
7370,Jose,Perez,Croatia,(785)577-7883x81998,rachel96@example.net,2022-08-15
7371,Amy,Adams,Lao People's Democratic Republic,718-426-1547,barnesanna@example.com,2023-08-06
7372,Cynthia,Martinez,Gambia,347.688.1860x531,oherrera@example.net,2023-11-03
7373,Richard,Wise,Brazil,001-724-800-0841x99203,ddonaldson@example.net,2022-06-11
7374,Kenneth,Bailey,Moldova,+1-841-478-7830,lwhite@example.com,2021-07-19
7375,Zachary,Russell,Finland,(203)876-5520x969,taylormichael@example.org,2024-07-30
7376,Stephen,Pittman,Chile,(695)665-2529,ccampbell@example.com,2020-01-16
7377,Cynthia,Murphy,Equatorial Guinea,+1-812-306-3744x837,jenny69@example.net,2024-11-04
7378,Jack,Manning,Mozambique,(678)441-7650x537,ryan40@example.org,2020-05-30
7379,Christopher,Acosta,Cameroon,+1-265-336-6354x17041,martinezjustin@example.net,2024-02-05
7380,Elizabeth,Jones,Syrian Arab Republic,+1-834-870-4653x29165,smithbrandi@example.org,2023-01-04
7381,Robert,Henderson,Latvia,+1-535-454-3256x420,ashleyking@example.com,2020-01-17
7382,Tammy,Oconnor,North Macedonia,001-357-929-7085x1359,robert31@example.org,2023-10-18
7383,Scott,Garcia,Kazakhstan,001-701-868-0705,scott01@example.org,2025-09-11
7384,Jennifer,Stafford,Saudi Arabia,+1-853-363-6617x44223,harold84@example.com,2020-02-04
7385,Katherine,Duffy,Russian Federation,955-842-2894,ashley96@example.net,2024-12-24
7386,Cody,Smith,Luxembourg,+1-949-951-1202x529,bradley76@example.com,2020-04-10
7387,Brian,Harrison,Taiwan,(407)432-9403x810,powersjoshua@example.net,2025-10-16
7388,Derek,Nguyen,Peru,+1-976-532-0424x09247,dianemosley@example.com,2021-01-02
7389,Anthony,Lewis,United Arab Emirates,(626)754-7043x708,kimberly90@example.net,2022-10-17
7390,Walter,Watkins,Belgium,387-538-3062x10039,opatterson@example.org,2024-08-06
7391,Jennifer,Castillo,Nigeria,001-330-456-7776x34475,asilva@example.net,2020-01-01
7392,Cheryl,Whitaker,Venezuela,001-971-904-6823,oramirez@example.com,2022-05-13
7393,Nancy,Proctor,Hong Kong,+1-981-506-7746x9654,kyle90@example.org,2021-06-08
7394,Shelly,Tyler,United States Virgin Islands,205.521.7968,zdavis@example.net,2021-06-28
7395,James,Alexander,Dominican Republic,9574785561,jeremiahlittle@example.org,2023-09-24
7396,Tracy,Stewart,Bhutan,4043337128,stewartjason@example.net,2025-07-18
7397,Kelsey,Diaz,Trinidad and Tobago,(459)879-8830,hdavis@example.net,2024-11-06
7398,Matthew,Hall,Guyana,(590)804-5199x3133,hardingchelsea@example.com,2025-11-16
7399,Justin,Lane,Kuwait,2517031845,caldwellsherri@example.org,2021-11-19
7400,Patrick,Harrington,Bahrain,(471)904-5448x6916,morrisonshannon@example.com,2021-10-16
7401,David,Rich,Bhutan,+1-712-741-4303x7856,lmorrison@example.com,2020-10-22
7402,Russell,Cardenas,New Zealand,367.757.2805x9385,ramirezdeborah@example.net,2025-10-14
7403,Lisa,Nelson,United Kingdom,+1-806-586-1454x30010,mullinsjessica@example.com,2020-11-13
7404,Michael,Walter,Iran,001-531-958-5410x1083,nathancarter@example.com,2021-04-22
7405,Matthew,Clark,Burkina Faso,+1-225-733-6734x0504,donaldsonelizabeth@example.net,2022-05-15
7406,Matthew,Spencer,Korea,(526)633-0971x546,olsontina@example.net,2021-01-17
7407,Lauren,Lambert,Andorra,9308851600,nicolegriffin@example.org,2024-09-10
7408,Lisa,Garza,Burundi,001-583-229-7647x7421,paulmason@example.org,2020-08-19
7409,Christian,Nguyen,Egypt,001-363-381-7641x5530,byang@example.net,2024-12-14
7410,Tiffany,Doyle,Palau,814-758-5301,bperez@example.net,2022-08-15
7411,Annette,Clarke,India,(672)499-3603,jessicaalvarez@example.org,2026-01-05
7412,Daniel,Turner,Maldives,+1-414-955-2096x27362,hharris@example.com,2022-01-21
7413,Timothy,Pratt,Afghanistan,446-249-8678x897,timothycarpenter@example.net,2022-08-08
7414,Kristin,Mullins,Suriname,217.791.8134x19288,adam48@example.org,2022-06-24
7415,Andrew,Ball,Antarctica (the territory South of 60 deg S),850.652.6350,awilliams@example.org,2021-04-08
7416,Alyssa,Washington,Reunion,+1-290-544-9322x092,sandra25@example.com,2023-08-25
7417,Kimberly,Castillo,China,001-259-945-8408,amyperez@example.org,2023-08-01
7418,Melissa,Walker,Micronesia,+1-280-396-7451x1080,melindapayne@example.com,2023-06-15
7419,Lori,Smith,Gibraltar,454-274-4702x96008,christopheradams@example.com,2021-02-12
7420,Jerry,Gilbert,Pakistan,917-833-1566,lozanomatthew@example.net,2025-05-26
7421,Cody,Wiggins,Saint Pierre and Miquelon,3776578846,kellysimmons@example.com,2024-10-23
7422,Sherri,Lopez,Suriname,+1-797-725-7365x32131,tewing@example.com,2025-08-09
7423,Amy,Hoffman,Jersey,7113485738,harpertaylor@example.net,2020-02-20
7424,Brandon,Mcdonald,Eritrea,001-399-523-0574x36929,campbelljoseph@example.com,2020-11-19
7425,Catherine,Perez,Montserrat,972.711.3393x8283,tylerrachel@example.com,2024-06-15
7426,Caitlyn,Newman,Wallis and Futuna,+1-659-693-9141,mjohnson@example.com,2021-01-14
7427,Michael,Daniels,Poland,2816252860,drichard@example.org,2023-04-28
7428,Eric,Gay,Guyana,7776388412,cobbmichael@example.org,2022-10-08
7429,Jeffrey,Walker,Mongolia,5942914861,eugene02@example.net,2020-07-03
7430,Amanda,Ibarra,Belarus,(323)389-6670x197,pandrade@example.com,2021-11-06
7431,Jesse,Harrison,Malaysia,(852)605-7559,simonandre@example.com,2023-04-21
7432,Joy,Harrison,Bosnia and Herzegovina,(675)996-2420x271,simmonsnathaniel@example.com,2024-11-03
7433,Evelyn,Conley,Portugal,+1-571-763-5820,sharplatoya@example.net,2023-07-11
7434,Shannon,Pratt,Palau,8955593184,victoriajohnson@example.com,2020-04-18
7435,Anthony,Adams,Tuvalu,001-274-451-1779x121,samanthajordan@example.com,2025-04-26
7436,Whitney,Underwood,Turkey,823-779-7496,xpierce@example.com,2023-10-12
7437,Joseph,Nguyen,South Africa,(856)519-6801x1999,munozrobert@example.com,2020-11-04
7438,James,Snow,Jersey,600-626-8497x79651,jose98@example.org,2024-12-29
7439,Kathy,Santiago,Norfolk Island,842-289-0787x962,laurenhodges@example.org,2022-06-07
7440,Edward,Conner,Estonia,+1-552-899-8437x347,meyerteresa@example.net,2021-03-27
7441,George,Jacobs,Puerto Rico,+1-690-871-3674x96713,barkergregory@example.org,2025-04-05
7442,Dennis,Miller,Pakistan,414.939.4001,tmurphy@example.net,2025-07-08
7443,Stacy,Becker,Hungary,459-995-6205,keith86@example.com,2025-09-25
7444,Regina,Davidson,Comoros,(828)256-1106,zsingh@example.net,2020-11-14
7445,Peter,Fields,Indonesia,+1-431-209-9868,cunninghamaustin@example.net,2020-04-13
7446,Caroline,Ayers,Algeria,875-874-2916x288,kathryn94@example.net,2021-05-20
7447,Tonya,Bryant,Croatia,777-862-4899x2407,georgeperez@example.net,2021-11-17
7448,Jeremy,Johnson,Bouvet Island (Bouvetoya),+1-987-528-8949x8476,joseph06@example.org,2023-02-25
7449,Kimberly,Torres,Congo,737-220-1195x591,mark07@example.org,2024-08-30
7450,Robert,Berg,Sweden,485-300-2876x4519,wilsoncharles@example.org,2020-10-24
7451,Jennifer,Robinson,Dominica,976.970.2709,bhill@example.org,2025-01-20
7452,Ashley,Cox,Morocco,3628033171,awheeler@example.net,2022-06-19
7453,Toni,Saunders,Pitcairn Islands,925.726.2349x30318,hrodriguez@example.net,2024-06-20
7454,Amy,Buckley,Cuba,308.557.1633x0863,kmiller@example.net,2021-02-26
7455,Katie,Harris,United States of America,6213682578,owarren@example.net,2023-03-04
7456,Robert,Austin,United States Virgin Islands,556.786.3555x75681,cunninghamarthur@example.org,2020-12-29
7457,Noah,Chavez,Croatia,+1-541-342-5568x55699,seanesparza@example.net,2023-08-06
7458,John,Adams,Timor-Leste,(843)797-9676x686,hollybenson@example.net,2022-09-27
7459,Marilyn,Marshall,Equatorial Guinea,+1-850-858-9639x1632,harrellelizabeth@example.org,2022-07-19
7460,Jennifer,Parker,Nigeria,(207)898-8621x49566,christopherferguson@example.com,2021-05-17
7461,Todd,Anderson,Papua New Guinea,(874)619-8865x6072,vancealexander@example.net,2025-10-24
7462,Aaron,Adams,Uzbekistan,533.238.3686,vstuart@example.com,2024-09-19
7463,Christopher,Jones,Aruba,272.599.4667x590,petersamy@example.org,2025-12-15
7464,James,Fletcher,Romania,001-717-639-6806,sara50@example.com,2024-12-07
7465,John,Mitchell,Portugal,(420)337-3660x121,bradleymeyer@example.org,2021-11-14
7466,Robert,Miller,Tunisia,(340)895-3211x71974,awashington@example.net,2024-09-12
7467,Renee,Ramirez,Malta,309-268-4282,matthew32@example.net,2020-09-22
7468,Jennifer,Giles,Netherlands,+1-264-300-0702,waynevaldez@example.com,2020-10-12
7469,John,Jordan,Jersey,+1-896-372-5772x608,phillipvaughn@example.net,2022-10-28
7470,Michael,Villanueva,Tanzania,+1-512-447-4359,scase@example.net,2020-02-27
7471,Joshua,Middleton,Tokelau,904.359.7926x821,kblanchard@example.org,2024-06-14
7472,Dustin,Duran,Gibraltar,569.555.2036x905,porterbrenda@example.com,2025-09-07
7473,April,Ward,Jamaica,001-807-953-7334x536,jacob51@example.net,2021-06-23
7474,Devin,Li,Taiwan,001-886-324-6164x2066,robertgordon@example.com,2024-03-24
7475,Steve,Snow,Cambodia,492-496-2150x092,rayerica@example.com,2025-08-06
7476,Jennifer,Jones,Russian Federation,200.514.1231x916,brauncynthia@example.net,2023-01-29
7477,Rachel,Gould,Timor-Leste,001-662-645-6138,rachelmorris@example.com,2023-04-25
7478,Robert,Phillips,Wallis and Futuna,338-881-2769x5025,gilesdebbie@example.com,2022-03-14
7479,Tammy,Cox,United States Minor Outlying Islands,6315603218,joshuaprice@example.com,2025-03-23
7480,Kathryn,Nelson,New Zealand,(935)904-4620x614,chamberscarrie@example.com,2021-05-10
7481,Kelly,Coleman,Burkina Faso,(709)903-1515x2002,tinamyers@example.net,2023-05-20
7482,Elizabeth,Andrade,India,001-636-287-8957x090,bhunter@example.org,2025-03-28
7483,Alexis,Blake,Indonesia,+1-396-625-4496x355,jeffrey94@example.org,2025-02-15
7484,Ashley,Romero,Grenada,+1-742-335-9604x382,robinsontracy@example.net,2021-06-18
7485,Jonathan,Medina,Honduras,+1-486-625-1297x77446,josephlloyd@example.org,2021-04-23
7486,Ricky,Ramirez,Jamaica,(468)937-4271x7351,christophervaughan@example.net,2024-05-12
7487,Melissa,Yu,Cambodia,001-947-734-2170,rhenderson@example.net,2023-11-18
7488,Brent,Mills,Cape Verde,361-578-5132x6569,choikeith@example.com,2021-10-15
7489,Matthew,Murphy,Lebanon,655.242.0062x463,chandlerlori@example.org,2021-01-04
7490,Shannon,Joseph,Ecuador,001-225-608-6022x6827,shieldsdavid@example.com,2025-08-24
7491,Amy,Bowman,Serbia,805-821-2393x392,timothy75@example.org,2024-08-07
7492,Tracie,Mills,Papua New Guinea,554-324-9613x7506,ewhite@example.com,2021-08-30
7493,Laurie,Munoz,Faroe Islands,(489)463-4983x2624,penahector@example.org,2021-11-13
7494,Melissa,Carroll,New Caledonia,427.270.5997,jamesfields@example.net,2021-11-24
7495,Brian,Hatfield,Korea,610-492-6839x65207,brendaparker@example.org,2025-03-03
7496,William,Elliott,Moldova,001-870-591-0804x4413,sandralang@example.com,2023-12-07
7497,Jonathan,Bennett,Singapore,(404)971-8620x6549,elizabeth66@example.com,2022-06-01
7498,Lindsay,Harrington,Turkmenistan,750.886.5572x75919,aharrison@example.com,2024-10-15
7499,Megan,Gonzalez,United States Virgin Islands,556-768-8116,stanleydebra@example.org,2023-02-08
7500,Robert,Wood,Afghanistan,403-335-0097x706,gerald95@example.com,2020-09-18
7501,Kayla,Ford,Bermuda,(553)431-7901x11816,nathanmorrison@example.org,2023-08-09
7502,Jason,Morris,Mexico,814.210.5054,gerald77@example.org,2023-08-17
7503,Douglas,Smith,Saint Pierre and Miquelon,001-362-477-5982x7848,hendersongregory@example.com,2023-05-28
7504,Mary,Jones,Lesotho,+1-370-875-0277x48196,briana02@example.com,2021-12-09
7505,Mike,Flores,Yemen,001-936-457-0148x2766,vbarnes@example.com,2021-07-23
7506,Leslie,Yang,Benin,370.319.0364x983,snelson@example.org,2026-01-08
7507,Richard,King,Guadeloupe,(293)288-9331,pamelamorrow@example.net,2022-02-08
7508,Samantha,White,Cote d'Ivoire,332-402-3299,tgeorge@example.com,2023-02-21
7509,Caleb,Johnson,Congo,5286736556,brittanyfrancis@example.com,2025-12-21
7510,Lisa,Powell,French Southern Territories,(901)523-0400x35232,stephanierangel@example.org,2025-07-03
7511,Nicole,Macias,Guam,639.757.0501x860,richardmay@example.org,2025-03-06
7512,Philip,Andrews,Hungary,001-796-725-8571x938,jessica86@example.org,2022-04-05
7513,Shannon,Smith,Denmark,9114580457,beth72@example.net,2020-04-05
7514,Lee,Deleon,Cape Verde,001-966-557-2292x289,qsalazar@example.com,2023-07-21
7515,Tony,Bailey,Guinea-Bissau,(797)368-3716,jamiespears@example.net,2025-07-02
7516,Steven,Henderson,Burkina Faso,565.438.5794x383,suttondylan@example.org,2023-10-22
7517,Andrew,Dickson,India,804-744-4707x847,brownkeith@example.org,2024-09-19
7518,Jason,Gutierrez,Mozambique,(908)263-7268,martinezmatthew@example.com,2025-10-10
7519,Lisa,Hart,Taiwan,2565843426,tammie55@example.com,2025-08-27
7520,Shelia,Gutierrez,Belize,269.531.1816x5875,farmeranthony@example.com,2021-05-30
7521,Janice,Harris,Croatia,330.351.2559,ashleycameron@example.com,2022-04-09
7522,Richard,Simpson,Cyprus,+1-734-984-8491x504,veronica07@example.org,2025-01-30
7523,Tamara,Franklin,Djibouti,+1-439-502-6417x94319,jamesberry@example.com,2022-06-08
7524,Yolanda,Reyes,Mali,654-228-3142,dtucker@example.com,2024-08-31
7525,Tiffany,Padilla,Estonia,+1-201-783-4771x206,dillon33@example.com,2023-08-23
7526,Edward,Edwards,Andorra,226-501-7970x92891,hwest@example.org,2023-04-29
7527,John,Sosa,Angola,001-970-900-5212x22185,lewissteven@example.net,2023-10-03
7528,Joseph,Mcgee,Mauritania,634-350-8437x235,cathy01@example.net,2024-02-29
7529,Tammy,Benson,Netherlands,+1-688-596-3542,joshuabennett@example.org,2023-04-06
7530,Christopher,Wilson,Estonia,001-673-539-1934x615,alyssahoward@example.com,2021-05-11
7531,Richard,Howard,Bouvet Island (Bouvetoya),+1-763-683-6480x18627,rkim@example.org,2025-12-03
7532,Jenna,Williams,Tajikistan,(997)652-5783,xjohnson@example.com,2024-05-15
7533,Robert,Hernandez,Saint Barthelemy,3734419970,brownmolly@example.net,2023-05-20
7534,Brad,Young,Malawi,563-218-0901x48850,allenjames@example.com,2024-06-04
7535,Cindy,Hinton,Malawi,+1-465-616-9718,jonathanrobinson@example.net,2022-10-05
7536,Daniel,Chen,Luxembourg,+1-885-368-9065x774,lauren63@example.com,2023-11-08
7537,Beth,Waters,Syrian Arab Republic,2902702813,rhoffman@example.org,2025-02-08
7538,Sarah,Russell,Cape Verde,582.569.7597,richardstyrone@example.com,2021-08-08
7539,Natasha,Wilson,Mali,001-917-657-0866,loganchad@example.com,2021-02-22
7540,Steven,Dawson,Palestinian Territory,9797848806,shelley84@example.net,2023-06-14
7541,Kristopher,Wilson,Austria,624-978-2924x385,krystal06@example.com,2020-10-21
7542,Holly,Maynard,Seychelles,001-594-768-5689x10831,brownamanda@example.net,2023-05-17
7543,Molly,Weber,Andorra,(377)534-0269,debbie02@example.com,2023-04-19
7544,Katelyn,Travis,Swaziland,834.458.0454x797,hardingmichelle@example.com,2025-10-18
7545,Rebecca,Leach,Iceland,642.349.6190,mitchell37@example.net,2022-11-21
7546,Brenda,Clarke,Puerto Rico,779.647.2558,strongcheyenne@example.net,2025-12-10
7547,Ryan,Smith,Fiji,(578)842-5242x640,nicolehood@example.com,2025-09-24
7548,Ricardo,Hurst,Switzerland,+1-945-523-7587x23055,claire67@example.com,2025-04-26
7549,Bryan,Campbell,Nicaragua,(822)772-5141x5535,karenjones@example.com,2024-10-06
7550,Robert,Miller,Belgium,819-653-8603,taylorerin@example.org,2024-05-01
7551,Steven,Henry,Cook Islands,221-931-1937,mnorman@example.org,2024-09-20
7552,Christopher,Owens,United Kingdom,756.440.6360,george92@example.net,2021-10-21
7553,Rachel,Williams,Malaysia,(664)792-5636x17431,haysshane@example.com,2021-10-19
7554,Francisco,Torres,Kiribati,591.270.5090,thomas79@example.net,2020-10-14
7555,Jacob,Morales,Saint Vincent and the Grenadines,(345)752-8315,rwise@example.org,2023-08-08
7556,Jay,House,Zambia,7517934852,jeffreywright@example.org,2023-11-17
7557,Ashley,Thomas,Taiwan,569-879-0189x73893,qellis@example.org,2024-05-03
7558,William,Villarreal,Netherlands Antilles,768.811.5659,christian27@example.org,2022-06-09
7559,Ann,Shields,Luxembourg,001-841-347-5904,michaelrobles@example.org,2024-07-18
7560,Jennifer,Stanley,North Macedonia,404.941.0326,psmith@example.org,2022-04-24
7561,Matthew,English,Cocos (Keeling) Islands,8704437581,solismichelle@example.com,2025-03-31
7562,Patrick,Berg,Mozambique,371.441.5799x914,philipanderson@example.org,2020-04-16
7563,Christine,Sandoval,Turks and Caicos Islands,961.779.8945x2603,tracy73@example.net,2025-02-01
7564,Debra,Walton,Benin,923.445.8851x261,mccormickbrandon@example.com,2025-10-27
7565,Sarah,Cunningham,Saint Pierre and Miquelon,437-718-1792x430,juanschmidt@example.org,2024-01-01
7566,James,Burns,Zambia,001-388-385-1077x69836,michelleyates@example.com,2023-08-31
7567,Devin,Crawford,Philippines,001-359-387-7576x69865,sharon64@example.com,2022-09-03
7568,Dennis,Roberts,Ghana,(418)445-5188x67445,francokaitlyn@example.net,2022-10-25
7569,Jonathan,Espinoza,Samoa,+1-480-371-7985,steve62@example.org,2023-12-14
7570,Ian,Summers,Congo,+1-284-360-7896,codymaldonado@example.com,2026-02-18
7571,Bradley,Rivera,Mauritania,741-367-4490x3600,bsimon@example.com,2023-07-05
7572,Peggy,Brown,Tuvalu,643.223.7133x64149,erik87@example.org,2024-04-02
7573,Brandon,Knapp,Argentina,372-626-8991x4089,tracy39@example.net,2022-07-22
7574,Brad,Irwin,Tokelau,959-798-9597x1392,ramirezchelsea@example.org,2026-02-05
7575,Mario,Moon,Bahamas,603.213.2546,amanda55@example.org,2021-07-13
7576,Melissa,Green,French Polynesia,+1-447-810-3746,alicia58@example.org,2022-09-19
7577,James,Garcia,Chile,+1-504-887-5813x0163,grahamerik@example.org,2020-09-16
7578,William,Stein,French Southern Territories,600.677.3414,amullen@example.com,2026-02-25
7579,Scott,Mosley,Norway,619.390.3860,upayne@example.org,2025-12-11
7580,John,Gutierrez,Ethiopia,238.336.2277,brendawilson@example.net,2020-10-12
7581,Joshua,Jennings,French Polynesia,900.527.8543x93685,lwilliams@example.net,2021-09-10
7582,Natalie,Wong,Burkina Faso,319-822-6955x900,boothcharles@example.org,2020-12-15
7583,James,Navarro,Aruba,001-874-256-0039,nicolewilliams@example.net,2025-08-16
7584,Richard,Swanson,New Zealand,306-262-8913,ethompson@example.com,2023-07-13
7585,Christopher,Stafford,Comoros,(590)889-0899,timothy84@example.org,2023-04-28
7586,Christopher,Duke,Guatemala,986-347-1435x08292,jessicamelendez@example.org,2024-07-11
7587,Andrea,Dunn,Nepal,866-677-6815x4413,jodylewis@example.net,2023-03-16
7588,Amy,Brock,Saint Martin,947-912-7937,timothy85@example.net,2022-11-27
7589,Tyler,Houston,Nauru,4616675126,lauramoore@example.net,2024-04-10
7590,Jason,Johnson,Nicaragua,+1-729-682-8801x28090,michael33@example.net,2021-12-07
7591,Daniel,Mercer,Netherlands,001-924-810-2460x60151,jessicaschaefer@example.net,2021-05-08
7592,Max,Gregory,Netherlands Antilles,(451)299-8950x75606,ysuarez@example.org,2022-05-10
7593,Laura,Chaney,South Africa,(342)948-7334x3945,vmills@example.net,2021-09-03
7594,Bethany,Lozano,Netherlands Antilles,558.876.1076x71766,stephenscarlos@example.com,2021-07-04
7595,Erin,Campbell,Guinea,310-351-3671,timothywood@example.com,2024-03-22
7596,Daniel,Waters,Congo,001-881-636-7280x737,whiterobin@example.net,2024-01-17
7597,Destiny,Day,Saint Vincent and the Grenadines,852-585-4342x43510,jasmineosborn@example.org,2022-08-06
7598,Benjamin,Walker,Cook Islands,(672)891-3416x79844,sean18@example.org,2023-12-18
7599,Phillip,Key,Azerbaijan,+1-488-465-4844x026,fordjon@example.org,2024-01-31
7600,Amanda,Smith,Andorra,708.305.6776x81381,alexander41@example.net,2020-12-16
7601,Douglas,Case,New Zealand,604-646-4720x196,ischroeder@example.net,2025-02-08
7602,Tara,Villarreal,United States Virgin Islands,473-352-2346x525,angelica93@example.net,2026-02-27
7603,Erin,Walter,Belgium,(641)958-3318,amills@example.com,2021-07-19
7604,Alexandra,Wilson,Qatar,+1-278-726-0083x226,gnelson@example.com,2020-11-29
7605,Rebecca,Moore,Bouvet Island (Bouvetoya),(957)265-3447x60453,angela95@example.org,2024-04-14
7606,James,Reyes,Slovakia (Slovak Republic),2382934326,allendavid@example.net,2024-08-23
7607,James,Allison,Iran,404.686.6954,ewilliams@example.net,2022-03-22
7608,Christopher,Gordon,Germany,711-897-9074,oconnorernest@example.net,2022-10-26
7609,Melody,Drake,Saint Vincent and the Grenadines,381.678.0482,schmidtnathan@example.net,2024-06-25
7610,Michael,Henderson,French Guiana,+1-987-840-7850x88996,neilrodriguez@example.com,2025-06-14
7611,Kayla,Rubio,Christmas Island,4762741648,groberts@example.org,2023-04-19
7612,Cindy,Murphy,Togo,920-529-2506x573,wisealbert@example.net,2023-12-21
7613,Traci,Woods,Seychelles,001-288-779-7629x35938,mwebster@example.org,2022-06-18
7614,Marcus,Peters,Mongolia,(790)322-8138,callen@example.net,2024-03-03
7615,William,Taylor,Sao Tome and Principe,+1-881-639-9834x9573,brianclark@example.net,2023-09-13
7616,Rebecca,Valdez,Swaziland,9135980813,escobarsamuel@example.net,2022-11-07
7617,Rachel,Curry,Antigua and Barbuda,451-773-3443x781,jennifer17@example.com,2025-03-26
7618,Robert,Mcgee,Guyana,926-834-9630x70983,steven94@example.net,2025-05-28
7619,Olivia,Cox,Italy,663-713-5836,ywilliams@example.org,2025-07-20
7620,Donna,Patel,Romania,932.240.1121x0781,reyesjonathan@example.org,2023-01-03
7621,Andre,Moore,Portugal,477.879.0713,nicholssharon@example.com,2022-09-29
7622,Rachel,Underwood,Hungary,622.756.3053,medinabarbara@example.com,2023-09-15
7623,David,Mccarthy,Samoa,969.517.9026,veronicahall@example.org,2024-08-11
7624,Brandi,Contreras,Jersey,(203)599-0234x457,michaeltran@example.org,2023-07-31
7625,Kaitlyn,Horton,Cameroon,(940)900-1673,ann75@example.com,2026-02-20
7626,Jessica,Garcia,Central African Republic,001-504-220-6433x242,whitejason@example.com,2020-06-13
7627,Jennifer,Pearson,American Samoa,352.574.4960x81282,dale15@example.org,2025-09-07
7628,Robert,Lawrence,Honduras,+1-734-551-2395x6629,harrisonpatrick@example.net,2025-04-17
7629,Kimberly,Nolan,Tuvalu,(756)811-2555x488,eatonjuan@example.org,2021-10-14
7630,Kathleen,Quinn,Sweden,+1-958-703-7271x95958,gonzalezdebra@example.com,2020-05-29
7631,Keith,Lambert,Mauritius,403.790.5799x1554,raydrake@example.com,2023-10-10
7632,Megan,Buchanan,Trinidad and Tobago,689.702.1999x509,jennifer24@example.com,2023-02-05
7633,Robert,Tapia,El Salvador,(450)259-9499x29369,heatherramirez@example.net,2023-09-06
7634,Ricky,Curry,Trinidad and Tobago,2996455093,karen64@example.net,2025-12-07
7635,Nicholas,Moss,Lebanon,(541)228-0853x5868,samanthagaines@example.com,2025-01-04
7636,Micheal,Taylor,Equatorial Guinea,(798)936-7158x93732,trevor03@example.org,2024-09-19
7637,David,Chapman,Saudi Arabia,(818)808-0771x5971,ovasquez@example.org,2025-11-03
7638,Madison,Nichols,Mozambique,(682)203-4412x3254,duncanteresa@example.com,2021-09-16
7639,Jodi,Williams,South Africa,001-993-854-3907x485,hbarber@example.org,2025-03-05
7640,Ashley,Williams,Romania,+1-938-826-8984x4869,englishwilliam@example.net,2025-09-26
7641,Nicole,Jacobs,Faroe Islands,+1-325-855-5802x45818,christopher80@example.com,2025-01-26
7642,Jill,Brady,Cocos (Keeling) Islands,+1-794-465-3781x1516,iallen@example.org,2021-03-07
7643,Crystal,Pierce,Dominica,+1-698-213-1493x713,carlossmith@example.net,2022-04-11
7644,Warren,Coleman,Namibia,+1-861-891-9465x61628,booneshane@example.org,2022-11-13
7645,Heather,Terry,Korea,694.361.9836x546,mollybeck@example.com,2020-03-23
7646,Stephanie,Jimenez,Mongolia,817-593-7854x231,stephaniespence@example.org,2025-03-15
7647,Lynn,Ashley,Brunei Darussalam,2999156256,djefferson@example.net,2025-01-31
7648,Paul,Wong,Tuvalu,+1-203-957-9499x2673,martinezpatricia@example.net,2022-11-15
7649,Sean,Ryan,Russian Federation,2835715324,kimberlybowen@example.com,2024-10-10
7650,Janet,Morales,Gambia,3612687004,jenniferhudson@example.org,2025-12-21
7651,Tina,Figueroa,Liberia,(845)243-4563,patriciakelley@example.net,2023-01-27
7652,Anthony,West,Bahamas,985.951.5349,gabriela55@example.org,2021-02-07
7653,Bradley,Turner,Micronesia,(714)922-1748,fsanchez@example.com,2022-12-19
7654,Linda,Garcia,French Guiana,+1-459-806-8866x8268,patelmax@example.com,2025-01-26
7655,Debra,May,Sri Lanka,001-875-474-9323x20466,steven26@example.org,2020-08-04
7656,Nicholas,Chambers,Belize,001-213-464-3145,wesley04@example.net,2024-08-01
7657,Anthony,Sanchez,Guam,707-763-8041x148,harold52@example.net,2023-02-28
7658,Stephen,Wilson,Thailand,727.761.5682,cpacheco@example.org,2021-04-30
7659,Catherine,Fields,Indonesia,(281)825-2104,hintonchristopher@example.org,2020-05-04
7660,John,Hartman,Singapore,905-467-3773,ljackson@example.org,2022-02-01
7661,Nicole,Castaneda,Vietnam,458.428.2320x70650,vstone@example.org,2025-10-25
7662,Sandra,Cohen,Lesotho,506.911.7358x927,krystalcrane@example.net,2023-04-10
7663,Allison,Conrad,Netherlands Antilles,+1-874-841-3046x46157,klinejennifer@example.org,2025-10-25
7664,Joshua,Silva,Ecuador,8785220150,robertjohnson@example.com,2023-10-27
7665,Cathy,Pittman,Isle of Man,645-874-7957x4093,mariemiller@example.net,2024-02-03
7666,Suzanne,Thomas,Djibouti,+1-790-694-6874x2145,hshaw@example.org,2025-11-26
7667,Craig,Boyd,Barbados,+1-464-635-1521x0185,cynthia84@example.net,2026-02-23
7668,Ashley,Bell,Spain,+1-308-549-3991,leejohn@example.com,2020-09-24
7669,Carol,Stephens,Dominica,001-978-524-3054x99317,garrettamanda@example.com,2024-02-13
7670,Peter,Ross,Turkmenistan,+1-515-494-9458x2567,bartonnicole@example.net,2025-08-16
7671,Kelsey,Wilson,Mozambique,+1-828-981-4886x87803,richard34@example.com,2025-10-27
7672,Valerie,Allen,Chad,609.878.3738x80683,matthew91@example.net,2025-08-27
7673,Joel,Thompson,Bosnia and Herzegovina,+1-765-836-8634x1210,zacharywilson@example.org,2021-08-08
7674,Tina,Kelley,Kyrgyz Republic,750.851.8480,watsonjessica@example.org,2022-04-09
7675,Melissa,Blanchard,Guatemala,499-814-7375x64231,laurie00@example.org,2021-02-20
7676,Jimmy,Salazar,Peru,877.524.5427x89866,jessica30@example.org,2023-01-17
7677,Ronald,Richardson,Qatar,001-538-345-5552x68222,tammyfreeman@example.net,2023-06-16
7678,Carrie,Stevenson,Heard Island and McDonald Islands,735.589.7675,samuel54@example.org,2022-04-13
7679,Sherry,Smith,Ethiopia,5784706979,ginawilliams@example.com,2021-12-02
7680,Stephanie,Frye,Aruba,(402)737-4908x6665,derek16@example.com,2026-02-07
7681,Stephanie,Torres,Saint Kitts and Nevis,+1-710-931-7030x61432,barbara61@example.net,2022-07-16
7682,Joanne,Nicholson,China,621-503-0592,donaldjohnson@example.org,2022-06-11
7683,Ann,Collins,Uzbekistan,(785)849-3466,brownashley@example.org,2021-09-04
7684,Elizabeth,Ward,Argentina,903-860-9954x847,laura91@example.com,2024-06-21
7685,Hannah,Sanchez,American Samoa,932-909-0991x4176,christopherevans@example.net,2023-06-07
7686,Ashley,Nguyen,Belize,764.942.5949x16047,lauramartinez@example.org,2023-12-09
7687,Tom,Knapp,Sudan,222.905.1808x1626,courtney42@example.com,2020-11-06
7688,Charles,Sherman,Pakistan,550-615-4970,jessicapatterson@example.net,2025-02-15
7689,Brandi,Banks,United States Minor Outlying Islands,(286)552-1066,fgeorge@example.com,2024-07-30
7690,Stephen,Nguyen,Faroe Islands,929-981-3829x89712,gwade@example.net,2020-05-15
7691,James,Bartlett,Malta,334-434-1921x4053,slee@example.org,2020-12-31
7692,John,Williams,Liberia,316.277.2349,prattevan@example.org,2025-05-23
7693,Steven,Montoya,Panama,001-628-325-2988x764,susanvargas@example.org,2023-04-25
7694,Kelly,Cunningham,Honduras,603.455.5439x70784,rachelsutton@example.org,2023-07-28
7695,Henry,Hart,Djibouti,001-205-902-6717,christophermorgan@example.org,2023-12-13
7696,John,Young,Hungary,(977)293-6507,wnichols@example.org,2024-10-13
7697,Samuel,Robertson,El Salvador,706-475-2030x6935,ccox@example.net,2024-09-05
7698,Robert,Ray,Brunei Darussalam,+1-682-318-4178x05765,webblaura@example.net,2025-02-14
7699,Eric,Young,Ecuador,242.583.3781x352,sethjohnston@example.com,2020-06-16
7700,Michael,Burgess,Macao,462.456.6674,garyproctor@example.org,2020-12-14
7701,Sonia,Gallagher,Paraguay,690.257.6045,joseph87@example.com,2024-01-25
7702,Jacqueline,Bentley,Brunei Darussalam,+1-696-936-4433,daniel93@example.net,2020-02-12
7703,Anthony,Fox,Mali,001-494-429-2121x0766,mike70@example.com,2023-10-06
7704,Daniel,Alexander,Turks and Caicos Islands,(694)666-7926x00588,sean29@example.org,2021-01-14
7705,Ashley,Juarez,Burundi,410.909.5715,roger21@example.net,2021-07-30
7706,Gary,Richmond,Burkina Faso,927.738.0049,obrienmelanie@example.org,2020-08-19
7707,Diane,Jackson,Guadeloupe,844.336.8216x9739,roywilliams@example.org,2025-06-08
7708,James,Sanders,Congo,9464122228,hcarrillo@example.net,2025-11-28
7709,Andrew,Mason,Taiwan,6828790099,esimpson@example.net,2026-02-02
7710,Krystal,Davidson,Lesotho,768.704.2642,tonya71@example.com,2020-02-24
7711,Robert,Miller,Guinea,238-795-9820x933,barry25@example.net,2024-08-07
7712,Sarah,Gibson,Zambia,249.784.0433,ericmyers@example.com,2021-03-09
7713,Matthew,Sawyer,Paraguay,221-672-0172x68003,suenguyen@example.com,2020-03-12
7714,John,Chandler,Samoa,+1-578-486-5403x56356,nriley@example.com,2024-08-29
7715,Andrew,Thompson,Central African Republic,001-496-390-5702x5052,kellytony@example.net,2024-05-21
7716,Michael,Taylor,Luxembourg,8707269654,hendersoncourtney@example.net,2023-09-30
7717,Robert,Frank,Cote d'Ivoire,(446)820-4953x390,caseysanchez@example.org,2021-04-22
7718,Jacqueline,Young,Peru,+1-902-649-3752,john46@example.org,2021-09-28
7719,Diane,Austin,Senegal,(794)646-5782x893,pmatthews@example.com,2022-02-15
7720,Christine,Elliott,Djibouti,341.238.3460x556,danderson@example.net,2020-09-28
7721,David,Murray,United Kingdom,001-793-413-6811x918,richashley@example.net,2022-11-01
7722,Paul,Miller,Nepal,+1-925-360-1577x63906,johnathanstuart@example.org,2023-01-17
7723,Candice,Delgado,Martinique,001-417-840-5925x697,emendez@example.org,2022-12-19
7724,Karen,Martin,Saudi Arabia,(764)419-6814,xwilliams@example.com,2020-06-21
7725,Crystal,Johnson,Iceland,001-491-714-5964x5097,jmorse@example.net,2020-12-04
7726,Cynthia,George,Saint Pierre and Miquelon,001-210-644-4590,wigginsjoyce@example.com,2023-03-26
7727,Timothy,Diaz,Tokelau,+1-206-366-7901x06933,jesuscastillo@example.org,2021-07-05
7728,Sydney,Martinez,Malta,695.397.3916x27771,mcculloughjonathan@example.net,2025-05-25
7729,Dawn,Fox,Denmark,259.876.5212,watkinsnicholas@example.com,2022-04-04
7730,Jason,Mcdonald,Brunei Darussalam,261-821-0622x3046,rmurphy@example.com,2024-08-29
7731,Susan,Sherman,Netherlands Antilles,001-882-330-1437x37782,dmiller@example.org,2023-08-07
7732,Erik,Walker,Bulgaria,001-534-355-8832,wooddon@example.org,2025-08-06
7733,Sharon,Walls,Bermuda,(846)476-0426x2543,herrerajoseph@example.com,2021-03-15
7734,Paul,Greene,Wallis and Futuna,001-627-793-9041x7040,christinahamilton@example.com,2024-01-31
7735,Diana,Crane,Tonga,484-605-8035x245,iwebb@example.com,2023-11-27
7736,John,Rollins,Mexico,001-388-672-0880x4498,dperry@example.net,2026-01-26
7737,Erin,Lewis,Ghana,001-536-851-7346,jodithomas@example.org,2026-01-19
7738,Brandon,Young,Guatemala,836.656.5941,jordansara@example.org,2023-05-18
7739,Anthony,Dalton,Slovenia,836-535-1571x597,sosaholly@example.com,2023-12-01
7740,Robert,Cline,Canada,228.670.1780,andrew73@example.net,2025-08-11
7741,Laura,Gonzales,Russian Federation,+1-820-368-3109x8387,mchapman@example.net,2020-04-17
7742,Kristen,Allen,Tokelau,001-271-621-6355x65260,kevinsullivan@example.org,2021-11-26
7743,Victor,Lee,United Arab Emirates,9117810597,valentineashley@example.com,2024-06-02
7744,Lisa,Wright,Martinique,805.831.8591,hannah82@example.net,2022-11-04
7745,Steven,Bennett,Comoros,(418)360-5714x13977,dariussullivan@example.org,2020-11-17
7746,Mitchell,Davis,Nauru,+1-489-541-9810,whanson@example.com,2024-03-01
7747,Michael,Richardson,Comoros,001-272-910-0866x27723,julie59@example.org,2022-08-31
7748,Nathaniel,Gallegos,Saudi Arabia,(337)829-9078x4024,shelleyharper@example.com,2025-12-31
7749,Dominique,Vasquez,Chile,917.325.3028x905,jared10@example.com,2024-05-20
7750,Dawn,Hampton,Barbados,6588027566,philip16@example.org,2023-03-02
7751,Cynthia,Gibson,Saint Kitts and Nevis,221-653-8048,ojenkins@example.com,2021-07-19
7752,Julia,Stewart,Qatar,001-770-444-3171x8161,marksteele@example.org,2025-05-09
7753,Stephen,Martin,South Africa,886.247.5473,amber85@example.com,2022-03-27
7754,Corey,Reed,Norway,497.351.2297x38330,perkinserica@example.net,2022-06-22
7755,Mark,Harvey,Finland,871.670.4119x3737,joshua43@example.com,2025-07-13
7756,Justin,Meyer,Nicaragua,866.455.5810x3556,david18@example.org,2021-12-13
7757,Samantha,Scott,Honduras,001-850-881-2679x902,natasha99@example.com,2022-01-14
7758,Melinda,Wiggins,Saint Martin,001-287-355-1791,omarporter@example.com,2021-12-03
7759,Natalie,Johnson,Saint Helena,754-436-8427x090,adkinsjoseph@example.com,2023-02-03
7760,Natalie,Cantrell,Guatemala,001-727-606-5913x979,hamiltonjohn@example.com,2020-11-17
7761,Jeremiah,Perez,Trinidad and Tobago,001-845-538-8513x75623,carpenterstephen@example.org,2025-04-18
7762,Susan,Walker,Madagascar,+1-280-518-0083x3247,catherineclayton@example.org,2025-02-25
7763,Victoria,Byrd,Singapore,(556)519-1345x673,mcculloughseth@example.org,2021-05-03
7764,Martin,Williams,Mauritius,+1-512-537-0784x44297,aaronwilliams@example.com,2025-08-06
7765,Tiffany,Rodriguez,Sri Lanka,354.263.9144x192,bhogan@example.com,2025-01-26
7766,Katherine,Smith,Western Sahara,785.734.8378x164,morenoangela@example.com,2025-08-31
7767,Jennifer,White,Senegal,404.443.7421x4303,harrisonmichelle@example.org,2021-05-19
7768,Joshua,Wood,Italy,(574)508-4078x36887,lmcfarland@example.net,2022-10-13
7769,Lisa,Davis,French Polynesia,(846)910-1974,gtyler@example.net,2023-07-01
7770,Daniel,Martin,Gambia,+1-332-473-0272x68597,amann@example.com,2022-06-19
7771,Susan,Ferguson,Cape Verde,574.891.9114x31347,randalllauren@example.com,2025-09-04
7772,Lindsey,Smith,Nicaragua,(815)212-1742x03110,maryhenry@example.org,2024-06-15
7773,Tammy,Watkins,Cote d'Ivoire,871.970.2081x3870,allisonleslie@example.org,2024-09-23
7774,Carolyn,Jennings,Svalbard & Jan Mayen Islands,459.407.7302,fernandezjacqueline@example.net,2022-07-05
7775,Kirsten,Graham,Morocco,585.314.8436x29740,robert28@example.com,2020-04-14
7776,Daniel,James,Bouvet Island (Bouvetoya),524.412.8282,alec46@example.org,2021-02-10
7777,Kristin,Higgins,Togo,001-691-788-2819x5897,lindahudson@example.org,2021-03-06
7778,Joshua,Salas,Jordan,+1-647-979-5969,ikrueger@example.com,2023-04-07
7779,Tami,Guzman,Comoros,(596)940-5544,omalone@example.net,2025-05-01
7780,Christopher,Graham,Zambia,3483838991,tammy24@example.com,2020-03-23
7781,Kelly,Simon,Nauru,227.585.9145x7560,zavalabrandi@example.org,2022-01-01
7782,Pamela,Weaver,Barbados,(268)858-7335x401,trevor38@example.org,2025-05-21
7783,Gilbert,Miles,Suriname,465.557.0835,rogersbenjamin@example.org,2023-04-01
7784,Marvin,Stanley,Honduras,536-854-7834x95829,avazquez@example.net,2025-01-26
7785,Bridget,Chen,Kenya,709-379-8846x3551,holderraymond@example.net,2025-07-20
7786,Travis,Thomas,Finland,(540)369-7035,derek82@example.com,2022-08-03
7787,Sydney,Hopkins,Mexico,564.344.1220,rebecca59@example.net,2024-10-17
7788,Alisha,Anderson,Madagascar,997-360-2106x324,zjones@example.com,2020-06-24
7789,Steven,Reese,Tokelau,3078541400,tamara39@example.com,2021-05-02
7790,Rachel,Williams,Afghanistan,001-500-304-6032,william13@example.com,2020-02-12
7791,Ashley,Hinton,South Georgia and the South Sandwich Islands,001-631-928-6203x69564,paulalynch@example.org,2022-02-07
7792,Ashley,Clark,Montenegro,+1-447-624-3402x6766,kristopher10@example.net,2023-05-25
7793,David,Mckenzie,Armenia,466-466-5202x50595,andrew19@example.com,2025-02-26
7794,David,Jennings,Barbados,653-838-2434,lauren68@example.net,2021-01-26
7795,Jessica,Sanders,Monaco,+1-354-871-3689x3049,harrisdylan@example.org,2023-10-28
7796,Ralph,Anderson,Tunisia,3629972144,bdavidson@example.net,2020-04-12
7797,William,Reid,Lesotho,(270)473-0703x0845,palmerjonathon@example.net,2022-11-18
7798,Victor,Reyes,Benin,001-514-816-0027,qlopez@example.com,2022-11-21
7799,Danielle,Howard,Andorra,001-681-218-4418,stephenharrison@example.net,2021-01-07
7800,Charles,Benson,Syrian Arab Republic,+1-357-425-0997x8870,judith46@example.com,2024-05-18
7801,James,Lamb,Sri Lanka,446-572-4758x888,mcdowellpaul@example.net,2023-06-29
7802,Elizabeth,Lee,Belgium,+1-244-943-6101x05158,epetersen@example.org,2021-08-29
7803,Katie,Jensen,Guinea,9473865971,scottdawn@example.com,2022-09-27
7804,Debra,Wright,Japan,553-603-6846,emiller@example.org,2024-08-12
7805,Debra,Johnson,Guinea-Bissau,777.278.8253x01932,franciscoharris@example.com,2020-03-30
7806,Vickie,Evans,Iraq,530.268.5412x39400,brownadam@example.net,2024-06-05
7807,Kimberly,Espinoza,Romania,3044733431,murphytanya@example.org,2023-01-06
7808,Rebecca,Young,Fiji,(714)542-3611x9076,christophercochran@example.com,2021-02-26
7809,Keith,Robinson,Guinea,(875)604-1377,justin33@example.net,2021-11-01
7810,Sarah,Green,Western Sahara,001-836-662-8156x3434,landrycarolyn@example.com,2025-04-22
7811,Patricia,Lewis,Reunion,367.513.1006x20757,trogers@example.net,2022-08-19
7812,Meagan,Hunter,Bulgaria,(751)534-1285,carriegallagher@example.org,2024-05-07
7813,Jared,Martinez,Peru,791.465.6993x20865,thomas95@example.com,2026-01-19
7814,Keith,Robinson,Reunion,001-977-502-5443x78030,graycraig@example.net,2020-09-17
7815,Donna,Carter,Venezuela,743.832.8151,thompsonjeremy@example.org,2026-03-01
7816,Olivia,Carey,India,230.698.4910x0493,porterkeith@example.net,2023-09-19
7817,Melanie,West,Jersey,465-631-5247x139,karenmoore@example.org,2023-07-18
7818,Adrian,Stewart,Jamaica,601-933-9681,berryjessica@example.org,2021-07-22
7819,Kyle,Olson,Venezuela,288-883-7283x93638,billytorres@example.org,2022-08-30
7820,Derek,Jones,Pakistan,618.397.8172x148,dennisparker@example.net,2022-03-19
7821,Sandra,Beasley,Bouvet Island (Bouvetoya),993-611-5797x69564,ryan01@example.org,2022-11-09
7822,Christine,Watson,Swaziland,(859)666-2839x9080,vjohnson@example.org,2023-03-26
7823,Ryan,Padilla,New Caledonia,853-517-0937x2987,diazbethany@example.org,2024-04-11
7824,Edward,Sullivan,Estonia,+1-821-778-4309,michael91@example.com,2024-12-18
7825,Blake,Campbell,Saint Vincent and the Grenadines,001-940-728-0535x663,austin12@example.net,2020-05-23
7826,Sydney,Berger,Denmark,871.230.0774,davidlee@example.com,2021-02-05
7827,Jennifer,Anderson,Ecuador,388-216-5820x306,katherineli@example.org,2024-05-17
7828,Laura,Moore,Swaziland,457-520-4659,gcalhoun@example.com,2020-11-18
7829,Hannah,Trevino,Barbados,4567187526,jeff76@example.net,2022-11-14
7830,William,Mckinney,Kyrgyz Republic,525.624.3852,lowechristopher@example.net,2024-02-07
7831,Gregory,Huff,Morocco,320.838.0074,jessicamatthews@example.com,2020-01-31
7832,David,Stewart,Haiti,+1-498-460-3957x749,grodriguez@example.com,2020-06-16
7833,Carrie,Craig,Algeria,746.398.3566x63500,emily87@example.org,2023-08-27
7834,Kevin,Cannon,Vanuatu,(707)200-3280,jessicaarmstrong@example.org,2020-12-18
7835,Stacy,Prince,Mauritius,740-710-7937,muellerabigail@example.com,2023-06-10
7836,John,Gonzalez,Belarus,001-685-622-0456x36762,nelsonjames@example.com,2021-08-10
7837,Stephen,Hodges,Tunisia,001-655-525-4657x105,codysantiago@example.org,2023-09-11
7838,Stephen,Gonzalez,Libyan Arab Jamahiriya,(250)369-1772x40440,azamora@example.org,2023-04-07
7839,Maria,Henry,Mongolia,+1-976-363-0574x503,william49@example.org,2025-03-04
7840,Alicia,Campbell,Honduras,(416)548-4774x7789,johnsonjames@example.org,2022-09-12
7841,Corey,Brock,Serbia,(388)935-4789x101,kenneth83@example.net,2021-02-23
7842,Timothy,Huber,Singapore,797.942.0732x78175,vburton@example.com,2020-09-30
7843,Chad,Young,Brunei Darussalam,592.901.8886x9561,lfarrell@example.net,2022-12-10
7844,David,Knight,Anguilla,+1-621-872-0351x2935,jonesdebra@example.com,2025-02-08
7845,Joel,Thompson,Mauritania,+1-247-678-9603x32698,ericrose@example.net,2020-12-06
7846,Tina,King,Israel,+1-849-263-0835,anna59@example.org,2025-05-07
7847,Ian,Dominguez,Georgia,7904401731,janet97@example.net,2025-09-15
7848,Christine,Huber,Trinidad and Tobago,(369)385-9794,aaron10@example.net,2022-10-14
7849,Frank,Stokes,Western Sahara,200.787.0113x3831,kwest@example.org,2022-11-09
7850,Michele,Mclaughlin,Lebanon,+1-598-467-2446x77786,daltonanthony@example.net,2023-12-15
7851,John,Ellison,Jordan,(205)901-2429x84580,brittanygardner@example.net,2021-01-05
7852,Michael,Kane,Argentina,775-720-4273x63440,adrianpayne@example.com,2020-09-23
7853,Daniel,Buchanan,Yemen,617.624.3954,jasonmiller@example.org,2023-11-09
7854,Rebecca,Davis,Saint Lucia,(243)938-3805x2366,brenda53@example.net,2024-02-28
7855,Sherry,Henry,Saint Barthelemy,307.833.7831x283,ggrimes@example.net,2022-12-26
7856,Kenneth,Morris,Togo,001-739-503-3724x143,smithlaura@example.net,2024-08-01
7857,Andrea,Franklin,Tuvalu,782-856-8045x05003,nicole43@example.org,2022-01-04
7858,Ryan,Baker,Sri Lanka,973.554.8699x04349,qjohnson@example.org,2020-02-26
7859,Dillon,Reeves,Greenland,772.210.4913x5867,amann@example.com,2021-11-21
7860,Jonathan,Nielsen,Pitcairn Islands,508-281-7020,oliviayoung@example.com,2024-09-26
7861,Gregory,Davis,Taiwan,(453)391-3219x2009,martinamanda@example.com,2021-03-17
7862,Shawn,Brown,Trinidad and Tobago,(681)980-3434x83559,michael91@example.com,2022-04-24
7863,Anthony,Macdonald,Gabon,(506)749-9620x19961,smithjames@example.com,2020-06-18
7864,Amber,Gonzales,Dominican Republic,(544)786-1255,rebecca00@example.com,2025-09-25
7865,Brian,Mccoy,Cook Islands,839.412.0246x2605,priscilla14@example.net,2020-08-23
7866,Brandon,West,Serbia,(332)659-5758,fsanchez@example.net,2024-02-24
7867,Brittany,Gomez,Romania,246.696.5815,gibsonrobert@example.net,2025-07-07
7868,James,Adams,Chad,709-753-4565x04198,tinawalton@example.org,2021-12-09
7869,Megan,Freeman,American Samoa,667-462-3716,lawsonjames@example.net,2024-03-29
7870,Laura,Johnson,United Kingdom,001-946-791-8444x102,laura05@example.com,2025-05-07
7871,Krystal,Kelley,Somalia,482.879.8327x74799,melissa63@example.com,2025-12-19
7872,Amanda,Johnson,Indonesia,(945)694-0468,qchristensen@example.org,2025-04-10
7873,Janet,Johnson,United States of America,(387)806-8523,ronnie18@example.org,2024-09-08
7874,Lisa,Lester,Grenada,389-987-5584x50368,mason37@example.org,2024-05-21
7875,Megan,Miller,United Kingdom,727-565-8422,millerann@example.net,2023-01-13
7876,Jeffrey,Williams,Lithuania,+1-710-735-1720,andremyers@example.com,2022-01-01
7877,Kayla,Gay,Montserrat,735-743-8078x0979,debra98@example.net,2020-01-17
7878,Robert,Taylor,Korea,632-541-7367,ywilson@example.net,2020-11-13
7879,Derrick,Fleming,Saint Martin,+1-422-266-3741x41038,andersonvincent@example.org,2022-05-04
7880,Anna,Castro,Canada,+1-579-811-2123x26024,rachel67@example.net,2026-02-23
7881,Andrea,Torres,Cyprus,(266)365-8021x36644,tiffanywatts@example.net,2021-12-23
7882,Linda,Phillips,Albania,218-282-3468x674,sheajoshua@example.com,2025-11-12
7883,Julie,Bonilla,Barbados,(453)457-5715x20363,sarahgarcia@example.com,2023-03-08
7884,Tommy,Dorsey,Liberia,5595043549,connercameron@example.com,2025-08-08
7885,Richard,Gardner,Oman,(806)908-2749,matthewgraham@example.org,2020-11-24
7886,Kevin,Schmidt,Guinea-Bissau,943-768-3392,kenneth17@example.org,2020-03-17
7887,Nathaniel,Roy,Turkey,001-851-839-6765x728,pjohnson@example.org,2024-12-04
7888,Collin,Long,Netherlands,(395)746-2122x849,donald77@example.com,2025-09-16
7889,Austin,Sandoval,Croatia,737.509.5452,michealterry@example.net,2024-10-02
7890,Colleen,Dickson,Mexico,001-431-871-4559x57465,odonnellcody@example.com,2021-06-03
7891,Katherine,Marsh,Namibia,001-580-761-3641x7330,orrsarah@example.net,2021-11-11
7892,Joseph,Payne,French Guiana,+1-231-735-6744x5004,jo53@example.org,2024-03-25
7893,Carla,Gallagher,British Indian Ocean Territory (Chagos Archipelago),793-663-9480,lwheeler@example.org,2025-05-27
7894,Melissa,Ibarra,French Southern Territories,001-448-618-0522x4244,veronicagonzalez@example.net,2024-08-26
7895,Cathy,Rogers,Bhutan,(784)927-5531x48149,uperez@example.com,2020-06-01
7896,Erica,Powers,Turks and Caicos Islands,354.307.2202x4332,rebecca77@example.net,2025-04-21
7897,Megan,Figueroa,Serbia,333.488.9068x74649,phillipmorris@example.net,2020-06-27
7898,Megan,Steele,Montenegro,+1-264-855-8696x8113,mcdonaldcourtney@example.com,2026-03-05
7899,Diana,Decker,Jamaica,+1-562-201-8911x55468,michael95@example.net,2023-02-06
7900,Shirley,Garcia,Andorra,(488)532-6858,joseph36@example.org,2023-08-09
7901,Susan,Mccall,Liechtenstein,987.340.4479,powellterri@example.com,2024-06-06
7902,Amy,Coleman,Malawi,(248)544-4843x5548,jonathanparks@example.org,2023-03-21
7903,Justin,Jones,Guernsey,+1-478-208-4997x68546,willisamanda@example.net,2025-08-15
7904,Mark,Berger,Bulgaria,338-480-6971x9083,alexanderbarbara@example.net,2024-05-27
7905,Taylor,Blackwell,Holy See (Vatican City State),(451)671-9457,vchen@example.org,2022-08-27
7906,Andre,Fisher,Ukraine,951-215-7408x9479,tanyaholder@example.com,2020-06-17
7907,Hannah,King,Finland,869-432-5648x6614,hicksamy@example.org,2024-08-21
7908,Haley,Collins,Togo,001-410-655-3733x35097,pmartinez@example.net,2024-04-02
7909,Emily,Franklin,Djibouti,342.460.6944x07688,dwaynemartinez@example.com,2022-02-20
7910,Lindsay,Ferguson,Belize,(438)701-2086x97344,marvinporter@example.net,2020-12-26
7911,Mark,Chung,Cyprus,680-538-4053,pgross@example.org,2024-07-21
7912,Eric,Walsh,Bouvet Island (Bouvetoya),001-397-528-8676x710,wilsonalexis@example.com,2022-11-21
7913,Andrea,Oliver,Turks and Caicos Islands,+1-282-749-5888,vhowell@example.org,2025-09-13
7914,Maria,Ford,Malaysia,720.511.2444,john41@example.net,2023-10-15
7915,Kayla,Kelley,Afghanistan,+1-276-205-2302x59775,vchen@example.net,2020-07-13
7916,Carrie,Hendrix,Albania,(580)338-5591x120,rubioamy@example.com,2021-09-09
7917,Melinda,Friedman,Moldova,(671)547-0904,barnesmary@example.net,2020-05-29
7918,Michelle,Greer,Armenia,001-823-895-7464x6787,turnerebony@example.com,2023-02-12
7919,Raymond,Smith,North Macedonia,+1-314-844-1471x573,tinajordan@example.com,2022-12-02
7920,Sheila,Myers,Senegal,272-642-7274x953,wallclifford@example.org,2021-08-02
7921,Rebecca,Morgan,Ethiopia,(412)904-0420,tammie66@example.net,2024-10-30
7922,Diana,Powers,Niger,5449288769,tmoore@example.org,2021-11-01
7923,Kristen,Warren,Kenya,924.719.5060x530,michael45@example.org,2020-11-16
7924,Christopher,Andersen,Anguilla,661.913.5508x9724,kgarcia@example.net,2025-07-04
7925,Troy,Shields,Belize,348.728.9066x806,troy39@example.org,2025-08-05
7926,Jessica,Martin,Turks and Caicos Islands,001-632-431-1865x674,brooksmadison@example.org,2022-10-15
7927,Don,Ward,Haiti,656-765-9503x65719,seanmatthews@example.net,2023-11-27
7928,Anthony,Parker,France,+1-517-606-0363x21398,michaelhancock@example.net,2020-04-21
7929,Allison,Miller,Bangladesh,937.958.9641x09584,donaldwarren@example.net,2020-02-26
7930,Melissa,Ramirez,Andorra,747.755.9345x612,mendezhunter@example.com,2025-03-27
7931,Elizabeth,Kelly,American Samoa,+1-929-576-2714x5155,rmiles@example.net,2025-07-11
7932,Tracy,Hardy,United Arab Emirates,851-816-7138,vfry@example.com,2022-02-15
7933,Michael,Lynch,Grenada,569.272.1191x89415,christopher51@example.org,2020-10-02
7934,Jose,Mills,Burkina Faso,+1-972-924-9907x922,vwilkins@example.net,2020-08-07
7935,Edward,Juarez,United States of America,(577)950-4751,rsmith@example.net,2023-07-08
7936,Michael,Jones,Albania,001-536-787-5182x989,combscorey@example.com,2023-09-18
7937,Barry,Mcdonald,Brunei Darussalam,649.378.1667,marcrodriguez@example.net,2021-10-11
7938,Evan,Knapp,Niger,814-949-1306x91221,patricia00@example.com,2023-07-31
7939,Rachel,Powell,Singapore,+1-268-948-2202x8533,stephen14@example.org,2024-07-24
7940,Amanda,Gonzales,Turkmenistan,4429628739,robertcampbell@example.net,2024-01-12
7941,Jessica,Lane,Palestinian Territory,+1-709-788-0893x5208,andrew61@example.net,2021-09-29
7942,Jennifer,Thomas,Djibouti,5764841960,wardkristina@example.net,2022-06-23
7943,Jeremiah,Erickson,Greece,001-608-358-3712x061,samuel03@example.com,2023-02-09
7944,Katelyn,Brown,Switzerland,(951)217-9184,patrickwiley@example.net,2023-03-12
7945,James,Anderson,Algeria,001-999-513-8261x04251,obrown@example.net,2022-03-29
7946,Zachary,Melton,Gabon,413.971.0947x3947,erin08@example.org,2022-10-12
7947,Edward,Stark,Tajikistan,256-778-5504x318,christinamoore@example.org,2022-06-18
7948,Jeffrey,Ford,Iraq,(568)366-9887x31926,tonyadorsey@example.com,2020-07-09
7949,Michael,Reese,India,429-464-9142,turnermary@example.com,2023-12-05
7950,John,Wilson,Armenia,(433)750-5072,sarahfields@example.org,2020-01-22
7951,Lisa,Jordan,Anguilla,+1-667-574-9558x411,amiranda@example.com,2022-08-11
7952,Jacob,Porter,Samoa,216.869.4615x21492,larajames@example.org,2025-03-13
7953,Theresa,Brown,Gibraltar,3543174481,mrobles@example.com,2021-03-01
7954,Jenny,Garcia,Lesotho,504.212.7920x586,trandakota@example.net,2025-07-18
7955,Walter,Day,Micronesia,(596)528-9937,mcintyreamy@example.net,2025-10-13
7956,Jamie,Joseph,Sierra Leone,290-768-8237x596,suzannepaul@example.org,2022-09-14
7957,Brenda,Henderson,United States of America,001-864-291-7657x2073,katelyn61@example.net,2020-08-24
7958,Julie,Wilson,Zimbabwe,+1-413-841-0350x1588,savannahhernandez@example.net,2022-10-28
7959,Brian,Nelson,Australia,001-829-545-5873,andrew41@example.org,2024-06-01
7960,Steven,Dunn,Guernsey,(502)830-9926,summerskevin@example.com,2025-06-17
7961,Sean,Smith,Poland,001-502-784-1416x013,morgan66@example.com,2023-10-16
7962,Deanna,Hebert,Germany,001-389-312-3568,flee@example.com,2024-03-25
7963,Jessica,Higgins,Estonia,7073673445,hpena@example.org,2020-02-10
7964,Erika,Rodriguez,Pitcairn Islands,371.250.7497x2054,shelia61@example.com,2020-05-17
7965,Julia,Payne,Romania,+1-662-547-4261x023,burkehunter@example.net,2023-03-21
7966,Deanna,Gonzalez,Luxembourg,246.794.2741x42288,robertscharles@example.com,2025-02-22
7967,Gary,Anderson,Turkmenistan,694.949.5973,dmullins@example.net,2022-09-18
7968,Kyle,Richardson,Bosnia and Herzegovina,627.470.0599,nancy53@example.org,2020-11-30
7969,Jeremy,Graves,Ecuador,514-459-2051x589,grahamdominique@example.com,2024-08-14
7970,Terry,Burns,Turks and Caicos Islands,+1-428-467-1353x9638,rodneydaniel@example.net,2021-03-27
7971,David,Sandoval,Malaysia,777-646-9071x291,uharris@example.net,2023-01-11
7972,Daniel,Williamson,Bhutan,(434)303-2982x1310,christine72@example.com,2023-03-18
7973,David,Cowan,Puerto Rico,851-978-1917,jjohnson@example.net,2025-07-18
7974,Teresa,Buchanan,Thailand,(975)226-7982,greenegarrett@example.net,2022-09-30
7975,Joseph,Allen,Gambia,(576)671-6851,kimberly59@example.com,2023-11-09
7976,Colin,Hernandez,Cocos (Keeling) Islands,(818)881-4593,macdonaldjavier@example.net,2024-02-27
7977,Ricky,Reyes,Micronesia,001-789-246-0118,hodgesbrandon@example.net,2022-06-20
7978,David,Alvarez,Macao,001-997-549-7679x6415,taylorchase@example.org,2025-04-13
7979,Abigail,Alexander,Peru,(699)368-6145x813,dbrady@example.net,2021-02-16
7980,Dana,Sanchez,Comoros,542-477-8821x53127,hernandezmichael@example.org,2021-06-08
7981,Mark,Becker,Lao People's Democratic Republic,+1-464-586-8982x29333,robertbailey@example.org,2026-02-27
7982,Jessica,Holland,Lithuania,001-350-797-1225x762,michellepratt@example.net,2022-07-08
7983,Ruth,Bowen,Germany,790.958.4993,sara42@example.com,2022-04-29
7984,Anita,Morris,Peru,+1-442-908-0817x6846,davisroy@example.net,2024-03-06
7985,Stacy,Vega,Antigua and Barbuda,200-697-9300x5752,paynezachary@example.com,2020-02-08
7986,Sandra,Chapman,French Southern Territories,+1-331-233-3247x742,johnsonsarah@example.com,2024-06-20
7987,Alexander,Johnston,Maldives,+1-274-674-0342x087,lisataylor@example.com,2020-04-14
7988,Cindy,Meyer,Serbia,001-644-248-2641x629,thomasmartinez@example.org,2020-04-24
7989,Lisa,Gray,Costa Rica,001-800-350-4498x7962,jodirivera@example.org,2025-01-21
7990,Anthony,Herrera,Sudan,(435)857-4855x05158,daniel51@example.net,2025-09-13
7991,Michael,Morales,Iceland,487-483-2037,cuevasnicholas@example.net,2022-05-30
7992,Danielle,Coleman,Chad,558.697.9812,juanwheeler@example.com,2022-09-01
7993,Christopher,Jacobson,Mauritius,(928)866-5730,rojasmarvin@example.net,2023-07-02
7994,Walter,Johnson,Gambia,(357)511-9235,alice13@example.org,2021-09-04
7995,Joseph,West,Lao People's Democratic Republic,001-899-665-8406,umclaughlin@example.net,2026-02-24
7996,Patricia,Peters,Niue,(449)898-1028x57478,ashley39@example.com,2023-07-27
7997,Tyler,Harmon,Morocco,316.946.5430x34668,weberpatrick@example.org,2021-02-01
7998,Eugene,Hernandez,Mozambique,(448)770-7583,moranvickie@example.com,2025-07-11
7999,April,Kramer,Netherlands,(590)755-4217x49236,jeremiahharris@example.net,2026-03-09
8000,Gerald,Sanchez,Congo,993-539-9316,zjohnson@example.net,2024-05-15
8001,Cassandra,Oneill,Martinique,+1-403-396-9541x424,robinsondouglas@example.org,2023-12-15
8002,Joel,Richardson,Namibia,(548)943-4595,jose32@example.com,2023-02-19
8003,Kelly,Gonzalez,Burkina Faso,+1-940-231-6428x4747,millersusan@example.com,2021-09-13
8004,Kimberly,Atkinson,Brunei Darussalam,(827)425-7841x36212,yolanda64@example.org,2025-06-11
8005,Jennifer,Berg,Montenegro,001-362-412-7465x2313,aimee23@example.org,2025-06-29
8006,Marcus,Perry,Christmas Island,(786)216-2111x345,qcopeland@example.net,2020-06-13
8007,Kathryn,Perkins,Greenland,001-920-367-3236x326,mariomoses@example.org,2025-09-15
8008,Arthur,Lynch,Russian Federation,433-696-5415x64862,fisherjustin@example.net,2023-11-19
8009,Cathy,Peterson,Hungary,8936951603,rickeymooney@example.org,2020-08-14
8010,Matthew,Melton,Niue,343.675.9458x14318,markmcgrath@example.org,2025-08-31
8011,James,Hess,Netherlands Antilles,(224)832-0967,mcmillantony@example.org,2025-04-06
8012,Travis,Norton,Thailand,616.784.8430x902,williamsconnie@example.com,2022-07-26
8013,Christine,French,Zambia,3612359699,plopez@example.org,2023-06-18
8014,Ebony,Carter,Lao People's Democratic Republic,2782367848,myerscassie@example.net,2020-07-01
8015,Gregory,Pratt,Guam,838-755-2310,wcross@example.net,2023-09-13
8016,Luke,Lee,Turks and Caicos Islands,231.884.7521x9935,kevinmartinez@example.org,2020-05-13
8017,Alexandra,Wright,British Virgin Islands,(318)871-7582,casekevin@example.com,2024-05-02
8018,Gary,Perez,India,+1-844-516-7614,watsonkathy@example.com,2020-09-09
8019,Patrick,Lewis,Bolivia,288-314-8670x2279,rcarter@example.net,2020-05-18
8020,Justin,Williams,Serbia,5952728551,leonnathaniel@example.com,2025-01-25
8021,Renee,Ramos,Argentina,238-853-4402x0928,pamelapadilla@example.net,2026-02-22
8022,Patricia,Davis,American Samoa,806.656.9108,annaharrell@example.com,2020-05-30
8023,Rachel,Baker,Guinea-Bissau,4336514990,smithpatricia@example.org,2024-04-15
8024,Christopher,Cantrell,New Zealand,001-336-255-1025x5164,wrandall@example.org,2021-04-12
8025,David,Moreno,Saint Pierre and Miquelon,242.882.3067x403,perry91@example.org,2022-05-18
8026,Susan,Estrada,Antigua and Barbuda,001-266-618-6890,macdonaldlinda@example.net,2023-08-28
8027,Bailey,Wood,French Polynesia,393-647-9122,stephaniesantana@example.com,2025-08-17
8028,Michael,Johnston,Cocos (Keeling) Islands,(322)922-7289x0278,megan79@example.net,2024-03-13
8029,Tiffany,Ramsey,Colombia,(738)372-5207x854,jwashington@example.net,2025-06-05
8030,Ashlee,Simon,French Polynesia,(999)520-8034,marialong@example.com,2022-05-30
8031,Aaron,Reyes,India,628.525.1194x441,christinathomas@example.net,2021-12-06
8032,Alicia,Tucker,Kenya,9583626567,michellegibson@example.org,2022-04-24
8033,Jessica,Roman,French Polynesia,(696)929-5357,colinlawrence@example.com,2022-11-01
8034,Carl,Wilkins,Luxembourg,+1-834-721-6025x010,torresjames@example.net,2022-09-12
8035,Troy,Bradshaw,Germany,+1-946-540-0211x2499,brandonmorales@example.net,2021-06-07
8036,Robin,Miller,Saint Martin,(672)415-2290x2370,wilsonregina@example.org,2024-01-16
8037,Elizabeth,Swanson,Sudan,(415)300-0077,rayturner@example.com,2020-06-27
8038,John,Armstrong,Svalbard & Jan Mayen Islands,389-707-9644x8222,nataliemedina@example.com,2022-09-18
8039,Ronnie,Murphy,Vanuatu,959-919-4188x74883,april75@example.org,2023-11-16
8040,Frank,Wilson,United Arab Emirates,001-614-323-5793x4854,jmorrison@example.org,2023-10-19
8041,David,Perez,Ethiopia,726.911.3305,jonesanthony@example.org,2025-08-30
8042,Andrew,Foster,New Zealand,(600)489-0473x83512,ericastewart@example.net,2024-03-28
8043,Jennifer,Cantu,Suriname,797-617-4259x825,ythompson@example.org,2021-09-30
8044,Jeffrey,Carlson,Qatar,001-531-779-1645x3636,cesarglass@example.com,2024-01-09
8045,Andrea,Rodriguez,Turkey,473-305-2870,christinerodriguez@example.net,2023-09-29
8046,Kyle,Sanchez,Cyprus,001-743-220-7203x85162,brian49@example.org,2025-08-02
8047,Connie,Fox,Nauru,001-234-929-7447x659,denisemartin@example.net,2021-09-29
8048,Victor,Newton,Antarctica (the territory South of 60 deg S),001-281-355-1577x60804,francisjennifer@example.org,2023-07-08
8049,Rebecca,Wong,Korea,(508)249-2009x3080,thomas58@example.com,2024-11-21
8050,Kimberly,Wilson,British Virgin Islands,535-218-8663x27915,cjohnson@example.org,2021-11-30
8051,Brandon,Johnson,Guam,822-751-3394x8785,rossmonica@example.org,2025-02-06
8052,Robin,Martin,Cuba,001-390-522-6608x487,mjohnson@example.com,2023-01-19
8053,Brittany,Salazar,Cayman Islands,001-809-821-0919x76947,jonespamela@example.org,2023-05-01
8054,Cassandra,Browning,Bosnia and Herzegovina,+1-240-659-6367x2226,stephenperez@example.net,2024-04-07
8055,Thomas,Casey,Costa Rica,(980)594-9942,nwhitehead@example.net,2021-08-25
8056,Norma,Lewis,Latvia,438.721.0572,lauren70@example.org,2024-01-02
8057,Anita,Morales,Holy See (Vatican City State),(477)927-9943,asmith@example.com,2020-12-20
8058,Elizabeth,Ewing,Gabon,+1-752-409-2000x7282,henrysmith@example.com,2023-06-09
8059,Rachel,Wells,United States Virgin Islands,(307)802-6558,mikedavis@example.org,2022-02-19
8060,Lauren,Chavez,Northern Mariana Islands,001-356-592-7061x030,andersonjennifer@example.org,2025-09-25
8061,David,Mcguire,Saint Martin,(802)586-4631x68079,ggraves@example.com,2025-03-30
8062,Alexander,Schultz,Heard Island and McDonald Islands,001-519-532-4158x5405,laura07@example.org,2023-04-08
8063,Kaitlyn,Ellis,Bouvet Island (Bouvetoya),4526743801,robertsonevan@example.org,2022-11-27
8064,Richard,Jordan,Sao Tome and Principe,(557)903-9629x511,gordonsean@example.com,2020-04-19
8065,Allison,Shaw,Cameroon,406-582-5448,jhernandez@example.net,2020-03-25
8066,Jason,Bowman,Sri Lanka,377.906.3561,agomez@example.net,2023-08-17
8067,Shannon,May,Solomon Islands,(628)519-0585x47691,stevenmeyer@example.net,2025-02-26
8068,Edward,Turner,Cayman Islands,001-713-586-1779,joneskristen@example.net,2025-05-21
8069,William,Francis,Cameroon,925-289-6308x721,tuckerdanielle@example.com,2021-10-27
8070,Dana,Hayes,Djibouti,960.839.9908x79784,ogibson@example.org,2020-12-25
8071,Christine,Perry,Tajikistan,(494)835-1025x2453,rpark@example.org,2021-09-21
8072,George,Schmitt,Saint Martin,(635)742-8471x95213,wsanchez@example.org,2021-09-19
8073,Victor,Wilson,Swaziland,(375)644-5934,sonya35@example.net,2022-01-16
8074,Keith,Ferguson,Western Sahara,920.245.4067x813,christopher09@example.net,2023-12-09
8075,Tristan,Mills,Hungary,(826)794-5003x4941,lhardin@example.com,2024-05-10
8076,Richard,Moore,Mongolia,335-872-5175,fred84@example.com,2026-01-02
8077,Lee,Rojas,Guernsey,(997)578-6591x42729,pattersonnicholas@example.com,2025-09-21
8078,Jade,Sanchez,Pakistan,542-890-1871,kgonzales@example.org,2022-08-13
8079,Alan,Travis,Russian Federation,(894)473-6643x370,austinknight@example.net,2020-01-14
8080,Patrick,Young,Niue,822.559.6770x4022,curryvincent@example.net,2023-08-14
8081,Stephanie,Rose,San Marino,+1-447-897-8577,ericjones@example.com,2025-08-11
8082,James,Perry,Slovakia (Slovak Republic),4644400155,tinasantiago@example.net,2021-12-27
8083,Gene,Romero,Greenland,2854395944,vincentchapman@example.org,2020-12-16
8084,Matthew,Garcia,Fiji,+1-261-614-5014x1948,nicole08@example.net,2021-02-18
8085,Michelle,Butler,Trinidad and Tobago,798-236-7442x272,csmith@example.org,2023-12-11
8086,Holly,Garcia,Jersey,205.796.3638x69345,donaldmartin@example.com,2024-01-26
8087,Brendan,Hall,Anguilla,996.710.8153,benjaminkaufman@example.com,2025-03-20
8088,Jessica,Oconnor,Portugal,001-972-374-0419x21320,sherri28@example.com,2023-01-30
8089,Sheryl,Lane,Namibia,+1-354-507-0355x12387,fanderson@example.com,2024-08-08
8090,Thomas,Kim,Bahamas,(800)916-1385,phillipcarr@example.com,2023-11-11
8091,Shelby,Garcia,American Samoa,(604)845-1577,clarkwilliam@example.org,2024-10-06
8092,Nicole,Reyes,Mozambique,6942820223,holdersusan@example.org,2022-07-05
8093,Austin,Lewis,Lebanon,5605599191,derek23@example.net,2021-03-29
8094,William,Estrada,Nigeria,+1-207-232-2582x3402,eric29@example.net,2024-01-11
8095,Jeffrey,Dean,Vietnam,+1-297-937-3211x99002,pricebrittany@example.net,2021-02-25
8096,Elizabeth,Moore,Mongolia,+1-458-963-5510,ugreene@example.net,2020-01-26
8097,Mark,Stein,Honduras,463-335-9089,josephnewman@example.net,2020-11-04
8098,Sonya,Williams,Marshall Islands,+1-737-513-0181x211,bwagner@example.org,2022-06-06
8099,Alvin,Kim,France,411.942.7981x350,susan34@example.org,2024-08-14
8100,Elizabeth,Davis,Sweden,423-368-5855x79873,jthompson@example.org,2020-05-31
8101,Tonya,Farmer,Cape Verde,798.264.3130,adammckee@example.org,2020-02-03
8102,Jacqueline,Berry,Jamaica,(983)747-0668x6407,nicolejohnson@example.com,2023-05-25
8103,Laura,Wagner,Belarus,(499)578-4219x25788,jturner@example.net,2025-11-23
8104,Kyle,Hayes,Malta,+1-700-599-7031x3494,kennedypamela@example.com,2020-08-05
8105,Ronald,Hill,Solomon Islands,897.253.2832x24321,brandylam@example.net,2024-05-07
8106,Shawna,Davis,Anguilla,+1-311-941-4192x785,michaeljohnson@example.net,2024-06-19
8107,Anthony,Hernandez,Kazakhstan,+1-790-349-5913x1366,qrodriguez@example.net,2022-11-14
8108,Nathan,Mayer,Marshall Islands,635.833.4228,jonestimothy@example.net,2022-12-28
8109,Mark,Williams,Niue,+1-856-396-1579,casey97@example.net,2022-02-16
8110,Teresa,Thomas,Hungary,+1-837-844-9666x16178,charleslambert@example.org,2024-07-19
8111,Cassandra,Johnson,Egypt,001-216-369-3563x9883,plopez@example.org,2024-08-10
8112,Jeff,Mahoney,Montenegro,(741)494-4438,rhall@example.org,2023-01-20
8113,Jon,Montgomery,Ghana,8743911601,bethsmith@example.net,2022-01-31
8114,Ronald,Romero,Isle of Man,+1-251-543-4427x3486,deniseanderson@example.net,2023-08-27
8115,Claudia,Ritter,Malta,409-671-9230x4780,maria82@example.com,2024-09-17
8116,Alicia,Davidson,Poland,(347)242-7135x366,erinwerner@example.net,2023-12-08
8117,Jeffrey,Benton,Albania,(347)535-3502,margaret22@example.com,2024-07-26
8118,Michael,Walters,Cameroon,+1-401-213-9412x951,fmckee@example.com,2023-05-16
8119,Cindy,Wright,Kazakhstan,361.805.4465x248,hoovereric@example.org,2021-03-10
8120,James,Jones,Chile,893-781-6121x9345,john66@example.net,2020-06-03
8121,Ralph,Morris,British Indian Ocean Territory (Chagos Archipelago),9516940017,michaelalexis@example.com,2020-05-09
8122,Jessica,Mcmahon,Pitcairn Islands,264-455-1615,samantha36@example.net,2022-03-11
8123,Regina,Goodwin,El Salvador,+1-522-321-9946x11562,bookerjoseph@example.org,2022-11-30
8124,Christopher,Martinez,Austria,001-878-274-7346,rcarter@example.org,2024-11-03
8125,Aaron,Smith,Falkland Islands (Malvinas),(683)710-1223x33086,petersendaniel@example.org,2025-04-23
8126,Anna,Johnson,Jersey,001-738-409-8908x7787,graytodd@example.net,2021-06-20
8127,Nicholas,Harrison,Reunion,(407)560-8703x08515,vclark@example.net,2025-01-31
8128,John,Jensen,Iraq,360.607.3494,meghan45@example.com,2025-05-30
8129,Brandon,Lyons,Burundi,(650)549-7293x502,goodmanthomas@example.net,2022-09-16
8130,Thomas,Cummings,Comoros,+1-634-463-2841x1952,hamptoncharles@example.org,2025-08-14
8131,Phillip,Johnson,Niger,924.248.1565x323,woodsbrad@example.com,2022-06-20
8132,Victor,Graham,Saint Kitts and Nevis,001-352-909-6108,martinsusan@example.net,2024-09-26
8133,Dominic,Mcknight,Korea,288-400-2922x271,donald55@example.net,2020-12-31
8134,Daniel,Ramos,Senegal,959-807-4144x7310,garynguyen@example.com,2024-03-21
8135,Kelly,Frye,Barbados,(400)858-8565x2304,allisonphillips@example.net,2025-05-27
8136,Denise,Bishop,French Polynesia,344.652.1542x8662,nicholashanson@example.org,2025-10-11
8137,Kelly,Lee,South Africa,969-450-2445,cperez@example.net,2024-08-25
8138,Johnathan,Hamilton,Nepal,(897)832-5587,meltonjacqueline@example.org,2022-12-29
8139,Henry,Campbell,Christmas Island,001-323-716-8923x653,linda81@example.net,2023-07-27
8140,Allison,Martin,Nauru,001-812-242-3568x07387,kirk73@example.net,2026-02-15
8141,Kevin,Davis,New Zealand,9643224086,bgill@example.org,2024-07-02
8142,Veronica,Graham,Sierra Leone,(341)722-7821,laurenguerrero@example.org,2020-12-08
8143,Karen,Cruz,Azerbaijan,540-704-5987x41216,hsingleton@example.com,2023-06-20
8144,Jennifer,Brown,New Caledonia,(660)371-3355,ymurphy@example.com,2022-09-10
8145,Amy,Roberts,Panama,001-723-442-4612,dross@example.com,2024-02-01
8146,Edward,Randolph,Czech Republic,(705)246-7754,angela84@example.net,2020-02-02
8147,John,Beck,Central African Republic,2914736236,carla70@example.com,2024-10-02
8148,Mitchell,Sanford,Faroe Islands,+1-439-815-1812x0731,tmorrison@example.net,2025-05-14
8149,Sherri,Ramos,Oman,307.479.3483x50217,freemanscott@example.org,2020-01-18
8150,Susan,Briggs,Uganda,+1-949-342-9462,charlessmith@example.com,2025-04-06
8151,Jonathon,Brown,Monaco,+1-485-652-0558x16932,nicholasjoseph@example.net,2022-05-08
8152,Monica,Oliver,Anguilla,7179975582,romeroandrew@example.org,2024-12-03
8153,Sarah,Phillips,Martinique,(358)861-6643x818,tmyers@example.org,2022-07-23
8154,April,Knight,Sudan,001-602-607-4265x1990,rodneyblack@example.org,2025-10-07
8155,Michelle,Taylor,Haiti,+1-977-472-7162,ltate@example.org,2022-02-06
8156,Douglas,Bender,Bahamas,295.944.1016,hartrachel@example.net,2022-08-07
8157,Joshua,Hendrix,Fiji,(404)401-3275x95236,cnguyen@example.org,2023-04-09
8158,Bryan,Bryan,Trinidad and Tobago,728-718-7788x421,frank81@example.org,2025-03-01
8159,Michael,Randolph,Guinea-Bissau,001-887-557-6853,carol85@example.net,2022-11-01
8160,Ashley,Santiago,Liberia,(671)705-7545,santiagokaitlyn@example.org,2021-03-02
8161,Richard,Alexander,Belize,(614)855-5879x660,kathrynedwards@example.net,2025-03-12
8162,Christy,Rodgers,Tajikistan,210-459-6882x500,xclark@example.com,2025-09-12
8163,Brandi,Doyle,Namibia,(543)938-5715x14246,pbutler@example.net,2021-12-26
8164,Sean,Castro,Iraq,877.756.9862,bridgessarah@example.org,2023-08-09
8165,Thomas,Romero,Jersey,+1-961-443-4010x87287,ccampbell@example.net,2026-01-25
8166,Christopher,Ford,Cook Islands,+1-628-557-5401x025,bennettsusan@example.com,2024-06-13
8167,Gregory,Shaw,Mauritania,801-704-6575x354,jhall@example.com,2020-04-19
8168,Francisco,Morris,Sudan,818.535.6568,brittanysawyer@example.net,2020-01-08
8169,William,Smith,Macao,001-274-790-6213x991,andrewgallegos@example.com,2022-06-05
8170,Terri,Maldonado,Czech Republic,698.816.4914,vsheppard@example.com,2023-01-06
8171,Jessica,Thompson,Peru,8936359724,joshua40@example.com,2022-05-09
8172,Jacob,Pitts,New Caledonia,506.793.2181,wsmith@example.com,2022-04-02
8173,Pamela,Ho,Armenia,432-663-8487x3723,mherman@example.org,2023-01-21
8174,Olivia,Reid,Cayman Islands,2507214818,ericgraves@example.com,2024-06-17
8175,Renee,Sanders,Nauru,(780)964-0793x30845,nelsonsara@example.com,2022-07-27
8176,Stephanie,Rodriguez,Slovakia (Slovak Republic),+1-639-787-2956x167,butlerkiara@example.com,2025-08-31
8177,Steven,Sanders,Guinea,+1-417-607-6831,steven79@example.org,2022-12-26
8178,Natalie,Miller,Suriname,962-784-2243,davidhughes@example.org,2024-02-15
8179,Kenneth,Thomas,Sri Lanka,+1-628-419-8000x441,susanarmstrong@example.com,2022-06-10
8180,Michael,Molina,Botswana,498-365-3720x3130,wadecharles@example.net,2022-01-25
8181,Michelle,Rivera,United States Virgin Islands,(537)811-9419,hermanheather@example.com,2020-06-26
8182,Joshua,Carter,Guadeloupe,001-798-996-1731x4136,rachel18@example.com,2025-05-22
8183,Teresa,Sullivan,Djibouti,001-670-880-6351x51439,joseph39@example.com,2024-09-09
8184,Tonya,Carpenter,San Marino,249-562-3546,drakemichelle@example.org,2025-09-30
8185,Alexa,Nixon,Costa Rica,517-262-3294,collinslaurie@example.com,2023-06-24
8186,Gregory,Nguyen,Iran,980-310-5247x57194,xcastro@example.net,2021-07-15
8187,Cassandra,Brown,New Zealand,+1-496-627-5929,melissa93@example.net,2022-08-21
8188,Sarah,Kirby,Central African Republic,+1-291-475-0404x47333,shaun22@example.com,2022-04-10
8189,Christopher,Roman,Bouvet Island (Bouvetoya),+1-536-478-8157x82728,leeanthony@example.com,2023-08-09
8190,Diana,Thompson,Samoa,8984221859,tylerdonald@example.net,2025-06-05
8191,Dylan,Cobb,Mauritania,(787)509-9273x604,robertjones@example.com,2021-10-27
8192,Grace,Hayes,China,+1-800-308-7966x36235,hurleysteven@example.net,2022-06-20
8193,John,Ingram,Vanuatu,516.488.2969,newtonstacey@example.com,2020-12-06
8194,Nicholas,Robles,Guinea-Bissau,789-387-9227,noblestacey@example.net,2022-02-25
8195,Michael,Dickson,Guatemala,(346)608-0330x7659,normablake@example.org,2022-07-17
8196,Johnny,Hall,Vanuatu,+1-747-770-3650x5096,vgriffin@example.org,2024-07-25
8197,Tracy,Bell,Tunisia,001-526-258-4760x369,tina50@example.net,2023-06-11
8198,Tonya,Carr,Lebanon,757-531-9746,christinehill@example.com,2021-01-28
8199,Ryan,Snyder,Saint Pierre and Miquelon,(244)320-3222,kimberly20@example.com,2022-09-03
8200,Stephen,Lawrence,Angola,001-595-679-0268x9039,hannahyoung@example.net,2022-12-23
8201,Vincent,Chambers,Bulgaria,+1-847-621-6050x169,valerie85@example.org,2021-10-12
8202,Matthew,Garcia,Libyan Arab Jamahiriya,418.613.0934,wlee@example.net,2021-04-22
8203,Anita,Barnes,Mayotte,903-923-9211x46310,timothy85@example.com,2022-01-01
8204,Gina,Richard,Nauru,997-350-0255,markjackson@example.net,2021-01-21
8205,Benjamin,Church,Faroe Islands,(383)219-3288x78013,balexander@example.net,2025-12-24
8206,Beth,Anderson,Saudi Arabia,845.273.3263,michaela28@example.net,2021-05-06
8207,Cindy,Buchanan,Niger,246.777.5732,bauerlindsey@example.com,2023-01-18
8208,Troy,King,Egypt,443-739-9501x686,michelle45@example.net,2021-08-10
8209,Austin,Walker,Azerbaijan,270-523-9512x339,april81@example.net,2025-06-25
8210,Julia,Mcdaniel,Saudi Arabia,001-605-720-1422,kellypark@example.org,2022-11-18
8211,Robin,Tanner,Burkina Faso,415-563-2805,tammy87@example.com,2024-01-10
8212,Sarah,Trujillo,Congo,5875118808,donald72@example.com,2021-02-23
8213,Jacob,Tate,Anguilla,560.473.7632x8643,davidlopez@example.com,2020-09-02
8214,Joseph,Smith,Armenia,(872)840-0649x5887,fostershelby@example.org,2022-03-19
8215,Wesley,Bruce,Zambia,+1-834-825-4374x0297,tbowman@example.com,2021-09-10
8216,Carl,Simon,Sri Lanka,+1-561-571-9974x65937,romancatherine@example.com,2023-04-05
8217,Leslie,Moore,Russian Federation,+1-677-665-7503x9774,ijimenez@example.com,2025-10-22
8218,Tammy,Wright,Timor-Leste,(764)322-5978,james14@example.com,2020-06-23
8219,Melissa,Adams,Niue,3173030879,melvinmcneil@example.net,2022-07-20
8220,James,Baker,Eritrea,001-384-763-9345x728,robert35@example.net,2023-05-21
8221,Rachel,Riggs,Yemen,260-733-8097,wsanders@example.net,2025-09-19
8222,Brittney,Shields,Monaco,+1-201-415-4888,vflores@example.com,2022-11-07
8223,Joseph,Porter,Haiti,(582)657-6639x999,jasminelee@example.net,2025-10-09
8224,Anna,Warren,Lao People's Democratic Republic,513.287.4189,shane61@example.org,2021-09-14
8225,Melissa,Stokes,Western Sahara,+1-363-294-6750x23282,schan@example.com,2023-09-27
8226,Janet,Acosta,Congo,722.932.5111,ssmith@example.net,2023-09-18
8227,Nicole,Gonzalez,Indonesia,8035411905,allencindy@example.com,2021-10-19
8228,Natasha,Reid,Nauru,567.918.5918x45998,amanda19@example.org,2024-06-29
8229,Jasmin,Fox,Georgia,8014767434,andrewarroyo@example.org,2021-10-13
8230,Patricia,Ray,Bangladesh,239.263.6980x4092,keithjensen@example.net,2022-04-12
8231,Gabrielle,Jones,Albania,427-219-9590,hallamanda@example.com,2023-02-01
8232,Stephen,Moore,Somalia,+1-591-811-6937x4517,bryan42@example.com,2020-01-19
8233,Ryan,Daniels,Isle of Man,578-907-3297,randymcintyre@example.com,2024-04-18
8234,Elizabeth,Daniels,El Salvador,676-926-4202x74164,amydoyle@example.org,2025-05-25
8235,Kenneth,Hall,Cocos (Keeling) Islands,001-966-240-5366x444,gregorymorrison@example.net,2024-11-08
8236,Ashlee,Hernandez,Saint Pierre and Miquelon,+1-663-910-1754x3999,cynthiamartinez@example.net,2022-10-13
8237,Melissa,Hatfield,Canada,837-368-8920x6172,ekim@example.org,2023-02-26
8238,Jason,Lam,Romania,776-785-0796x925,cadkins@example.org,2020-10-21
8239,Deborah,Garza,Lithuania,(719)377-1673x4155,ljackson@example.net,2021-01-10
8240,Sheila,Morton,Pakistan,001-545-307-7954x75339,barrettrebecca@example.net,2022-07-04
8241,Emily,White,France,446-552-3259x21648,bryandavis@example.com,2023-05-03
8242,Douglas,Shepherd,Christmas Island,762-435-9976x035,hfrazier@example.net,2020-09-14
8243,Sara,Fletcher,Libyan Arab Jamahiriya,416.965.4297,mcgrathjeffrey@example.net,2025-07-21
8244,William,Perry,Norfolk Island,001-654-838-2001,franklinchristie@example.org,2020-12-21
8245,Natalie,Diaz,Czech Republic,2663601018,fallen@example.org,2020-04-08
8246,Cody,Gibson,Tuvalu,001-373-940-2212x49167,evalenzuela@example.org,2022-03-15
8247,Alan,Austin,Albania,935-590-2416,michael12@example.com,2023-11-18
8248,Robert,Decker,Cambodia,001-225-778-5884x0598,fhenderson@example.org,2021-03-24
8249,Stacy,Lane,Saint Helena,(801)553-9507x996,claytonya@example.net,2023-02-25
8250,Christopher,Brown,Mayotte,001-257-400-2381,carla14@example.net,2024-02-07
8251,Billy,Brown,United States Minor Outlying Islands,+1-385-862-3963x625,nlopez@example.com,2021-01-25
8252,Rebecca,Fry,British Virgin Islands,8114567485,jasmine27@example.net,2022-07-31
8253,Elizabeth,Anderson,Libyan Arab Jamahiriya,436-363-4749,orozcobrittany@example.org,2021-08-18
8254,Patrick,Powers,Nigeria,9199239522,matthew19@example.org,2020-02-01
8255,David,Peters,Korea,+1-308-669-0949x6080,rogersshirley@example.org,2021-02-01
8256,Arthur,Evans,Namibia,+1-394-967-6609,brittany35@example.com,2021-09-08
8257,Katrina,Smith,Antarctica (the territory South of 60 deg S),731.613.8294,wesley80@example.org,2024-06-13
8258,Jessica,Ritter,United States of America,+1-587-909-2626x5591,lopezbrandon@example.org,2025-10-31
8259,Paul,Vargas,Oman,3557697841,jsilva@example.com,2025-04-22
8260,Megan,Aguilar,Nepal,+1-658-344-2457,jpage@example.net,2020-12-16
8261,Jeffrey,Trujillo,Cayman Islands,+1-939-661-7777x2701,linda46@example.com,2022-01-24
8262,Noah,Le,Thailand,328.466.2193x150,deborahmccoy@example.com,2024-03-04
8263,Sharon,Rivera,Uruguay,(603)954-1519x839,umiranda@example.org,2025-01-05
8264,Jessica,Harris,Antarctica (the territory South of 60 deg S),214-458-2206,margaret54@example.org,2022-12-06
8265,Anthony,Evans,Hungary,800-812-1146x44237,bsmith@example.net,2023-11-22
8266,Rachel,Watson,Swaziland,494-379-6821x97235,scottfrank@example.org,2022-11-17
8267,Brady,Silva,Belize,(758)221-0487,mlee@example.net,2025-01-25
8268,Diana,Malone,Burundi,(228)217-4843x5000,linda53@example.com,2022-09-16
8269,Jennifer,Browning,Albania,472-656-0429x641,clarkerebecca@example.com,2024-05-11
8270,Megan,Gilbert,Syrian Arab Republic,+1-652-927-1718x85744,stephanie28@example.com,2022-04-09
8271,Walter,Wise,United States of America,(200)982-8954,cooperbrandi@example.com,2021-09-23
8272,Daniel,Short,Peru,8215151690,randallsolomon@example.com,2022-06-24
8273,Shannon,Hamilton,Qatar,380.579.5375,hbrown@example.net,2020-05-02
8274,Joseph,Reed,Maldives,551-969-5346,connor50@example.org,2020-06-20
8275,David,Smith,Uruguay,921-421-0270x67123,riveradana@example.net,2024-07-27
8276,Tara,Hernandez,Tanzania,001-765-825-5065x09431,mistymorgan@example.org,2024-12-27
8277,Brittany,Welch,Bangladesh,785-457-9440,thompsonlisa@example.net,2022-05-11
8278,Anthony,Bright,Tunisia,3897543698,jenniferbeck@example.net,2024-11-05
8279,Julie,Peterson,Cambodia,9756392569,danielgarcia@example.org,2021-05-18
8280,Brian,Lee,San Marino,+1-577-283-1810,vrios@example.org,2021-04-24
8281,Tami,Soto,Namibia,001-997-264-6870x2779,carolyn99@example.net,2020-05-07
8282,Tiffany,Adams,Mozambique,432.712.5992x31106,brendagraves@example.net,2023-10-23
8283,William,Jordan,Sudan,990-877-8113x904,amyrobbins@example.net,2023-02-27
8284,Brenda,Silva,Cameroon,2907867945,rogerpatrick@example.net,2025-12-29
8285,Kelly,Werner,Bangladesh,814.498.6610x7156,laurenturner@example.net,2022-08-13
8286,Aaron,Garcia,Zambia,883-896-7436x7487,martinezsusan@example.net,2021-10-01
8287,Katherine,Campbell,Turks and Caicos Islands,364-331-1236x1581,brendanhull@example.net,2021-12-12
8288,Joseph,Thompson,Vanuatu,(805)667-6452x56234,fergusonlisa@example.org,2023-07-07
8289,Annette,Torres,Cambodia,354.751.2456x4778,corey29@example.org,2023-09-24
8290,Janet,Munoz,Monaco,(613)237-2631x92332,gonzalezrebecca@example.com,2024-11-28
8291,Michelle,Salas,Antigua and Barbuda,(595)871-0846,bergchristopher@example.org,2024-01-30
8292,Gina,Oliver,Hungary,001-813-657-9195x6693,charlesmeyer@example.org,2025-02-16
8293,Erica,Green,Iceland,210-905-6095x64416,kelly11@example.org,2022-01-12
8294,Melvin,Rush,Brunei Darussalam,2792377973,tarahardy@example.com,2026-01-12
8295,Jill,Peck,Gabon,+1-281-483-5243x6728,john98@example.org,2022-03-05
8296,Eric,Farley,Belarus,001-492-908-4998,linda72@example.com,2024-10-29
8297,Joshua,Nichols,Yemen,663.406.8395x634,felicia40@example.net,2025-05-15
8298,Stacy,Juarez,Afghanistan,912-775-9482x777,harveybarbara@example.org,2022-12-19
8299,Rebecca,Moore,Israel,686.206.9582,jroman@example.net,2025-06-17
8300,Dana,Payne,Niger,998.624.2464x133,william60@example.org,2021-01-03
8301,Elizabeth,Miller,Malaysia,773-396-6588x5558,melvin81@example.com,2025-08-19
8302,Natasha,Thomas,Singapore,3359534117,davidsims@example.org,2021-08-27
8303,Christian,Cabrera,India,+1-750-947-8355x0958,shodge@example.net,2021-03-04
8304,Jasmine,Ray,Singapore,001-610-672-6276x32176,debra86@example.com,2025-03-23
8305,Billy,Moon,Burundi,799.583.2081x991,arthur08@example.com,2022-03-25
8306,Deborah,Mcclure,Latvia,959-548-9522,amandastafford@example.net,2022-02-27
8307,Robert,Graves,Argentina,344.249.3947x59970,edavenport@example.net,2024-01-15
8308,Rebecca,Jones,Belgium,522-533-4292x7739,bradwillis@example.org,2020-03-23
8309,Michelle,Lewis,Puerto Rico,3772596898,normamaldonado@example.net,2024-02-01
8310,Jo,Beck,Netherlands,704-819-4810x481,troybrown@example.org,2020-11-20
8311,Mathew,Barker,Jersey,999.855.8170x64770,lisa07@example.org,2023-06-12
8312,Ashley,Brown,Cook Islands,+1-253-936-0448x46883,youngalexandra@example.net,2025-11-18
8313,Haley,Smith,Uganda,5879009540,amandaclarke@example.net,2024-10-15
8314,Todd,Hanson,Turkmenistan,417-851-5508x536,onealcolin@example.org,2025-01-17
8315,Keith,Gibbs,Morocco,458-870-9149x76987,timothygray@example.org,2021-06-15
8316,Margaret,Duffy,Tokelau,+1-860-888-4298x477,elliottcasey@example.org,2021-09-20
8317,Rachel,Hood,Egypt,468.812.0519x338,danielhamilton@example.org,2022-07-24
8318,Jason,Johnson,Gibraltar,001-363-967-1703x282,james97@example.org,2022-10-09
8319,Ashley,Torres,Jordan,638.677.6709,parkskathryn@example.net,2020-02-08
8320,Nicholas,Wilson,Togo,001-869-880-0325x0031,petersontimothy@example.com,2023-10-11
8321,Mark,Carpenter,Brunei Darussalam,378-834-3986x6037,ian53@example.net,2022-07-31
8322,Karen,Williams,Azerbaijan,001-580-836-4022,mayandrew@example.org,2022-05-19
8323,Richard,Lee,Sri Lanka,(323)671-0453,taylorshannon@example.com,2024-10-15
8324,Debra,Lang,Papua New Guinea,993-200-0034,rickykim@example.com,2025-05-19
8325,Travis,Blackwell,Montenegro,(745)603-7764x0178,uedwards@example.net,2025-12-31
8326,Jacqueline,King,Egypt,363.581.9193x717,allen32@example.org,2022-11-20
8327,Joseph,Jordan,Vietnam,001-774-260-6636x6139,nicole97@example.net,2023-01-09
8328,Kristy,Burke,Seychelles,6689622258,chad66@example.com,2025-05-20
8329,Krystal,Reynolds,Suriname,+1-251-877-7425x38457,ramirezkatelyn@example.net,2023-09-29
8330,Micheal,Hoover,Grenada,001-650-863-1638,mcollins@example.com,2022-05-05
8331,Martin,Greene,Turkey,458-796-7095x229,mariah94@example.com,2024-07-11
8332,Marie,Perez,Norway,597.457.7488x01184,bradleyhanna@example.org,2025-06-04
8333,Charles,Tyler,South Africa,772.637.2147x590,parksrodney@example.net,2022-10-27
8334,Yolanda,Mcintosh,Tokelau,001-562-511-3519,harperstephen@example.net,2026-01-26
8335,Danielle,Peck,Chile,001-379-684-8348x529,qwatson@example.org,2020-09-16
8336,Danielle,Martin,French Southern Territories,(571)502-9851x2252,juliawilson@example.com,2025-02-20
8337,Ronald,Barnes,Papua New Guinea,233.260.4235,coopercindy@example.net,2022-08-06
8338,Michele,Brown,Montenegro,848.755.7816x241,millerangela@example.com,2020-09-11
8339,Lisa,Johnson,Madagascar,+1-555-488-4492x34810,jhammond@example.net,2024-12-05
8340,Stephanie,Perez,Norway,(812)298-6319,matthew00@example.com,2024-04-11
8341,Lynn,Harris,Kuwait,634.262.6850,bryan88@example.org,2022-11-10
8342,Ryan,Gutierrez,Kazakhstan,(479)878-6365x11200,andersonpaul@example.com,2024-06-14
8343,Charles,Hill,Egypt,001-966-745-5180x8507,flopez@example.com,2022-10-06
8344,Ryan,Campbell,China,(415)672-5547,berrydonald@example.net,2020-03-10
8345,Catherine,Johnson,Latvia,(343)454-5303,combsjonathan@example.org,2024-01-23
8346,Renee,Brewer,Argentina,571-937-3261,ronaldhill@example.org,2023-11-29
8347,Sarah,Gamble,Lithuania,536.877.6374x372,erin07@example.net,2022-08-14
8348,Taylor,Strong,Vanuatu,355.589.4344x608,lsmith@example.org,2021-10-13
8349,Monique,Jones,Tuvalu,(293)811-1319x290,robinbrown@example.org,2021-03-15
8350,Jamie,Hernandez,Afghanistan,001-607-945-5664,mrogers@example.org,2024-08-20
8351,Savannah,Kerr,Honduras,001-405-366-9407,donnaserrano@example.com,2023-05-29
8352,Maria,Williams,North Macedonia,(208)656-6870,lscott@example.net,2025-05-06
8353,Shannon,Allen,Burundi,001-763-495-4034,cameronjuarez@example.com,2022-09-21
8354,Diana,Huynh,Bosnia and Herzegovina,+1-911-579-3939x9419,salazarjeff@example.org,2021-04-10
8355,Olivia,Montgomery,Liberia,484-572-5613,thurley@example.net,2025-06-16
8356,Jacqueline,Wilkinson,Falkland Islands (Malvinas),746.990.1395,stephanie68@example.com,2024-04-18
8357,Penny,Walters,Cyprus,546.246.3796,jameslaurie@example.net,2025-02-01
8358,Amanda,Roberts,Anguilla,001-658-496-8146,robertsronald@example.net,2023-09-12
8359,Cody,Scott,Sao Tome and Principe,(373)534-5510x783,ingramlori@example.net,2020-03-02
8360,Tracy,Snyder,Cocos (Keeling) Islands,+1-567-247-9170x783,barnesmiguel@example.net,2022-04-07
8361,Edward,Sanders,Tunisia,521.695.4024x57475,cwilson@example.com,2022-01-18
8362,Carlos,Kennedy,Grenada,812-906-2990x19708,edwinmelendez@example.net,2025-11-09
8363,Denise,Mills,South Georgia and the South Sandwich Islands,476.418.0548,wattsrobert@example.net,2022-05-25
8364,James,Johnson,French Guiana,(714)417-7704,ehayes@example.org,2024-09-05
8365,Dalton,Bennett,British Indian Ocean Territory (Chagos Archipelago),512.399.5322,katherinevelazquez@example.org,2024-09-29
8366,James,Thompson,Afghanistan,368-923-1854x899,sonia11@example.net,2021-11-05
8367,Curtis,Howard,Morocco,(370)667-1940,perezmichael@example.net,2022-07-05
8368,Johnny,Hood,Latvia,001-436-949-2178x3267,ana65@example.com,2021-12-18
8369,Jacob,Richardson,Christmas Island,+1-240-559-6478x15321,kendraabbott@example.org,2024-05-18
8370,Richard,Gillespie,Brunei Darussalam,390.290.4007x612,gallagherdanielle@example.net,2022-02-22
8371,Jack,Hunter,Bahrain,6973796760,nrichards@example.net,2023-09-12
8372,Heather,Stone,Puerto Rico,(843)232-9273,ricedavid@example.net,2025-04-07
8373,Stephen,Hernandez,Egypt,001-371-866-0687x4763,williamselizabeth@example.net,2022-04-11
8374,Tyler,Noble,Zambia,+1-838-288-8343x59443,jonesjill@example.org,2024-12-29
8375,Luis,Mathis,Philippines,395-762-5416x47129,russellshea@example.org,2021-09-30
8376,Sean,Wilkerson,Montenegro,001-902-964-1106x04302,sshaffer@example.net,2022-10-13
8377,Joseph,Nicholson,Wallis and Futuna,001-478-210-5153,joseph60@example.com,2023-01-16
8378,Joseph,Harding,Finland,001-221-296-3875x30373,jason94@example.org,2022-05-09
8379,Julie,Hernandez,Antarctica (the territory South of 60 deg S),919-316-7604x018,bobby59@example.net,2022-02-03
8380,Kevin,Farrell,Venezuela,(505)646-5083x639,larsonmichael@example.net,2020-06-24
8381,Melissa,Hansen,Senegal,984-521-3648,mark26@example.net,2020-10-13
8382,Ruben,Hunt,Luxembourg,(723)822-3433,krista07@example.org,2024-01-28
8383,Anthony,Stone,Equatorial Guinea,(594)367-9218x75909,helen77@example.net,2023-01-24
8384,Wesley,Underwood,Vietnam,(513)308-1731,lwashington@example.com,2025-07-06
8385,Monica,Whitney,Luxembourg,(930)635-2890x099,evanramirez@example.com,2022-12-07
8386,Jose,Johnson,Maldives,953.836.4846,idixon@example.net,2021-08-18
8387,Erin,Peterson,North Macedonia,(223)518-1107x269,lawrencejason@example.net,2026-01-01
8388,Michele,Evans,Georgia,5124234481,yvillegas@example.com,2021-08-15
8389,Beth,Garner,Eritrea,(973)290-3094x63454,gary79@example.net,2024-03-23
8390,Anthony,Davenport,Saint Martin,001-537-382-0475x3563,kennedyalexander@example.com,2022-07-20
8391,Michelle,Mann,Guyana,001-972-464-2824x58202,johnmoreno@example.org,2021-05-22
8392,Mary,Jackson,Saudi Arabia,225-233-4275,kristin95@example.com,2024-03-05
8393,Sarah,Green,Ethiopia,+1-323-430-8770x269,emilyadkins@example.com,2023-08-06
8394,Anthony,Wright,Marshall Islands,+1-705-361-2674x419,regina13@example.net,2023-10-25
8395,Ricardo,Colon,United Arab Emirates,245.575.1591,rthomas@example.com,2023-12-30
8396,Kimberly,Gibson,Niue,(343)379-3071,yrodriguez@example.org,2021-04-02
8397,Melinda,Hubbard,Zimbabwe,892.858.5626x194,david12@example.org,2021-02-16
8398,Julie,Miller,Saint Vincent and the Grenadines,+1-655-774-3938x797,pattersonmaria@example.com,2026-01-21
8399,Brittany,Knapp,Madagascar,549-718-5904x6788,housekevin@example.org,2020-02-06
8400,James,Miller,Kyrgyz Republic,903.537.5406x059,watsonscott@example.org,2021-10-31
8401,Jason,Schwartz,Kazakhstan,+1-918-918-9739,cgibbs@example.net,2021-09-03
8402,Deborah,Morgan,Romania,4525740161,mcdonaldjennifer@example.com,2022-10-19
8403,Andrew,Savage,Trinidad and Tobago,851-256-9950x833,jadebrandt@example.org,2024-10-10
8404,Crystal,Johnson,Bulgaria,219.213.9060x0268,ncooper@example.com,2025-01-31
8405,Laura,Gray,Myanmar,713-326-4400x051,patricia53@example.net,2023-09-14
8406,Tyler,Hendricks,Bosnia and Herzegovina,4127426533,pachecoanthony@example.net,2023-07-25
8407,Joseph,Pearson,Lao People's Democratic Republic,+1-919-264-0610x08643,lgates@example.com,2020-09-01
8408,Jennifer,Harrison,Bahrain,622.204.0583,andersonnathan@example.org,2024-04-04
8409,Jessica,Harper,Angola,692.603.2245x833,maureen57@example.com,2023-06-14
8410,Peter,Greer,Saint Pierre and Miquelon,4469034123,sroberts@example.net,2021-04-22
8411,Anthony,Andrade,Chile,(899)469-6052,ariana98@example.net,2024-12-29
8412,Julie,Knight,French Polynesia,757-440-9362x34255,alexanderjudy@example.com,2023-08-18
8413,Nancy,Smith,Sri Lanka,459-275-2913x6005,dominique19@example.org,2023-12-05
8414,Juan,Trujillo,Norfolk Island,527-502-0285x58221,andrewtownsend@example.net,2023-08-21
8415,Rachel,Lozano,Korea,947.683.0503,kthompson@example.net,2021-10-27
8416,Christina,Rogers,Rwanda,774.712.4902x726,youngmelissa@example.org,2022-04-15
8417,Sarah,Garcia,Cayman Islands,615-547-2475,phoffman@example.com,2024-12-15
8418,Lydia,Leon,Jordan,317.853.2687x122,elliottsara@example.net,2020-09-26
8419,Jill,Wilson,Svalbard & Jan Mayen Islands,373.648.1836,derekgoodwin@example.net,2023-05-10
8420,Eugene,Perez,Japan,473.434.1830x11759,april16@example.com,2020-09-06
8421,Cameron,Vazquez,Chile,001-612-758-1242,tinapaul@example.com,2025-05-07
8422,Sandy,Herrera,Armenia,948.456.8335x9999,runderwood@example.com,2023-06-18
8423,Ryan,Harris,Costa Rica,806.608.4645,georgebarr@example.com,2025-09-29
8424,Judy,Griffith,Sierra Leone,(865)292-1466,tina76@example.com,2024-11-02
8425,Sherry,Delgado,Korea,640.575.3995x9121,petersonolivia@example.org,2021-12-19
8426,Matthew,Doyle,Saint Martin,+1-360-277-3904,katherine91@example.com,2023-03-14
8427,Jeffrey,Burton,Italy,001-877-497-3647x22904,brianna37@example.net,2020-12-06
8428,Teresa,Griffith,Aruba,(735)857-0865,shannonsantiago@example.org,2020-11-27
8429,Deanna,Conner,Thailand,727-983-3343,kellygibson@example.net,2020-05-18
8430,John,Delacruz,Estonia,570.673.8471x224,samanthasmith@example.net,2024-07-04
8431,Robin,Joseph,Netherlands,466.850.9020x39441,richardjenkins@example.com,2025-11-09
8432,Thomas,Wright,American Samoa,(852)539-5409,timothy71@example.org,2025-09-05
8433,Kayla,King,Mayotte,443-841-3585x112,brittany91@example.net,2025-12-25
8434,Jasmine,Thornton,Serbia,001-925-422-7432x86904,paynestephen@example.com,2024-02-20
8435,Linda,Dominguez,Vanuatu,841-229-9399,qroberts@example.net,2020-04-13
8436,Jason,Wilkins,Gabon,(279)312-5296,stephanievargas@example.org,2020-06-13
8437,Eileen,Harper,Kenya,933.310.5838x0773,floydlisa@example.org,2022-09-14
8438,Eric,Hanna,Dominican Republic,+1-434-997-4373,angela25@example.org,2020-03-15
8439,Stephen,Burgess,Andorra,735.771.4080x095,junderwood@example.net,2020-11-03
8440,Teresa,Hall,Monaco,911.987.4498x805,dixonapril@example.com,2021-10-25
8441,Matthew,Webster,Austria,940.790.4180x166,garretthughes@example.org,2022-07-02
8442,Randy,Jackson,Greenland,296-526-6556,sparsons@example.org,2023-12-04
8443,Aaron,Frye,Netherlands Antilles,+1-663-230-0555x2296,gregory73@example.com,2024-08-02
8444,Phillip,Williams,Benin,(946)436-1924,angeljohnson@example.net,2022-07-25
8445,William,Adkins,Saudi Arabia,(793)207-3339,leeregina@example.com,2023-02-03
8446,Larry,Hebert,Singapore,310-885-6082,sheilarodriguez@example.org,2023-12-28
8447,Rodney,Stewart,Bangladesh,001-451-348-8809,lmcguire@example.com,2023-08-06
8448,Kim,Perez,Cook Islands,+1-787-585-2998x0478,sheila38@example.net,2024-09-04
8449,Bonnie,Johnson,Myanmar,(328)799-8329x62301,walkersusan@example.net,2023-03-15
8450,Nathan,Hobbs,Qatar,001-889-587-3162x6541,kevinlowe@example.org,2024-03-29
8451,Daryl,Kennedy,Zambia,+1-819-569-6011x56227,jason61@example.net,2020-10-14
8452,Kristin,Craig,United Kingdom,546.932.5203x6978,samuel26@example.org,2022-03-05
8453,Matthew,Campbell,Slovakia (Slovak Republic),699-615-4980x0718,cainmonica@example.com,2021-09-19
8454,Lindsey,Bailey,El Salvador,+1-727-702-3741x3565,parkergrant@example.com,2021-06-09
8455,Holly,Martin,Jersey,781.626.3486,matthew67@example.com,2022-09-23
8456,Tammy,Figueroa,Nigeria,839-447-0576x0825,marksrodney@example.org,2021-07-09
8457,Lisa,Smith,Turkmenistan,001-599-336-1794,dfuentes@example.net,2023-06-04
8458,Scott,Jacobs,Cuba,530-935-2655x15989,walkerjustin@example.com,2020-09-19
8459,Robert,Anderson,Taiwan,996-874-7531,oreeves@example.com,2020-03-26
8460,Olivia,Johns,Tuvalu,267-490-1884x68036,ggonzalez@example.com,2021-08-07
8461,Andrew,Dawson,Congo,991.202.2220x50418,collinsvictoria@example.org,2020-08-04
8462,Jessica,Jones,Bulgaria,(833)683-9209,daviddaniels@example.org,2025-08-11
8463,Anthony,Lynch,Congo,(518)823-6738,ebeck@example.org,2023-09-20
8464,Steven,Lopez,Mongolia,001-452-624-9431x034,timothy37@example.net,2021-01-16
8465,Luke,Santiago,Faroe Islands,001-356-632-7873x236,dylanwilliams@example.net,2021-11-17
8466,Lori,Knight,Botswana,(923)366-0458,sdiaz@example.net,2023-07-03
8467,Roy,Patel,Albania,984-917-0897x6564,jacksondavid@example.net,2020-05-30
8468,Judy,Durham,Sri Lanka,7743097130,osbornelauren@example.org,2024-09-17
8469,Patrick,Powers,Puerto Rico,+1-435-941-5750x37588,clarkcourtney@example.org,2023-11-24
8470,Frederick,Flowers,United States Virgin Islands,876.641.5576,williamscatherine@example.net,2023-04-10
8471,Melissa,Munoz,Armenia,+1-843-307-9332x3597,buchananrandy@example.org,2023-12-10
8472,Christina,Smith,Solomon Islands,001-866-707-3671x16576,randall08@example.com,2020-01-02
8473,Becky,Malone,Costa Rica,951-573-0643x4584,gdavis@example.com,2024-01-01
8474,Mitchell,Pham,Angola,896-373-9744,vtyler@example.net,2024-03-29
8475,Scott,Schultz,Kuwait,688-540-1203x55807,robertsonvincent@example.org,2024-08-18
8476,Morgan,Jackson,Monaco,001-424-349-3984,hduncan@example.org,2020-04-15
8477,Ronald,Gillespie,Greenland,3596194666,gabrielsmith@example.org,2025-04-05
8478,Kenneth,Clark,Bosnia and Herzegovina,+1-265-399-4698,nrios@example.com,2023-07-19
8479,Lisa,Paul,Anguilla,610.719.6241,thomas40@example.org,2025-05-05
8480,Angela,Harris,Lebanon,652.636.7662x55384,tommy34@example.org,2024-05-09
8481,Christopher,Carrillo,French Polynesia,001-770-337-3685x96642,stephenvillegas@example.org,2025-05-22
8482,Sara,Howell,Nauru,4524530527,kylefloyd@example.net,2021-05-28
8483,Veronica,Carter,Congo,(778)852-1484,chad87@example.net,2021-10-13
8484,Sarah,Perez,Brunei Darussalam,495-941-6561,wdiaz@example.com,2022-02-28
8485,Scott,Hahn,Palestinian Territory,861-249-8848x265,jessica20@example.com,2020-04-10
8486,Jorge,Castillo,British Indian Ocean Territory (Chagos Archipelago),577-924-9108,sglenn@example.com,2023-09-03
8487,Tanner,Jones,South Georgia and the South Sandwich Islands,968.754.6166,zkeith@example.net,2025-04-27
8488,Kathleen,Smith,North Macedonia,559.728.0838,rhinton@example.net,2023-02-06
8489,Tanner,Cisneros,Panama,684.668.6684x68270,jody69@example.org,2021-12-24
8490,Nicholas,Ramirez,Pitcairn Islands,693-306-0630x1545,thomas29@example.net,2020-10-13
8491,Julia,Stafford,Guyana,855.683.1841,rachel45@example.net,2020-03-28
8492,Rebecca,Collins,Sao Tome and Principe,7928260837,whitneykhan@example.org,2026-02-24
8493,James,Perez,Guinea,592.548.2177x155,davidyoung@example.net,2023-10-31
8494,Shannon,Park,Tonga,+1-856-979-6385x22364,eric16@example.com,2024-10-20
8495,Joshua,Woodard,Saint Vincent and the Grenadines,290.451.1187,brandtjohn@example.org,2020-07-12
8496,Timothy,Robbins,Finland,8129197523,erin27@example.net,2023-06-11
8497,Robert,Diaz,Maldives,001-818-913-2703x4502,hartraymond@example.org,2025-02-16
8498,Amanda,Wilson,San Marino,403-523-0719,lauren53@example.com,2025-11-07
8499,Katherine,Garcia,Barbados,001-598-223-4153,bernarderic@example.org,2023-03-17
8500,Robert,Schmidt,Afghanistan,823-744-4475x34175,ryan89@example.net,2025-05-08
8501,Amber,King,Bangladesh,329.268.0702,cnguyen@example.com,2020-05-10
8502,Kim,Holmes,Sri Lanka,917.312.8777x227,clewis@example.org,2021-10-12
8503,Martha,James,Antigua and Barbuda,001-215-419-2454x818,beverlyjenkins@example.net,2022-11-17
8504,Louis,Newton,Paraguay,(255)297-9495x188,alexmartinez@example.net,2022-12-27
8505,Brian,Flowers,Maldives,(807)632-0032x078,whitemichelle@example.org,2025-01-26
8506,Casey,Holmes,Jamaica,3012453057,beltrankelly@example.org,2020-04-29
8507,Sharon,Rowe,Papua New Guinea,759.922.5418x315,lisa91@example.net,2022-04-19
8508,Nicholas,Bentley,Belgium,(249)572-2321x5106,nguyendennis@example.net,2026-01-04
8509,David,Turner,Macao,825-789-4362,jonathancoleman@example.org,2022-03-12
8510,Karen,Harris,Kiribati,620.426.5184x0769,taylorphilip@example.com,2021-07-03
8511,Luis,Carrillo,Falkland Islands (Malvinas),782-622-5011,perkinsstephanie@example.net,2023-09-24
8512,Jonathan,Keith,Belgium,+1-820-966-7601,pierceglenda@example.org,2022-06-28
8513,Derrick,Chandler,Venezuela,(827)236-9861,ballarddaniel@example.org,2025-03-23
8514,Linda,Shea,United States Minor Outlying Islands,9377708578,andersonedward@example.net,2022-04-02
8515,Darren,Mcneil,Aruba,(650)278-4665x4036,maryarias@example.com,2024-08-25
8516,Susan,Haas,Monaco,001-364-684-7088x9978,thomasgutierrez@example.com,2023-09-13
8517,Andrew,Walters,Korea,001-343-557-8074x0473,loganwendy@example.net,2025-09-17
8518,Erin,Calhoun,North Macedonia,001-950-598-1605x77471,emartinez@example.org,2023-03-21
8519,Donna,Clark,Jamaica,(746)225-4625,hernandezalan@example.net,2024-02-12
8520,Michelle,Solis,Belize,6446943860,gmoore@example.com,2021-05-15
8521,Damon,Davis,Yemen,(341)453-2604,crawfordmarissa@example.net,2025-05-27
8522,Melissa,Jacobs,Lithuania,705.354.2918x256,lisa62@example.com,2023-10-27
8523,Linda,Miller,Liechtenstein,605-862-3171,stewartsteven@example.org,2021-07-18
8524,John,Harrison,Benin,9779830940,courtneyzavala@example.com,2025-10-25
8525,Harold,Bennett,Antigua and Barbuda,493-998-9178x37863,benjamin30@example.org,2022-07-09
8526,Patricia,Bradshaw,Saint Lucia,8579645640,ocordova@example.com,2022-02-25
8527,David,Atkins,Libyan Arab Jamahiriya,842-436-5509,karen75@example.net,2020-11-16
8528,Erik,Lucero,Qatar,975-786-9044x6601,bparrish@example.org,2022-08-23
8529,Joseph,Meyers,Cameroon,001-820-826-1802x0011,ryan64@example.net,2020-12-16
8530,Teresa,Lopez,Congo,720.845.5120,dbennett@example.com,2025-08-29
8531,Mark,Young,Aruba,3208650742,jkennedy@example.org,2022-02-22
8532,Hunter,Rangel,Trinidad and Tobago,942.848.1328x3775,dcampbell@example.net,2025-01-05
8533,Tony,Smith,Senegal,+1-301-841-1936x29329,anthony21@example.net,2022-01-26
8534,Rick,Porter,Colombia,569.565.1929x1813,travisjensen@example.net,2020-01-01
8535,Joseph,Haley,Estonia,(357)945-8400x153,michael10@example.com,2023-07-29
8536,Robert,Lewis,Sierra Leone,001-747-488-6024x436,schmidtbrian@example.org,2024-10-12
8537,Larry,Taylor,Mexico,001-273-285-4614,brianna48@example.org,2024-06-02
8538,Catherine,Neal,Serbia,001-619-992-9173x1642,dylan74@example.net,2022-10-09
8539,Kathleen,Smith,Svalbard & Jan Mayen Islands,519-820-9250x144,vking@example.org,2022-07-29
8540,Brooke,Mueller,Monaco,(870)602-1740,pwilkins@example.com,2021-09-17
8541,Russell,Taylor,Sao Tome and Principe,+1-545-246-9222x8888,david64@example.org,2022-07-04
8542,Amber,Campbell,Haiti,(873)433-9858x047,watsonmisty@example.org,2021-05-30
8543,Wendy,Dean,Chile,+1-331-921-1628x024,nbarrera@example.com,2021-10-31
8544,Mark,Davis,France,980.597.1464,nicole53@example.com,2024-02-14
8545,Kristi,Bowman,Austria,(527)518-0442,mitchell54@example.net,2024-08-06
8546,George,Williams,Guyana,815.422.5175x8053,rachel80@example.org,2022-11-30
8547,Peter,House,Lithuania,790-870-9524,fmurphy@example.com,2024-06-14
8548,Bailey,Wright,French Guiana,(802)568-0552x6247,ashleyrussell@example.net,2023-09-15
8549,Johnny,Davis,Japan,7105114572,fritzneil@example.org,2025-10-08
8550,Donald,Gray,Hong Kong,757.892.1842,wavila@example.org,2025-07-16
8551,Christopher,Sexton,Trinidad and Tobago,(789)274-5611x53440,jpierce@example.org,2026-02-15
8552,Lori,Wheeler,Serbia,462-298-8667,bryanfreeman@example.com,2020-09-02
8553,Carolyn,Reed,Micronesia,648.929.7159,cannonchristopher@example.com,2023-01-20
8554,Lauren,Campbell,Timor-Leste,(729)584-1516,richard63@example.com,2025-02-08
8555,Brittany,Sawyer,Tokelau,708.507.7304x874,crawforderika@example.com,2022-10-12
8556,James,Clark,Tokelau,470-461-0804x19341,williamsanthony@example.net,2021-07-19
8557,Sheryl,Jenkins,Uruguay,(310)275-5488,branchtimothy@example.net,2024-06-24
8558,Steven,Andrews,Iran,758-722-5147x5373,sellerscynthia@example.com,2021-12-19
8559,Cheryl,Tyler,Belarus,(638)593-8086x6959,njohnson@example.org,2021-11-29
8560,Jill,Graham,Liechtenstein,+1-410-400-7983x309,natalie49@example.net,2023-03-18
8561,Alexander,Rocha,Seychelles,(669)916-2310,wbaker@example.com,2021-06-04
8562,Paul,Vasquez,Mexico,001-928-701-1712x3778,yschmidt@example.org,2020-08-22
8563,Eric,Hanna,Trinidad and Tobago,233-348-4027x19384,dixonalexis@example.org,2024-08-27
8564,Anthony,Rodgers,Saint Barthelemy,(831)338-9275,sbaxter@example.com,2024-06-17
8565,Adam,Payne,Mexico,636-859-0669,whall@example.org,2022-07-19
8566,Alicia,Guerrero,Bolivia,533.230.7035,taylor99@example.com,2025-10-10
8567,Christopher,Jackson,Rwanda,997.278.6585,jane54@example.net,2022-02-09
8568,Matthew,Kane,British Virgin Islands,231.283.3846,nicholasscott@example.net,2021-01-08
8569,Kristine,Archer,Anguilla,9166377148,smithcraig@example.net,2023-08-07
8570,Christopher,Graham,Afghanistan,511.411.6499,fcoleman@example.com,2025-09-28
8571,Ryan,Palmer,Guam,+1-953-416-8658x514,jonesjasmine@example.org,2023-11-18
8572,Joseph,Johnson,Switzerland,+1-737-479-0317x013,parrishhannah@example.com,2021-12-09
8573,Samuel,Baldwin,Tanzania,457-786-0594x779,dianewallace@example.com,2021-12-06
8574,Charles,Lopez,Estonia,2274927268,pdaniels@example.net,2021-09-19
8575,April,Clark,Peru,+1-653-894-5083x19537,kevin39@example.com,2020-07-12
8576,Rachel,Davis,Korea,460-222-7035x80231,reyestina@example.net,2020-09-10
8577,Jack,Galvan,Aruba,298.882.8249x7492,edurham@example.net,2024-07-01
8578,Benjamin,Joseph,Western Sahara,(435)534-6718,miranda19@example.org,2021-03-16
8579,Steven,Richards,United States Minor Outlying Islands,496.849.7236x6529,donna66@example.net,2021-11-26
8580,Cody,Villegas,Romania,001-324-572-7925x0310,lisa15@example.org,2022-07-31
8581,Patricia,Huerta,Zambia,(736)295-4178,kimberly20@example.org,2024-11-19
8582,Jeffrey,Andersen,Namibia,338-885-9811x826,sharon39@example.org,2023-05-01
8583,Nathan,Butler,Chad,+1-565-813-6294x145,david99@example.net,2021-11-26
8584,Mackenzie,Bryan,Turkey,8527611900,jameswilliams@example.org,2026-01-26
8585,Kylie,Bradshaw,Falkland Islands (Malvinas),+1-677-695-1896,geoffreyreed@example.net,2024-03-05
8586,Sara,James,Papua New Guinea,(660)280-2646x697,alejandra59@example.com,2023-02-11
8587,Amanda,Murphy,Andorra,391-439-4961x63778,michael93@example.org,2024-11-24
8588,Brian,Roy,Mauritius,580-729-0853x0667,bkline@example.net,2023-09-19
8589,Rick,Griffin,Serbia,(388)541-6230x324,woodmichael@example.org,2020-10-09
8590,Michelle,Stewart,Germany,+1-625-571-3352x9496,anna05@example.com,2025-09-07
8591,Eric,Ramos,Sao Tome and Principe,(532)777-9344x7216,michaelhunt@example.com,2021-05-27
8592,Nathan,Garcia,Argentina,526.754.5133x8583,simsjessica@example.com,2020-03-15
8593,Philip,Knight,Japan,(275)480-9660x93524,swilliams@example.net,2025-02-17
8594,Karen,Lopez,Czech Republic,+1-434-869-7440x246,amysmith@example.net,2021-11-21
8595,Jose,Andersen,Rwanda,943.801.4967,baileyjennifer@example.net,2024-06-29
8596,Lauren,Harvey,Qatar,8886535698,frank58@example.org,2022-01-04
8597,Jason,Marsh,Saint Kitts and Nevis,+1-682-775-2692x594,bryanwilliams@example.com,2021-01-12
8598,Megan,Werner,Cameroon,+1-838-952-4598x52463,zhansen@example.org,2020-03-04
8599,Jonathan,Davis,Somalia,001-699-740-6627x5267,williamlong@example.net,2023-02-19
8600,Sandra,Hughes,Ukraine,380-999-5106x952,hayesjennifer@example.org,2025-02-07
8601,Brittany,Shepherd,Isle of Man,484.224.0768x0853,rodneybowen@example.com,2020-11-25
8602,Melissa,Johnson,China,(698)424-8200x1907,nicholas77@example.net,2024-12-07
8603,Sarah,Larson,Maldives,221-849-8133,hdouglas@example.org,2023-11-26
8604,Janet,Murray,Bermuda,235-574-5558x054,jgarcia@example.com,2024-09-11
8605,Steven,Blake,Burkina Faso,(293)783-8099,jessicaleon@example.com,2024-06-27
8606,William,Lindsey,French Polynesia,812-364-8819x0368,diane21@example.org,2021-10-04
8607,Tracey,Berry,Ireland,842-579-5285x935,carolynmoore@example.com,2024-04-14
8608,Wendy,Kennedy,Belize,001-831-505-1437,pollardkaren@example.net,2024-11-29
8609,Aaron,Ramirez,Brazil,+1-476-303-3259x10356,jasonarnold@example.org,2025-10-12
8610,Helen,Ramirez,Jamaica,7872664245,jenniferstewart@example.org,2021-03-31
8611,David,Charles,Dominican Republic,+1-996-785-0773x9057,nthompson@example.net,2023-01-25
8612,Julia,Perry,Luxembourg,+1-713-280-2477x47364,jamierivera@example.com,2024-05-27
8613,Jessica,Hodges,American Samoa,531-903-3502x590,coxdevin@example.net,2022-11-12
8614,Suzanne,Sanchez,Iraq,001-543-807-5188x23014,websterchristopher@example.org,2020-09-29
8615,Shaun,Williams,United States of America,433.658.5356x5764,mercerbenjamin@example.com,2021-06-29
8616,Michelle,Reyes,Estonia,405.847.8450,nguyenjulie@example.org,2024-09-30
8617,Jeremy,Robertson,Poland,568.386.7721x1932,garrett07@example.com,2025-10-26
8618,Kathleen,Mcgee,Malta,209.275.7568,brettgarcia@example.com,2022-08-27
8619,James,Thornton,Benin,001-386-306-6391x2342,mwells@example.net,2021-12-16
8620,Anthony,Nguyen,Gambia,675.903.3907x3317,yfigueroa@example.net,2022-10-01
8621,Robert,Green,American Samoa,857.662.8474x0769,uneal@example.net,2023-04-11
8622,Samantha,Huang,Aruba,507-277-3300,bvelasquez@example.com,2024-09-14
8623,Kristina,Johnson,French Polynesia,420-865-3838x79390,candacesparks@example.com,2024-03-14
8624,Marvin,Young,Ecuador,+1-635-234-8046x111,zbailey@example.com,2020-01-29
8625,Keith,Huff,Comoros,471.936.9633x8094,kellyburnett@example.com,2022-06-13
8626,Brandon,Brown,Afghanistan,779-886-2374x0639,williamstimothy@example.net,2025-04-07
8627,Deanna,Johnson,Slovakia (Slovak Republic),001-928-966-3156x808,karenharrison@example.org,2023-05-13
8628,Monica,Jones,Hungary,723.832.4205x30454,awalsh@example.org,2024-08-31
8629,Jonathan,Frey,Togo,001-230-613-4476x575,gabriela09@example.com,2023-09-26
8630,Michelle,Ball,Myanmar,284.698.7648x98299,kellygamble@example.com,2021-03-20
8631,Megan,Welch,Kiribati,+1-805-292-3688,richard20@example.org,2024-08-19
8632,Emily,Williams,Russian Federation,947.436.6001,scotttodd@example.com,2022-04-24
8633,Don,Perkins,Antarctica (the territory South of 60 deg S),437-463-8287x7408,jharris@example.net,2023-08-22
8634,Jennifer,Terry,Nepal,(491)256-1060x726,stephanie06@example.net,2025-11-14
8635,Ashley,Jones,Honduras,001-898-479-1029x2530,nancy49@example.com,2021-12-10
8636,Lori,Hernandez,Angola,456.701.0197,zbradley@example.org,2022-07-27
8637,Scott,Torres,Mexico,717.864.8215,wagnerwhitney@example.com,2021-10-29
8638,Jessica,Maldonado,Hungary,+1-978-840-7477x12497,abigail41@example.com,2020-06-05
8639,Kyle,Krueger,Moldova,7969967564,mario78@example.org,2026-01-25
8640,Robert,Cervantes,Guernsey,294.699.0693,johnsonjennifer@example.net,2023-01-28
8641,Anna,Thomas,Jordan,555-776-6403,travis29@example.net,2022-03-02
8642,Carolyn,Roberts,Nepal,338.414.2820x26817,jhall@example.org,2021-12-26
8643,Becky,Dillon,Palau,001-401-832-5825x665,ureyes@example.org,2023-11-05
8644,Craig,Carter,Norfolk Island,+1-786-324-6419x4391,ugonzales@example.net,2021-10-22
8645,Jerry,Walker,Denmark,237-766-1333,wdavis@example.net,2021-06-07
8646,Michael,Foster,Syrian Arab Republic,+1-340-841-8117x33915,tvillarreal@example.org,2023-02-21
8647,Andrew,Evans,Cape Verde,001-791-247-8031x8117,jameshuerta@example.org,2024-05-07
8648,Jessica,Oneal,Christmas Island,+1-964-708-6041,migueljones@example.net,2020-09-06
8649,Jeffery,Cox,Papua New Guinea,001-808-355-3198,kevinlawrence@example.com,2021-07-25
8650,Amber,Hamilton,Aruba,001-481-605-4512,elizabeth28@example.org,2021-07-09
8651,Lisa,Hamilton,Finland,901-311-2908,lopezjeremy@example.net,2021-02-27
8652,Patricia,Harrington,Christmas Island,+1-208-295-6598x0700,harrischad@example.net,2022-03-31
8653,Tina,Frazier,Mozambique,250-566-3095,amandaespinoza@example.net,2024-11-01
8654,Margaret,Delgado,Saint Pierre and Miquelon,228.577.2822x537,erikamooney@example.com,2025-06-01
8655,Todd,Ayers,China,272.760.3471,brian45@example.org,2025-06-27
8656,Jessica,Duran,Iran,516-881-7536,potterbenjamin@example.net,2025-08-01
8657,Kyle,Cox,Korea,723-218-6576,sanchezkurt@example.net,2020-04-25
8658,Leslie,Guerra,Tonga,001-305-803-1189x299,gailhall@example.org,2023-08-31
8659,Christine,Ibarra,Holy See (Vatican City State),001-630-852-3491x2888,christinebrown@example.net,2021-06-04
8660,James,Craig,Gabon,+1-453-202-9835x094,melissa60@example.net,2023-04-20
8661,Vanessa,Garcia,Bangladesh,+1-691-406-6600,simpsonlinda@example.org,2020-12-06
8662,Kara,Hunt,Argentina,880.279.8157x6106,lori98@example.com,2025-02-23
8663,Cory,Anthony,Holy See (Vatican City State),+1-756-395-2040x5797,parkertimothy@example.net,2024-04-19
8664,Stacey,Kim,France,001-340-524-1566x689,watkinsrichard@example.net,2023-09-16
8665,Bonnie,Williams,Iceland,289-442-5786x63716,anthony20@example.com,2024-03-22
8666,Heather,Brown,Netherlands,(583)610-1759,alexandra39@example.net,2025-03-01
8667,Brooke,Rogers,Italy,001-351-572-8280,grandall@example.org,2021-08-28
8668,Catherine,Hale,Venezuela,(395)873-4491,wendyeaton@example.com,2023-07-28
8669,Brittany,Little,Iceland,796-563-9039x2682,lindsey95@example.net,2024-05-26
8670,David,Mcmahon,Egypt,640-694-2607x496,cannoncassandra@example.net,2025-05-20
8671,Anthony,Carney,Madagascar,373-916-3380x93190,daltonjohn@example.com,2021-02-10
8672,Kevin,Harris,Taiwan,662.898.6819,courtney88@example.net,2020-04-17
8673,Tom,Hamilton,Eritrea,(855)611-0808x4628,ikramer@example.net,2023-05-19
8674,Donna,Norman,American Samoa,(527)945-0559,hsanchez@example.net,2023-01-19
8675,Kyle,Garrett,Solomon Islands,299-685-5920x5250,bpowell@example.com,2020-08-07
8676,Kathryn,Brown,Ukraine,001-783-832-5343x92850,ucaldwell@example.net,2021-06-20
8677,Joseph,Garrett,Malaysia,(376)283-5915x724,evanschristine@example.net,2025-03-04
8678,Martin,Koch,Fiji,320.657.4580x6088,bjennings@example.net,2022-02-15
8679,Mason,Huffman,Cote d'Ivoire,(981)239-1426,snowjames@example.net,2024-02-20
8680,Dorothy,Gonzalez,Turks and Caicos Islands,(785)675-1659x558,jcameron@example.org,2021-04-08
8681,Julia,Sanchez,Kyrgyz Republic,(404)521-6915x562,jordan35@example.com,2020-04-23
8682,James,Johnson,United States Minor Outlying Islands,(226)483-4816,meredithsmith@example.org,2024-01-01
8683,Melissa,Arnold,Venezuela,+1-654-866-5772x337,joshua72@example.com,2025-06-18
8684,Jennifer,Woods,Lebanon,2953421173,wesleymarshall@example.com,2025-11-23
8685,Elizabeth,Reed,Kenya,794-638-6083x59340,nancy87@example.com,2022-09-14
8686,Tommy,Holland,Saint Kitts and Nevis,(671)771-7645,rbennett@example.org,2023-06-27
8687,Toni,Wong,Romania,773.324.3538,vmann@example.net,2025-08-19
8688,Megan,Gray,Georgia,254.635.8167x2572,floreskenneth@example.net,2020-07-09
8689,Corey,Powell,Turkey,001-841-671-5539x490,anthonywhite@example.org,2023-09-16
8690,Heather,Gibbs,Serbia,001-772-618-5053x582,diana74@example.org,2021-11-19
8691,Justin,Bates,Pitcairn Islands,(872)565-2243x175,michael54@example.org,2022-11-17
8692,Trevor,Miller,Georgia,(281)235-6701x737,reeseleah@example.org,2023-03-31
8693,Tina,Rhodes,Guatemala,(725)454-2815,burnettshane@example.net,2021-01-29
8694,Kenneth,Rodriguez,Azerbaijan,235-792-1636x51259,wendyorr@example.org,2021-09-19
8695,Todd,Wood,Bermuda,800.554.8041,bakerrhonda@example.net,2022-04-19
8696,Theresa,Porter,Armenia,001-361-209-3383,thorntondouglas@example.org,2021-10-16
8697,Bruce,Brooks,Central African Republic,(730)211-9460,qgeorge@example.org,2024-06-14
8698,Krystal,Alvarado,Canada,+1-568-366-5461x47220,parkerjoseph@example.com,2024-05-08
8699,Jill,Cobb,Falkland Islands (Malvinas),894-229-5697x39861,mshort@example.com,2021-09-27
8700,Howard,Martinez,Trinidad and Tobago,001-883-955-6425x6686,stephaniekelley@example.org,2023-11-17
8701,Benjamin,Brown,Estonia,808-509-6545,kleinian@example.org,2025-03-10
8702,Brooke,Williams,Korea,+1-826-447-6687x886,wgomez@example.org,2020-02-07
8703,Ashlee,Hamilton,Micronesia,936-746-7894x68744,xmartin@example.org,2023-01-13
8704,Loretta,Green,Lesotho,263.943.8615x7727,tstewart@example.org,2024-09-11
8705,Courtney,Wilkins,Malta,366.933.2767x5561,carla04@example.net,2022-03-05
8706,Martin,Rodriguez,Netherlands,+1-436-855-4101x4276,xbowen@example.net,2021-02-12
8707,Nathan,Wright,Saudi Arabia,645.915.9734,renee77@example.net,2023-10-25
8708,Michelle,Greene,Venezuela,001-300-779-7858x8763,epearson@example.com,2022-02-17
8709,Shannon,Johnson,Cocos (Keeling) Islands,478.930.1327,bbentley@example.org,2020-08-07
8710,Jerry,Alexander,Germany,(218)310-9443,anthonywalker@example.net,2022-05-11
8711,James,Grant,Korea,505.992.9853x18639,lucasshannon@example.org,2023-04-24
8712,Paul,Cordova,Algeria,001-298-793-5993x12972,steve85@example.com,2024-10-03
8713,Lindsey,Clements,North Macedonia,812.586.6722x415,yvalentine@example.net,2022-05-19
8714,Ashley,Deleon,United States of America,(497)437-8083x8007,tmeadows@example.com,2024-05-22
8715,Sharon,Davis,Malta,(354)365-2487x74238,collin12@example.com,2022-06-12
8716,Jason,Cooley,Congo,244.922.8785x774,juarezandrew@example.org,2023-01-10
8717,David,Mitchell,Wallis and Futuna,+1-599-500-2829,littlejacqueline@example.net,2020-02-24
8718,Patricia,Gray,Haiti,680.702.2762x4730,estradabarbara@example.org,2025-03-24
8719,Kelsey,Jones,Aruba,356.868.7428x4959,greg70@example.org,2020-12-15
8720,Allen,Lewis,Turkmenistan,001-805-401-4566,david22@example.com,2024-02-08
8721,Ryan,Oconnor,Rwanda,+1-854-395-0485,jeanettegutierrez@example.org,2021-05-24
8722,Adam,Collier,Costa Rica,4539623349,gravesmichael@example.org,2025-09-20
8723,Andrea,Gomez,Cuba,+1-528-812-5804x5571,owells@example.org,2023-08-30
8724,Eric,Vargas,Netherlands,001-442-842-5379x47049,robertwright@example.com,2025-07-25
8725,Nathan,Murphy,Seychelles,984.385.5928,michaelwong@example.com,2020-05-05
8726,Michael,Avila,Burkina Faso,892-307-6709x6005,margaretmoreno@example.com,2025-05-30
8727,Dawn,Ross,Congo,896-553-5588x6219,dawn12@example.com,2025-03-02
8728,Jeffrey,Walker,Uganda,(908)519-7738,ueaton@example.org,2022-10-12
8729,Jason,Williams,United Kingdom,2547933064,xayala@example.com,2021-09-17
8730,Amber,Larson,Belgium,001-981-603-2619,bailey70@example.net,2020-12-24
8731,Erica,Higgins,Lithuania,001-511-949-0851x972,ryanhines@example.com,2024-03-28
8732,Tyler,Hanna,Israel,274-839-4056,williamsjocelyn@example.net,2020-03-23
8733,Dominique,Scott,Ecuador,(943)916-4108x1222,nrodriguez@example.com,2021-02-02
8734,Tiffany,Coleman,Reunion,458.827.3529,nicolecortez@example.com,2020-06-09
8735,Sara,Carney,Honduras,001-952-783-7851,tracybauer@example.net,2020-11-27
8736,Donna,Black,Bulgaria,(545)372-6609x86277,kimberlywiley@example.org,2026-01-29
8737,Justin,Ball,Brazil,342-949-9560x175,laneallison@example.com,2024-02-25
8738,David,Wood,Nigeria,001-305-285-6315x2958,thompsonisabella@example.net,2025-08-17
8739,Tracy,Romero,Sao Tome and Principe,5643705116,joycestanley@example.com,2023-08-12
8740,Melissa,Dennis,Indonesia,+1-518-639-0163x11192,pittmanbrittany@example.org,2025-11-11
8741,Nicole,Moore,Norfolk Island,001-798-215-0547x471,gregory92@example.com,2022-08-23
8742,Karen,Taylor,Venezuela,228.620.9920x277,montgomerykeith@example.com,2023-12-14
8743,Monica,Scott,Colombia,783-744-3791,dukecourtney@example.com,2021-03-31
8744,Alicia,King,Burkina Faso,527.237.1378x4332,kelleyemily@example.org,2025-11-30
8745,Tina,Lopez,Tunisia,001-271-554-3874x103,xlarson@example.net,2025-01-26
8746,Ashley,Mckenzie,Jordan,575-372-7109,wbyrd@example.net,2025-10-21
8747,Nicholas,Ross,Ethiopia,847-236-6234x25096,rcole@example.org,2025-10-22
8748,Christina,Wood,Cameroon,(469)982-8192x3481,rayeric@example.net,2024-07-17
8749,Jorge,Cook,South Georgia and the South Sandwich Islands,+1-499-738-6357,lindasmith@example.org,2022-12-27
8750,Louis,Marshall,Bangladesh,592.501.6895x799,qharris@example.com,2022-12-23
8751,Pamela,Burch,Portugal,(684)889-5249x1394,mwhite@example.org,2023-06-20
8752,Lisa,Jones,Reunion,001-328-347-1209,jeffreymoore@example.net,2024-06-20
8753,Erika,Owens,Palestinian Territory,001-550-761-0370x388,ptorres@example.org,2023-12-07
8754,Lori,Collins,Kyrgyz Republic,001-964-279-4384x21034,ncarter@example.org,2024-05-14
8755,Daniel,Gray,Montenegro,370-327-1739,qmyers@example.net,2025-04-01
8756,Patricia,Brown,Chad,611.564.9178,james33@example.com,2023-05-09
8757,Calvin,Barrett,Haiti,377-814-9623,curtisjoshua@example.net,2020-07-09
8758,Sean,Floyd,Canada,(785)259-1065x914,jblackburn@example.com,2020-10-21
8759,Stephanie,Bradley,Netherlands Antilles,386.568.0491,nathanfranklin@example.com,2025-04-12
8760,Michael,Brown,French Southern Territories,6217773886,freemanmarissa@example.org,2020-07-02
8761,Thomas,Carter,Dominican Republic,493.808.4369x057,christina44@example.org,2022-01-19
8762,Margaret,Miller,Australia,856-250-3892x6129,keith07@example.net,2021-03-21
8763,Carlos,Leonard,China,(928)874-3662x331,jonescarlos@example.net,2022-08-20
8764,Kristina,Watts,United States Virgin Islands,+1-505-617-2724x0490,campbellapril@example.net,2022-04-29
8765,Danielle,Hernandez,Palestinian Territory,+1-951-439-5906x152,cooperelizabeth@example.com,2024-01-21
8766,Brittany,Whitney,Cuba,944.748.4828x24205,olivertimothy@example.org,2023-04-09
8767,Derrick,Harris,Colombia,+1-754-736-4554x9138,vmoore@example.org,2020-10-24
8768,Justin,Zamora,El Salvador,(419)992-5656x66248,pricegeorge@example.com,2026-03-05
8769,Jeanette,Armstrong,Poland,3685727446,kcherry@example.com,2023-05-17
8770,Janice,Greene,Martinique,(794)274-3638,collinskeith@example.net,2022-11-13
8771,Robert,Martinez,Trinidad and Tobago,227.889.5086,vjackson@example.com,2021-10-20
8772,Bradley,Rivera,Gibraltar,895.677.7899x35030,bakeranthony@example.net,2020-11-29
8773,Justin,George,Iran,330-684-8026x2135,codonnell@example.com,2023-05-19
8774,Kathy,Wallace,Sierra Leone,001-964-938-8217x95429,dsantos@example.net,2025-05-27
8775,Michael,Hayes,Jordan,370.932.0301x8333,thomas43@example.org,2023-11-08
8776,Rachel,Owens,Portugal,+1-982-576-7088x23341,garciakathleen@example.com,2023-07-06
8777,Ryan,Brooks,Tokelau,583-697-9239x033,rbennett@example.com,2020-08-19
8778,Jade,Long,Lebanon,7409429653,jill09@example.com,2023-07-07
8779,David,Allison,Reunion,655.851.6001x765,cindy46@example.net,2020-12-18
8780,Tina,Levine,South Africa,323-736-4263x597,meghanyoder@example.org,2021-09-13
8781,Teresa,Smith,Nicaragua,+1-611-209-7718x125,imacias@example.org,2022-11-08
8782,Michelle,Anderson,San Marino,329-697-2011x5374,darrellstanley@example.com,2020-01-07
8783,Derrick,Berry,Israel,(294)853-3574,qballard@example.net,2025-10-01
8784,Andrea,Payne,Cayman Islands,570-728-1083,bberry@example.org,2021-02-10
8785,Timothy,Anderson,Belgium,(754)704-3242x7739,wolfejoseph@example.com,2020-03-10
8786,Stephen,Caldwell,Mongolia,285.977.7173x5961,audrey08@example.net,2022-12-23
8787,Kristina,Farmer,Cayman Islands,414.325.9846x3846,cindybrooks@example.com,2022-02-01
8788,Jennifer,Walker,Taiwan,892.438.0181,tlopez@example.com,2023-02-17
8789,Chris,Holt,Latvia,662-621-2906,vcruz@example.org,2023-11-12
8790,Rebecca,Gordon,San Marino,001-899-690-5615x3861,andersonvalerie@example.net,2025-08-19
8791,Kyle,Douglas,Niger,001-537-877-9996,kennethsanchez@example.net,2025-06-29
8792,Christine,Wilson,Comoros,+1-992-942-1423x13361,steven75@example.net,2020-01-30
8793,Isaac,Lee,Taiwan,(847)911-2382,dawsonlacey@example.net,2020-08-26
8794,Jessica,Hancock,Guinea,(563)939-2036,wongjohn@example.com,2020-09-05
8795,Brittney,Andrews,Kenya,+1-273-961-7761x94547,christine69@example.org,2022-12-21
8796,Mark,Nicholson,Equatorial Guinea,701-258-1951,juansandoval@example.org,2020-04-07
8797,Joseph,Harmon,Pitcairn Islands,001-346-498-0291x99868,nkramer@example.org,2020-04-08
8798,Joseph,Miller,Eritrea,+1-855-479-3628x53992,lperry@example.net,2023-09-14
8799,Kimberly,Garcia,Solomon Islands,001-811-444-5645,eric47@example.com,2021-07-12
8800,Erin,Duran,Argentina,797.708.7468x861,michael63@example.org,2023-09-14
8801,Darrell,Smith,Afghanistan,426-607-2919x503,rwalker@example.com,2020-10-15
8802,Christy,Cruz,New Caledonia,624-887-1360,benjamin56@example.com,2021-07-27
8803,Martin,Butler,Samoa,931.591.7608x2465,ykirby@example.com,2022-06-04
8804,Tammy,Johnson,Hungary,(280)564-5997x62742,megan10@example.net,2024-02-11
8805,James,Hunter,Spain,001-541-586-8061x2933,ibanks@example.net,2025-10-09
8806,Donna,Perkins,Romania,644-970-4613x0965,kyle93@example.org,2022-02-22
8807,Cheryl,Campbell,French Guiana,681-263-2449x74248,ryan28@example.org,2020-12-16
8808,Patricia,Bean,Falkland Islands (Malvinas),(861)938-4671x1771,jacobsonjohn@example.org,2020-05-01
8809,Erik,Garcia,Svalbard & Jan Mayen Islands,275.830.5983,markscurtis@example.net,2020-01-02
8810,Karen,Miller,Panama,001-370-979-4100x60156,darlenerocha@example.com,2021-02-11
8811,David,Warner,Christmas Island,853-987-4222,cookjennifer@example.org,2023-03-19
8812,Tammy,Ray,Martinique,001-250-899-3678x95063,heather40@example.net,2022-03-16
8813,Brittany,Young,Taiwan,658-326-9606x3731,taraguzman@example.org,2020-11-25
8814,Gerald,King,Tokelau,(201)612-1716,lisaporter@example.com,2023-08-01
8815,Krista,Strong,American Samoa,+1-968-485-3409x556,dawsontheresa@example.com,2025-04-07
8816,Linda,Mejia,Sierra Leone,001-913-595-1112x2473,cruzdavid@example.com,2024-01-11
8817,Breanna,Smith,Cook Islands,980.434.1492x7456,tking@example.net,2024-10-12
8818,Kristen,Jimenez,Nigeria,001-425-392-0614,wardsandra@example.org,2020-06-17
8819,Jeffery,Harmon,Indonesia,001-923-983-0145x234,ipadilla@example.net,2025-11-22
8820,Brittany,Snyder,Saudi Arabia,001-628-470-4186,sara24@example.net,2023-10-18
8821,Christine,Rollins,Djibouti,263.257.8001x89242,charles60@example.com,2023-08-14
8822,Kelly,Mcclain,Mali,+1-929-969-6598x1193,angelacross@example.net,2024-04-02
8823,Gary,Holt,Saint Barthelemy,567-218-4226x71360,rstevenson@example.com,2023-01-22
8824,Deborah,Payne,Sri Lanka,(225)378-8088x8042,vanderson@example.net,2022-01-03
8825,John,Maldonado,United Kingdom,607-467-8278,ypalmer@example.net,2026-03-04
8826,John,Elliott,Finland,+1-740-768-7468x7675,margaret65@example.net,2025-05-04
8827,Nathaniel,Scott,Sao Tome and Principe,(596)566-6027,emilychan@example.com,2023-04-26
8828,Carrie,Bishop,Haiti,001-979-239-9339,garciaamy@example.com,2020-03-04
8829,Jonathan,George,Barbados,001-295-647-2790x8607,zgarcia@example.org,2023-09-07
8830,Laura,Fowler,Estonia,431-753-4444x4432,craigklein@example.org,2022-10-25
8831,Leslie,Kane,Aruba,(964)532-9857,aadams@example.net,2024-08-28
8832,Richard,Long,Guinea-Bissau,+1-815-828-8197x67078,marietrevino@example.org,2020-09-08
8833,Alexander,Bartlett,Honduras,6669291942,evansnyder@example.org,2025-04-13
8834,Dalton,Ritter,Madagascar,001-404-533-7794,michaelwilliams@example.net,2022-06-18
8835,Christopher,Patterson,Hungary,472-466-9599,taylorwatts@example.com,2020-09-17
8836,Erik,Hood,Sierra Leone,459-738-2007,mary27@example.com,2023-11-03
8837,Maria,Mcfarland,Cote d'Ivoire,965-952-8414x6111,sotorobert@example.org,2025-12-30
8838,Diana,Webb,Macao,549.332.0516,angela76@example.com,2025-05-17
8839,Carlos,Bender,Western Sahara,+1-835-373-6136x2093,ashley76@example.net,2025-11-22
8840,Bill,Burns,Guyana,511-729-7121x69707,zleonard@example.org,2025-06-20
8841,April,Jones,Malawi,469-998-7047x8087,fergusonkaren@example.net,2025-12-23
8842,Jamie,Hunter,Ireland,001-526-287-5167x83626,icarpenter@example.com,2023-05-22
8843,Jessica,Hunter,Morocco,+1-939-379-5960x1367,walkerpaul@example.org,2024-05-14
8844,Megan,Carr,Ghana,649.481.8521x73733,williamskrystal@example.net,2023-02-13
8845,Bryan,Mcneil,India,(777)222-4015,jordanjustin@example.net,2020-02-20
8846,Mercedes,Wilson,Anguilla,001-337-406-4578x926,zacharycopeland@example.org,2021-01-28
8847,Amanda,Lynch,Turks and Caicos Islands,231-622-1401,russophillip@example.net,2023-08-18
8848,Stephanie,Coleman,Denmark,201-790-2822,laura91@example.com,2024-07-09
8849,Jennifer,Aguilar,Bosnia and Herzegovina,+1-630-846-6462x21859,sarahking@example.com,2023-01-26
8850,Laura,Summers,Panama,990-933-3778,karenerickson@example.org,2023-11-26
8851,Stephanie,Porter,Swaziland,308.557.1787x0825,ryanjeffery@example.com,2022-04-02
8852,Denise,Thompson,Bermuda,535.764.9493x32644,courtney31@example.com,2025-08-12
8853,Stephanie,Nguyen,Haiti,+1-654-232-4697,jenniferberry@example.net,2023-01-17
8854,Debra,Logan,Belarus,590-819-8507x226,schroederbryan@example.org,2020-02-11
8855,William,Garcia,Switzerland,6164978080,sharon83@example.com,2022-12-22
8856,Diana,Kaiser,Czech Republic,242.802.5928x6973,jeremy85@example.net,2020-03-30
8857,Abigail,Carrillo,Burkina Faso,9645109206,yorkkatelyn@example.com,2023-11-13
8858,Melissa,Murphy,Trinidad and Tobago,588.621.4934x7203,jesus53@example.net,2020-07-10
8859,Brian,Wright,Maldives,(824)241-6208,bonniesmith@example.com,2025-02-21
8860,Sara,Dominguez,Chile,743-478-9509x5069,rodriguezchristopher@example.com,2024-10-19
8861,Jesse,King,Iceland,260.374.3489,millerbianca@example.net,2024-05-29
8862,Ashley,Frazier,Montenegro,(576)555-5694,aguilarbrandi@example.com,2021-01-12
8863,James,Blanchard,Palau,+1-548-794-5763x41579,potteraudrey@example.com,2023-11-11
8864,Joel,Sellers,Montserrat,607-798-9671,daniel66@example.net,2024-05-12
8865,Timothy,Diaz,Cuba,001-893-809-0187x8055,stephanieadams@example.net,2021-10-30
8866,Dylan,Soto,Hungary,(361)330-2436x99602,williamsvanessa@example.com,2022-05-11
8867,Gabriel,Wallace,Korea,+1-622-227-6094x29653,cstevenson@example.org,2023-06-22
8868,Pamela,Curry,Niger,001-765-321-4744x8794,averystephanie@example.com,2024-01-10
8869,Richard,Collins,Guadeloupe,+1-654-458-6582x60830,amy96@example.org,2023-08-13
8870,Leslie,Lopez,Bermuda,4703364957,vincentwyatt@example.net,2024-08-05
8871,Chase,Gonzalez,Greenland,(823)583-5386x6304,leerobert@example.net,2022-07-22
8872,Brett,Brandt,Spain,659-900-8379x4740,turnerpeter@example.net,2023-05-31
8873,James,Greer,Palau,844-864-5003,sarah78@example.org,2022-07-31
8874,Andrew,Mcdaniel,Lao People's Democratic Republic,608.258.4854x43410,wdavis@example.net,2020-02-24
8875,Francisco,Burnett,Croatia,260.352.6445x3813,wagnersusan@example.net,2022-12-24
8876,Joseph,Sanchez,Zambia,884.627.8507,zwest@example.com,2024-08-29
8877,Sarah,Gordon,Azerbaijan,(670)202-4648x415,yingram@example.net,2025-08-09
8878,Erika,Ramirez,Belgium,(998)813-8747,powersamy@example.net,2020-03-07
8879,Andrew,Newman,Saint Pierre and Miquelon,+1-286-793-7012,hallbradley@example.org,2026-03-02
8880,Willie,Goodman,Congo,001-535-342-1008x94576,dan44@example.net,2023-02-11
8881,Ian,Frazier,Korea,808-397-1221x8341,jprice@example.org,2021-06-28
8882,Sean,Clark,Cape Verde,732.301.5692x822,aprilsmith@example.net,2025-08-13
8883,Sara,Rogers,New Zealand,426-347-0397,brenda71@example.org,2021-04-23
8884,Dale,Bishop,Mozambique,+1-411-543-5661x794,kristen60@example.org,2022-01-28
8885,Mallory,Miller,Hungary,421-893-4783,mathisjulia@example.net,2020-10-13
8886,David,Esparza,Dominica,001-985-215-5011x61612,jwaller@example.net,2025-12-19
8887,Jimmy,Marshall,Turkmenistan,728-681-7312,evanstimothy@example.net,2023-06-15
8888,Craig,Carr,French Polynesia,+1-779-657-7694x6275,ianking@example.net,2025-03-18
8889,Steven,Mendoza,Iceland,609-345-0955x52617,acopeland@example.net,2022-08-24
8890,Chad,Arnold,Gibraltar,6982248705,garciadavid@example.com,2023-12-25
8891,Timothy,King,Faroe Islands,356.983.5147x7949,jeremy82@example.com,2023-08-06
8892,Billy,Serrano,Saint Pierre and Miquelon,586-769-6623,brittany75@example.org,2023-03-11
8893,Derrick,Patel,Cocos (Keeling) Islands,834-305-9508x536,wendyzimmerman@example.net,2020-02-01
8894,Michelle,Foley,Rwanda,001-821-769-8019x56000,barbara42@example.net,2026-01-09
8895,Robert,Miller,Senegal,746.223.9479,dustinlewis@example.org,2020-04-20
8896,Christine,Rodriguez,Benin,001-806-497-9454x0786,danagrant@example.net,2021-01-05
8897,Derek,Hanson,Angola,317-469-4139x5862,joanne98@example.com,2021-10-01
8898,Shelley,Villarreal,Croatia,+1-747-205-9581x76598,pachecotaylor@example.com,2021-11-15
8899,Timothy,Welch,Russian Federation,741-536-7157x127,skim@example.org,2020-04-26
8900,Allen,Levy,Belgium,700.245.1751,rcunningham@example.com,2020-01-11
8901,Maria,Coffey,El Salvador,906.690.8041,crosbysierra@example.org,2023-06-23
8902,Timothy,Reed,China,001-201-588-1805x274,christinaturner@example.org,2020-02-10
8903,Cynthia,Ryan,Venezuela,2789840092,blairmichele@example.org,2023-08-06
8904,Ashley,Duran,Guinea-Bissau,+1-732-998-0237x4002,anthonywalker@example.com,2021-11-15
8905,Lindsay,Cross,Slovakia (Slovak Republic),6536116138,brianakennedy@example.com,2021-06-02
8906,Amanda,Gould,Vanuatu,304.349.0309,rebekah62@example.org,2025-05-02
8907,Michelle,Clark,Nepal,(538)883-9625,jadams@example.net,2025-08-21
8908,Jennifer,Williams,Cameroon,001-924-474-0631,teresa55@example.net,2025-01-05
8909,Carla,Hodges,Pakistan,(983)705-5123x5112,xwilson@example.net,2024-02-08
8910,William,Cooper,Georgia,604-941-7953x145,ericksoncarrie@example.net,2021-05-11
8911,Alexis,Bennett,French Polynesia,757.355.8773,jacob67@example.net,2025-02-27
8912,Kathleen,Webb,Ireland,+1-679-691-3727x5996,melissapetersen@example.com,2021-01-09
8913,Sharon,Molina,Saint Helena,304-792-1575,travisrodriguez@example.com,2023-09-18
8914,Debra,Thompson,South Africa,5406545848,rachel46@example.org,2023-04-25
8915,Matthew,Reynolds,Belize,451.941.0893x36838,kathleendominguez@example.org,2024-10-11
8916,Sara,Roberts,Holy See (Vatican City State),3688752853,schultzmichael@example.com,2023-08-09
8917,Brenda,Marshall,Portugal,8307827681,walterparker@example.com,2020-09-19
8918,Paul,Goodwin,Anguilla,399-405-4087,andreafernandez@example.com,2024-06-12
8919,Sandra,Kim,Cayman Islands,726-313-6632x481,jordanbecky@example.com,2025-02-21
8920,Jeffrey,Walton,Syrian Arab Republic,601-611-0743x40735,kristingarza@example.com,2024-10-18
8921,Joshua,Bolton,Benin,425.278.6351x28206,michaelhernandez@example.net,2021-02-15
8922,Julia,Clark,Brazil,489.816.1882x169,mitchelllinda@example.com,2023-06-20
8923,Michelle,Young,Angola,001-959-831-2277,desiree26@example.com,2023-11-03
8924,Angela,Cobb,North Macedonia,495.690.8891x6417,cory25@example.net,2021-06-18
8925,Angela,Webster,El Salvador,+1-444-661-8524,eballard@example.net,2021-09-09
8926,Chad,Day,Nauru,345-892-5460x13831,chloe05@example.net,2020-06-21
8927,Robert,Casey,Samoa,415-860-3557x9224,georgedrake@example.org,2021-07-06
8928,Phillip,Holland,Comoros,220.940.3615x41164,jonathon80@example.com,2020-09-14
8929,Marcus,Miller,Trinidad and Tobago,645.340.7375x45999,moorebradley@example.net,2023-08-29
8930,Kristin,Nichols,Niue,(659)835-2783x3036,bfoster@example.org,2020-08-24
8931,Jennifer,Ferguson,Lesotho,485-799-0953x154,gregorytravis@example.net,2022-03-23
8932,James,Hunter,Armenia,295.592.2092,yliu@example.org,2025-03-25
8933,Anne,Mcmahon,El Salvador,816.688.7927x57764,maria89@example.net,2022-05-21
8934,Tyler,Greer,Uganda,001-390-252-1596x523,aaron73@example.org,2020-05-20
8935,Christopher,Nguyen,Montenegro,5654702383,johnsonpaula@example.net,2024-05-22
8936,John,Green,Latvia,487-302-7212x41581,delgadogeorge@example.net,2025-06-02
8937,Amber,Villa,Solomon Islands,6145985975,snewman@example.com,2023-12-11
8938,Jennifer,Burton,Yemen,(236)894-1673,melanie35@example.org,2025-10-03
8939,Charlene,Nelson,Netherlands Antilles,+1-537-968-6858,philip11@example.com,2020-06-12
8940,Mary,Adams,Estonia,308.904.6692x9354,rblack@example.net,2024-05-30
8941,Elizabeth,Acevedo,Montenegro,662.693.6950x97822,christina23@example.org,2023-01-04
8942,Rachel,Bell,Eritrea,655.619.2018x482,johnshaw@example.net,2023-05-03
8943,Courtney,Williams,South Africa,478-876-9341,heather37@example.net,2025-06-18
8944,Megan,Mendoza,Syrian Arab Republic,807-901-4693,meganmurphy@example.com,2021-02-14
8945,Crystal,Moore,Bolivia,745-650-9882,riveradebra@example.net,2022-04-26
8946,Danielle,Frye,New Caledonia,(812)291-9859x124,ojones@example.net,2023-10-23
8947,James,Day,Somalia,+1-247-559-9045x52930,rebeccahampton@example.net,2023-07-08
8948,Erik,Rodriguez,Bahamas,843.512.5311,clinton03@example.com,2024-09-04
8949,Angela,Malone,Jersey,+1-331-934-7151x667,carolinegraham@example.org,2023-06-08
8950,Christopher,Phillips,American Samoa,348-270-0389x5437,jeffrey59@example.org,2022-02-27
8951,Ryan,English,Guyana,(483)893-1086x3163,andreahenry@example.com,2020-11-30
8952,Elizabeth,Hill,South Africa,001-998-718-2828x93856,cameron89@example.com,2020-11-20
8953,Robert,Harrell,Aruba,001-723-776-0122,margaretrobinson@example.net,2020-09-18
8954,David,Baker,Vietnam,(960)567-2758x5852,keithwallace@example.net,2025-02-12
8955,Patricia,Murphy,Bermuda,627.850.0637x18695,nicolesmith@example.net,2020-09-24
8956,James,Green,Niger,001-421-614-9729x3912,leahjones@example.org,2025-07-07
8957,Michelle,Jacobs,American Samoa,5655300651,nancycoleman@example.net,2025-10-23
8958,Becky,Thomas,Bangladesh,669.860.7600x93371,henry93@example.org,2025-09-09
8959,Linda,Dunn,Senegal,766.712.3325,stephensrenee@example.net,2021-06-09
8960,Connie,Ashley,Albania,945-365-4569x3145,timothyscott@example.com,2025-10-17
8961,Nancy,Richardson,Heard Island and McDonald Islands,001-892-443-2380x8811,welchgregory@example.org,2025-11-18
8962,Holly,Hicks,Tajikistan,654-737-6461x539,tatewalter@example.org,2024-07-24
8963,Yolanda,Booth,Martinique,442-874-2287x007,acostabrittney@example.com,2020-05-12
8964,Virginia,Vance,Malaysia,616.604.5151x3220,mcruz@example.com,2026-01-01
8965,Miranda,Ramirez,Wallis and Futuna,(459)313-4779x4935,grantjohnson@example.org,2022-04-23
8966,Melissa,Wells,San Marino,599.850.7124,ashleyrichard@example.net,2025-12-20
8967,Angela,Velazquez,Montserrat,276.475.9635x919,livingstoncatherine@example.net,2024-12-07
8968,Jennifer,Hampton,Guernsey,+1-484-777-0046x465,robin08@example.net,2020-06-05
8969,Robyn,Calhoun,Svalbard & Jan Mayen Islands,(730)351-4203,jason54@example.com,2021-05-12
8970,Nicholas,Wright,Gibraltar,(241)873-2364x9671,awong@example.net,2024-04-06
8971,Ariana,Reyes,Lesotho,587-279-1762x2304,caitlyn40@example.com,2024-06-04
8972,Amber,Tran,Serbia,(700)268-7145x3797,williamjames@example.com,2026-01-20
8973,Laura,Powell,Cyprus,9562561649,ajones@example.org,2024-03-11
8974,Harold,Meyer,Lao People's Democratic Republic,(778)351-1954x80454,timothyfitzpatrick@example.com,2021-12-30
8975,Anthony,Lawson,Sierra Leone,514-927-4497,jonathanmontgomery@example.com,2022-04-22
8976,John,Gonzalez,Suriname,398-618-3943,danielblack@example.com,2024-04-05
8977,David,Nichols,Grenada,(745)956-5201,lisa12@example.net,2020-03-24
8978,Dominique,Garcia,Kyrgyz Republic,9305045072,tabithamoran@example.net,2021-11-29
8979,Christopher,Wheeler,Austria,875-711-1571x3239,breanna50@example.com,2023-03-08
8980,Eric,Austin,Australia,714-275-1814x259,molly89@example.org,2024-08-04
8981,Stephanie,Houston,Belarus,280.905.3851,georgewarren@example.net,2025-09-25
8982,Jeremy,Cooper,Timor-Leste,814-312-7892x3161,robertsonmelissa@example.net,2021-12-27
8983,Joe,Carney,Lao People's Democratic Republic,001-994-878-0449x19330,susanrojas@example.net,2025-08-03
8984,Christina,Beard,Northern Mariana Islands,(814)744-1647,mrobertson@example.org,2020-04-25
8985,Lawrence,Acosta,San Marino,(365)739-7724x1422,jillian23@example.org,2024-11-26
8986,Denise,Bishop,Pitcairn Islands,+1-456-690-9446x439,shepherdmichael@example.com,2020-09-16
8987,Cory,Thompson,Bahamas,889.653.3762x794,jessicamartinez@example.org,2021-01-13
8988,Anne,Gaines,Greece,(306)733-3908x4039,xgalloway@example.net,2023-09-01
8989,Gregory,Jordan,Northern Mariana Islands,4453238658,elizabethcarrillo@example.net,2022-02-22
8990,Lauren,Nichols,British Virgin Islands,+1-563-501-4452x11249,martineztoni@example.org,2020-10-13
8991,David,Lynch,Pitcairn Islands,001-997-459-9308x134,qchristian@example.net,2021-10-23
8992,Manuel,James,Spain,483.207.1223x7469,barbarahaney@example.com,2025-12-15
8993,Heather,Hernandez,China,+1-356-433-7920x54944,emily20@example.com,2022-03-30
8994,Robert,Barton,Japan,267.457.3562x1180,melissalee@example.com,2026-02-13
8995,Kelly,Allen,Ethiopia,221.431.2282x034,jenkinsdestiny@example.com,2024-12-15
8996,Joshua,Lynch,Equatorial Guinea,997-543-5076x5426,qthomas@example.com,2024-01-01
8997,Micheal,Wilson,Uzbekistan,686.500.5991x2416,cruzjoanne@example.net,2021-01-08
8998,Ashley,Cox,Western Sahara,842-272-6436x937,jennifer65@example.net,2021-03-29
8999,Patrick,Fowler,Colombia,+1-769-600-0467,ipreston@example.org,2021-10-19
9000,Jesse,Ingram,Philippines,447.295.7659x998,enelson@example.net,2021-03-13
9001,Denise,Allen,Austria,959-462-8596x44681,jackie00@example.org,2024-03-01
9002,Troy,Bernard,United States Virgin Islands,(689)448-7948x619,paul30@example.com,2022-11-01
9003,Jonathan,Little,Netherlands Antilles,001-848-465-5412,thompsonvirginia@example.com,2025-09-16
9004,Tim,Burns,Kenya,5316830810,lesliebaker@example.com,2025-10-30
9005,Gregory,Neal,Somalia,2887314973,josephbrown@example.com,2025-01-16
9006,Kelly,Decker,Cape Verde,(237)738-5788x91217,jonesjohn@example.net,2022-10-13
9007,Kathryn,Fox,Kiribati,818-919-5729,williamsbenjamin@example.org,2021-11-13
9008,Claudia,Christensen,Bulgaria,001-752-514-2719x0827,sethjackson@example.com,2023-09-23
9009,Daniel,Carter,South Africa,7354622475,ryan39@example.net,2024-10-25
9010,Krystal,Ramsey,Japan,307.241.8028x2033,michaelnelson@example.com,2021-11-28
9011,Marissa,Harper,Pakistan,382.996.4534,matthewthompson@example.com,2022-12-19
9012,Jeremy,Hall,Haiti,7482472048,ronald67@example.org,2022-07-12
9013,Heather,Ware,Paraguay,(997)387-5242x4323,caitlinthomas@example.org,2020-03-18
9014,Cynthia,Oneill,Ecuador,903-837-2384x4465,evangreen@example.org,2024-05-08
9015,Edward,Garcia,Liechtenstein,282-331-6755x26910,cheryljohnson@example.com,2021-02-04
9016,Eric,Wallace,Reunion,001-405-561-2182x022,cynthia04@example.com,2022-09-28
9017,Scott,Davis,Congo,001-784-287-7131x5638,kimhendricks@example.net,2020-11-09
9018,Brandon,Lyons,Nigeria,+1-785-512-0929,yolandawilliams@example.com,2022-02-10
9019,Crystal,Becker,Maldives,451.394.8885x4641,grahamanthony@example.com,2021-11-02
9020,Shelly,Logan,Syrian Arab Republic,+1-237-202-2930x863,scottmyers@example.net,2023-03-27
9021,Stefanie,Delgado,French Southern Territories,501-609-9843x7149,allisonjackson@example.org,2021-01-27
9022,Timothy,Diaz,Norfolk Island,(549)215-2101,todd31@example.org,2022-06-03
9023,Mackenzie,Cortez,Argentina,453.255.4982,josephlori@example.com,2023-08-20
9024,David,Marshall,San Marino,+1-328-864-7191x83540,timothywilson@example.org,2021-12-19
9025,Joshua,Martinez,India,(810)653-4643x7208,staceybooth@example.net,2026-02-23
9026,Brittany,Rodriguez,Austria,591.458.9955x4396,meyerjonathan@example.net,2024-02-11
9027,Kenneth,Romero,Gambia,4828766934,richard40@example.org,2020-10-17
9028,Robert,Butler,Angola,(935)384-4714x112,fjohnson@example.net,2022-01-28
9029,Julie,Freeman,French Guiana,(447)539-2904,deborahbarber@example.org,2024-01-24
9030,Dwayne,Miller,France,609.329.1913x5438,twilliams@example.org,2020-04-01
9031,Alexandra,Estrada,Trinidad and Tobago,4879074997,garciaclinton@example.com,2021-10-24
9032,Jacob,Griffin,Ukraine,497.620.3821,wdavila@example.net,2024-04-26
9033,Victor,Hall,Turks and Caicos Islands,607-319-3671x439,yangjeremy@example.net,2022-12-30
9034,Angela,Duran,Syrian Arab Republic,(613)838-1993,christopher60@example.org,2024-03-05
9035,Todd,Lowery,British Indian Ocean Territory (Chagos Archipelago),001-254-797-1069x20624,meghanvaughan@example.com,2021-04-04
9036,Theodore,Bell,Namibia,6492920037,tiffanyreynolds@example.net,2021-07-19
9037,Robert,Fletcher,Marshall Islands,986-601-0095,michaelmorrison@example.com,2021-05-19
9038,Joe,Jackson,Suriname,603.566.5238x126,anna20@example.org,2023-06-07
9039,Nancy,Wheeler,Niger,616-938-7768x83815,lnguyen@example.net,2021-02-10
9040,Adrian,Miller,Vietnam,(824)634-7622x6637,kathyhuffman@example.net,2024-10-09
9041,Roy,Summers,Cyprus,(753)406-9924x89057,xflores@example.com,2021-09-12
9042,Bryan,Gutierrez,Barbados,616.223.0674,caitlynjames@example.net,2020-06-12
9043,Laura,Pena,Holy See (Vatican City State),(976)425-0297x88455,jimenezkelly@example.org,2024-06-11
9044,Natasha,Brown,Netherlands Antilles,436.391.4719x17961,davenportjesse@example.com,2024-05-14
9045,Matthew,Sanchez,Madagascar,787-953-4793x8935,usmith@example.net,2024-09-30
9046,Larry,Johnson,Peru,875-651-8155x052,lthomas@example.net,2025-04-22
9047,Colin,Vega,Guernsey,796.319.1942,youngkristin@example.net,2021-09-12
9048,Andrew,Archer,Oman,(542)512-6726x877,marcusgarcia@example.net,2023-02-28
9049,Anthony,Collins,Turkey,+1-392-362-6362x03669,mcdanielchelsey@example.com,2023-02-05
9050,Anthony,Davis,Falkland Islands (Malvinas),(491)993-1672x015,parkerbrett@example.com,2024-01-19
9051,Diana,Krueger,North Macedonia,(354)755-8357x07786,stewartmichael@example.com,2022-01-01
9052,Ashley,Mccormick,Aruba,001-230-480-0306x56161,ycabrera@example.net,2022-08-12
9053,Jasmine,Fitzgerald,Hungary,+1-575-344-0222,wendy58@example.com,2025-02-09
9054,Cathy,Ryan,Tanzania,(884)766-0688,thompsonjonathan@example.net,2021-07-22
9055,Cassandra,Patel,Marshall Islands,807.542.6767x136,shannonoconnor@example.org,2025-03-24
9056,Laura,Gardner,Norfolk Island,(705)288-6219x57910,mitchellmichael@example.net,2020-05-29
9057,Edward,Morales,Hong Kong,564.966.5361,porterjames@example.com,2025-02-19
9058,Ruth,Erickson,Saint Barthelemy,+1-339-334-1738,calhounlaura@example.com,2020-05-29
9059,William,Flores,Korea,516.519.5959x394,andrewsmolly@example.net,2020-05-18
9060,Curtis,Mckenzie,Thailand,906-808-8734,joneill@example.com,2021-09-11
9061,Whitney,Taylor,Botswana,364-511-0940x437,matthew21@example.net,2020-03-02
9062,Susan,Scott,Tajikistan,+1-839-327-0360x332,kristenbutler@example.org,2020-12-25
9063,Erik,Rodriguez,South Georgia and the South Sandwich Islands,201.814.5183x982,richardharris@example.net,2025-10-21
9064,Rachel,Cox,Kazakhstan,001-989-553-1813,walshmatthew@example.org,2025-01-08
9065,Carol,Stewart,Lithuania,(321)794-1324x545,gilljohn@example.net,2022-11-30
9066,Colin,Conrad,Guyana,(822)578-7112,stephen91@example.net,2020-07-01
9067,Suzanne,Morris,Malta,001-361-459-4167,taylormary@example.net,2022-06-25
9068,Richard,Martinez,Romania,305-769-9990x02453,cindybrown@example.com,2020-09-30
9069,Michele,Contreras,Guadeloupe,963-200-5693,crystaljohnson@example.org,2025-11-16
9070,Brandon,Frank,Greece,796.932.8094x40896,mgonzalez@example.org,2023-03-31
9071,John,Elliott,Chile,+1-906-783-7761x888,tanyalutz@example.net,2021-12-21
9072,Lauren,Raymond,Turkey,3582369421,richard11@example.com,2021-08-28
9073,Brittany,Orozco,Saint Kitts and Nevis,(883)867-2708x551,gsharp@example.com,2024-05-15
9074,Paul,Espinoza,Burkina Faso,+1-945-285-2253x19631,bruce57@example.net,2021-02-04
9075,Jacob,Barrett,Denmark,+1-326-574-5161x1585,william07@example.net,2024-10-23
9076,Louis,Avila,Cameroon,(974)559-0006,edwardgomez@example.org,2025-09-23
9077,Maria,Smith,French Southern Territories,(676)671-5204x878,skaiser@example.com,2021-01-17
9078,Cynthia,Hernandez,Lebanon,359.295.1643x076,danielle33@example.org,2021-03-08
9079,Donald,Roberts,Cocos (Keeling) Islands,568-559-4625,charles01@example.com,2020-05-12
9080,Patrick,Hopkins,Kazakhstan,341.341.7899x212,angela00@example.com,2025-01-20
9081,Sharon,White,Martinique,(360)884-9484x0640,williamhenry@example.net,2025-03-27
9082,Dwayne,Garcia,Kyrgyz Republic,601-335-2973,vargasjames@example.org,2023-10-15
9083,Daniel,Baker,France,+1-641-978-7802x376,warnerjared@example.org,2024-09-29
9084,Bobby,Smith,Jamaica,(608)700-5845x888,oreed@example.com,2026-02-07
9085,Stephanie,Horton,Svalbard & Jan Mayen Islands,6955383673,samuel55@example.com,2024-12-10
9086,Matthew,Hernandez,India,2234602660,rogerferguson@example.org,2025-04-26
9087,Charles,Gomez,Turks and Caicos Islands,569-526-4599x78092,heathercombs@example.org,2022-07-22
9088,Cameron,Lynch,Costa Rica,001-281-548-1489x635,uwilson@example.net,2022-09-04
9089,Mary,Adams,Guinea-Bissau,(412)473-6663,bowmanbridget@example.com,2025-03-11
9090,Mark,Turner,Finland,761-495-3767,smitherin@example.net,2023-04-19
9091,Thomas,Webster,Israel,928-692-2547,hayesemily@example.net,2021-02-06
9092,Laura,Austin,Vietnam,559.567.2603x5814,andersenchristopher@example.org,2023-12-18
9093,Mary,Thomas,Ethiopia,(303)889-0963x25953,ashleycunningham@example.net,2023-04-24
9094,Stephanie,Freeman,Djibouti,(860)420-4158,pamelalewis@example.org,2025-02-05
9095,Kim,Alvarado,Uruguay,001-216-803-3150x1440,jorgeayers@example.net,2023-12-06
9096,Amanda,Compton,Thailand,001-231-852-4388,brownmary@example.net,2025-03-20
9097,Amber,Hart,Afghanistan,(755)813-0974,jadkins@example.org,2023-08-17
9098,Ana,Hartman,Macao,2018206992,jeanette85@example.net,2023-09-30
9099,Michael,Cross,Mongolia,+1-974-540-0838,morganmccormick@example.org,2021-11-03
9100,Nathan,Winters,Saudi Arabia,(308)874-2958x725,brownadam@example.net,2022-11-03
9101,Courtney,Martinez,Peru,(626)964-9092x89222,elizabethmolina@example.org,2026-01-05
9102,Katherine,Webster,Aruba,3975034687,maria12@example.org,2021-11-29
9103,Hector,Munoz,French Southern Territories,970.272.9427x1367,lrodriguez@example.org,2021-02-05
9104,Charles,Berger,British Virgin Islands,948-280-9765,gary83@example.org,2023-05-02
9105,Jason,Armstrong,Tunisia,(956)393-2615x7506,melissa19@example.org,2023-12-23
9106,Raymond,Ramos,France,(619)267-5371x076,qjohnson@example.org,2022-10-31
9107,Shawn,Bowers,Togo,(252)880-3933,warebruce@example.com,2022-03-31
9108,Amy,Rodriguez,Morocco,910.467.6012x780,nicholas83@example.net,2022-11-30
9109,Jennifer,Mitchell,Sweden,920.847.3938x0958,manningcharles@example.net,2024-04-20
9110,Chad,Berry,Germany,985.315.7313x253,svalentine@example.org,2022-09-21
9111,Austin,Snow,Niue,436-434-8408x885,daniel19@example.com,2021-07-09
9112,Emily,Frederick,Guinea,510.754.2622x778,qlawson@example.net,2021-12-06
9113,Renee,Jensen,Mali,785-362-1440x65526,antonio74@example.com,2025-08-09
9114,Glen,Sanchez,Paraguay,+1-914-271-7683x7558,fostergwendolyn@example.com,2022-10-07
9115,Joshua,Hamilton,Dominican Republic,422-269-3602,xgreen@example.org,2023-03-11
9116,Erin,Gutierrez,Libyan Arab Jamahiriya,372.311.5420x255,tanya12@example.org,2022-05-10
9117,Andrew,Farmer,Peru,4134573120,ijimenez@example.com,2022-12-13
9118,Zachary,Shaw,Yemen,966-338-6889x69226,mhall@example.net,2024-10-16
9119,Holly,Hayes,Rwanda,(772)970-9275x83678,hudsonstephen@example.net,2021-02-18
9120,Barbara,Brown,Azerbaijan,001-222-502-8857x91402,jacksonrobert@example.com,2023-02-13
9121,Christy,Thompson,Saint Kitts and Nevis,001-980-340-4308x1700,santosdavid@example.com,2024-08-22
9122,Samuel,Collins,Tokelau,297-811-5457,fadams@example.net,2023-09-13
9123,Makayla,Neal,Togo,944.296.4036x28956,pamela96@example.org,2022-05-04
9124,Jeremy,Ray,Greenland,753-300-7085,hcortez@example.net,2025-11-04
9125,Kyle,Sanchez,Guinea-Bissau,(897)861-8576x4480,hendrickspenny@example.com,2024-06-02
9126,Nicole,Porter,Israel,4695895409,jessicalee@example.com,2025-06-11
9127,Christopher,Leon,Montserrat,5006422070,yhenson@example.net,2021-10-11
9128,Jasmine,Mullins,Jamaica,4012439376,xmercado@example.com,2025-06-21
9129,Andrew,Copeland,Mongolia,+1-762-548-7600,whiteheadisabel@example.com,2023-02-26
9130,Lawrence,Long,Marshall Islands,(907)327-8776x37271,guerrerobarry@example.com,2020-03-15
9131,Leroy,Potter,Malaysia,516-735-1393,anita16@example.com,2024-04-16
9132,Bradley,Dillon,Saint Vincent and the Grenadines,598.764.0673,apowell@example.org,2020-05-13
9133,Sheila,Hubbard,Israel,202-675-3036x144,clarkmark@example.org,2023-08-23
9134,Ryan,Valdez,Cayman Islands,947-443-0894x61041,michael74@example.org,2020-01-27
9135,Paul,Martin,Maldives,258.949.1577,heidioliver@example.net,2023-02-17
9136,Heather,Johns,Georgia,(746)377-3499x21073,michaelweaver@example.net,2020-05-21
9137,Morgan,Velazquez,New Caledonia,(232)871-1120x73919,sarah34@example.com,2024-10-22
9138,Michael,Garcia,Israel,+1-710-676-7328x130,carlos60@example.com,2020-08-11
9139,Kara,Bryant,Uruguay,569-912-3310x61855,gdavis@example.org,2025-09-05
9140,Carla,Mejia,Russian Federation,001-464-696-4972x3742,omccullough@example.org,2023-09-20
9141,Joe,Ortiz,Thailand,001-527-337-7050x965,sdecker@example.org,2024-07-06
9142,Zachary,Carson,Belarus,260-329-4634x63838,fthompson@example.net,2023-03-26
9143,Abigail,Rice,Isle of Man,6224346151,christopherhamilton@example.org,2025-06-30
9144,Sharon,Miller,Vietnam,(550)446-3125,kathy73@example.net,2021-11-16
9145,Trevor,Brown,Bangladesh,001-372-468-5640,dorothy48@example.com,2023-06-26
9146,Michael,Harris,Iceland,553.760.8562,ryan60@example.com,2024-09-13
9147,Christina,Powell,Solomon Islands,361-220-0271x925,john47@example.com,2020-03-25
9148,Lori,Gill,Saudi Arabia,511.428.4434,russelltina@example.com,2020-07-16
9149,Charles,Coleman,Madagascar,356.728.0741x7999,zdavis@example.net,2025-02-19
9150,Travis,Smith,Djibouti,(293)959-6244x702,amy39@example.org,2021-11-19
9151,Christina,White,Brazil,968-645-3470x074,jennifer31@example.com,2020-07-03
9152,Heather,Reyes,Pitcairn Islands,(407)822-1744x840,delgadovincent@example.org,2021-10-03
9153,James,Edwards,Honduras,(405)368-7731,johnsonjennifer@example.com,2021-12-10
9154,James,Hernandez,Indonesia,(350)579-8354x623,robert22@example.net,2023-09-04
9155,Danielle,Mullins,Iran,+1-808-388-0064x8831,bbrady@example.net,2021-07-20
9156,Elizabeth,Stokes,Central African Republic,476.953.8972,rose26@example.org,2021-12-19
9157,Melissa,Mccarty,Tuvalu,+1-475-713-0254,burnstiffany@example.com,2025-10-01
9158,Laura,Thomas,Korea,6848726392,phamnicole@example.net,2024-11-07
9159,Sheila,Williams,Paraguay,+1-852-414-7414,hawkinsevan@example.net,2025-06-21
9160,Ashley,Browning,Guadeloupe,001-991-908-2950,jennifer73@example.net,2024-11-15
9161,Kimberly,Young,Mauritania,+1-946-858-6627x93705,raguilar@example.org,2026-03-07
9162,Aaron,Stephens,Myanmar,(918)424-4483,susancruz@example.com,2022-10-30
9163,Christina,Herrera,Philippines,001-380-533-0858x96116,shawncarter@example.org,2025-04-10
9164,Johnny,Haynes,Netherlands,591-527-3851,kmurphy@example.com,2024-10-27
9165,Patty,Kramer,Sudan,+1-336-929-7630x79241,nancy99@example.net,2025-06-13
9166,Aaron,Allen,Mayotte,216.487.4746,jenniferwebb@example.net,2024-10-30
9167,Ricky,Harrell,Madagascar,(717)533-7178,meadowsgary@example.net,2020-03-04
9168,David,Ross,South Georgia and the South Sandwich Islands,+1-357-966-7343x2922,xjohnston@example.net,2023-01-07
9169,Logan,Munoz,Chile,260-664-6716,morganbryan@example.net,2025-05-08
9170,Jessica,Mercer,Argentina,778.977.3600x8330,jameshester@example.net,2020-01-13
9171,Joseph,Gregory,Wallis and Futuna,+1-457-609-2709x0591,kthompson@example.net,2021-01-09
9172,Heidi,Young,Saint Vincent and the Grenadines,5985413047,chull@example.org,2026-01-22
9173,Nancy,Smith,New Zealand,001-424-302-0848x65087,wescobar@example.org,2022-01-31
9174,Edward,Horn,Cambodia,+1-211-922-4025x347,rmarsh@example.net,2023-04-20
9175,Vincent,Curry,Vietnam,668-828-3829,emilymartin@example.net,2021-06-22
9176,John,Davis,Nigeria,(225)846-8179,jessica80@example.org,2021-11-13
9177,Tyler,Moreno,Norfolk Island,(334)641-2320x7829,tvargas@example.com,2020-10-02
9178,Nicole,Larson,Brunei Darussalam,415.566.5241x2533,ostewart@example.com,2021-03-24
9179,Blake,Farmer,Kiribati,816.290.6184x16342,deanna99@example.org,2025-09-21
9180,Sean,Stevens,Suriname,888.299.9648,ashley57@example.com,2026-01-26
9181,Melissa,Moore,Uruguay,(734)725-6267x8560,ybrown@example.org,2023-04-29
9182,Zachary,Hoffman,Fiji,001-340-811-9957,shannon34@example.net,2021-05-13
9183,Martin,Booth,Bahamas,(584)567-8055x99285,ericathomas@example.com,2020-09-20
9184,Nicole,Booker,Vietnam,(201)581-4401x45112,rmartin@example.com,2024-09-13
9185,Veronica,Martinez,Russian Federation,796.472.2660,emilywood@example.org,2023-06-14
9186,Lisa,Gonzales,Yemen,618-234-0838x6983,fwilliams@example.net,2020-08-06
9187,Caroline,Perry,Western Sahara,+1-718-479-2666x00338,iavila@example.org,2021-07-05
9188,Lori,Baker,Saudi Arabia,001-472-388-5575x30070,timothypatterson@example.net,2022-05-27
9189,Gina,Martin,Palau,001-471-392-6561x851,agallagher@example.com,2020-01-24
9190,Laura,Crawford,Mongolia,001-441-449-9079,tbrown@example.net,2025-01-06
9191,Megan,Williams,Congo,(233)308-2385x30215,dana16@example.net,2022-06-03
9192,Jennifer,Hahn,Finland,001-259-853-0797x11646,preyes@example.net,2023-12-17
9193,Kenneth,Santana,Dominica,+1-850-494-7840x2836,melindamclean@example.net,2020-01-24
9194,Courtney,Hayes,Senegal,(418)953-1680x4870,fward@example.net,2022-11-18
9195,Ann,Craig,Haiti,984.327.3242x42335,yochoa@example.org,2022-02-15
9196,Jeremy,Estrada,Honduras,001-416-729-8432,qgarcia@example.org,2022-08-24
9197,Randy,Anderson,Dominican Republic,(379)385-3656x341,michaeljones@example.com,2025-09-09
9198,Valerie,Herrera,South Africa,855.722.3016x82728,christopher42@example.org,2020-04-02
9199,Barbara,Ray,Tunisia,752.994.7335,ysuarez@example.org,2025-10-12
9200,Rebecca,Luna,Congo,001-675-809-3323x515,brandi00@example.org,2024-10-09
9201,Ethan,Delacruz,Montenegro,503-934-8768x04931,foxeric@example.com,2023-07-22
9202,Cody,Johnson,Mongolia,001-570-742-3502x526,egray@example.net,2024-01-03
9203,Karen,Reed,Madagascar,(379)723-9323,craig56@example.org,2020-01-03
9204,Stephanie,Rhodes,Tokelau,+1-575-311-8493x2793,anna69@example.net,2020-08-02
9205,Clinton,Cox,Iraq,(962)906-4957x7636,hawkinscynthia@example.com,2021-12-30
9206,Melissa,Dunn,Poland,(899)255-0122,ymcneil@example.org,2024-05-26
9207,Sean,Cox,Bahrain,+1-581-850-5430,alee@example.com,2020-05-30
9208,Alexandra,Martinez,Bhutan,912.951.5761x1264,bowenmichael@example.com,2021-12-27
9209,Heather,Baker,Venezuela,9615851698,campbelllauren@example.com,2023-03-11
9210,Erica,Burch,Andorra,001-674-664-1789x6698,aaron33@example.com,2024-03-07
9211,Margaret,Johnson,Heard Island and McDonald Islands,001-432-792-3872x3026,jeffrey66@example.org,2020-01-21
9212,Tracey,Atkinson,Paraguay,(690)980-2160x501,ttrevino@example.org,2024-04-03
9213,Timothy,Norris,Afghanistan,613.304.5754x16678,daniel04@example.com,2021-09-20
9214,Karen,Coffey,Belgium,001-821-587-5279,bill03@example.com,2021-01-18
9215,Debra,Choi,Marshall Islands,768-971-6282x36239,james81@example.com,2020-05-02
9216,Sarah,Davis,Monaco,958.513.5284x7377,john26@example.com,2023-11-13
9217,Jennifer,Rodriguez,Ghana,273.655.8363x147,omoreno@example.org,2022-09-04
9218,Brian,Foster,Seychelles,416.250.4201,srowland@example.com,2025-08-19
9219,Angela,Owen,Sudan,936-716-3151x26720,anthony75@example.org,2022-08-10
9220,Andrew,Evans,Thailand,+1-925-583-9164,gregoryhardy@example.net,2024-11-09
9221,Stephen,Tyler,New Caledonia,901.333.6640,iwerner@example.org,2023-02-23
9222,Nathan,Gordon,Philippines,(589)523-4605x55814,ericksontimothy@example.com,2023-07-04
9223,Randall,Massey,Malawi,+1-468-474-1516x6894,brownbenjamin@example.org,2025-05-22
9224,Nicholas,Allen,Turks and Caicos Islands,384-909-3699x674,sthomas@example.net,2022-11-23
9225,David,Price,Luxembourg,723.932.0309x8059,matthew60@example.net,2022-11-23
9226,Brandy,Crosby,Taiwan,5115949480,pcarey@example.com,2025-05-25
9227,Troy,Le,Benin,001-710-902-0110x8632,william78@example.com,2021-08-01
9228,Richard,Ruiz,Liberia,(730)334-2248,petermeyers@example.org,2025-12-12
9229,Janet,Adams,Ethiopia,001-959-698-5061x26439,blankenshiplynn@example.org,2020-06-01
9230,Shannon,Williams,Togo,200-790-1594x2539,joseph58@example.org,2021-02-20
9231,Joseph,Daniel,Switzerland,3052138957,owenmelissa@example.com,2022-06-04
9232,Michael,Nguyen,Mauritania,767-585-2994x0055,johnbauer@example.net,2022-10-08
9233,Andrew,White,Bhutan,318.946.2285,abrennan@example.com,2025-01-16
9234,Anthony,Lewis,Tanzania,546-832-0105x0091,blakebentley@example.com,2021-04-22
9235,Laura,Watkins,Peru,705-527-0830,umoore@example.com,2025-07-12
9236,Alison,Norris,Haiti,001-711-929-7782,owenmatthew@example.com,2020-12-19
9237,Joseph,Allen,Saint Pierre and Miquelon,3808576218,charles87@example.com,2025-05-29
9238,Jeremy,Silva,North Macedonia,422.621.4581x289,evega@example.net,2025-11-06
9239,Jessica,Davis,Jamaica,771-536-8162,karen67@example.com,2021-10-30
9240,Angela,Morton,Estonia,(680)726-4155,longbradley@example.net,2021-12-03
9241,Thomas,Aguirre,United States of America,200.201.1605x710,chloegamble@example.org,2024-09-21
9242,Melissa,Brown,Benin,+1-990-817-0087x355,doylemaria@example.org,2020-04-08
9243,Rachel,Smith,Angola,370-508-7287x68243,cortezchris@example.org,2025-12-08
9244,Jennifer,Robbins,Oman,+1-961-234-6120x27952,veronica43@example.net,2022-12-13
9245,Luis,Stevenson,South Africa,+1-523-679-1927x5765,evansleslie@example.net,2023-04-10
9246,Morgan,Wood,Iraq,(391)997-6163,jenna58@example.org,2021-09-11
9247,John,Mcgee,United Arab Emirates,316-854-9526,allenchristina@example.com,2021-05-08
9248,Amanda,Hawkins,Burkina Faso,001-635-773-1825x5242,dunnrobert@example.org,2021-08-31
9249,Deanna,Thomas,Germany,9876949424,youngariel@example.org,2025-03-13
9250,Rebecca,Richardson,Kazakhstan,(532)673-7080,kmorales@example.com,2025-12-16
9251,Maria,Medina,Philippines,(366)372-2936x61015,lopezmario@example.com,2024-10-27
9252,Mark,Sparks,Lithuania,(226)212-1317,maxwellboyle@example.net,2023-12-27
9253,Marcus,Smith,Anguilla,+1-806-370-7031x8515,noahunderwood@example.org,2025-08-05
9254,Brittany,Bautista,Luxembourg,641-431-4160,carrolldonald@example.com,2021-11-22
9255,Patricia,Peterson,Cuba,001-434-418-6846,anthonykelly@example.org,2025-11-14
9256,Megan,Klein,Uzbekistan,001-808-568-1868x20530,christopherspears@example.org,2020-01-02
9257,April,Huffman,Kenya,574-910-4315x1863,vhamilton@example.net,2025-11-22
9258,Sarah,Roberts,Eritrea,001-932-369-6029x6186,joneswillie@example.net,2023-05-10
9259,Rodney,Gilbert,Syrian Arab Republic,599-776-2528x4692,clogan@example.net,2021-01-10
9260,Mark,Smith,Israel,362.814.4534x861,lbrown@example.com,2025-05-14
9261,Luis,Cook,Oman,3515901018,bakerabigail@example.net,2025-05-31
9262,Willie,Bailey,Guadeloupe,306.851.3243x0209,amandamartin@example.com,2021-08-09
9263,Anna,Mata,Suriname,3537721711,alanwilson@example.net,2023-10-22
9264,Vincent,Gray,Mongolia,7576577979,lauren68@example.net,2023-08-08
9265,Angel,Freeman,New Caledonia,443.266.9537,rebekahthompson@example.com,2022-03-19
9266,Sydney,Le,Isle of Man,558-335-3182x7231,vhobbs@example.net,2020-06-08
9267,Lisa,Shields,Romania,(487)538-7031x60445,hchavez@example.com,2022-07-03
9268,Monica,Jennings,South Georgia and the South Sandwich Islands,001-577-599-8848x62437,philip18@example.com,2025-10-10
9269,Mary,Green,Slovakia (Slovak Republic),(875)271-7721x6189,alyons@example.org,2021-09-02
9270,Kimberly,Campbell,Papua New Guinea,530.745.8877,robinpeterson@example.org,2021-03-28
9271,John,Kirby,Honduras,(775)941-0266x590,smithandrea@example.org,2024-05-03
9272,Taylor,Long,Ethiopia,680.659.4164,joycejill@example.org,2023-12-24
9273,George,Russell,Korea,507.686.7919x47665,montgomerycharles@example.org,2023-03-29
9274,Timothy,Phillips,Guinea-Bissau,(398)713-9349,qrobinson@example.net,2023-05-13
9275,Bryan,Pacheco,Indonesia,+1-796-207-7526x805,gbarron@example.com,2026-01-12
9276,Erica,Griffin,Germany,516.477.2128,matthewlittle@example.net,2020-09-03
9277,Carolyn,Torres,Wallis and Futuna,+1-799-243-9976x546,rasmussenjoseph@example.org,2021-04-19
9278,Melissa,Jones,Yemen,239-589-9050x725,stevenguzman@example.net,2022-11-12
9279,Virginia,White,Guinea,2919778492,aoconnell@example.com,2026-03-07
9280,John,Brewer,Honduras,740.291.1433,heidibeltran@example.net,2020-02-11
9281,Raymond,Richards,Brunei Darussalam,001-785-635-9418,ypeterson@example.net,2024-07-22
9282,James,Acevedo,Ukraine,(487)676-8661,mhaney@example.net,2022-10-17
9283,Diana,Evans,Australia,748.453.8698,robertdodson@example.org,2020-07-20
9284,Daniel,Gilbert,Zimbabwe,715.547.7167x18725,courtneyjordan@example.net,2025-03-01
9285,Angela,Velazquez,Guyana,+1-995-624-7700,lquinn@example.com,2020-09-02
9286,Deborah,Hernandez,Fiji,4319397741,connierodriguez@example.org,2022-05-13
9287,Michael,Rodriguez,Serbia,573.564.1849x42936,joenguyen@example.com,2024-02-03
9288,Jared,Mccormick,Albania,(347)599-0247,ryanlee@example.org,2021-10-20
9289,Michael,Munoz,Palau,241.668.5122,alanpeters@example.com,2023-08-30
9290,Jennifer,Allen,Lebanon,001-572-484-0253,rjackson@example.net,2022-09-25
9291,Kyle,Meyers,Comoros,001-435-627-5591x8376,roserussell@example.net,2021-08-16
9292,William,Quinn,Thailand,001-661-451-3516x3399,mcoleman@example.net,2024-12-08
9293,Patricia,Morrison,Liechtenstein,690-618-7155x19423,jeffreycastillo@example.net,2020-12-01
9294,Brandon,Smith,Finland,966-341-1616x3299,hgray@example.org,2023-01-24
9295,Lisa,Johnson,Thailand,+1-260-255-0774,patriciasmith@example.net,2021-01-21
9296,Kaitlyn,Patterson,French Guiana,742.635.0995,williambaker@example.org,2021-06-03
9297,Haley,Smith,Pakistan,001-814-526-2490x9615,danderson@example.net,2021-05-11
9298,Heather,Soto,Lao People's Democratic Republic,663.836.6613x398,jodavis@example.org,2025-07-13
9299,Nichole,Miles,Japan,403.995.1465x3795,donnamendez@example.net,2021-01-16
9300,Eric,Norris,Svalbard & Jan Mayen Islands,+1-676-232-8544x121,kelseyhutchinson@example.net,2020-07-24
9301,Edward,Anderson,Bahamas,285.334.3675,paulfranklin@example.com,2021-05-03
9302,Brianna,King,Luxembourg,001-410-916-1394x79602,tanner58@example.com,2026-03-01
9303,Steven,Powell,Barbados,805-270-9044,simonmichael@example.net,2025-06-27
9304,Abigail,Rice,Togo,+1-868-955-1007x06484,umarshall@example.com,2021-04-05
9305,Frank,Davis,Cocos (Keeling) Islands,+1-769-545-5587x309,nhall@example.net,2022-02-04
9306,Michael,Kennedy,United States of America,(327)736-5513x6836,dale72@example.net,2023-06-09
9307,Charles,Richmond,Aruba,620-870-2359x9787,alexis50@example.com,2022-01-07
9308,Kara,Garcia,Belarus,870.594.8539x3287,ronaldramirez@example.org,2022-08-16
9309,Justin,Meyer,Nicaragua,(262)969-4700x300,haydenwoods@example.org,2026-02-04
9310,Steven,Lloyd,Guam,001-523-831-6719x112,thompsonmaria@example.com,2021-07-16
9311,Amy,Banks,Turks and Caicos Islands,659-432-1968x524,jessicajordan@example.com,2020-03-15
9312,Amanda,Terry,Japan,(633)958-0193,rickhines@example.org,2024-04-11
9313,Kaylee,Harris,Uganda,4133318845,kirkturner@example.net,2021-04-03
9314,Monique,Silva,Bermuda,+1-811-930-9530,marcus19@example.org,2021-05-15
9315,Donna,Fox,Colombia,001-877-628-6275x3023,davidharper@example.com,2023-09-17
9316,Cynthia,Norman,Bhutan,+1-629-819-0052x0899,matthew82@example.com,2020-03-11
9317,Jennifer,Zhang,Germany,298.704.6338x0612,toddsheryl@example.org,2024-07-04
9318,Shannon,Williams,San Marino,(800)753-6388x928,ahall@example.org,2023-07-17
9319,Ashley,Patrick,Grenada,450-281-7887x3382,lsantana@example.com,2022-09-18
9320,Jonathan,Griffith,Lesotho,001-483-288-7128x994,valerie60@example.com,2023-01-12
9321,Denise,Bruce,Saint Helena,001-882-225-0178x92283,colton73@example.net,2020-11-26
9322,Steven,Jackson,Mozambique,985.216.3771,jeanettecole@example.org,2026-01-20
9323,Louis,Smith,Saint Pierre and Miquelon,+1-466-614-3943,xmalone@example.org,2023-06-23
9324,Sonya,Ward,Cameroon,(910)697-3133x26741,marie95@example.net,2020-11-23
9325,William,Jensen,Afghanistan,(364)486-6338,travissanchez@example.com,2025-10-02
9326,Michael,Rangel,Cambodia,(917)626-4174,mcintoshjulie@example.org,2022-04-22
9327,Steven,Hall,Belarus,609-693-2106x105,laurieterrell@example.org,2025-10-02
9328,Julie,Mitchell,Solomon Islands,660-266-4849,cynthiaayala@example.com,2023-02-26
9329,Holly,Wagner,Chile,+1-693-744-5250x847,bergtimothy@example.com,2020-06-06
9330,Kenneth,Thomas,Palau,(979)332-6080,cassidyalexander@example.com,2023-03-09
9331,Ryan,Wolfe,Cuba,488-983-6760x3097,vwilliams@example.org,2020-12-23
9332,Tiffany,Chapman,Heard Island and McDonald Islands,667-653-5392x86563,jcooley@example.org,2020-12-23
9333,Nathan,Leach,Iceland,460.491.9226,connor63@example.net,2021-11-06
9334,Nancy,Nielsen,Mayotte,+1-353-391-2146x81178,roger54@example.org,2020-02-14
9335,Dean,Bonilla,Georgia,+1-905-416-7606,johnsoncarrie@example.net,2020-03-03
9336,Heather,Marshall,Kiribati,308-306-1822x7500,tracy12@example.net,2022-12-13
9337,Brittney,Scott,Greenland,(842)424-2433x816,robertsimon@example.com,2025-03-26
9338,James,Snyder,Myanmar,(737)698-3279,tommy02@example.net,2023-05-25
9339,Jessica,Todd,Congo,(444)537-6310,qsilva@example.org,2025-07-04
9340,Rick,Hernandez,Grenada,(282)867-4333x9991,shelly68@example.net,2020-06-08
9341,Jose,White,Mayotte,8904462079,ronald62@example.net,2023-09-02
9342,Kevin,Rivera,United States Virgin Islands,+1-230-657-2577x594,veronica52@example.org,2023-07-21
9343,Joshua,Vaughn,Turkey,001-616-676-8753x8714,hperez@example.com,2020-12-04
9344,Charlene,Ibarra,Spain,(430)685-3691x70681,ecalderon@example.com,2023-03-18
9345,Joseph,Cummings,Egypt,858.224.8741x86480,cohentravis@example.com,2020-12-29
9346,Daniel,Harris,Bangladesh,+1-916-868-7950x56851,xpeters@example.com,2020-08-24
9347,Lorraine,Johnson,North Macedonia,9564479155,stewartemily@example.com,2024-03-14
9348,Erin,Massey,Nigeria,001-443-946-4654x31895,karinanunez@example.com,2023-11-18
9349,Gary,Benson,Kenya,001-932-639-8942,plyons@example.com,2021-12-25
9350,Karen,Hall,Sweden,679-544-9361,christinegonzalez@example.com,2022-08-09
9351,Joseph,Becker,Colombia,+1-478-678-4650,ibecker@example.org,2026-02-25
9352,Christopher,Romero,Kuwait,(496)636-2219,jonesamy@example.org,2020-10-31
9353,Cynthia,Walker,Guinea-Bissau,+1-587-816-6517x700,diane82@example.org,2021-03-01
9354,Lori,Smith,Guam,(774)795-6134,rsoto@example.com,2020-12-06
9355,Traci,Jenkins,Tunisia,(852)299-0761,jamiewright@example.com,2021-08-02
9356,Ethan,Neal,Netherlands Antilles,854.490.7141x22277,julie06@example.com,2023-12-27
9357,Wesley,Wood,Armenia,001-991-286-0612x5437,mcabrera@example.org,2022-02-24
9358,Heather,Ramsey,Taiwan,4689717452,alyssamoore@example.org,2026-01-13
9359,Daniel,Matthews,Madagascar,001-851-532-5353x27293,elizabethmartinez@example.net,2022-01-19
9360,Jennifer,Brooks,Hong Kong,001-340-269-0024x845,ramosmichael@example.org,2023-07-04
9361,David,Cruz,Albania,837-509-1104,katelynleonard@example.com,2025-03-12
9362,Robert,Foster,Timor-Leste,672-762-9279x552,carrelizabeth@example.org,2024-04-17
9363,Thomas,Shelton,Suriname,440-749-7141x7529,adampreston@example.org,2020-08-20
9364,Deanna,Snyder,Czech Republic,(327)924-0001,mckayapril@example.com,2022-08-08
9365,Kristen,Andrews,Bosnia and Herzegovina,(592)717-6246,obrienemily@example.com,2023-11-30
9366,Sergio,May,Cocos (Keeling) Islands,539.213.1569x005,melindajohnson@example.com,2024-12-18
9367,Joe,Perry,Bhutan,439.929.9481x720,xhernandez@example.net,2024-02-07
9368,Christopher,Parks,United Kingdom,(541)636-5613x343,jacksonmonique@example.net,2024-01-10
9369,Taylor,Mcpherson,El Salvador,580-741-8080x0032,brandyperez@example.net,2020-06-01
9370,Audrey,Johnson,Pitcairn Islands,657-858-1827,emorris@example.org,2025-02-02
9371,Anne,Whitney,Wallis and Futuna,001-994-856-4011x5441,daviscassandra@example.org,2023-12-13
9372,Frank,Wilkins,Uruguay,536.286.0422,xconner@example.com,2024-08-17
9373,Sean,Lawson,Lao People's Democratic Republic,+1-644-340-5713x34528,erin23@example.com,2023-07-06
9374,Jose,Evans,Senegal,331-750-7808x3153,manderson@example.com,2022-01-14
9375,David,Madden,Norway,7322416185,cochranpeter@example.org,2025-07-20
9376,Rebecca,Hart,Mayotte,6539105976,grayjohn@example.org,2024-06-15
9377,Charles,Shaffer,Malaysia,4214311003,fowlermelissa@example.org,2024-11-28
9378,Alan,Williams,China,+1-285-274-2197x65806,gordonalicia@example.org,2023-07-26
9379,Ryan,Haas,Nigeria,719-231-6277,jorge69@example.com,2025-01-02
9380,Allison,Myers,Kenya,(848)350-5474x61103,vevans@example.net,2024-02-22
9381,Matthew,Garcia,Central African Republic,(716)340-7990x5919,nluna@example.org,2025-12-18
9382,Katherine,Thomas,Macao,(260)293-3772,cruzrobert@example.org,2021-09-03
9383,Nicole,Galloway,Greece,715.632.4182x97553,fromero@example.org,2022-09-10
9384,Meagan,Hamilton,Saint Barthelemy,921-387-8786x5155,jamesdixon@example.com,2022-06-28
9385,Roger,Mendoza,Iceland,(505)383-0596x993,myerssusan@example.net,2023-03-21
9386,Benjamin,Harris,South Georgia and the South Sandwich Islands,294-510-0292x558,kayla48@example.com,2020-03-07
9387,Chris,Williams,Korea,001-732-560-9858x427,richardwilliams@example.org,2024-04-15
9388,Jessica,Martin,Cayman Islands,(303)252-1614x159,ujensen@example.net,2025-12-04
9389,Charles,Neal,Chile,(861)232-9234x842,richard80@example.net,2024-08-09
9390,Hannah,Rodriguez,Ethiopia,4447001369,thomastina@example.com,2023-07-09
9391,Kenneth,Jones,Niger,(505)567-5562,david93@example.org,2023-02-18
9392,Jessica,Rose,Malta,964-702-6171x8469,sara47@example.org,2021-12-24
9393,Heather,Cruz,Lesotho,+1-558-829-5637x452,rebeccareynolds@example.com,2025-10-20
9394,Michael,Haas,Sweden,7526471420,douglaswhite@example.org,2024-01-12
9395,Megan,Jones,Indonesia,5515391536,harrisryan@example.com,2020-12-26
9396,Christopher,Mercado,Tajikistan,639.902.5950,christinehamilton@example.com,2025-05-27
9397,Kevin,Johnson,Puerto Rico,001-774-888-2025x010,xbenton@example.com,2021-05-25
9398,Joanna,Ramirez,Bahamas,227-410-4706x4189,adamskaren@example.com,2021-08-22
9399,Joseph,Alvarez,Cayman Islands,001-333-749-2500,thompsonamanda@example.net,2024-10-11
9400,Stacy,Smith,El Salvador,+1-915-401-3541x708,john03@example.com,2024-12-02
9401,Veronica,Collins,Norway,(782)207-0183x209,victoria79@example.net,2021-10-10
9402,Dale,Solis,Israel,807.203.7274,maureen96@example.net,2025-03-13
9403,Matthew,Little,Venezuela,849-200-7642x180,allenalexander@example.org,2021-01-28
9404,Jessica,Parker,Tajikistan,477.779.5745,nashjohn@example.net,2025-08-15
9405,Steven,Gray,Trinidad and Tobago,582-413-6263x80041,james41@example.org,2026-01-24
9406,Stephanie,Oneal,Mozambique,4414226200,parksmark@example.net,2022-03-25
9407,Colin,Hunter,United States of America,(650)333-4758x67779,omarshall@example.org,2022-06-29
9408,David,Lucas,Pakistan,(782)783-2717x7921,elizabeth81@example.org,2022-09-09
9409,Andrew,Serrano,Chad,+1-417-352-9153x376,tracy15@example.org,2023-10-05
9410,Matthew,Craig,Fiji,(443)456-0544x52471,howardhannah@example.org,2024-12-25
9411,Lisa,Jennings,Suriname,366-237-4224,jacksonsharon@example.net,2020-08-01
9412,Amy,Holland,Belarus,866.983.1524x6816,kochoa@example.com,2022-01-28
9413,Patricia,Thomas,Chile,001-606-990-1526x5182,cortezstephen@example.net,2023-05-19
9414,Mark,Garcia,Belgium,732-420-9244,perezscott@example.org,2025-11-23
9415,Brandy,Jackson,Bahamas,860-260-9940,jasonsmith@example.com,2025-05-03
9416,Kevin,Brown,Sri Lanka,001-603-965-5221x591,anndunn@example.net,2021-05-18
9417,Mary,Camacho,Myanmar,+1-256-792-3557x56634,blakebrown@example.org,2022-07-25
9418,Ashley,Hicks,Argentina,241-400-2118x642,esteshenry@example.net,2021-05-27
9419,Melissa,Ewing,Chad,(716)833-3272x28897,scott44@example.org,2022-07-18
9420,Jake,Duncan,Russian Federation,(942)435-7099,edwardthomas@example.com,2023-11-13
9421,Margaret,Campbell,Morocco,892.521.8284x99170,kingjonathan@example.com,2022-07-01
9422,Heather,Gordon,Guatemala,914-673-5997x669,petermartinez@example.org,2025-12-05
9423,Jason,Mccarthy,South Africa,509.644.2067,xmahoney@example.com,2023-07-06
9424,Jessica,Owens,Svalbard & Jan Mayen Islands,953-684-9099x20323,kimberly93@example.org,2021-04-07
9425,Patricia,Burch,Timor-Leste,8027707021,rreyes@example.org,2022-12-30
9426,William,Acosta,Sri Lanka,344-243-0517,jeanorozco@example.com,2021-06-05
9427,Robert,Fischer,Pitcairn Islands,248-623-9795x787,hector49@example.net,2022-12-13
9428,Regina,Pace,Niger,970-900-8538,christinetaylor@example.org,2021-06-16
9429,Lisa,Jennings,American Samoa,+1-637-442-2611x13225,bonillarobin@example.net,2022-02-08
9430,Mitchell,Collier,Guernsey,748.765.2747x208,bburns@example.net,2025-12-05
9431,Mason,Collins,Palau,348.740.7532,michaelchristensen@example.net,2020-09-22
9432,Troy,Mendoza,Sri Lanka,5075340832,tlee@example.net,2024-09-25
9433,Lisa,White,Uzbekistan,001-542-489-1919x78077,bsmith@example.com,2024-02-07
9434,Sandra,Reynolds,Lithuania,+1-862-630-8283x72486,richard96@example.net,2021-11-30
9435,Sophia,Murray,Bermuda,001-499-349-7711,ashleyjones@example.com,2021-08-09
9436,Deborah,Brown,Mauritius,3264333919,jamie79@example.net,2025-05-08
9437,Jennifer,Berger,Lebanon,(386)296-9748,xdiaz@example.net,2020-09-27
9438,Sandra,Thompson,Yemen,001-561-405-5639x1296,james94@example.net,2024-01-22
9439,Nicholas,Calderon,Samoa,330-365-6793x7279,cummingslisa@example.net,2025-03-07
9440,Carrie,Willis,Botswana,+1-903-434-3929x63304,aevans@example.org,2026-01-20
9441,Jeremy,Marsh,Sri Lanka,001-565-759-4220x67957,nancypeterson@example.com,2023-03-10
9442,Steven,Morrison,French Polynesia,(910)394-4823,angela48@example.org,2021-02-11
9443,Michael,Ford,Latvia,001-923-506-6068x97070,vmoreno@example.org,2023-04-04
9444,Shawn,Patrick,Bouvet Island (Bouvetoya),+1-468-710-9663x899,kyle00@example.net,2023-01-06
9445,Eric,Payne,Palestinian Territory,+1-953-461-2659,delacruzmichael@example.org,2020-08-02
9446,Brooke,Jones,Ireland,239-504-7326,jamesporter@example.com,2020-09-11
9447,Catherine,Gonzales,Afghanistan,971.224.9712x08594,stephanie95@example.org,2024-02-12
9448,Joy,Wilson,Gibraltar,837-350-7344x8468,williamsjill@example.com,2021-09-23
9449,Michael,Williams,Cape Verde,001-582-438-7055x013,rhill@example.net,2020-03-17
9450,Courtney,Kennedy,Malawi,3278081941,traci13@example.net,2022-06-01
9451,Mark,Munoz,Barbados,302.604.8445x0491,hamiltonshannon@example.net,2020-04-03
9452,Nicole,Jones,Bahrain,+1-287-547-3703x303,goodwinjimmy@example.com,2020-02-18
9453,Sarah,Kerr,Bouvet Island (Bouvetoya),739-240-7969x63348,kirkjennifer@example.com,2025-11-15
9454,Denise,Oconnor,Lebanon,(904)864-7704x05578,paulfoley@example.net,2023-04-27
9455,Veronica,Fox,Brazil,001-262-443-3918,craig38@example.net,2024-09-05
9456,Drew,Maddox,South Georgia and the South Sandwich Islands,(926)718-1548,danieljones@example.com,2022-10-26
9457,Joshua,Stewart,Pakistan,659.359.7625,welchdanielle@example.com,2023-02-25
9458,Morgan,Long,Dominican Republic,+1-227-700-6531x76747,ynunez@example.net,2021-01-17
9459,Miguel,Park,Benin,+1-253-547-9306,chase91@example.com,2025-07-12
9460,Michael,Brooks,Montserrat,+1-877-338-3582,wendy06@example.net,2020-03-24
9461,John,Jones,Ghana,(223)620-2147x47111,faithcarrillo@example.org,2020-12-02
9462,Hannah,Rivas,Iceland,717.999.6044x246,jennifer25@example.com,2021-03-29
9463,Robert,Torres,Seychelles,(306)220-8265,pkrueger@example.org,2022-04-14
9464,Jill,Wilson,Chile,+1-585-825-2900x0653,kruegerelijah@example.org,2023-06-28
9465,Heather,Hardy,Armenia,001-963-452-8685x55462,briana90@example.net,2020-10-13
9466,James,Gray,Netherlands Antilles,622-251-8451,scottmonica@example.org,2024-11-10
9467,Bianca,Clark,Russian Federation,817.651.2629x25725,oashley@example.net,2023-02-12
9468,Dawn,Jacobson,Lao People's Democratic Republic,245-971-7814x743,angelachapman@example.org,2020-11-17
9469,Gregory,Wood,Iran,(937)409-5829x77288,kspencer@example.net,2025-03-14
9470,Patricia,Kaufman,El Salvador,(345)464-4270x260,kwood@example.org,2021-01-08
9471,Anthony,Cummings,Burundi,+1-824-898-3771,hendersonana@example.com,2021-09-21
9472,Donald,Love,Russian Federation,295-691-2996x1537,fbarton@example.org,2023-12-20
9473,Christine,Moore,Papua New Guinea,388.318.8935x05770,christopher37@example.org,2021-12-26
9474,Thomas,Young,Uganda,620.256.0482,davidcasey@example.org,2025-08-20
9475,Richard,Moran,San Marino,556-235-9732x79525,robertstimothy@example.net,2021-05-07
9476,Evan,Martinez,Palestinian Territory,446-979-7950,gphillips@example.net,2022-03-16
9477,Daniel,Rivera,Albania,529-633-3076x04532,gsanchez@example.net,2025-08-02
9478,Ryan,Gonzales,Nepal,001-943-767-8015x339,alexanderandrews@example.com,2022-03-18
9479,Tammy,Flowers,Papua New Guinea,721.919.8061x3861,ayalaanna@example.net,2021-01-02
9480,Lisa,Clayton,Togo,(863)660-2571,felicia46@example.com,2020-04-09
9481,Kevin,Russell,Antarctica (the territory South of 60 deg S),327.870.0563x606,kjones@example.com,2025-12-21
9482,Benjamin,Crane,Senegal,+1-453-400-9729,bullockdenise@example.com,2020-05-01
9483,Daniel,Clark,South Georgia and the South Sandwich Islands,+1-302-559-4937x75795,michael06@example.net,2025-02-15
9484,Jennifer,Montgomery,Oman,584.912.2856x2959,rlivingston@example.net,2021-05-21
9485,Marcus,Townsend,Haiti,9524464536,patrick71@example.org,2023-06-25
9486,Dennis,Bennett,Antigua and Barbuda,(377)355-7298x5899,charles84@example.net,2026-01-11
9487,Samuel,Nelson,Mozambique,2332427746,george53@example.com,2025-01-28
9488,Calvin,Hill,Panama,405-983-2375x9918,brian20@example.org,2025-08-07
9489,Stephanie,Williams,Madagascar,(639)815-0251,laura31@example.org,2022-01-29
9490,Christopher,Bryan,Saint Lucia,925-342-4749x1259,megandavis@example.org,2025-08-25
9491,Lindsey,Smith,Guyana,001-348-321-9027x9216,rogerburns@example.org,2025-09-21
9492,Daniel,Collins,Sierra Leone,001-458-513-3939,elizabeth37@example.org,2025-01-28
9493,Zachary,Gonzalez,Canada,9057526607,kevinjones@example.com,2022-09-14
9494,Elizabeth,Miller,Romania,001-639-814-4047x8393,michael83@example.com,2022-02-05
9495,Mackenzie,Gallegos,Russian Federation,950-210-3978x556,susan69@example.net,2025-04-28
9496,Victoria,Fleming,Denmark,+1-270-751-0576x537,whitney23@example.com,2024-10-20
9497,Brittany,Ruiz,Andorra,(604)835-4082,jonespenny@example.net,2025-05-12
9498,Marissa,Estrada,Luxembourg,6952768457,whitetara@example.org,2024-07-08
9499,John,Kennedy,Algeria,438-445-6441,christine17@example.org,2022-07-11
9500,Courtney,Garcia,Poland,001-611-531-2541x061,idavis@example.net,2024-02-09
9501,Cameron,Thomas,Mozambique,2673467505,gvilla@example.net,2022-06-01
9502,Catherine,Bray,Sao Tome and Principe,(955)498-2072x71628,annejohnson@example.net,2022-01-27
9503,Ann,Allen,New Caledonia,320.663.3830x47956,hortondanielle@example.net,2024-03-30
9504,Daniel,Shaw,Holy See (Vatican City State),510.715.1954,robersonsamantha@example.net,2024-11-11
9505,Clifford,Brown,Bulgaria,238-287-6828x222,murraytimothy@example.org,2024-11-16
9506,Jennifer,Forbes,Angola,(395)486-3541,cjones@example.com,2025-07-11
9507,Brian,Gonzalez,American Samoa,001-368-418-4591x523,jamessara@example.net,2024-11-01
9508,Phyllis,Lee,San Marino,+1-967-644-5810x33904,curtis93@example.com,2025-07-03
9509,Leonard,Gray,Netherlands,(750)985-1739x0655,mbrewer@example.org,2020-07-24
9510,Brittany,Blankenship,Zambia,(238)831-5140,suzannemendoza@example.org,2020-03-09
9511,Angela,Chen,Comoros,001-883-432-7057x7268,pameladavis@example.org,2022-12-11
9512,Jessica,Johnson,Albania,213.206.5238x83502,markporter@example.org,2022-07-02
9513,Mark,Young,Mauritius,(905)769-7671,jeremyreynolds@example.net,2024-05-01
9514,Luis,Mahoney,Germany,209-825-3947x012,michaelfisher@example.com,2024-10-05
9515,Paul,Miller,Anguilla,+1-868-554-3285x7090,acoleman@example.net,2023-04-09
9516,Dawn,Lara,Switzerland,+1-553-900-5895x7801,sharonharris@example.org,2023-06-26
9517,Kristin,Dunn,Argentina,992.325.6870x04482,derekjohnson@example.org,2025-05-18
9518,Andrew,Taylor,Martinique,001-739-964-9235x5666,hatfieldmadison@example.org,2020-10-26
9519,Michael,Murray,Saint Helena,706.239.7067x5733,cory98@example.org,2021-04-11
9520,Ashley,Proctor,Italy,001-551-821-8266x90235,castrojonathan@example.net,2023-02-04
9521,Michele,Daniel,Zimbabwe,(337)226-0241x973,wallacedenise@example.com,2020-04-16
9522,Jeffrey,Pierce,Macao,356.345.3625x6308,mirandafranklin@example.net,2020-12-02
9523,Vickie,Kelly,Holy See (Vatican City State),3964306735,georgevargas@example.org,2025-02-19
9524,Andrew,Hooper,Bahrain,+1-716-654-2630x221,carrie91@example.org,2025-01-31
9525,Janice,Garcia,Qatar,539-775-2792x82990,jarvismichael@example.net,2025-04-14
9526,Holly,Murphy,North Macedonia,989.201.1699x64994,leecorey@example.net,2023-03-03
9527,Kevin,Silva,Czech Republic,+1-927-690-5597x61514,etran@example.org,2025-04-16
9528,Chris,Holland,Sao Tome and Principe,+1-745-596-2085,murillostephanie@example.net,2025-10-02
9529,Katherine,Martinez,Zimbabwe,(954)286-1755x61861,megan63@example.net,2025-03-03
9530,Brian,Johnson,Liechtenstein,388.625.6860x413,pfox@example.net,2025-06-02
9531,Rachel,Sparks,Romania,+1-322-291-3682x547,chad13@example.net,2025-06-15
9532,Laura,Boyd,Peru,808-951-5660x287,scardenas@example.net,2023-06-14
9533,Jeffrey,Lopez,Cocos (Keeling) Islands,+1-986-784-2051x9756,jaimegray@example.org,2021-07-14
9534,Jeremy,Ramirez,Czech Republic,(942)433-5011,angela10@example.org,2020-02-11
9535,Kevin,Jennings,Ethiopia,+1-310-651-1770,nancymaxwell@example.net,2020-10-30
9536,Evan,Neal,Czech Republic,001-619-645-0858x68016,ybecker@example.com,2025-05-18
9537,Robert,Lucas,Haiti,(932)763-0356x2578,jennifermartin@example.net,2021-03-20
9538,Randy,Sanchez,Poland,(269)713-4366x9926,wwebb@example.com,2022-12-07
9539,Bailey,Mendez,Gambia,574-450-2488,gjohnson@example.net,2022-05-09
9540,Teresa,Goodwin,Liechtenstein,(431)416-9067x868,lisaray@example.net,2025-01-16
9541,John,Johnson,Botswana,+1-347-369-7658x645,lori01@example.net,2022-02-26
9542,Amanda,Kennedy,Brazil,+1-993-892-6847x187,natalie74@example.com,2025-05-08
9543,Travis,Harrison,Jersey,587.517.8155,luisdawson@example.org,2024-06-27
9544,Alexis,Walton,Sierra Leone,307-642-8994x796,ryanlee@example.com,2020-04-13
9545,Stephanie,Miller,Luxembourg,001-973-500-8876x069,crystal70@example.org,2020-03-31
9546,Paul,Peterson,Pakistan,7932566626,griffincharles@example.net,2023-12-06
9547,Mary,Raymond,Argentina,814-237-2371x7823,johnsonshannon@example.net,2022-04-21
9548,Chelsea,Johnson,Kenya,001-644-444-5008x7463,lindseymiller@example.com,2022-11-29
9549,Clifford,Howard,Grenada,001-814-939-5889,huntallison@example.org,2023-07-22
9550,Kristen,Sims,Saint Barthelemy,(463)244-3413,pam32@example.net,2021-11-29
9551,Jacqueline,Miller,Libyan Arab Jamahiriya,358-593-7659,harry45@example.org,2024-03-26
9552,Daniel,Guzman,Solomon Islands,(818)351-4515x193,timothy00@example.com,2023-04-29
9553,Jerry,Walker,Uganda,308.427.5135,brownmary@example.com,2025-08-07
9554,Rebecca,Pearson,Cyprus,+1-416-809-2308x131,othomas@example.com,2021-08-20
9555,Laura,Richardson,Liechtenstein,(911)620-4497,ltaylor@example.org,2026-01-04
9556,Evelyn,Thomas,Brunei Darussalam,001-224-247-8969x8514,sarastewart@example.com,2022-05-31
9557,Michael,Perez,British Indian Ocean Territory (Chagos Archipelago),361-984-6618x1296,jsmith@example.net,2020-08-22
9558,Robert,Ramirez,Saint Kitts and Nevis,001-689-490-7838x38338,rubiodiane@example.org,2021-10-29
9559,Gary,Hale,Nicaragua,580.717.9618,fraziercharles@example.com,2022-05-10
9560,Stephanie,Craig,Netherlands,+1-643-280-8135,gabriellaoliver@example.net,2021-11-06
9561,Paul,Taylor,Singapore,001-644-357-4396x96910,baileywilliams@example.net,2023-06-09
9562,Rhonda,Rivera,Gibraltar,841-215-7942x858,tvillegas@example.org,2021-04-23
9563,Erika,Johnson,Nauru,397-220-4435x004,nicholas94@example.net,2021-08-25
9564,Craig,Morales,Argentina,241-700-1478x621,emily66@example.com,2026-02-03
9565,Nancy,Hill,Costa Rica,980.886.1627x5716,adrian84@example.org,2025-10-17
9566,Kyle,Anderson,Timor-Leste,+1-483-452-6874x498,williamsrichard@example.org,2026-01-26
9567,David,Gonzalez,Bosnia and Herzegovina,564.749.6025,brian13@example.org,2025-05-21
9568,Kristin,Ramirez,Ukraine,(657)920-6619,latasha00@example.org,2025-10-24
9569,Lindsey,Hobbs,Hong Kong,(293)907-0431,nicole74@example.com,2025-08-14
9570,John,Golden,Netherlands,001-203-757-3403x365,paulwalker@example.com,2023-12-04
9571,Margaret,Ferguson,Gambia,(993)359-4859,eduardohernandez@example.net,2020-07-09
9572,Robert,Mcgee,Saint Helena,001-677-999-0676x419,marypennington@example.com,2021-09-08
9573,Sonia,Wallace,French Southern Territories,7912373646,arodriguez@example.com,2025-05-12
9574,Gloria,Mosley,Japan,001-278-353-0778x9625,janiceelliott@example.org,2022-05-13
9575,Darlene,Carroll,Argentina,788-609-6804,thompsonmicheal@example.org,2021-08-20
9576,Stephanie,Phillips,New Zealand,(664)202-4374x4689,markyoung@example.com,2023-02-24
9577,Katherine,Reyes,United States of America,001-812-586-2609x0419,valerie44@example.net,2021-01-17
9578,Natasha,Figueroa,Finland,928.719.9948x0781,nzuniga@example.org,2023-05-13
9579,Nathan,Grant,Belarus,+1-533-888-1617x682,grantlisa@example.org,2020-08-16
9580,Lorraine,King,Niger,(638)919-1011x474,ruthali@example.com,2020-09-05
9581,Alyssa,Reeves,Falkland Islands (Malvinas),001-555-766-4042x51491,mccalldaniel@example.com,2020-05-26
9582,John,Mccoy,Antarctica (the territory South of 60 deg S),(699)652-3080,wrodriguez@example.net,2021-02-20
9583,Christopher,Johnston,Poland,9015794419,william50@example.net,2022-08-09
9584,Andrew,Parsons,United Arab Emirates,(864)952-0999,morganelizabeth@example.com,2025-12-11
9585,Sarah,Fletcher,Macao,(311)439-5994x627,eporter@example.org,2022-05-24
9586,Keith,Gallagher,South Africa,8856866021,johnsondavid@example.net,2023-10-05
9587,Stephanie,Murphy,Mexico,(457)257-3452,christina62@example.org,2022-02-22
9588,Shane,Myers,Palau,924-924-2792,andrew32@example.net,2024-05-12
9589,Michael,Coleman,Spain,749-895-5062,georgejames@example.org,2023-11-26
9590,Angel,Floyd,Vietnam,507.956.5282,conniewarner@example.org,2022-03-13
9591,Lisa,Thompson,Wallis and Futuna,365.915.0274x39516,sanchezjoan@example.com,2021-12-21
9592,Jonathon,Fischer,Turkmenistan,+1-993-795-0432x320,jessica18@example.net,2021-04-16
9593,Leah,Franco,Mongolia,7102457377,lindamiller@example.net,2020-04-02
9594,Amy,Alvarado,British Indian Ocean Territory (Chagos Archipelago),001-541-436-3124,vjimenez@example.com,2025-07-02
9595,Anthony,Booth,Tuvalu,7024236375,kyliehayes@example.com,2021-05-29
9596,Amber,Shields,Saint Kitts and Nevis,954.551.2440x332,christopher10@example.org,2020-04-16
9597,Sandra,Johnson,Guyana,001-622-758-5292,daviskevin@example.com,2023-10-16
9598,John,Gutierrez,Marshall Islands,001-367-947-9041x617,moorerichard@example.com,2025-12-31
9599,Robert,Warren,Benin,758-492-9617x1834,haasmatthew@example.com,2022-05-23
9600,Heather,Adams,Barbados,2044389147,phillip98@example.net,2023-10-27
9601,James,White,Guam,900-561-3481x38695,richard49@example.org,2024-01-21
9602,Brenda,Williams,Albania,001-904-943-2799x622,patrick67@example.com,2025-06-21
9603,Joshua,Smith,Switzerland,786-879-2645x07194,ralphallen@example.com,2024-06-16
9604,Nicole,Perkins,Djibouti,001-607-631-1692x8889,glindsey@example.com,2025-04-15
9605,Melissa,Garza,Cook Islands,4446700877,andreahutchinson@example.com,2020-01-10
9606,Jacob,Mathews,Haiti,(458)262-1511,mpeterson@example.net,2023-06-16
9607,Kenneth,Trujillo,Mayotte,001-242-480-7891x39656,alexandradaniels@example.com,2022-02-17
9608,Andrea,Lopez,Anguilla,+1-398-398-3015,mbradley@example.org,2025-09-25
9609,Brian,Strickland,Falkland Islands (Malvinas),5742508295,jacobmontgomery@example.com,2021-03-31
9610,Margaret,Garza,Christmas Island,841-564-5516x7379,gfigueroa@example.org,2025-08-27
9611,Megan,English,Saint Lucia,001-471-307-3595x92578,christina20@example.com,2020-11-15
9612,Leonard,Figueroa,Cyprus,+1-326-863-2096x8437,megansanchez@example.com,2024-12-20
9613,Belinda,Huynh,Singapore,959-419-5077x643,leah99@example.org,2022-06-24
9614,Donald,Sanchez,United Kingdom,+1-863-351-5846x09820,judy20@example.org,2021-03-04
9615,Joshua,Lowe,Congo,001-586-569-6302x5712,plloyd@example.net,2023-08-29
9616,Nicole,Johnson,Switzerland,6293542081,washingtonheather@example.org,2025-10-10
9617,Samantha,Thompson,Jamaica,335-212-9919,willisdaniel@example.net,2023-09-13
9618,Austin,Smith,Slovenia,612.838.1972,dmartin@example.com,2024-09-27
9619,Benjamin,Phillips,Finland,001-295-892-7283,mistyjohnson@example.net,2023-08-05
9620,Raymond,Roberts,United States of America,374.715.9444,miguelmooney@example.net,2024-04-01
9621,Maria,Davidson,Thailand,+1-693-640-3841x5732,bryanking@example.org,2023-09-21
9622,Kevin,Mccoy,Paraguay,(987)544-2974,lcampos@example.com,2023-08-06
9623,Benjamin,Walker,Taiwan,(856)274-2284x59888,mcmillankyle@example.org,2022-05-30
9624,Christian,Long,Sierra Leone,(282)239-7291,sharon54@example.com,2021-12-15
9625,Amber,Mclaughlin,Marshall Islands,(610)864-7513x452,sarah88@example.net,2022-05-31
9626,Lori,Morton,Micronesia,902.499.1646,imurphy@example.net,2023-03-21
9627,Jimmy,Smith,El Salvador,662-282-9615x92167,calebwalters@example.net,2021-07-03
9628,Katie,Rios,Albania,493.925.5031x1634,zriley@example.net,2025-08-20
9629,Michael,Velez,Brazil,001-283-338-9860x742,wallerjames@example.com,2025-06-28
9630,Kevin,Robinson,Sweden,466-973-9266x67252,joneslinda@example.net,2024-05-17
9631,Catherine,Richards,Turks and Caicos Islands,+1-205-722-7388x59094,cameronjames@example.com,2026-02-21
9632,Robin,Sharp,Taiwan,586.248.4351x997,timothyhutchinson@example.net,2025-08-13
9633,Todd,Casey,Seychelles,859-406-2881,madisonhodges@example.com,2020-12-01
9634,Jeffrey,Williamson,Falkland Islands (Malvinas),+1-406-847-6298x547,ambershort@example.org,2021-08-30
9635,Susan,Mcintyre,Chile,(392)983-1826,jfowler@example.net,2022-05-07
9636,Walter,Foster,Papua New Guinea,+1-605-472-3184x8428,smoody@example.net,2022-12-18
9637,Ryan,Baker,Cameroon,585.653.0409x19150,barrettbrandon@example.net,2025-08-10
9638,Corey,Ferguson,Venezuela,630.299.6440,ericclark@example.org,2022-10-22
9639,Paul,Russell,Australia,(418)880-9710x3420,stoneraymond@example.org,2026-02-23
9640,Kimberly,Shields,Syrian Arab Republic,001-440-497-2077x3464,simmonsmeghan@example.org,2020-05-21
9641,Derek,Chapman,Uzbekistan,975.473.9867x4676,ryandaniel@example.com,2021-10-06
9642,Martin,Mann,New Caledonia,001-337-998-4059x842,rmoody@example.org,2021-10-25
9643,Lisa,Davis,Czech Republic,(646)478-5783x579,whitecorey@example.net,2025-09-09
9644,Anita,Gardner,Zimbabwe,438-660-3680,ramseydouglas@example.com,2022-06-09
9645,Ashley,Duncan,Nicaragua,001-212-488-9105,davisdevin@example.net,2023-03-20
9646,Jimmy,Torres,Jordan,(811)344-0444x84086,vsalazar@example.net,2022-12-14
9647,Anthony,Garza,Madagascar,392-825-8774x5007,keith76@example.org,2020-07-11
9648,Sarah,Smith,Canada,7075546800,john25@example.net,2022-04-27
9649,Tanner,Davis,Uruguay,(217)781-7350,heather62@example.com,2020-10-06
9650,Diane,Lopez,India,001-708-442-0931x4733,vjefferson@example.net,2022-05-09
9651,Lauren,Jones,Brazil,369.218.1578x9981,hestershawn@example.org,2024-11-10
9652,William,Perez,Paraguay,001-993-882-6879x31785,clarkejennifer@example.org,2021-04-25
9653,Jessica,Jordan,Suriname,621.349.2106x96918,seanclark@example.org,2023-04-14
9654,Michael,Medina,Israel,581.224.7623x164,wardsarah@example.net,2020-05-07
9655,Crystal,Oliver,Cook Islands,951-763-6846x0955,owenthomas@example.com,2022-05-22
9656,Jessica,Giles,Swaziland,276-575-8806,aguilarjohn@example.com,2023-06-15
9657,Natasha,Clark,Bahamas,+1-803-858-1042x422,thomasmiranda@example.com,2024-10-20
9658,William,Matthews,Chile,(227)632-3216,wbarnes@example.com,2022-09-09
9659,Rhonda,Garrett,Tuvalu,001-371-744-5742x05925,james29@example.com,2020-08-04
9660,Maria,Richard,Holy See (Vatican City State),569-840-2364x9290,masonbrandy@example.com,2024-01-19
9661,James,Barker,Ecuador,880.530.6458,brendamendoza@example.com,2021-06-04
9662,Mario,Michael,Korea,602-273-1776x58823,travis01@example.org,2022-11-29
9663,Justin,Briggs,Ukraine,(272)362-2797x71410,hsmith@example.com,2022-10-08
9664,Ryan,Farmer,Gibraltar,+1-562-267-5354,mcosta@example.com,2022-09-17
9665,Nicole,Jones,Togo,(969)209-5968x9307,imonroe@example.net,2020-07-26
9666,Benjamin,Pace,British Indian Ocean Territory (Chagos Archipelago),(358)342-2412x968,larry43@example.net,2021-03-02
9667,Ronald,Mason,Mauritania,757-426-6293x4551,xmoore@example.com,2023-07-18
9668,Laura,Rivera,Mayotte,001-583-416-7545x4498,william68@example.org,2022-07-03
9669,Alicia,Peters,Netherlands Antilles,(368)917-1531x04581,jasongibson@example.org,2021-10-23
9670,Brittney,Howard,Kazakhstan,641.658.0544x9956,willisamy@example.net,2024-06-24
9671,Jason,Harrington,Cocos (Keeling) Islands,+1-305-624-5744,jennifergill@example.net,2021-03-29
9672,Timothy,Green,Jamaica,(688)267-4448x125,tiffany10@example.org,2026-01-10
9673,Matthew,Butler,Swaziland,206.812.1094x619,webertheresa@example.com,2020-07-31
9674,Duane,Dawson,Italy,744-530-1173,jacquelineyoung@example.net,2024-01-19
9675,Shelby,Dean,Greenland,597.254.8461x4021,shauncooper@example.com,2022-04-21
9676,Emily,Brown,Dominica,+1-582-435-1050x7625,lunamichael@example.com,2021-12-06
9677,Darrell,Smith,Chad,001-509-940-4460x6093,ogeorge@example.org,2025-07-14
9678,Sean,Smith,Niue,+1-947-898-7191x216,hcollins@example.org,2025-09-08
9679,Charles,Wade,Lebanon,5704232427,william72@example.com,2023-10-08
9680,Tammy,Obrien,Nicaragua,(675)274-6448,brownemily@example.com,2025-06-11
9681,Randy,Fleming,Christmas Island,+1-768-982-0250x55783,derrick49@example.org,2023-09-08
9682,Alexandra,Castillo,Mozambique,+1-547-599-2995x2496,dawnbell@example.net,2023-11-27
9683,Madison,Chavez,Brazil,+1-224-886-0627,sonya86@example.org,2021-01-12
9684,Sara,Thomas,Trinidad and Tobago,(835)321-4940,mccarthylaura@example.org,2021-04-02
9685,John,Wright,Nigeria,+1-999-336-1426x549,millsmolly@example.org,2022-09-12
9686,Miranda,Diaz,Syrian Arab Republic,205.487.6277x468,briandunlap@example.org,2022-10-27
9687,Christopher,Brown,Senegal,(316)596-6860x58081,cmolina@example.net,2021-07-18
9688,Michael,Silva,Taiwan,315.880.4984x74472,millermichael@example.org,2022-12-31
9689,Jimmy,Mckinney,Austria,6672546389,ryandarlene@example.net,2020-01-06
9690,Matthew,Cruz,Bhutan,304.821.5009x1383,caitlinowens@example.net,2025-06-09
9691,Maureen,Scott,Cayman Islands,283-708-8209x6896,sherimassey@example.org,2022-01-05
9692,Tanya,Carter,Bangladesh,483.232.4863,wmiranda@example.net,2024-08-11
9693,Gary,Cooley,Philippines,(239)894-3060x043,stephaniemorrison@example.com,2020-08-06
9694,Donna,Berry,Bahrain,+1-544-927-3418x8132,dawnblake@example.com,2025-10-22
9695,Parker,Baker,Turks and Caicos Islands,+1-572-701-4278x562,samuelcox@example.com,2020-06-09
9696,Nicholas,Bryant,Zimbabwe,(764)580-7607,smithsarah@example.com,2025-12-23
9697,Brenda,Robinson,Togo,(849)773-0779x853,ngalloway@example.net,2024-10-13
9698,Alexis,Martinez,Kenya,7526904176,lindseyhunt@example.org,2023-08-15
9699,Amanda,Lopez,India,(220)396-8024x890,sarah56@example.com,2022-09-06
9700,John,Webster,Estonia,001-427-485-7999x85450,brittanyroy@example.com,2022-12-05
9701,Kaitlyn,Carson,Norfolk Island,(985)985-6103x2629,xadams@example.org,2025-01-29
9702,Eric,Rodriguez,Bolivia,3018260252,ericapeterson@example.org,2023-07-10
9703,Ronald,Andrews,Korea,357.668.2496,kimberlymartin@example.org,2025-04-24
9704,Mario,Bowman,Armenia,(662)688-5201x53009,vspencer@example.com,2021-04-28
9705,Keith,Bridges,Antarctica (the territory South of 60 deg S),355-542-4205x9714,glowery@example.com,2020-06-04
9706,Sharon,Thomas,Honduras,5725376829,montoyapeter@example.org,2023-06-07
9707,Thomas,James,Rwanda,400-225-1304x45297,mswanson@example.com,2023-03-29
9708,Brittany,Combs,Lithuania,(744)899-4631x6362,joshuasalazar@example.org,2020-08-02
9709,Jessica,Marshall,British Indian Ocean Territory (Chagos Archipelago),(347)885-4762,mcameron@example.net,2025-02-22
9710,Jennifer,Estrada,Gibraltar,001-746-299-3340x49728,mariamorris@example.org,2024-01-02
9711,Mark,Larsen,Malta,(727)219-5316x47258,gregory39@example.org,2022-11-06
9712,Amanda,Lopez,Monaco,8252247151,james38@example.com,2024-03-11
9713,Curtis,Watts,Switzerland,001-733-508-8562x67525,iandrews@example.net,2024-09-28
9714,Candice,Green,Peru,675-934-6258x532,tanderson@example.org,2021-06-13
9715,Kristen,Haley,Saint Lucia,276-674-3432,timmoore@example.org,2026-03-09
9716,Anna,Williams,Wallis and Futuna,486.848.4382x2145,flee@example.net,2024-01-09
9717,Jeffrey,Rodriguez,Kazakhstan,(691)576-7788x82716,gpark@example.com,2020-06-04
9718,Jonathan,Garcia,Greenland,2039127497,crawfordkaren@example.com,2024-09-20
9719,Peter,Edwards,Angola,(949)997-1719,jocelynhernandez@example.net,2023-01-18
9720,Tanya,Hunt,American Samoa,+1-743-462-9532x16146,blackdevin@example.org,2021-02-19
9721,Megan,Wolf,Norway,531-615-3184x23405,brooke46@example.org,2022-07-19
9722,Jessica,Snyder,French Southern Territories,229-256-1340,zjensen@example.net,2021-07-21
9723,Kristy,Buck,Belarus,291.506.4618,stephen36@example.com,2025-10-27
9724,Kevin,Garcia,Denmark,9277669733,ohamilton@example.net,2025-03-05
9725,Jay,Baker,South Georgia and the South Sandwich Islands,248-900-9169,rrivera@example.org,2022-03-07
9726,Sean,Brown,Argentina,215-681-4219,dianeford@example.org,2021-05-30
9727,Leslie,Chavez,Finland,(733)994-6394,roberta59@example.org,2020-12-30
9728,Courtney,James,Mauritania,615-275-1266x46522,julian12@example.com,2024-05-15
9729,Sophia,Carlson,Monaco,+1-397-632-4963x4539,xwood@example.net,2022-10-28
9730,Jeffery,Bell,Switzerland,(821)239-8313x99273,mckenzie64@example.com,2020-06-09
9731,Thomas,Gonzalez,Tunisia,+1-927-328-2054,frowland@example.net,2021-04-29
9732,Gina,Lowe,Wallis and Futuna,001-632-492-0399x376,debbiepacheco@example.org,2023-07-13
9733,Patricia,Campbell,Gambia,(865)346-8391x9691,jasonjones@example.net,2023-02-03
9734,Jacqueline,Lloyd,Reunion,+1-563-974-4875x0984,joshua08@example.net,2024-07-31
9735,Daniel,Adams,Korea,(762)579-9294x3502,francis31@example.org,2020-12-17
9736,Thomas,Keller,Poland,+1-246-556-4028x171,deleonmelissa@example.org,2025-09-17
9737,Melissa,Harris,Lebanon,(939)518-6964x138,mmccoy@example.org,2020-07-18
9738,Edward,Zavala,Trinidad and Tobago,5174608246,davisdavid@example.org,2022-12-01
9739,Emily,Black,Afghanistan,001-865-529-0012x306,kimberly36@example.net,2023-02-08
9740,Helen,Kennedy,South Georgia and the South Sandwich Islands,201-566-3267x157,shaun67@example.net,2020-02-20
9741,Mackenzie,Velez,North Macedonia,600.435.1955x2439,catherine73@example.net,2021-05-22
9742,Thomas,Newton,Norway,(237)489-7753,karla45@example.org,2025-06-13
9743,Antonio,Obrien,Martinique,(399)293-2447x4310,riveramary@example.com,2020-08-19
9744,Brian,Cook,Fiji,(234)319-2934,donald07@example.com,2025-09-07
9745,Tyler,Garcia,United States Virgin Islands,+1-839-690-5218x707,bclark@example.org,2021-02-11
9746,Amy,Watson,Greece,001-911-420-3043x790,connor67@example.com,2024-04-19
9747,Amanda,Bird,Panama,(883)947-7725,gregorylopez@example.org,2024-09-08
9748,Jessica,Crawford,Niger,329.934.3021,christopher59@example.net,2024-09-10
9749,John,Ward,Israel,759.685.3772x616,christywhite@example.com,2022-03-06
9750,Matthew,Hernandez,Saint Vincent and the Grenadines,001-606-223-9000x9047,rpugh@example.org,2023-07-11
9751,Victor,Tate,Zambia,762-551-5511x052,melissa02@example.org,2024-03-17
9752,Jo,Russell,Brunei Darussalam,596.714.8569x753,vlove@example.net,2020-07-18
9753,Gary,Reed,Saint Pierre and Miquelon,+1-473-529-2078x792,mckenzieroger@example.net,2022-10-01
9754,James,Casey,Niger,354-887-9642x0644,douglashaynes@example.org,2021-04-20
9755,Brian,Olsen,Turkmenistan,311-427-9515x423,fdavis@example.com,2025-12-21
9756,Megan,Ryan,Brazil,594-532-4966,bgarcia@example.com,2022-05-24
9757,Robert,Mitchell,Singapore,480-925-2743,aconner@example.com,2025-02-09
9758,Benjamin,Carr,Greenland,001-382-659-8046x77532,hdavis@example.com,2023-09-03
9759,Dustin,Garcia,Nigeria,432-322-8025x943,ronnie30@example.net,2022-08-01
9760,Christopher,Thompson,Oman,475-234-8528x317,fmcknight@example.net,2023-03-27
9761,Vincent,Moss,India,+1-571-311-8324x029,rodneyhernandez@example.org,2024-06-11
9762,Matthew,Cook,Lao People's Democratic Republic,001-472-294-4957,marysantana@example.net,2024-04-26
9763,Brian,Lopez,Ukraine,242-960-7612x70385,kdavis@example.org,2025-10-09
9764,Michelle,Rojas,Swaziland,6758814742,dbright@example.org,2023-12-28
9765,Jessica,Walters,United States Minor Outlying Islands,(977)753-9636,edwin55@example.com,2021-03-26
9766,Jennifer,Ali,Korea,+1-855-667-0230,madeline12@example.com,2024-12-03
9767,Michael,Jordan,Fiji,(689)795-3864x716,alexis54@example.org,2022-01-05
9768,Jacqueline,Brown,Malta,5167916754,daisy67@example.org,2024-11-11
9769,Jeanette,Warren,Turkey,+1-366-972-6755,justin36@example.net,2021-05-12
9770,Cory,Singleton,Puerto Rico,001-894-413-9755x602,jfrey@example.net,2024-04-21
9771,Christine,Jacobs,Brunei Darussalam,001-582-271-7607x8058,laura83@example.org,2023-02-22
9772,Michael,Ingram,Afghanistan,320.345.4743x847,alex55@example.net,2022-08-27
9773,Stephanie,Cole,Tokelau,4497778720,melissa11@example.net,2024-02-23
9774,Donna,Turner,Thailand,001-776-248-2839,susanward@example.org,2024-01-15
9775,David,Copeland,Colombia,585-250-9704x09135,nicole55@example.org,2024-12-05
9776,Nicolas,Thomas,Kenya,+1-601-962-0902x5599,breannacervantes@example.com,2021-01-18
9777,Sara,Campbell,Reunion,869.555.3047x913,laura68@example.net,2022-03-11
9778,Stephen,Gay,Greenland,291.238.9644,pwalker@example.com,2023-07-03
9779,Lance,Hanson,Japan,744-221-5990,moranjames@example.org,2024-11-26
9780,Sydney,Haynes,Tuvalu,429-367-5774x0423,juliatate@example.com,2023-11-12
9781,Mary,Williams,Malaysia,001-275-297-2273x417,gloriawilliams@example.net,2023-04-28
9782,Zachary,White,Uganda,541.269.4812,garzachristopher@example.org,2021-11-29
9783,Rebecca,Moreno,Madagascar,3594073041,gbaker@example.net,2023-03-12
9784,Joanna,Scott,Liechtenstein,(222)824-4126x4960,sarahdavis@example.org,2024-01-18
9785,Mary,Edwards,Denmark,(509)843-4799x63469,briannaking@example.org,2020-04-30
9786,Natalie,Griffin,Rwanda,001-880-521-7710x9267,smithchristopher@example.com,2022-03-27
9787,Katie,Gillespie,Madagascar,+1-619-583-0512x6996,rachelbeck@example.org,2023-10-09
9788,Anna,Harris,Sierra Leone,836.572.5831,alexanderfields@example.net,2025-03-31
9789,Michele,Underwood,Ethiopia,652.261.5657x7775,smithjoel@example.org,2026-01-19
9790,Justin,Hill,Samoa,+1-466-368-8314,yanderson@example.net,2022-10-20
9791,Ronald,Boyd,Timor-Leste,(878)716-1495,tinaporter@example.com,2025-08-27
9792,Jason,Rodriguez,Malawi,273.799.6567,davidsonjohn@example.com,2023-01-15
9793,William,Wallace,Djibouti,+1-723-413-7515x767,joshua53@example.org,2020-09-15
9794,Martin,Holder,Lithuania,(771)378-7569x04771,thomassuarez@example.com,2021-01-19
9795,Tracy,Davis,Angola,+1-930-259-1680,tuckerjennifer@example.net,2021-06-14
9796,David,Andrews,Djibouti,268.830.0375x0749,loribrown@example.com,2025-11-10
9797,Debra,Lara,Turks and Caicos Islands,969-425-8064x3927,smontgomery@example.net,2021-06-08
9798,Raymond,Hawkins,Bermuda,850.371.3161x5656,theresa67@example.com,2021-07-22
9799,Shelly,Larson,Svalbard & Jan Mayen Islands,4662213908,sarah69@example.com,2021-07-08
9800,Linda,Adams,Poland,6887690711,ericmckay@example.org,2026-02-16
9801,Valerie,Robertson,French Southern Territories,(382)739-3808,courtney19@example.com,2023-07-19
9802,Lori,Esparza,Guinea,(932)891-0651x483,nathan77@example.org,2021-05-29
9803,Douglas,Anthony,Saint Vincent and the Grenadines,(679)804-5538x8008,danielmartin@example.com,2023-09-09
9804,Grace,Austin,United States of America,+1-940-946-6064x90482,christopherhenderson@example.net,2020-04-23
9805,Robert,Hernandez,Mauritius,(698)967-9437x88137,antoniogarcia@example.com,2022-11-18
9806,Stacey,Bauer,Togo,+1-902-970-6796x0569,cookbrittany@example.net,2021-03-26
9807,Kayla,Clark,Qatar,+1-845-704-0059x02619,christopherstein@example.com,2022-05-29
9808,Rebecca,Hill,South Africa,+1-720-914-1287x67635,wesley79@example.net,2020-06-16
9809,Dawn,Kim,Gibraltar,425.991.5138x029,kstevens@example.org,2025-05-14
9810,Michael,Davis,Somalia,912-407-1261x77300,timothy66@example.com,2024-09-29
9811,Jessica,Reeves,Costa Rica,270-600-6640,ijones@example.com,2021-10-04
9812,Denise,Fernandez,Gambia,001-303-355-2942x894,davisdavid@example.net,2021-02-18
9813,Craig,Myers,Pakistan,+1-498-304-1184,dprice@example.com,2025-04-17
9814,Jesus,Griffin,Korea,433.339.4178x588,lopezpatricia@example.com,2024-07-23
9815,Stacie,Lewis,Ireland,001-239-744-4955x976,felicia11@example.net,2025-10-31
9816,Tyler,Kelly,Cocos (Keeling) Islands,222-788-9447,jmorrison@example.net,2026-01-16
9817,Eric,Price,Sweden,2462592553,ashley10@example.net,2025-04-29
9818,Stephen,Patel,Colombia,679-288-2150,alan32@example.org,2023-12-04
9819,Kimberly,Quinn,Turkmenistan,+1-860-838-7838x43767,jaime31@example.com,2020-03-28
9820,Matthew,Morris,Brazil,+1-422-339-3338x309,perezbreanna@example.net,2023-08-01
9821,Daniel,Fuentes,Cuba,+1-599-896-1374,maldonadojonathan@example.org,2022-11-24
9822,Vickie,Gill,Dominica,001-284-424-4065x5993,dhill@example.net,2022-01-13
9823,Rachel,Jensen,Guernsey,433-236-7317x71927,scottamanda@example.org,2022-01-12
9824,Daniel,Malone,Croatia,+1-247-933-2054x041,gabrielhernandez@example.com,2022-06-08
9825,Donna,Wong,Madagascar,001-202-431-3101x3501,lisa35@example.net,2024-10-05
9826,Katherine,Anderson,Belize,(755)478-7012,harrismarilyn@example.org,2026-01-13
9827,Leslie,Williams,Ghana,+1-653-513-4674,leslie63@example.net,2025-07-23
9828,Wendy,Dodson,Mexico,+1-567-317-3033x906,ckennedy@example.com,2025-08-01
9829,Ryan,Hahn,Norway,339-675-6729,christian16@example.org,2022-12-06
9830,Tony,Castillo,Micronesia,859.962.3977x146,kayla56@example.com,2020-06-02
9831,Whitney,House,Seychelles,(798)311-6450,dawn25@example.net,2025-10-26
9832,Megan,Sanders,Switzerland,750-457-6487x8542,mannkevin@example.com,2020-10-03
9833,Sophia,Spencer,Finland,295-388-1978x286,travis71@example.com,2025-05-09
9834,Tiffany,Becker,Uzbekistan,001-236-786-1145,davistheresa@example.org,2025-01-03
9835,Dawn,Thomas,Morocco,477-733-1733x285,kgarcia@example.com,2023-09-03
9836,Richard,Carter,Sao Tome and Principe,(896)390-1041x862,markdavis@example.org,2026-01-02
9837,Daniel,Moreno,Norway,+1-564-665-6802x9414,pduffy@example.org,2022-10-30
9838,Kevin,Martin,Comoros,545.296.8735,simmonselizabeth@example.com,2021-12-16
9839,Samantha,Sullivan,Kiribati,+1-346-373-4746x954,keith86@example.com,2022-01-10
9840,Michael,Lambert,Burundi,656-217-0218,frodriguez@example.org,2024-05-08
9841,Gregory,Landry,Equatorial Guinea,(562)355-7362,alansuarez@example.net,2021-08-02
9842,Steven,Mccall,Denmark,(644)852-6767x2893,elizabethstanley@example.org,2026-01-16
9843,Adam,Carroll,Fiji,+1-615-839-0766x793,robinmason@example.net,2021-02-23
9844,Colin,Alexander,British Virgin Islands,660.568.1557x64311,beckerlinda@example.org,2025-04-03
9845,Kimberly,French,Tunisia,655.891.9430x97983,edwardsdana@example.com,2024-05-03
9846,Colleen,Moore,Australia,+1-979-992-8833,andreamiller@example.com,2024-10-19
9847,Melissa,Tran,Taiwan,388.347.6538,gchoi@example.com,2025-07-21
9848,Alex,Johnson,Romania,(652)242-5773x53556,tracey84@example.org,2025-04-29
9849,Sonya,Clements,Uruguay,637.320.0549x595,cwilson@example.net,2022-12-08
9850,Paul,Mitchell,Fiji,529-579-8808,matthew01@example.org,2023-07-25
9851,Valerie,Ross,Aruba,638.875.0154,nicholassmall@example.net,2026-01-20
9852,Jason,Shields,Chad,001-216-569-3115x4645,rbaker@example.org,2025-08-25
9853,Danny,Small,Czech Republic,786-230-8708x89858,mcgeewillie@example.com,2020-08-23
9854,James,Garcia,Aruba,001-764-697-8205x438,izimmerman@example.org,2023-06-27
9855,Justin,Gomez,Singapore,001-691-524-1492x30475,stephen74@example.com,2022-06-10
9856,Rhonda,Osborn,Turkmenistan,+1-992-846-6405x984,heather56@example.net,2025-01-11
9857,Linda,Snyder,United States Virgin Islands,+1-379-680-7860,vmoreno@example.net,2020-01-16
9858,Todd,Lamb,Algeria,(286)735-3586x668,sandersandrew@example.org,2020-10-02
9859,David,Curtis,Greenland,982.686.7972x38066,hpotter@example.com,2022-11-03
9860,Kelsey,Warren,China,+1-482-885-1748x6937,higginsstephanie@example.com,2023-10-25
9861,Stephen,Sanders,United States Minor Outlying Islands,001-378-949-1089x5817,ywhite@example.org,2020-11-16
9862,Barbara,Petty,Iceland,862.670.3825x325,higginsamanda@example.com,2025-01-12
9863,Charles,Clark,Lesotho,(809)323-6895,oconnellsamantha@example.com,2024-09-04
9864,Cynthia,Thomas,Iran,+1-946-691-5878x49551,gwilliams@example.net,2020-09-08
9865,Lisa,Whitney,Philippines,(546)322-6847,jenniferwilliams@example.org,2020-12-03
9866,Joseph,Walters,Myanmar,5909494989,martin17@example.net,2021-05-17
9867,Stanley,Hickman,Canada,897.396.6355,johnsongloria@example.com,2022-11-29
9868,Lori,Fernandez,Norfolk Island,+1-740-714-3217,jonesmichael@example.net,2024-03-09
9869,Susan,Matthews,Jamaica,001-563-985-5273x34042,fryedustin@example.net,2024-03-24
9870,Melissa,Taylor,Costa Rica,385-729-8013x87453,kimberly38@example.net,2020-04-22
9871,Jacob,Bell,Senegal,001-803-455-6004x80820,gclark@example.net,2023-01-14
9872,Carol,Jackson,Serbia,(590)827-3937x474,merrittkatrina@example.com,2020-09-03
9873,Tracy,Curtis,Faroe Islands,+1-945-975-6971x15444,michael92@example.com,2025-11-19
9874,Justin,Kirk,Ukraine,4606831058,jessicamonroe@example.com,2024-04-05
9875,Adam,Stewart,Greenland,566.451.0889,rherman@example.net,2022-09-23
9876,Tara,Manning,Northern Mariana Islands,(459)571-9222x1610,paulgregory@example.net,2021-02-22
9877,Mindy,Burgess,Andorra,552.825.2086,jonesautumn@example.org,2021-08-24
9878,Thomas,Gordon,Kiribati,(574)723-8948x274,jonathan43@example.net,2020-11-03
9879,Jason,Jenkins,Jamaica,001-586-645-9184,martinjeffrey@example.com,2020-05-23
9880,Amanda,Mckinney,Tajikistan,3189137592,fischerbrian@example.net,2024-08-27
9881,Kimberly,Wiley,Ukraine,(806)268-6804x2282,ljones@example.org,2023-06-20
9882,Robert,Smith,Bulgaria,361-426-9684,mdiaz@example.net,2023-11-20
9883,Christopher,Martinez,Isle of Man,765.227.1435x130,danielleobrien@example.org,2025-11-01
9884,Kelly,Johnson,Montserrat,964-242-7608x270,grobinson@example.net,2021-02-19
9885,Tiffany,Gordon,North Macedonia,(569)938-7461x846,tcowan@example.com,2020-01-08
9886,Robert,Marshall,San Marino,890.763.3205x442,gouldpamela@example.org,2024-10-26
9887,Zachary,David,Cambodia,3766623441,heatheranderson@example.net,2020-05-20
9888,Andrew,Wood,Grenada,579.431.1842x556,matthew85@example.net,2025-07-21
9889,Elizabeth,Scott,Bouvet Island (Bouvetoya),531-924-8666x31128,powerschristopher@example.org,2020-10-13
9890,David,Wright,Sri Lanka,001-665-291-3543x60853,melissa18@example.com,2024-08-18
9891,Cynthia,Smith,Monaco,+1-535-822-2775x2042,angelacollier@example.com,2024-06-07
9892,Jerry,Hogan,Bouvet Island (Bouvetoya),+1-538-919-3044,patrick00@example.com,2020-05-04
9893,Jeremiah,Carroll,Papua New Guinea,295-994-0058x307,davisdavid@example.org,2023-06-15
9894,Theodore,Morgan,Denmark,+1-340-613-0861x30313,kfleming@example.org,2025-12-22
9895,Max,Hanna,Honduras,(397)436-5632x1728,jorge65@example.org,2021-02-14
9896,David,Porter,Cuba,001-387-951-6425x14694,ffritz@example.com,2022-06-16
9897,Susan,Moore,Solomon Islands,569-273-2652x5754,anthony60@example.org,2021-05-16
9898,Alyssa,Dawson,Micronesia,756.842.7334,rebecca35@example.net,2023-04-23
9899,Susan,Hall,Hong Kong,557.954.3251,ydoyle@example.net,2020-08-22
9900,Donald,Mason,Holy See (Vatican City State),454.211.9623,robert12@example.org,2021-06-18
9901,Elizabeth,Powell,Korea,001-874-209-3224x64064,caitlin36@example.com,2024-07-15
9902,Peter,Turner,South Africa,(258)506-2290,brianna68@example.net,2020-01-04
9903,Connie,White,Iran,(259)309-0667x512,christopher30@example.org,2025-04-25
9904,John,Lewis,Peru,(219)519-9796x686,mcgeedanielle@example.org,2025-04-20
9905,Lynn,Erickson,American Samoa,7622602549,annebentley@example.org,2022-10-21
9906,Benjamin,Holloway,Moldova,(901)403-6108x39710,rebecca61@example.org,2023-07-20
9907,Beverly,Walker,Uruguay,+1-641-300-5750x187,john89@example.net,2021-06-08
9908,Jennifer,Gibson,Namibia,001-915-427-8750x19114,sweeneylisa@example.org,2022-01-08
9909,Randy,Anderson,Czech Republic,+1-230-716-4493x716,yorklori@example.org,2022-10-23
9910,Kristen,Bishop,Jordan,762.324.4550,danielbeard@example.com,2025-05-04
9911,Jesse,Levy,Grenada,+1-240-786-7000x775,andersonsusan@example.org,2022-11-19
9912,Scott,Williams,Angola,(787)626-2097,jacqueline38@example.net,2024-04-24
9913,Daniel,Garcia,South Georgia and the South Sandwich Islands,+1-863-345-1815x925,tanya50@example.org,2020-09-25
9914,Steven,Johnson,Eritrea,809-283-5362x6550,cwhite@example.org,2022-01-08
9915,William,Horne,United States Virgin Islands,001-722-300-6282,erinhoward@example.org,2022-01-20
9916,Dorothy,Richards,Puerto Rico,001-850-775-5057,frank73@example.net,2025-07-27
9917,Jason,Grant,Tokelau,001-302-639-1871x2835,michael14@example.net,2021-05-27
9918,Lisa,Murphy,Isle of Man,+1-522-894-4159x2240,gilbertstephen@example.net,2023-07-05
9919,Peter,Gutierrez,Montserrat,(592)955-6923x7391,moyerjohn@example.net,2024-12-24
9920,Frederick,Harris,Georgia,(562)487-6448x7197,copelandchristine@example.org,2022-09-29
9921,Sierra,Wilson,Qatar,536.776.1330x148,timothyjohnson@example.org,2021-12-14
9922,April,Hunt,Bangladesh,312-504-2907x777,mosleysara@example.net,2020-04-12
9923,David,Murray,Kuwait,+1-749-398-6898x3731,ljones@example.org,2020-11-20
9924,William,Pierce,Equatorial Guinea,(634)287-5483,amymckinney@example.org,2020-01-27
9925,Patrick,Sanchez,Botswana,(391)781-1557,lejeffrey@example.org,2022-01-03
9926,Sarah,Reilly,Belgium,(321)614-0772,xnichols@example.net,2021-12-25
9927,Joshua,Lynch,Benin,583-475-8896x1366,michael77@example.org,2025-02-09
9928,Jennifer,James,Korea,5076742079,johnortiz@example.com,2022-11-15
9929,George,Lucas,Russian Federation,897.709.5677x32962,xjarvis@example.com,2024-04-28
9930,Sarah,Merritt,South Georgia and the South Sandwich Islands,478-514-7066,jackie12@example.org,2025-07-14
9931,Anthony,Burke,Northern Mariana Islands,510-344-6168x2374,boydpatrick@example.net,2021-02-16
9932,Danielle,Raymond,Israel,379-787-7298x9241,lporter@example.com,2020-05-06
9933,Maureen,Barrera,Papua New Guinea,+1-663-641-1576x22476,mhansen@example.com,2023-03-15
9934,Meghan,Huffman,Mozambique,938.205.5140,stevenallison@example.org,2024-06-01
9935,Nicole,Perkins,Malaysia,479.468.3426x8815,vreyes@example.org,2024-03-16
9936,Henry,Alexander,Lesotho,+1-577-248-1708,sarah83@example.org,2021-06-30
9937,Stephanie,Williams,Suriname,+1-560-397-9174,julia04@example.com,2023-01-17
9938,Susan,Harris,Colombia,368-304-5758,ataylor@example.org,2021-06-13
9939,Cody,Ross,Mexico,569-428-0367x0710,hendersonstephanie@example.net,2023-12-26
9940,Jose,Carter,Mali,411.417.7891,lawrence77@example.org,2021-07-08
9941,Robert,House,Taiwan,+1-274-612-7789x279,adamsmegan@example.net,2020-02-29
9942,Cheryl,Brewer,Ireland,+1-505-687-7805,jamesroberts@example.net,2020-02-16
9943,Shane,Benson,Niger,585.222.3825,williamsnicole@example.org,2020-11-17
9944,Marc,Obrien,Congo,001-462-367-9138x17650,kathryn82@example.com,2025-11-19
9945,Michael,Chavez,Australia,+1-321-267-2192x258,jorgenunez@example.net,2020-08-24
9946,Wesley,Wilkerson,Cyprus,+1-277-487-4434x713,benjaminmanning@example.org,2025-12-28
9947,Edward,Cantu,Honduras,3899157917,geraldlopez@example.com,2023-11-09
9948,Mitchell,Vaughn,Tokelau,617-822-3973,andrewgonzalez@example.net,2024-11-24
9949,Gary,Adams,Bangladesh,001-290-834-2472x030,gonzalessteven@example.net,2020-12-15
9950,Caitlyn,Wells,Solomon Islands,571.845.3169x890,nicole87@example.org,2022-07-25
9951,Amber,Little,Kuwait,+1-642-556-1503x169,uwillis@example.net,2025-11-05
9952,Jennifer,Jackson,Estonia,+1-329-790-1104x5510,fowlertimothy@example.org,2024-09-09
9953,Brian,Zhang,French Guiana,+1-431-864-1786x194,samuel33@example.org,2022-07-11
9954,Steven,Peck,Brunei Darussalam,9276821186,brad75@example.org,2020-07-09
9955,Ellen,Vasquez,Djibouti,001-266-563-6801x219,epearson@example.net,2026-02-03
9956,Sarah,Ray,Madagascar,587-928-7050x84205,megangarcia@example.com,2022-08-11
9957,Javier,Smith,Singapore,+1-611-852-5739x9749,richard87@example.net,2025-12-23
9958,Jason,Dillon,Japan,+1-331-288-3912x645,wiseemily@example.com,2024-01-04
9959,Leslie,Smith,Turkmenistan,532-724-2066x0383,philip76@example.net,2025-01-21
9960,Courtney,Walker,Panama,571.233.9880x87448,amandamontgomery@example.org,2021-06-09
9961,Michelle,Bennett,Netherlands,(585)291-2297,xryan@example.org,2021-03-22
9962,Jimmy,Ramsey,Netherlands,850.249.1772,kimeugene@example.org,2022-03-11
9963,Kerri,Ramos,Yemen,874.206.3829x22887,todd86@example.net,2024-12-18
9964,Alyssa,Branch,Luxembourg,+1-610-323-9913x1650,kyleharrison@example.com,2020-10-25
9965,James,Yoder,Bermuda,444.793.4196,gravesmary@example.org,2025-09-27
9966,Robert,Garrison,Mongolia,2519622787,davisdavid@example.net,2023-06-20
9967,Nicole,Carr,Tanzania,(455)617-1004,sarahyork@example.org,2022-11-13
9968,Michelle,Martinez,Azerbaijan,540.986.5891x635,danielgriffin@example.net,2021-01-24
9969,Joyce,Byrd,Dominican Republic,316.694.0320,brett22@example.org,2020-03-20
9970,Timothy,Davenport,Malaysia,001-572-640-3320x5883,skim@example.com,2023-11-12
9971,Amy,Lawson,Dominica,375-527-1377,ryan55@example.org,2025-04-03
9972,Randy,Clark,Micronesia,+1-227-683-4795x1043,alyssa43@example.net,2024-11-06
9973,Angela,Haynes,Anguilla,593.614.7907x358,sara46@example.org,2023-08-05
9974,Brenda,Ortiz,Kiribati,001-213-276-0804x037,david55@example.com,2022-01-19
9975,Michelle,Gomez,Gabon,618-771-6361x599,kaitlyn75@example.org,2025-08-23
9976,Drew,Estes,Bulgaria,858-247-0123x559,bwilliams@example.org,2021-07-23
9977,David,Thomas,Seychelles,386.438.1573,rickey32@example.com,2022-02-28
9978,Matthew,Jones,Congo,459-960-2630x5132,hwells@example.com,2025-06-04
9979,Brian,Chambers,Western Sahara,430-324-7694x039,foxsara@example.org,2025-04-21
9980,Tammy,Thompson,Poland,(684)668-4340x852,richardtaylor@example.net,2024-07-13
9981,Nicole,Sullivan,Pakistan,260.640.2493,martinlang@example.com,2021-08-12
9982,Jennifer,Berry,Algeria,597.756.9680x10840,vprice@example.com,2022-10-15
9983,Amanda,Garcia,Norway,+1-949-413-4661x49579,ucarter@example.net,2020-09-07
9984,Stephen,Moore,Dominican Republic,(744)478-2774x03311,michaelrobbins@example.com,2021-04-12
9985,Shawn,Parker,Burundi,999.812.3044x677,wmahoney@example.net,2026-02-23
9986,Thomas,Prince,British Virgin Islands,982.943.5087,awells@example.org,2023-07-19
9987,Lindsey,Phillips,Brunei Darussalam,545.245.2375x7734,ajohnson@example.org,2024-04-20
9988,Anthony,Johnson,Togo,9862171977,kbrennan@example.com,2024-11-06
9989,Zachary,Garcia,Brazil,001-648-893-9173,nicholas25@example.net,2021-12-31
9990,Cody,Stanley,Lithuania,+1-574-271-4595,graylori@example.com,2022-04-05
9991,Connie,Hall,Djibouti,+1-934-593-2170x486,qblack@example.com,2025-04-07
9992,Christopher,Bray,Monaco,816.829.2802,ellen77@example.net,2020-09-11
9993,Bobby,Gonzalez,Russian Federation,304.772.0267x2878,millermichele@example.com,2024-01-01
9994,Randall,Livingston,Belize,630-798-1403x74147,vmartinez@example.net,2022-12-31
9995,Kara,Cook,Somalia,001-542-376-5442x4427,debrahardy@example.org,2025-02-27
9996,Christopher,Romero,Tajikistan,5335556266,rachel94@example.org,2021-10-26
9997,Christina,Ramirez,Australia,769.344.1025,gilestimothy@example.net,2020-06-26
9998,Joan,Davis,Nicaragua,2603479613,mikemiller@example.com,2020-06-26
9999,Amanda,Smith,San Marino,5207757019,jonesdebra@example.org,2025-12-07
10000,Dana,White,Samoa,496.476.0689,melissa32@example.org,2023-08-28
