Customer ID,First Name,Last Name,Country,Phone,Email,Subscription Date
1,Marie,Conrad,Tanzania,795-663-9176x330,briannathompson@example.com,2024-03-04
2,Sharon,Chan,Sudan,001-635-660-8922x427,richard67@example.org,2024-02-16
3,Nicole,Bass,Uzbekistan,+1-450-234-5320x6733,cleblanc@example.net,2021-06-19
4,Kelly,Todd,Mali,678-308-3510,ewilliams@example.net,2021-07-10
5,Lauren,Reed,Saint Barthelemy,+1-416-730-8764x0698,bill26@example.com,2022-03-18
6,Nathan,Santos,Gabon,691-355-3525,jessica56@example.org,2025-06-27
7,Amanda,Bailey,China,716-247-0139,joseph50@example.com,2024-02-28
8,Douglas,Gonzalez,Maldives,9015784519,davidparks@example.org,2023-05-26
9,Ashley,Hurst,Mali,754.801.5871x722,crodriguez@example.org,2024-07-14
10,Vanessa,Brown,San Marino,709.972.0186,rbrown@example.com,2021-05-31
11,Phillip,Simmons,Equatorial Guinea,(655)772-9939x647,hjohnson@example.org,2024-04-15
12,Paige,Brown,Cayman Islands,701-604-1304,oprice@example.org,2023-04-17
13,Kimberly,Carpenter,Reunion,001-262-959-0503x843,fieldsjames@example.com,2022-06-09
14,Alyssa,Baldwin,Botswana,709.450.3088,christinamartinez@example.org,2020-04-19
15,Gary,Lee,United States Minor Outlying Islands,882.647.2106,taylorjessica@example.net,2023-09-28
16,Ashley,Lewis,Mongolia,001-589-982-7754,gwilson@example.org,2026-01-14
17,Rhonda,Page,South Georgia and the South Sandwich Islands,649-861-3261x2696,wendywoods@example.net,2024-02-12
18,Brady,Gallegos,Solomon Islands,801-334-6302x387,portereric@example.com,2024-03-26
19,Samuel,Fry,Cambodia,(884)887-5896x81349,ngilbert@example.net,2020-02-16
20,Robert,Oliver,Thailand,612-767-7824,piercewilliam@example.net,2025-11-03
21,Charles,Odom,Fiji,492-914-4502x9254,markswilliam@example.net,2023-02-03
22,Ashley,Tucker,Nicaragua,(584)662-2042x248,johnstontiffany@example.org,2021-02-21
23,James,Aguirre,Northern Mariana Islands,(556)325-1512,taylorglen@example.com,2023-04-28
24,Shannon,Richardson,Syrian Arab Republic,+1-360-529-0092x1984,michele52@example.org,2025-04-04
25,Erik,Williams,Solomon Islands,991-928-6637,prattrachel@example.org,2023-11-25
26,Jessica,Morrow,Faroe Islands,555.751.9446,michelle35@example.net,2021-09-19
27,Matthew,Fletcher,Bosnia and Herzegovina,2687143633,jwatson@example.net,2020-10-10
28,Gerald,Watson,Angola,+1-612-458-9884x61787,lindagill@example.net,2021-03-31
29,Frederick,Rose,Cambodia,(516)980-7753,jacobssuzanne@example.net,2020-02-03
30,Eric,Davis,Bulgaria,955-363-8840x3782,james37@example.org,2021-11-02
31,Lori,Hunter,Chad,+1-370-717-7039x7516,smaxwell@example.net,2022-07-03
32,Randy,Hall,Lithuania,+1-377-794-7315x96325,romerotimothy@example.org,2021-02-22
33,Sydney,Brown,Fiji,001-765-894-4548x3045,richardscynthia@example.net,2020-11-16
34,Erin,Mitchell,Cook Islands,5225848562,otaylor@example.net,2023-08-12
35,Virginia,Harris,South Georgia and the South Sandwich Islands,(540)392-6197x00345,jilliangutierrez@example.org,2023-07-03
36,Russell,Kramer,Guinea-Bissau,505-450-0694x75188,browncindy@example.org,2021-04-07
37,Mark,Roberts,Guatemala,+1-946-669-3988,vincentkerr@example.org,2022-06-18
38,Briana,Taylor,Micronesia,666.290.2778x833,emily10@example.org,2023-12-17
39,David,Cunningham,Ethiopia,001-956-635-9165,john05@example.org,2024-12-30
40,Felicia,Evans,Lesotho,362.685.7703x5821,rowlandmary@example.net,2020-09-19
41,Megan,Harrington,Mauritania,(886)829-4069x69714,sandersjonathan@example.net,2023-05-09
42,Jeffrey,Rubio,Syrian Arab Republic,(354)354-0149,cobrien@example.com,2024-04-01
43,Daniel,Kim,Denmark,756.392.4799,adamwilliams@example.org,2025-09-05
44,David,Maldonado,Albania,+1-257-326-9884,jessica41@example.net,2023-10-12
45,Harold,Padilla,Gambia,760.612.4235x644,kyle31@example.com,2020-09-01
46,Edward,Hernandez,Central African Republic,001-586-535-0344x3227,ywells@example.net,2021-04-05
47,Adam,Santos,Aruba,001-504-399-4686,dickersonivan@example.org,2025-12-07
48,Rebecca,Mitchell,Germany,(762)512-8626,richard85@example.net,2022-11-17
49,Darrell,Brown,Cayman Islands,279.773.7244x343,salazartanner@example.org,2023-10-10
50,Sarah,Henderson,United Kingdom,(911)941-6778,lindawhitehead@example.org,2022-07-16
51,Nicholas,Sanchez,Papua New Guinea,(223)492-3170x43665,benjamin69@example.net,2023-01-04
52,Jennifer,Phillips,Panama,6204987733,zkim@example.org,2025-12-07
53,Linda,Mckinney,Saint Barthelemy,(456)583-2843x103,gmckinney@example.com,2022-02-24
54,Diane,Lee,Bosnia and Herzegovina,697.213.0962x0809,floydvincent@example.net,2024-06-10
55,William,Allen,United States Virgin Islands,(273)914-7561,cindy24@example.com,2022-09-17
56,Angela,Mckinney,Sierra Leone,628-806-7038x27246,bettyrichardson@example.org,2023-02-08
57,Nicholas,Lucas,Ghana,498-824-4363,garynelson@example.com,2020-11-30
58,Marcus,Lawson,Italy,001-967-803-8241x32745,ashelton@example.com,2024-02-29
59,April,Santos,Micronesia,323.303.2908x8201,faulknerrobert@example.net,2023-06-11
60,Martin,Garcia,Tokelau,+1-978-849-0833x639,pdixon@example.org,2025-03-03
61,Scott,Mitchell,Martinique,628-578-2027,kayla44@example.net,2021-08-24
62,Jennifer,Larsen,Jersey,7202230365,beth00@example.com,2025-06-01
63,William,House,Tunisia,001-512-350-4672,housejoseph@example.com,2025-05-11
64,Tracy,Duncan,Italy,451.703.8915x77045,zalvarez@example.org,2024-08-15
65,Albert,Marquez,Belgium,289-920-0393x71314,tiffany36@example.net,2020-09-21
66,Joseph,Watts,Latvia,327.477.2873x5258,nmiller@example.com,2024-08-12
67,Samantha,Jenkins,Indonesia,225-615-6915x818,katherine02@example.com,2021-10-19
68,Tammy,Hernandez,Egypt,(620)469-2251,hollynguyen@example.org,2023-10-27
69,Christopher,Taylor,Cambodia,001-317-851-8041,zherrera@example.com,2023-06-17
70,Brian,Freeman,Rwanda,474-234-9907x33964,emily29@example.org,2023-08-20
71,Paul,Martinez,Portugal,001-822-525-8331x92587,wdelacruz@example.net,2023-11-28
72,Todd,Roberts,Greece,8853477413,xjones@example.net,2024-01-23
73,Bobby,Davis,India,+1-890-625-2073x6489,tgraves@example.com,2021-09-28
74,Anthony,Ortiz,Germany,970-559-7501x12745,ldaniels@example.com,2021-07-22
75,Susan,Kemp,Zimbabwe,+1-424-826-9407x379,teresa61@example.com,2025-12-09
76,Lawrence,Petersen,Israel,(484)651-7731x779,dnguyen@example.com,2022-04-02
77,Gabriel,Bailey,Suriname,8548411197,matthew24@example.net,2023-05-14
78,Leslie,Hebert,United States of America,001-906-921-4574x6771,anthony55@example.org,2020-10-13
79,Paula,West,Costa Rica,+1-532-675-6489x9075,gmartin@example.com,2023-06-14
80,David,Gardner,Eritrea,924.429.4950,vsmith@example.org,2024-07-19
81,Jeffrey,Keller,Chile,(326)722-3968,birdchristian@example.com,2024-04-25
82,Darryl,Gray,Cayman Islands,(521)879-5683x0608,egreen@example.org,2024-06-23
83,Benjamin,Ortiz,French Polynesia,5373021383,rochaxavier@example.com,2020-01-24
84,Regina,Hall,Brazil,001-849-460-6250,timothyfarley@example.net,2024-12-23
85,Brendan,Rogers,Belarus,(404)900-5546x729,kevin87@example.com,2021-10-01
86,Patricia,Oneal,Andorra,6418392364,julieblair@example.org,2023-06-11
87,Jimmy,Castro,Burkina Faso,952.932.4090,kmaxwell@example.com,2025-06-29
88,Joseph,Robertson,Kenya,+1-924-525-1567,katiewilliams@example.net,2024-04-24
89,Christie,Johnson,Burundi,+1-478-862-1251x73146,jessicawalker@example.org,2025-12-11
90,Samuel,Martinez,Liberia,450-541-6117,josephoneill@example.org,2021-05-15
91,Veronica,Simmons,Sweden,(552)437-2858x990,dicksonsusan@example.org,2022-05-12
92,Mary,Campbell,Northern Mariana Islands,257.758.4503x7265,abigailnelson@example.com,2024-12-14
93,Ana,Chavez,Togo,+1-244-914-4878x6752,crystalbrown@example.com,2024-12-15
94,James,Ford,Antarctica (the territory South of 60 deg S),+1-528-846-6359x528,bcaldwell@example.com,2022-03-31
95,Amy,Wilkinson,Bolivia,964.389.3992,davidblake@example.org,2022-01-27
96,Lauren,Roberts,Bahrain,(860)771-4772x1215,james99@example.com,2022-05-21
97,William,Hicks,Latvia,(739)934-7457x816,suttonteresa@example.com,2024-11-08
98,Ashley,Kelley,Iran,(310)820-9980,vtran@example.org,2025-08-15
99,Travis,Garcia,Liberia,+1-909-459-3237,kristenwright@example.com,2023-10-23
100,Trevor,Francis,San Marino,(408)550-1006x813,xgreene@example.net,2020-01-28
101,Mary,Nicholson,Panama,+1-504-644-7699x8143,rodriguezdavid@example.org,2020-06-22
102,Rachel,Osborne,Slovenia,347.899.2959x41172,bryantlaura@example.com,2024-10-20
103,Brian,Jimenez,Albania,+1-714-648-5775x41733,jacksonbrian@example.net,2024-09-19
104,Nathan,Price,Northern Mariana Islands,001-748-702-9654x338,richardmendoza@example.com,2025-04-10
105,Michael,Jacobs,Somalia,948-371-9055x992,randallnicole@example.org,2023-05-11
106,Isaac,Baker,Germany,+1-767-932-6299x545,williamstevens@example.com,2020-10-20
107,Sarah,Goodman,Equatorial Guinea,946-272-1802x78116,jknight@example.org,2026-01-14
108,Jonathan,Miranda,Palau,918.591.8431x396,wattsangela@example.net,2025-02-14
109,Michele,Rich,Saint Kitts and Nevis,001-938-803-1208x4763,sharonjuarez@example.com,2025-10-12
110,Ethan,Bernard,Gambia,(248)655-3944x3629,nfigueroa@example.org,2024-05-12
111,Nicholas,Stokes,Turkmenistan,001-613-533-9532,martinezkelly@example.net,2024-08-30
112,Sara,Russell,British Virgin Islands,227-325-2647,nelsonsuzanne@example.org,2021-11-16
113,Victoria,Elliott,Denmark,343-325-8572x6336,hernandezvincent@example.net,2023-03-13
114,Alexander,Martinez,Tuvalu,(648)349-9116x92177,michellegates@example.net,2022-01-08
115,James,Murphy,Sri Lanka,908-638-8738x0252,jeremiah69@example.net,2022-10-09
116,Gabriel,Adams,Micronesia,(883)557-0829x3267,theresa25@example.com,2025-03-11
117,Logan,Shelton,Yemen,(729)506-4744,alejandroyu@example.org,2022-03-27
118,Carlos,Crane,Portugal,+1-468-962-2372x13068,troyfox@example.net,2022-07-24
119,Ivan,Le,Grenada,564-493-2371,shannon81@example.com,2023-12-18
120,Rachel,Wall,Antarctica (the territory South of 60 deg S),597.365.9071x80738,uerickson@example.org,2020-06-12
121,Brittany,Diaz,Mauritania,001-995-209-8276x5810,gdavila@example.com,2020-07-12
122,Kenneth,Hodges,Gabon,515-480-7787x4245,tmartinez@example.com,2023-05-02
123,Jessica,Powell,Cayman Islands,(405)397-1250x3723,rogerpowell@example.com,2025-08-19
124,Caroline,Rasmussen,Rwanda,(814)751-8281,justin54@example.org,2024-08-26
125,Penny,Vasquez,Burkina Faso,254.348.4117x360,johnsosa@example.net,2025-05-10
126,Melissa,Sexton,Turkmenistan,315-475-9064x69541,castilloamanda@example.org,2023-09-15
127,James,Ray,Antigua and Barbuda,001-358-522-3866,conradjonathan@example.net,2020-01-23
128,James,Richardson,Armenia,252-487-2115,katie89@example.org,2021-05-23
129,Patrick,Kelley,Moldova,5176983930,codymcclain@example.net,2024-02-17
130,Janet,Phillips,New Zealand,(300)460-9912,coreyvillegas@example.net,2023-11-11
131,Christine,Russo,Turkmenistan,576.408.1284x09895,debramullins@example.com,2023-03-06
132,Patrick,Rivera,Kenya,935-205-7687,christine57@example.org,2020-03-02
133,Nicole,Morgan,Singapore,550-201-0621x4759,berrykristin@example.net,2021-11-19
134,Ashley,Rivers,Bulgaria,402.390.6600x022,christopherritter@example.org,2025-11-23
135,Jennifer,Moore,Nigeria,001-575-363-7623x864,wduarte@example.net,2025-01-02
136,Jonathan,Davis,Saint Barthelemy,+1-941-840-6979x57021,kristina54@example.com,2025-06-22
137,Anthony,Goodwin,Nigeria,(749)403-5590,meghan12@example.net,2020-05-31
138,Jamie,Black,France,262-234-9508x71883,jamesnelson@example.org,2025-11-23
139,Catherine,Harper,Tuvalu,912-253-9633,newmanandrew@example.org,2024-06-26
140,Arthur,Boyd,Yemen,909-269-4896x565,lindsey03@example.com,2023-04-24
141,Emily,Watson,Gibraltar,001-872-450-3985,thomas42@example.com,2025-02-14
142,Katelyn,Allen,Niue,770-441-8506,owentara@example.org,2024-02-13
143,James,Berger,French Southern Territories,811.518.7766x18803,costanicole@example.net,2021-01-06
144,Ashley,Medina,Iceland,001-976-680-1530x09495,nicolejackson@example.com,2025-10-08
145,Candice,Reese,Swaziland,+1-573-339-6970x395,dhunt@example.org,2025-12-08
146,Robert,Barnes,Tajikistan,(366)424-3669,matthewnguyen@example.com,2020-08-09
147,Nathan,Castro,Sao Tome and Principe,582.690.1427,amcpherson@example.org,2024-02-10
148,Rachel,Butler,Greenland,001-829-324-5082,elliotttimothy@example.net,2023-02-05
149,Gina,Collins,Cape Verde,(488)453-1406x30389,johnsonnicole@example.com,2022-11-13
150,Daniel,Pham,Equatorial Guinea,(656)464-4163,iscott@example.net,2024-03-29
151,Joseph,Walsh,Honduras,001-748-318-7186x44346,matthewphillips@example.com,2022-03-13
152,Mallory,Lindsey,Vietnam,498-939-5559,zcase@example.net,2023-05-08
153,Amy,Myers,Bermuda,376.496.4010,jenniferbray@example.com,2020-05-19
154,Anthony,Young,Wallis and Futuna,(848)407-6998x0920,pereztyler@example.net,2020-03-31
155,Joyce,Ortega,Tonga,965.867.4863,hallharold@example.org,2025-10-01
156,Danny,Brooks,Suriname,+1-847-358-7718x780,jensenlisa@example.org,2025-10-28
157,Anthony,Byrd,Somalia,701.349.0140,taylorrandall@example.net,2024-02-15
158,Marcus,Newman,New Zealand,001-706-731-0967,philip54@example.net,2025-07-03
159,Benjamin,Shields,Saint Martin,001-912-964-8463x1480,kjohnson@example.org,2025-04-29
160,Jason,Mendoza,Turkmenistan,001-316-246-7324x5772,julia80@example.com,2026-01-30
161,Steve,Hopkins,Peru,960-367-6418,ashley62@example.org,2021-05-11
162,April,Beck,Grenada,001-678-701-2104x947,owilliams@example.net,2020-08-15
163,Margaret,Dalton,Iceland,337-792-1939x109,bauerjorge@example.net,2024-04-23
164,Brandon,Brown,Iran,252.837.6081x179,james34@example.net,2020-08-06
165,Stephen,Sanchez,Estonia,686.738.0756x99066,justin68@example.org,2022-08-14
166,Madison,Hernandez,Afghanistan,2335823772,hcarter@example.net,2022-05-06
167,Andrew,Holden,Moldova,001-219-829-5599,chandlernancy@example.net,2024-04-22
168,Kelsey,Edwards,Netherlands,001-436-805-3978,wdelgado@example.net,2024-10-20
169,Carolyn,Logan,United Arab Emirates,315-769-6637x49654,jackbenson@example.com,2022-08-21
170,Gregory,Fields,Monaco,001-735-812-6837,seth60@example.com,2024-09-22
171,Paul,Nelson,Tanzania,879-369-4203,xrowland@example.com,2024-07-24
172,Hayley,Lawrence,Norfolk Island,001-364-433-9614x49077,jessicasweeney@example.com,2023-03-14
173,Mary,Henson,Gibraltar,804.855.0382,jamessandoval@example.net,2025-10-30
174,Stephanie,Johnson,Reunion,682.804.3840x5725,mary21@example.net,2023-02-14
175,Robin,Hatfield,Japan,2585510608,donna35@example.org,2021-06-05
176,Patricia,Gamble,Cook Islands,870-748-1223x559,christopher60@example.org,2023-04-01
177,Jessica,Foster,Bahrain,(397)656-1117,ericgraham@example.com,2025-02-07
178,Melissa,Hatfield,Belgium,+1-225-645-2586x7667,maylawrence@example.org,2021-05-24
179,Cameron,Davis,Estonia,3206142313,ncunningham@example.com,2020-07-07
180,Heather,Turner,Jordan,(265)229-9180x753,hubbardrandall@example.net,2024-09-17
181,Jonathan,Gray,Switzerland,210-630-6147x77410,millercynthia@example.com,2020-02-01
182,Cindy,Munoz,Vietnam,(279)614-8508,kgonzales@example.net,2025-01-25
183,Julie,Patton,United States Virgin Islands,490.978.6341,smithemily@example.com,2024-02-21
184,Matthew,Moss,Niue,(613)238-3633x73574,marcusbowen@example.com,2020-06-12
185,Eileen,Kennedy,Argentina,979.494.0952x78734,harmonteresa@example.org,2023-12-10
186,Valerie,Hernandez,Latvia,(599)722-3324x76638,mitchellanita@example.net,2023-03-01
187,Deborah,Dickson,Samoa,4758233285,qmartinez@example.org,2023-08-09
188,Cheryl,Allen,Oman,(558)302-3696,hhorton@example.net,2020-07-14
189,Daniel,Chavez,Equatorial Guinea,648.203.8923x6300,laraalejandro@example.org,2022-07-19
190,Leon,Wright,Italy,+1-842-880-1495x9708,lauren59@example.com,2023-03-30
191,Luis,Bailey,Antarctica (the territory South of 60 deg S),(307)879-0027,cole62@example.net,2020-02-08
192,Troy,Fields,France,791-467-0627,eric58@example.com,2024-10-16
193,Sarah,Smith,United Arab Emirates,885.385.0945,christine56@example.net,2022-04-04
194,Lynn,Mckenzie,Saudi Arabia,001-536-873-9063,floresherbert@example.org,2020-04-26
195,Jennifer,Martin,Haiti,952.922.8095,grahamelizabeth@example.org,2023-01-08
196,Matthew,Gomez,Cocos (Keeling) Islands,319.313.5193x190,dhernandez@example.org,2022-01-21
197,Trevor,Bush,Senegal,311.926.1097x05526,mccoynicole@example.net,2025-05-18
198,Kevin,Moore,Egypt,001-764-977-1586x94699,stephanie52@example.org,2023-05-02
199,Richard,Hamilton,Trinidad and Tobago,001-260-545-4750x0054,qtaylor@example.com,2024-11-14
200,Elijah,Nguyen,Tonga,+1-498-345-8769x003,jennifer76@example.org,2022-06-17
201,Dawn,Wu,Mali,8502823287,bhouston@example.com,2021-01-07
202,Stacy,Larsen,Afghanistan,(253)903-8852,phillipsisaac@example.org,2022-11-27
203,Lauren,Martinez,Isle of Man,(258)571-7998x1814,perezchristine@example.org,2020-05-18
204,Karen,Hamilton,Gambia,001-877-365-7192x6914,morganlindsey@example.net,2024-11-13
205,Jesse,Bruce,Anguilla,809-448-7217,omar11@example.com,2020-03-24
206,Troy,Blair,Bhutan,001-488-969-5009x7556,reginasherman@example.net,2020-11-09
207,Allen,Ferguson,Botswana,363-993-8659x8946,crawfordjill@example.com,2025-05-07
208,Michael,Brown,Chile,454.352.9991x841,tonya43@example.com,2023-01-04
209,Anna,Bennett,Cook Islands,001-506-827-2742,michelle81@example.com,2020-10-24
210,Mary,Foster,Papua New Guinea,979-780-6006x543,xwarren@example.com,2022-03-01
211,Amy,Stevens,Mayotte,3629042130,mwalker@example.com,2020-12-23
212,Beth,Merritt,Cote d'Ivoire,+1-826-855-0546x22965,vmills@example.net,2025-05-19
213,Dawn,Torres,Afghanistan,(387)610-1802,stephenjackson@example.com,2020-06-18
214,Timothy,Chavez,Malta,(495)636-1062x748,laurenjones@example.net,2020-06-26
215,Lucas,Hudson,Costa Rica,690-518-9097x31736,tschaefer@example.org,2024-01-08
216,William,Johnson,Vietnam,671.970.0499x264,ujones@example.net,2025-03-31
217,Derrick,Richard,Angola,360.873.8584x14489,qcabrera@example.net,2022-07-08
218,Tanner,Rice,North Macedonia,644.954.2323,carol27@example.com,2025-03-08
219,Jason,Frost,Cyprus,529.263.8386,aaronmitchell@example.net,2023-03-03
220,Valerie,Willis,British Virgin Islands,628-637-1226x55442,mayermatthew@example.com,2024-11-03
221,Scott,Woods,Tuvalu,465-549-6726x855,taylor62@example.net,2021-07-01
222,Johnathan,King,Central African Republic,001-453-535-3196x7843,amymathews@example.com,2021-01-18
223,Robert,Allen,Somalia,+1-488-258-7266x138,jwilson@example.org,2020-12-20
224,Jeffery,Reynolds,Israel,+1-908-563-8641x61915,woodsara@example.net,2025-06-15
225,Lindsay,Robles,Argentina,+1-250-478-6264,marquezcatherine@example.com,2021-06-05
226,James,Henderson,Thailand,001-956-400-8823x8055,cynthiahoward@example.com,2020-08-27
227,Austin,Hale,Honduras,788-812-7424x67946,njohnson@example.net,2021-04-11
228,Tony,Underwood,Guam,279.333.3398x28219,danayoung@example.net,2025-12-27
229,Gregory,Walter,Congo,001-669-492-4141x1393,ntaylor@example.org,2024-06-14
230,Cindy,Lee,Guadeloupe,+1-770-684-8966x3392,amy52@example.com,2025-01-27
231,Kevin,Taylor,Slovakia (Slovak Republic),312.416.1693x90090,michael08@example.org,2024-03-22
232,Catherine,Perez,Morocco,(763)915-4604,wileytyler@example.org,2020-08-24
233,Jerry,Collins,United States of America,629.958.6218x905,ddavis@example.com,2023-03-23
234,Tina,Stokes,Falkland Islands (Malvinas),983.830.2991,michaelhebert@example.org,2025-06-10
235,Seth,Ford,Romania,221-544-9596x3114,ngray@example.net,2020-12-28
236,Curtis,Oconnor,Micronesia,001-375-277-8198x61593,deborahfrey@example.org,2024-12-20
237,Benjamin,Smith,Kuwait,+1-226-220-0268x207,bryan86@example.org,2021-06-28
238,Todd,Kemp,Angola,(397)798-1934,joseph30@example.org,2021-01-23
239,Zachary,Fleming,Lebanon,656-836-8043x66676,brownmelanie@example.net,2023-12-02
240,Julia,Reynolds,Zimbabwe,5805244721,coloncassandra@example.org,2025-03-01
241,Annette,Edwards,Benin,(921)465-8744x33620,shawrobert@example.org,2024-06-05
242,Michael,Sullivan,Yemen,+1-652-381-6679x7918,hharris@example.net,2022-03-07
243,Adriana,Kramer,Benin,(461)966-7329x549,jfitzgerald@example.net,2021-11-03
244,Gabrielle,Villanueva,American Samoa,001-336-830-5401,brianwilson@example.net,2023-10-03
245,Kylie,Thompson,Mauritania,573-649-0139x5712,jessicasilva@example.org,2021-09-29
246,William,Todd,British Virgin Islands,316-906-6636x6577,flynnjon@example.org,2020-06-28
247,Bobby,Williams,Brazil,+1-210-967-0643,jared08@example.net,2023-01-14
248,Monica,Browning,British Indian Ocean Territory (Chagos Archipelago),826-469-4680x61388,raymondchristensen@example.com,2021-07-22
249,David,Carter,Senegal,735.591.3212,mary59@example.org,2022-05-26
250,Samuel,Little,Cocos (Keeling) Islands,(979)566-3424x8172,dyerleonard@example.net,2022-06-16
251,Gary,Wright,Vietnam,815.734.8070x40377,bowmankevin@example.com,2023-08-13
252,Christina,Daugherty,Isle of Man,354.524.1041x6362,william88@example.com,2024-10-26
253,Kelly,Kelley,Ghana,2619204998,anthony76@example.com,2022-10-02
254,Stephen,Mitchell,Bahrain,586.337.4586x79377,michaelhutchinson@example.com,2021-11-15
255,Matthew,Roberson,Comoros,7198689969,zmcmillan@example.net,2022-12-28
256,Kathleen,Oconnell,United Kingdom,001-330-849-3828,qstevens@example.com,2022-11-13
257,Jonathan,Wright,Indonesia,+1-712-485-1823x2236,craigbaker@example.org,2021-08-14
258,Elizabeth,Davis,Solomon Islands,632-235-0949x2958,jeffreybrown@example.net,2024-03-02
259,Holly,Meza,Swaziland,+1-906-614-7254,xjohnston@example.com,2022-09-19
260,Edgar,Dean,Senegal,320.583.8437x10607,sanchezjonathan@example.org,2021-12-08
261,Allison,Guzman,Gabon,306.463.8686x8624,westlauren@example.com,2024-08-31
262,Taylor,Holt,Ghana,+1-257-407-1740x9584,lesliehernandez@example.com,2021-12-07
263,Larry,Moody,Pakistan,5909810875,amber82@example.com,2020-03-11
264,William,Oconnor,Ethiopia,436-305-2875,yklein@example.org,2020-11-25
265,Katrina,Garcia,Zimbabwe,001-853-809-7402x384,qbranch@example.com,2026-01-08
266,Julie,Gill,Marshall Islands,342-583-9420x656,shawn75@example.com,2021-09-02
267,Chase,Miller,Falkland Islands (Malvinas),807-689-2392x498,rjefferson@example.net,2026-03-07
268,Kimberly,Brown,Bolivia,7564391227,david85@example.com,2022-03-20
269,Raymond,Johnson,Paraguay,(603)591-6161x0288,nicolegould@example.com,2024-05-03
270,Ann,Stanley,Burundi,2074525363,johncruz@example.org,2021-03-24
271,Michael,Tran,Western Sahara,(946)546-0882x887,laurendavis@example.org,2020-12-01
272,Nicholas,Mckinney,Cambodia,001-296-609-5964x394,sarah22@example.net,2023-10-25
273,Anne,Jackson,Haiti,+1-781-916-7207x6913,ucervantes@example.net,2025-06-25
274,Edward,Wilson,Cuba,2664384558,rhickman@example.com,2020-01-29
275,Christopher,Conrad,Latvia,902.777.8642x2814,james27@example.net,2023-06-01
276,Ryan,Martinez,Germany,255.381.3220,fjones@example.com,2026-03-06
277,John,Bowen,Peru,(494)435-5055,valenzuelamanuel@example.net,2024-03-30
278,Jasmin,Powell,Ireland,2765636593,dallen@example.net,2024-10-18
279,Thomas,Harper,Angola,(790)224-2159x907,wilsonwayne@example.net,2021-03-30
280,Edward,Rowe,Lao People's Democratic Republic,+1-514-412-9460x277,sjohnson@example.com,2025-06-30
281,Matthew,Hernandez,Sudan,(551)968-0281,christianlawson@example.org,2025-01-07
282,Jeffrey,Moore,South Georgia and the South Sandwich Islands,(830)792-3925x72262,cherylsteele@example.org,2024-12-24
283,Tim,Hernandez,India,001-235-317-8483,deniserowe@example.org,2021-03-17
284,Jesse,Conner,Egypt,638.562.7911,burnsanna@example.net,2023-09-12
285,Melissa,Griffin,Wallis and Futuna,+1-585-415-4320x903,eshort@example.com,2023-02-09
286,Vanessa,Hudson,Singapore,427-693-4882,markharris@example.com,2022-06-28
287,Samantha,Ruiz,Norfolk Island,001-319-482-6202x09790,robinsondeborah@example.org,2025-12-31
288,Robert,Wells,Fiji,001-209-987-0893,gomezandrew@example.org,2021-11-01
289,Michelle,Lewis,Uzbekistan,+1-712-968-8402,robinmontoya@example.com,2021-07-02
290,James,Wright,Cuba,840-519-1044x1549,madison38@example.com,2026-02-28
291,Sierra,Henderson,Seychelles,001-424-550-6306x956,tristansmith@example.com,2021-06-23
292,Kaitlin,Chavez,Cyprus,001-208-964-7761,victorialevy@example.org,2020-07-23
293,Kim,Craig,Togo,001-502-883-2278x033,jeremydominguez@example.net,2020-06-20
294,Jesse,Roberson,Tonga,760.953.3088x93530,ptaylor@example.org,2022-11-29
295,Sonya,Mejia,Cameroon,(802)202-5183,wilsonamy@example.com,2023-12-01
296,Edward,Davis,Sudan,+1-223-919-1393x576,nmacdonald@example.com,2025-07-30
297,Larry,Oliver,Venezuela,001-362-453-4445x408,nathancrawford@example.com,2024-10-24
298,Michael,Rangel,Anguilla,811-823-3229,bwashington@example.com,2024-10-04
299,Tiffany,Collins,Yemen,201-498-2466x8454,danielle55@example.net,2024-09-02
300,Ronnie,Lane,Timor-Leste,828-483-3423x002,davidsmith@example.com,2021-10-21
301,Harold,Munoz,Saint Martin,+1-905-696-8513x18794,michele70@example.com,2022-04-20
302,Dana,Webb,Algeria,726.483.1080x75856,lisabarker@example.com,2025-03-21
303,Ariel,Martin,Isle of Man,(721)317-5375x947,xroman@example.com,2022-12-08
304,Christine,Ibarra,Honduras,(860)706-3479,erinrivers@example.net,2026-02-18
305,Michaela,Mcclure,Guam,001-924-919-1047,rayjohn@example.com,2024-01-10
306,Terri,Scott,Bahrain,+1-404-852-2778x83107,davidhancock@example.org,2025-02-22
307,Susan,Moore,Sierra Leone,5112399568,michelle74@example.org,2025-10-06
308,Andrea,Moore,Guinea,(870)226-7105x067,hannah23@example.net,2023-04-17
309,Thomas,Carlson,Korea,5857763595,tony28@example.com,2025-01-27
310,Rhonda,Bowen,Suriname,+1-384-706-5163x99972,wilsonkristen@example.com,2021-10-22
311,James,Miranda,Paraguay,(473)719-0463x5531,bradley79@example.net,2021-01-28
312,Vickie,Hill,French Southern Territories,981-469-8263x55533,christopheradkins@example.org,2025-10-01
313,Gary,Lucero,Tokelau,+1-415-467-4789,dbrown@example.net,2021-01-19
314,Denise,Rosario,Papua New Guinea,693-277-1799x2182,ruizalexander@example.com,2023-06-28
315,Rachel,Chavez,Kazakhstan,635-645-5530,jonathan60@example.com,2020-08-27
316,Richard,Cox,Senegal,(460)362-6324x00069,robert53@example.com,2024-08-17
317,Zachary,Stanley,Guyana,808-957-0205x670,william24@example.com,2025-07-20
318,Hannah,Cole,Cocos (Keeling) Islands,001-464-269-6887x3122,juanblankenship@example.com,2023-03-15
319,Gerald,Mills,Israel,001-393-585-1575x01336,kevin38@example.com,2021-02-26
320,James,Brooks,China,(884)774-4384x0439,david67@example.com,2025-06-10
321,Jennifer,Norton,Congo,811.619.1697x9878,martinezabigail@example.org,2023-05-08
322,Sarah,Smith,Cook Islands,+1-450-714-4627x385,bonillajoseph@example.org,2023-02-16
323,Patricia,Benson,Kiribati,+1-259-692-6565x04185,dperez@example.com,2024-06-21
324,Walter,Blackburn,Tokelau,985.922.3573x264,rward@example.net,2022-04-19
325,Darren,Nielsen,Central African Republic,+1-415-879-2280x1494,victoriaramirez@example.net,2024-06-10
326,Mark,Reid,Germany,+1-258-770-1912x17599,henryfelicia@example.org,2026-01-24
327,Andrea,Weaver,Bolivia,760.666.3991,alexander30@example.com,2021-05-04
328,James,Williams,Falkland Islands (Malvinas),914-236-4156,christopherfitzpatrick@example.com,2021-02-27
329,Matthew,Martin,Holy See (Vatican City State),970-990-6149x868,fholder@example.org,2021-08-28
330,George,Garcia,American Samoa,(862)472-0605,maryrobinson@example.net,2023-07-26
331,Paula,Leonard,Puerto Rico,+1-364-552-3859x2196,rodriguezpaul@example.net,2020-05-26
332,Jerry,Foster,Montenegro,001-292-734-3568,mcbridemichael@example.org,2022-01-21
333,Pamela,Rivera,Tonga,982.328.8127x50021,kellyjason@example.net,2020-04-24
334,Edward,Cordova,Sao Tome and Principe,(619)696-2301x8448,lisachapman@example.com,2020-07-12
335,Kathy,Howard,Philippines,899-369-8809x55905,ibaxter@example.org,2024-08-28
336,Peter,Duncan,Congo,(832)318-4910,amandacain@example.net,2022-04-28
337,Tara,Wong,Colombia,430-632-7586,hpearson@example.org,2022-11-03
338,Kimberly,Booth,Hungary,001-655-409-1781x7815,heatherbrooks@example.com,2020-10-23
339,David,Rojas,Georgia,(644)721-0452x8941,fsingleton@example.com,2022-01-18
340,Jamie,Gallagher,Barbados,444-484-5124,barbaraadams@example.com,2020-10-02
341,Christopher,Becker,Falkland Islands (Malvinas),2388528057,martinezyolanda@example.com,2025-01-03
342,Billy,Ritter,Aruba,001-230-205-1891x0309,gary01@example.com,2024-05-02
343,Tara,Payne,Marshall Islands,508-274-9213x7500,kimberlyvillarreal@example.com,2020-09-29
344,Jessica,Lewis,Puerto Rico,001-512-994-3260x6358,ashleydunlap@example.net,2025-03-25
345,Shaun,Jones,Dominica,442-555-4963,pgray@example.org,2022-06-11
346,Brian,Romero,Montenegro,(868)432-1021x7198,rgardner@example.net,2024-09-16
347,Bonnie,Jones,Bermuda,822-792-6366,timothy85@example.net,2020-02-01
348,Heather,Pruitt,Netherlands Antilles,001-840-332-1909x5298,reedthomas@example.net,2024-08-08
349,Jeffrey,Rodriguez,Christmas Island,001-910-696-3625,karen31@example.org,2024-06-07
350,Jennifer,Jones,Australia,001-469-508-8803x70311,kirbykevin@example.org,2022-03-10
351,Jacqueline,Dominguez,Netherlands Antilles,+1-308-769-9904,barbaramcdaniel@example.net,2023-11-11
352,Ryan,Cummings,Macao,951-439-8202x5590,shepherdkeith@example.net,2022-04-08
353,Wendy,Smith,Mexico,(925)717-2054x022,bmartinez@example.net,2021-01-28
354,Jeffrey,Gardner,Nicaragua,307.867.8854x3324,stephenstimothy@example.org,2023-12-27
355,Brian,Jackson,Spain,746-992-3043x0209,mitchellangela@example.net,2023-01-06
356,Carly,Bennett,Bahrain,664-801-1037x985,janet55@example.org,2024-05-13
357,Zoe,Thomas,Western Sahara,5186616696,hpowell@example.com,2020-08-19
358,Kimberly,Diaz,Reunion,+1-916-651-5924x79375,jillcrawford@example.com,2024-08-16
359,Brian,Evans,Antigua and Barbuda,500.469.2205,williamspamela@example.org,2025-02-03
360,Jillian,Norman,Lao People's Democratic Republic,(593)786-5394x2167,gspencer@example.com,2026-01-04
361,Patrick,Shaw,Chad,(559)456-6752x55064,gcooper@example.org,2021-04-23
362,Calvin,Savage,Venezuela,001-899-736-5197x672,billybrown@example.net,2023-12-11
363,Patricia,Kelley,Mayotte,+1-229-237-1047x8354,angelica77@example.com,2020-04-16
364,Amanda,Henderson,South Africa,5923424933,eric73@example.org,2023-08-23
365,Kevin,Smith,Western Sahara,(661)439-4884,echurch@example.org,2024-07-05
366,Alan,Larson,Moldova,210-808-5163,kevinrose@example.com,2025-01-15
367,Michael,Perry,Gambia,(539)344-7111,eayala@example.com,2021-06-08
368,Molly,Mann,New Caledonia,(667)233-2477,fernandezaudrey@example.org,2024-01-07
369,Brian,Gregory,Samoa,999.767.8918x43431,wongluis@example.com,2022-08-05
370,Aaron,Medina,Finland,(348)268-9822x54103,donald22@example.net,2021-07-17
371,Jacqueline,Carson,Canada,954.631.8672,krystal25@example.org,2024-11-29
372,Bradley,Bryan,Svalbard & Jan Mayen Islands,654-487-1041x35396,vsellers@example.net,2025-06-07
373,Joshua,Gibson,Guyana,456.829.7404,mark14@example.com,2022-10-18
374,Joseph,Fitzpatrick,Cayman Islands,495-940-8296x42968,joshua73@example.net,2025-11-21
375,Christine,Murphy,Russian Federation,558-668-2586x928,bobby40@example.net,2023-03-02
376,Richard,Peck,Saudi Arabia,519-947-6713x027,matthew31@example.org,2020-04-11
377,Natalie,Allen,Jersey,766-860-0153x2055,christopheraguilar@example.org,2024-05-11
378,Joshua,Whitaker,British Indian Ocean Territory (Chagos Archipelago),001-617-941-2944x41456,briannahess@example.org,2022-08-27
379,Maria,Walsh,Saint Pierre and Miquelon,(965)923-2997x350,glennarmstrong@example.com,2022-05-31
380,John,Parks,Antigua and Barbuda,6767074467,amedina@example.com,2025-06-21
381,Eric,Wilson,Finland,492-433-8773x030,anthony16@example.net,2022-04-28
382,Amber,Thompson,Netherlands,(438)786-8382,chungjustin@example.net,2021-10-28
383,Jose,Pham,Barbados,764-355-6913x3873,karensmith@example.org,2022-09-02
384,Sherry,Reid,Montenegro,001-329-885-2979x69310,mcculloughann@example.com,2022-01-07
385,Sarah,Thompson,Hong Kong,001-205-586-3381x388,williamcollins@example.org,2020-12-20
386,James,Martin,Chad,820.463.4437,wagneramber@example.net,2024-10-06
387,George,Todd,Puerto Rico,618.552.3332,randydougherty@example.net,2025-12-21
388,Nicholas,Lewis,Cayman Islands,+1-547-420-3062x41104,duncanalexandria@example.org,2024-03-21
389,Joshua,Mclaughlin,Venezuela,300.261.6195,walshnicole@example.net,2025-03-16
390,Christina,Shaw,Israel,(479)537-8118,rodriguezrebecca@example.org,2023-11-21
391,Martin,Taylor,Pitcairn Islands,+1-713-446-6035x506,jeremy47@example.com,2024-06-27
392,Amy,Lopez,Nicaragua,+1-906-614-9949x822,tyler95@example.net,2024-07-16
393,Cynthia,Ramirez,Fiji,(320)724-7344,danielle86@example.net,2021-10-02
394,Sarah,Brown,United Arab Emirates,001-778-726-6790x2943,jimfrancis@example.org,2025-08-11
395,Patrick,Perez,Eritrea,+1-258-531-8306x6098,william41@example.org,2022-04-18
396,Cole,Lee,Afghanistan,943.809.7404,btran@example.org,2023-04-05
397,Deborah,Garcia,Seychelles,7889783641,cuevaslaura@example.com,2020-01-12
398,Kelly,Hancock,Portugal,369.268.8254,clopez@example.com,2021-12-06
399,James,Gibson,United States Virgin Islands,001-373-890-1314x70310,gaystephanie@example.com,2022-04-21
400,Alexis,Morris,Mayotte,548.320.2462,kelliboyd@example.net,2026-01-28
401,Timothy,Blackburn,Samoa,+1-716-304-3955x5669,chelseahudson@example.org,2022-01-15
402,Dylan,Herring,Svalbard & Jan Mayen Islands,865-870-6763,carmen47@example.com,2024-07-26
403,William,Sharp,Serbia,594-861-2484,briannabrooks@example.net,2022-01-18
404,Derrick,Warren,Martinique,(660)205-3160x42125,randallgreen@example.net,2022-06-21
405,Jonathan,Wright,Saint Helena,508-941-2763,jeffreystein@example.net,2024-12-05
406,Deborah,Payne,Nicaragua,403-418-6851,dbrown@example.net,2025-02-18
407,Angela,May,Philippines,001-892-935-8166x35206,brianmiller@example.com,2022-05-27
408,Elizabeth,Page,United Arab Emirates,585-485-7860x02120,davismelissa@example.net,2025-07-04
409,Willie,Kelly,Mauritania,+1-812-461-7724x204,griffinsamantha@example.org,2020-05-14
410,Cody,Reed,Lao People's Democratic Republic,(502)848-3774x9362,gentryjocelyn@example.org,2021-02-20
411,Victor,Tran,Peru,936.886.7360,beth02@example.net,2023-09-17
412,Ashley,Taylor,American Samoa,493.934.4485x1155,awillis@example.net,2021-01-03
413,Harold,Case,Pitcairn Islands,906.458.5895,xallen@example.org,2022-08-25
414,Ricardo,Perez,Philippines,001-925-207-5261x356,estout@example.org,2022-01-22
415,Philip,Barnett,French Polynesia,+1-805-610-0360x5076,gary23@example.net,2023-07-13
416,Mitchell,Cole,Uruguay,+1-939-541-3336x072,drogers@example.net,2021-03-16
417,Eric,Johnson,Namibia,344.876.3110,yolanda94@example.org,2021-02-27
418,Kristin,Wolfe,Mauritius,813.394.0757x46998,dannytaylor@example.org,2023-08-07
419,Jennifer,Fox,Belarus,759.580.8276x6778,sdickson@example.com,2020-10-08
420,Paul,Hughes,Niger,+1-397-436-7731,teresalawrence@example.org,2024-03-27
421,Tammy,Quinn,Qatar,576.737.9262x85275,obrewer@example.net,2023-01-24
422,Cory,Saunders,Antigua and Barbuda,+1-456-434-2974x87069,matthewchoi@example.net,2021-06-17
423,Cameron,Perez,Mali,001-300-974-9652,carol19@example.com,2020-02-01
424,Carrie,Lutz,Grenada,717.582.5534x7794,jamesjohnson@example.org,2025-03-14
425,Yolanda,Mitchell,Heard Island and McDonald Islands,(241)291-3531x53053,ashleywalker@example.com,2023-08-16
426,Jenny,Gonzalez,Solomon Islands,866.270.1486,kimberlycurtis@example.net,2022-06-13
427,Matthew,Morris,Brunei Darussalam,001-629-302-7976,oconnorcameron@example.com,2024-03-24
428,Alexandra,Johnson,Tonga,001-541-691-2965x53698,petersonjeffery@example.org,2023-10-21
429,Amanda,Zavala,Sao Tome and Principe,(586)413-4146x6104,catherinesimmons@example.org,2022-08-01
430,Michael,Sharp,Equatorial Guinea,495-645-3072,michael79@example.org,2020-12-31
431,Joyce,Jackson,Hong Kong,576-588-3186x51992,andersondeborah@example.net,2025-10-31
432,Michelle,Owens,Georgia,001-713-657-9126x55192,cbradshaw@example.org,2024-07-25
433,Eric,Maldonado,Bouvet Island (Bouvetoya),810.506.5290x456,mccallkevin@example.net,2025-01-24
434,Ricky,Diaz,Netherlands,001-322-321-4289x14833,davidsonmichael@example.org,2023-04-22
435,Michael,Weaver,Vietnam,464.906.8343x25781,christianvargas@example.com,2026-01-31
436,Michelle,Miller,Saint Martin,+1-910-765-3430x47733,johnathan60@example.org,2024-04-07
437,Brent,Murphy,Gibraltar,538-661-8212x0327,qhowell@example.org,2025-04-03
438,Alexis,White,Greece,(557)967-0645,lisa45@example.org,2025-01-13
439,Bethany,Williams,Lebanon,(389)532-8281,patriciaadams@example.com,2025-01-03
440,Jeffrey,Petersen,Switzerland,753-249-3764x157,yshaffer@example.org,2026-02-26
441,Lauren,Jones,Northern Mariana Islands,001-640-921-4866x81963,schroedersharon@example.net,2024-11-11
442,Jessica,Clark,Monaco,297.203.2058,michelle87@example.com,2025-03-08
443,Gary,Knight,Haiti,2987197190,wyattpenny@example.org,2020-02-12
444,Beverly,Baker,Isle of Man,(208)811-3044,jacobreed@example.org,2025-02-01
445,Matthew,Rosario,Papua New Guinea,695-977-0164x170,roberto20@example.net,2025-01-28
446,Richard,Wilson,Macao,925-316-7539,smassey@example.net,2020-12-01
447,Benjamin,Wilson,Angola,+1-406-359-1453x64895,perrytaylor@example.org,2021-10-30
448,Juan,Brown,Netherlands Antilles,001-599-602-5433,traceysmith@example.org,2021-03-08
449,Christopher,Cain,Gambia,655.357.9056,carl36@example.net,2021-05-01
450,Lori,Stephens,Ghana,354.548.3622x35464,patriciagarcia@example.com,2021-06-18
451,Jenna,Rogers,Mali,(873)610-3037x06162,vwilson@example.net,2023-03-05
452,Jessica,Jones,Argentina,(546)942-3391,jlong@example.org,2024-12-26
453,Bailey,Lopez,Kazakhstan,001-605-621-5824x543,gjohnston@example.org,2025-08-30
454,Jonathan,Thompson,Belize,290-876-4123,gomezdenise@example.org,2023-09-16
455,Shannon,Smith,Slovakia (Slovak Republic),001-797-903-3078x831,gmurphy@example.com,2023-10-28
456,Lauren,Garcia,Malawi,001-251-908-4715,michael35@example.net,2020-07-11
457,Nathan,Morton,Albania,724.423.2997x8589,mariagreene@example.org,2020-08-09
458,Jason,Kirby,Chad,606.214.8283x7591,samantha23@example.org,2021-08-25
459,Douglas,Adams,Burundi,001-606-274-1299,lisa48@example.com,2021-09-15
460,Matthew,Anderson,Lebanon,+1-569-539-5728x415,wbenson@example.net,2025-01-25
461,Jeremy,Harper,Azerbaijan,300-596-3622,ymcneil@example.org,2025-03-03
462,Theresa,Shelton,Belarus,795-417-9545,penamatthew@example.net,2021-04-26
463,Tina,Peterson,Denmark,395-895-3760x9681,ganderson@example.net,2025-05-17
464,Yvonne,Johnston,Belgium,451-559-9532x05916,williamsmichael@example.org,2024-02-06
465,Brooke,Ramos,Somalia,(383)897-3330x970,grasmussen@example.net,2025-02-26
466,Samuel,Wong,Isle of Man,831-717-4334x638,lopezdavid@example.org,2024-08-04
467,Patrick,Hall,Mozambique,403.719.8172,thompsonrachel@example.net,2023-12-27
468,Steven,Mora,Tuvalu,858-770-9735,cthornton@example.org,2024-07-20
469,Christopher,Howard,New Caledonia,001-219-853-9822x16435,stewartmichael@example.org,2020-10-26
470,Lawrence,Ward,Belgium,746.389.9788x283,qgarza@example.net,2021-09-26
471,Timothy,Smith,Iran,867.817.0496x949,michaelroberts@example.net,2021-04-08
472,Daniel,Liu,Cambodia,905-927-2445x315,ialvarez@example.com,2022-05-27
473,Ronald,Lewis,Belgium,554-550-0954,brookestanton@example.net,2023-05-18
474,Randy,Rodriguez,Syrian Arab Republic,001-408-612-2104x53775,burnettjessica@example.net,2021-03-21
475,Julian,Vargas,Germany,952.677.4772x53957,davisstephen@example.com,2023-02-13
476,Brittany,Day,French Polynesia,296-467-9650,mjones@example.com,2023-04-24
477,Charles,Rivera,Honduras,563.643.8362,torresjulie@example.com,2025-02-01
478,Wendy,Jackson,Tonga,720.835.0005x52413,russellgibson@example.com,2020-05-19
479,Sandra,Russell,Zimbabwe,411-286-5917,smithmatthew@example.org,2020-01-16
480,Roger,Cantu,Cameroon,974.921.9771x22683,jonathanfriedman@example.net,2023-06-26
481,Jonathan,Campbell,Austria,001-470-782-0158x159,rmcguire@example.org,2024-07-30
482,Courtney,Webb,Benin,7853956414,owoodard@example.org,2024-01-24
483,Veronica,Johnson,Kiribati,430-587-7036,gfranco@example.org,2021-02-14
484,Gabrielle,Mclean,Kyrgyz Republic,3822094321,qwilson@example.org,2024-04-16
485,Greg,Rubio,China,(726)705-9801x5894,gibsonelizabeth@example.net,2021-05-02
486,Mark,Mills,Belize,966.334.3182,brownjames@example.com,2022-04-21
487,Martin,Jackson,Seychelles,+1-755-738-7456x2810,randallhernandez@example.net,2020-12-28
488,Sara,Logan,Kazakhstan,758.971.6426x687,vargasian@example.org,2020-01-27
489,Christopher,Tucker,Turkmenistan,001-783-555-5497,xtrujillo@example.org,2024-02-10
490,Morgan,Frey,San Marino,+1-259-897-3901,ksims@example.net,2021-02-09
491,Calvin,Henderson,Burkina Faso,(908)615-7009x52613,joseph88@example.org,2025-03-23
492,Joseph,Hobbs,Vanuatu,240-582-3021x730,crystal54@example.com,2024-12-12
493,Joan,Mueller,Haiti,633-483-7898x2251,audrey12@example.org,2024-11-28
494,Elizabeth,Mclaughlin,United Kingdom,754.710.9812,lauren56@example.org,2022-09-27
495,Dustin,Erickson,Belgium,432.475.8477,rosehailey@example.com,2020-10-25
496,Kyle,Sandoval,Philippines,+1-508-818-3033x4425,cookelizabeth@example.org,2025-04-17
497,Alyssa,Gutierrez,Maldives,408.795.9822x86184,jessicawood@example.com,2024-10-02
498,Erin,Wagner,Falkland Islands (Malvinas),916-394-6381x3779,kpowell@example.net,2020-04-20
499,Debra,Campbell,United States of America,925.630.6535,veronicamiller@example.org,2023-03-16
500,Katherine,Davis,Qatar,(547)600-9909x53450,fosterdanielle@example.net,2023-06-11
501,Kimberly,Hall,Sri Lanka,752-728-6834x6280,pcalhoun@example.org,2022-11-02
502,Andrea,Murphy,Canada,(233)733-1950x4614,ahooper@example.com,2024-05-24
503,Alan,Yang,Tokelau,2574072689,nancy34@example.com,2020-07-20
504,Sandra,Peck,Morocco,001-470-844-7729,bradley80@example.net,2021-10-02
505,Amanda,Diaz,Samoa,+1-618-225-2003,cbenjamin@example.net,2021-11-30
506,Randall,Mcgee,Equatorial Guinea,9445454970,adam60@example.com,2021-03-21
507,Marcia,Gentry,British Indian Ocean Territory (Chagos Archipelago),584.911.6703x0918,laura47@example.com,2025-12-18
508,Alexandra,Allison,Georgia,670.866.6683,tina34@example.net,2020-12-10
509,Kaitlin,Burch,Czech Republic,996.972.3261,simsbrian@example.org,2021-06-03
510,Victor,Cooper,Afghanistan,(702)491-6757,hramos@example.org,2022-12-21
511,Eric,Morgan,Estonia,(631)290-5316x80183,baileyjennifer@example.org,2020-07-29
512,Lorraine,Mcdonald,Tonga,001-413-908-3691x9577,luisbautista@example.net,2025-10-09
513,Jasmine,Webb,Lebanon,+1-983-880-6012x119,acevedomaurice@example.org,2025-09-12
514,Amanda,Johnson,Western Sahara,9297812100,fgreen@example.net,2024-03-14
515,Natalie,Taylor,Niue,230.898.1618x02784,chaneyadam@example.org,2021-09-25
516,Adam,Cooper,Libyan Arab Jamahiriya,(209)436-4622,elizabeth60@example.com,2025-12-09
517,Christopher,Haas,Bosnia and Herzegovina,+1-269-475-9074x07236,nealrebecca@example.org,2020-03-01
518,Michael,Jones,Barbados,(370)516-5397x35867,longbrett@example.org,2021-02-09
519,Kimberly,Barber,Albania,3677420149,bkennedy@example.com,2025-08-07
520,Trevor,Short,Guinea-Bissau,+1-801-840-5357,jasonbrewer@example.org,2022-01-06
521,Joshua,Mahoney,Latvia,+1-215-363-3912x02652,robertahenderson@example.com,2026-01-15
522,Angela,Harris,Montenegro,(412)241-2779x96128,rodriguezjonathan@example.org,2022-10-23
523,Samuel,Parsons,Swaziland,830-434-0738x4729,larashelby@example.net,2024-02-21
524,Elizabeth,Simmons,Mongolia,(673)336-0111x3219,lgraham@example.com,2020-06-27
525,Wesley,Vasquez,Japan,6216402316,stephaniejackson@example.net,2024-08-24
526,Brent,Scott,Russian Federation,+1-594-867-8256x5051,robinnelson@example.com,2021-07-11
527,Sean,Alvarez,Guatemala,+1-605-201-2127x407,clinewilliam@example.com,2023-05-22
528,Brandi,Johnson,Lithuania,+1-452-606-4913,robert91@example.net,2020-11-20
529,Justin,Miller,Bermuda,(399)242-0305,wrichardson@example.net,2020-08-08
530,Jennifer,Gibson,Lao People's Democratic Republic,+1-444-931-6493x7940,dsantos@example.org,2021-04-01
531,Kristine,Harper,Pakistan,+1-959-799-2453x416,alexandra51@example.org,2020-12-02
532,Cole,Poole,Bulgaria,8338954034,pamela53@example.com,2025-06-28
533,Robert,Davis,Liberia,954-978-5905x071,lwest@example.com,2023-11-16
534,Bernard,Roberts,Sudan,001-892-461-7273x62020,brittany51@example.com,2025-05-31
535,Richard,Holland,Western Sahara,(757)511-7060,kdavenport@example.net,2022-12-13
536,Tiffany,Diaz,San Marino,001-403-452-8084x606,rachelprince@example.com,2020-01-09
537,Sarah,Jefferson,Tajikistan,436.943.5998,christina65@example.net,2021-03-19
538,George,Wilson,Tunisia,649.725.7859x39444,dillon74@example.com,2024-06-29
539,Hannah,Cummings,Algeria,001-960-655-3167x8582,adam77@example.org,2023-07-21
540,Gregory,Chang,Nepal,(518)391-4521,qbartlett@example.com,2026-01-10
541,Annette,Shah,San Marino,6945623908,flowersphyllis@example.net,2021-11-04
542,Joseph,Lara,Grenada,308-468-1992x2182,angela32@example.com,2024-06-12
543,Kevin,Lane,Tuvalu,+1-448-266-7716,cynthiafinley@example.net,2023-08-09
544,Nancy,Haley,Cameroon,(561)654-9181x00007,lindsay25@example.net,2023-08-20
545,Devon,Oliver,Mayotte,+1-502-701-4774x605,jasonkeith@example.org,2023-04-23
546,Maria,Allen,Malta,763.685.5522x8616,hilljonathan@example.com,2023-03-29
547,Pamela,Rivers,Norfolk Island,315-823-4932x004,melissa12@example.com,2021-06-23
548,Becky,Johnson,Myanmar,+1-455-577-7783x416,gtaylor@example.org,2024-10-16
549,Michael,Velasquez,Hong Kong,001-253-829-6204,greenkevin@example.com,2022-08-16
550,Dean,Edwards,Mali,(232)724-4301x782,mckaybarbara@example.com,2020-04-05
551,Kathy,Jackson,Nicaragua,960-769-0185x353,psanchez@example.net,2023-10-14
552,Sarah,Fernandez,Belarus,+1-886-667-6596x884,casey95@example.com,2024-11-06
553,Carol,Cook,Saudi Arabia,355-946-8987x3477,christopher66@example.org,2021-02-25
554,Robert,Brown,Samoa,949-536-4284,robertsontanya@example.net,2025-11-16
555,Joan,Clark,El Salvador,227.518.3360x587,rmoore@example.com,2021-02-13
556,Janice,Edwards,Guatemala,608.753.0037,vmartin@example.com,2025-06-25
557,Michael,Austin,Tanzania,361-831-3354x409,martinsmith@example.com,2022-08-15
558,Dominic,Torres,Martinique,861.267.7625,dillon23@example.net,2020-08-07
559,Darrell,Mcmillan,Botswana,001-585-994-6181,alexandermendez@example.com,2025-11-03
560,Stuart,Morgan,Tanzania,369.932.7345,adamdelgado@example.com,2023-03-03
561,James,Murillo,Tuvalu,333.212.6079,wwood@example.net,2025-03-12
562,Erin,Willis,Seychelles,001-338-619-3379x280,jeffrey64@example.net,2025-07-04
563,Craig,Jimenez,Georgia,887-389-2351x5089,tyoung@example.org,2021-06-10
564,Ashley,Chavez,United States Virgin Islands,971-503-9184x4774,mgonzalez@example.org,2020-09-03
565,Yesenia,Cain,Bosnia and Herzegovina,994-334-5444x8719,woodstanya@example.com,2025-10-19
566,Brad,Woodward,Tajikistan,797-220-7582x528,evansmargaret@example.net,2020-03-15
567,Molly,Oneal,Australia,(791)274-8762x2377,tayloralejandro@example.com,2025-06-06
568,Rachel,Klein,Aruba,001-834-431-4244,peter48@example.org,2020-10-07
569,Pamela,Mccormick,Sudan,001-520-268-8527x24127,jennifer39@example.com,2023-11-02
570,Dustin,Ford,Iran,316.807.0475x191,lhopkins@example.org,2022-02-12
571,Rebecca,White,Belize,(590)991-8941,nataliechapman@example.net,2022-02-08
572,Bonnie,Morgan,Ecuador,(257)649-4866,leeshelley@example.net,2020-11-29
573,Nicole,Avery,Antarctica (the territory South of 60 deg S),001-203-725-8834x075,lunalindsay@example.org,2020-03-30
574,James,Romero,Kuwait,001-670-265-7263x63143,bryantandrew@example.org,2022-10-07
575,Heidi,Pierce,Oman,(999)495-6446x167,pking@example.net,2020-10-21
576,Alison,Graham,Fiji,001-534-689-9489x23342,hector41@example.net,2020-07-28
577,Angela,Collins,Turkey,001-612-341-2561x38773,acox@example.net,2022-03-07
578,Jonathan,Willis,Christmas Island,(362)439-0991x510,gparker@example.com,2025-01-02
579,Robert,Clark,Morocco,001-491-598-3789x245,lgregory@example.com,2026-02-05
580,Jeffrey,Jones,Niue,5926378537,yallen@example.org,2020-04-18
581,Chloe,Hughes,United Kingdom,001-859-395-2050x9930,gmoore@example.net,2022-08-22
582,Scott,Allen,Isle of Man,641-483-4686,pcraig@example.net,2020-10-07
583,Derrick,Thomas,Antigua and Barbuda,935-867-1293x13419,lowepatricia@example.net,2023-02-22
584,Alan,Johnson,Chile,690-441-5587x7608,richardmiller@example.com,2022-03-16
585,Wendy,White,Moldova,+1-275-732-4426x8344,smithrobert@example.org,2024-03-25
586,Margaret,Guerra,Gambia,291.797.2422x7809,phillipsamanda@example.net,2023-09-17
587,Alexis,Johnson,Madagascar,612-478-2261x49236,ifrancis@example.org,2020-09-16
588,Michelle,Matthews,Bahrain,972-382-5156x1664,kelseyhanna@example.com,2024-01-10
589,Christopher,Wilson,Germany,865-996-4292,ebrown@example.com,2024-06-03
590,Kathy,Wright,Croatia,(636)896-1257x340,rbryant@example.org,2023-02-13
591,Elizabeth,Palmer,Falkland Islands (Malvinas),650.854.7136,larry04@example.com,2024-04-03
592,Haley,Hamilton,Saint Helena,(691)906-1406x769,sdavidson@example.com,2024-03-29
593,Tony,Lee,Vanuatu,537.594.6500x69235,cwilliams@example.com,2020-11-25
594,Robert,Gilbert,Cape Verde,+1-994-443-0870,monicasmith@example.com,2022-03-29
595,Kristin,Smith,British Virgin Islands,895.284.4798x7704,tiffany22@example.net,2024-11-07
596,Marie,Peters,United States of America,998.740.2227x93848,mitchelljustin@example.net,2021-10-16
597,Victoria,Armstrong,Maldives,515.743.2199x6873,hunter90@example.org,2025-11-15
598,Ariel,Lopez,United States Virgin Islands,881.226.0936,juanlee@example.org,2025-10-15
599,Cheryl,Kelly,Angola,+1-752-333-9517,debramartinez@example.com,2024-04-12
600,Kimberly,Ballard,El Salvador,(501)273-6847,mendezrobin@example.net,2023-09-07
601,Cheryl,Edwards,Isle of Man,2979417424,christopherjohnson@example.com,2023-06-02
602,Michael,Cobb,Jordan,(979)868-8353,kevinromero@example.com,2020-04-15
603,Keith,Martin,Saint Martin,+1-815-670-4498,lewisanthony@example.org,2026-02-25
604,Ashley,Owen,Libyan Arab Jamahiriya,576-928-2490x029,trevormclean@example.com,2021-08-25
605,Ronald,Hernandez,Andorra,001-713-680-1797,sparker@example.net,2020-01-12
606,Meghan,Mueller,Senegal,214.962.6999,michaelmata@example.com,2022-11-23
607,James,Dunn,Montserrat,322-701-2931,matthew65@example.net,2022-11-06
608,Jose,Vaughan,Cook Islands,730-209-1979,youngtravis@example.net,2020-05-21
609,Amy,Hawkins,British Indian Ocean Territory (Chagos Archipelago),485-651-7892x7608,ataylor@example.org,2026-01-31
610,Annette,Mcdaniel,Israel,+1-847-794-1825,ramseyzachary@example.net,2021-10-13
611,Mark,White,Greece,573-984-0082,dwerner@example.net,2021-03-29
612,Christopher,Wang,Norfolk Island,(796)618-9038,justin10@example.com,2025-09-06
613,David,Miller,Bosnia and Herzegovina,(237)510-8678,nparsons@example.net,2024-04-16
614,Raymond,Sweeney,Faroe Islands,(460)442-2339,kcasey@example.org,2023-10-24
615,Jose,Madden,Sweden,748-729-1563x127,erik23@example.net,2024-11-02
616,Erin,Gibson,Seychelles,949-473-2443x6360,whiteheadjoyce@example.org,2021-12-30
617,Jennifer,Jackson,Saint Kitts and Nevis,999.227.1294x16202,ycarter@example.org,2021-11-28
618,Omar,Carr,Fiji,658.803.5242,hammonddeborah@example.com,2023-09-06
619,Justin,Watson,Gambia,+1-323-573-2899x5615,steven10@example.org,2025-05-10
620,Kim,Bishop,Cape Verde,001-621-245-9695x55246,steve22@example.org,2022-12-30
621,Gary,Jones,New Caledonia,897-607-2068,stokesamy@example.org,2022-04-08
622,Jeremy,Davis,Venezuela,610-203-2763,angelica52@example.net,2022-11-23
623,Shelley,Allen,United States Virgin Islands,496-541-8256,erinholmes@example.org,2021-08-03
624,Carrie,Taylor,Australia,315.704.9675x2532,yrhodes@example.net,2021-09-18
625,Scott,Doyle,Cape Verde,(531)748-6262x1058,laura32@example.org,2022-09-24
626,Bryan,Mcdonald,Western Sahara,(654)229-5132x19156,wrightdonald@example.com,2026-02-02
627,Eric,Barajas,Vanuatu,595.283.6255x4167,gnelson@example.net,2022-10-24
628,Daniel,Phillips,Portugal,001-306-744-0786,michaelkelly@example.net,2025-09-11
629,Morgan,Cardenas,Czech Republic,804-499-2763,calvin00@example.com,2023-03-23
630,Justin,Orr,Guinea,382-447-1258,gilbertsusan@example.com,2021-09-16
631,John,Wilson,Djibouti,001-770-386-6045x85749,timothylyons@example.org,2022-10-04
632,Eric,Hawkins,Andorra,+1-283-632-6163,schneidermargaret@example.net,2023-03-03
633,Katherine,Bryant,Niger,847.948.4563,eallen@example.net,2022-08-08
634,Stephen,Ray,British Virgin Islands,430.946.8648x813,fgonzalez@example.com,2026-02-08
635,Matthew,Bean,Guinea,491.915.9276,goldenvickie@example.org,2021-01-26
636,Betty,Massey,Georgia,(844)204-3520x246,cooperkyle@example.net,2024-03-16
637,Melissa,Johnson,North Macedonia,(484)811-8505,jamesglenda@example.org,2023-12-14
638,Melissa,Stevens,Tonga,(235)687-6017x31325,stewarttroy@example.net,2021-12-14
639,Andrew,Smith,American Samoa,001-950-824-2228x82256,deleoncharles@example.com,2020-03-16
640,Claire,Roy,Micronesia,845-838-0121,ramireztravis@example.org,2022-12-15
641,Matthew,Castillo,Israel,+1-867-382-0919,gthompson@example.net,2023-06-22
642,Melissa,Keller,Nigeria,200-537-0574,alanwilliams@example.net,2022-05-02
643,Virginia,Peterson,Botswana,(795)392-4458,adam19@example.com,2025-05-12
644,Heather,Pope,Papua New Guinea,317-616-0416x5296,delacruztravis@example.com,2020-03-19
645,Ryan,Martin,Israel,577-943-4577,webbjennifer@example.org,2024-06-30
646,Joseph,Washington,United States of America,303.531.6112x843,lori97@example.org,2022-08-31
647,Jennifer,Andrews,Slovakia (Slovak Republic),001-420-258-7349x93830,hdiaz@example.com,2020-07-20
648,Ashley,Ross,Luxembourg,501-618-7769,jason34@example.com,2022-02-17
649,Elizabeth,Barnes,British Indian Ocean Territory (Chagos Archipelago),(510)500-5569,adamsadam@example.org,2022-09-22
650,Jessica,Allen,Uruguay,001-244-287-2770x018,martinjohn@example.org,2020-03-22
651,Vanessa,Chavez,Malawi,+1-536-830-7530,aaronmiller@example.net,2025-05-09
652,Paul,Sims,Vanuatu,819.816.1362,catherineknight@example.com,2022-09-02
653,Colleen,Martin,Tonga,001-871-941-5766x193,mcfarlanddylan@example.org,2021-03-06
654,Drew,Davis,Tajikistan,856-596-6585x244,oholloway@example.org,2023-05-18
655,Andrea,Walter,Bhutan,3285189330,mmacdonald@example.com,2023-09-05
656,Shannon,Powell,Ethiopia,(629)898-7562,burkerachel@example.org,2024-05-01
657,Roger,Cox,Guyana,(383)543-1682,ronaldhudson@example.org,2024-10-22
658,Taylor,Johnson,Marshall Islands,454.868.0875x23722,katelyn05@example.com,2021-07-24
659,Lisa,Hunter,Zimbabwe,227.255.9631x8832,tapiajulie@example.com,2023-05-25
660,April,Beasley,Timor-Leste,846-565-2505,evansmadison@example.org,2020-04-26
661,Michael,Walton,Switzerland,+1-552-550-0631x73297,elizabethfrey@example.net,2024-09-11
662,Brandon,Martin,Lesotho,470.337.1387x65281,bfernandez@example.org,2020-06-17
663,Jeffrey,Welch,Venezuela,830.711.4352x09880,kaylaalvarez@example.com,2021-05-07
664,Kathleen,Anderson,British Virgin Islands,001-585-684-1613,rebeccaharrison@example.com,2025-01-20
665,Carla,Owens,Slovakia (Slovak Republic),456-493-0067x05772,julian66@example.org,2022-10-08
666,Kendra,Martinez,Turks and Caicos Islands,(618)389-7501,shelby73@example.com,2024-01-11
667,Justin,Gonzalez,Saint Martin,(618)287-6012,victor45@example.net,2020-11-12
668,Lisa,Ruiz,India,+1-661-736-3546x67248,reedian@example.org,2020-01-19
669,Stacy,Woods,Barbados,745-943-6034x059,michael11@example.org,2020-05-03
670,Kevin,Murphy,Sri Lanka,001-730-462-1668x0132,gwilliams@example.com,2020-11-27
671,Ann,Green,Venezuela,853.511.1987,aponce@example.org,2023-07-15
672,Elizabeth,Shaw,Pakistan,446.790.6764,kathrynclark@example.net,2022-07-19
673,Michelle,Chavez,Saint Pierre and Miquelon,639-934-0227,zerickson@example.net,2020-05-05
674,Christopher,Curry,Zambia,886-870-5068x80244,alexanderchristina@example.com,2023-03-12
675,John,Williams,Saudi Arabia,+1-500-938-6021,myersalexander@example.net,2024-10-19
676,Ruben,Nelson,Fiji,860-431-8318,thomasrodriguez@example.org,2025-10-22
677,Natalie,Holt,Finland,(673)800-6722x886,zsanders@example.com,2024-10-20
678,Daniel,Bell,Nicaragua,550-939-7031,steven01@example.com,2021-08-29
679,Arthur,Mcpherson,Finland,+1-548-221-3110,carriemcdonald@example.org,2020-04-10
680,Heather,Adams,Bosnia and Herzegovina,836-887-9361,lwilson@example.org,2024-02-09
681,Olivia,Hubbard,Sweden,+1-431-441-2345,oabbott@example.net,2026-01-28
682,Kimberly,Gonzales,Timor-Leste,265-987-9144,robert90@example.org,2022-04-18
683,Lisa,Ward,Algeria,552.884.7976x252,lisa08@example.com,2022-06-18
684,Steven,Spence,Bangladesh,001-982-356-4525x4838,brownkathy@example.org,2025-06-29
685,Gavin,Camacho,Mongolia,409.326.5902,htaylor@example.org,2021-01-17
686,Michael,Hernandez,Greenland,958.398.9738,krista14@example.org,2022-10-21
687,Kimberly,Pierce,Kyrgyz Republic,001-454-740-6632x171,joseph89@example.org,2022-09-30
688,Sandra,Smith,United States of America,216-368-1070,yreyes@example.com,2023-03-23
689,Jeffrey,Henderson,Jamaica,9532762011,wgray@example.com,2021-11-16
690,Thomas,Nielsen,Sudan,+1-957-533-7985x6630,kbarnes@example.org,2023-06-21
691,Robert,Harris,Indonesia,(419)957-8849x1054,lisathompson@example.com,2023-04-14
692,Dawn,Johnson,Pakistan,329.307.2034x726,hayeskristina@example.net,2020-06-03
693,Benjamin,Ross,Switzerland,2459635857,hallbrandon@example.org,2022-10-11
694,Phillip,Thomas,Andorra,(740)473-8826,floydfrancisco@example.net,2022-04-11
695,Nancy,Downs,Guyana,(825)243-8907x50669,snyderkevin@example.org,2020-12-06
696,Debra,Mcknight,Jordan,571.894.3925,julie78@example.org,2025-02-02
697,Tim,Powell,Trinidad and Tobago,681.319.6101,morrisjoel@example.net,2025-03-11
698,Bill,Schroeder,Slovakia (Slovak Republic),7463810189,barnesdavid@example.com,2020-03-03
699,William,Kelly,Isle of Man,001-993-390-9458x422,summersjenny@example.net,2023-04-14
700,Christopher,Hudson,French Southern Territories,969-516-2684x15434,butlerclifford@example.org,2025-10-24
701,Nicholas,Meyers,British Virgin Islands,001-388-285-7673x5863,ashley41@example.com,2025-04-14
702,Tara,Brown,Anguilla,+1-574-668-5540x766,david67@example.net,2020-03-26
703,Nicole,Taylor,Turkey,234-803-3598x6853,thomas15@example.net,2020-05-05
704,Claire,Espinoza,British Virgin Islands,001-657-643-4681x0436,rachelshannon@example.org,2023-12-23
705,Debra,Day,Sudan,001-641-363-9497,tdavis@example.net,2022-11-26
706,Amber,Smith,Central African Republic,925-356-4874x3086,nicoleoliver@example.org,2022-03-20
707,Aaron,Dawson,Samoa,698-666-6665x94225,jeffreymarquez@example.net,2021-10-23
708,Linda,Garcia,Mexico,(952)415-6726x297,ewest@example.org,2022-06-08
709,Lisa,Smith,Croatia,608.249.4539,tammy41@example.org,2020-06-13
710,Kenneth,Mcclure,Yemen,(971)641-7707x43577,evanyoung@example.org,2024-04-01
711,Susan,Blair,Bouvet Island (Bouvetoya),912.888.5578,gonzalezpaula@example.com,2022-01-02
712,Christopher,Tyler,Jamaica,001-869-918-0887x742,andrew67@example.net,2025-02-25
713,Jasmine,Salas,Saint Vincent and the Grenadines,+1-328-574-8556,gregory70@example.com,2020-09-18
714,Jack,Delacruz,Slovenia,+1-768-347-6403,zpowers@example.org,2024-10-16
715,Matthew,Price,Swaziland,(440)450-6729x60391,paulkristen@example.org,2024-10-08
716,Curtis,Williams,Afghanistan,+1-488-503-3111,williamsteresa@example.com,2022-10-03
717,Christian,Lewis,Finland,6812007416,gonzaleztiffany@example.com,2023-06-15
718,Christopher,Thompson,Botswana,755-845-3215x84699,colemanjeffrey@example.net,2021-08-09
719,Craig,Tanner,Samoa,(537)201-3935x022,nicholasknight@example.net,2024-09-30
720,Michael,Bowen,Libyan Arab Jamahiriya,(984)584-0787x636,thomasrogers@example.org,2024-10-28
721,Travis,Miranda,Guinea,+1-593-868-6077x719,eric70@example.net,2020-03-14
722,Hayley,Carr,Romania,(812)247-5954x1602,oleon@example.com,2024-08-26
723,Dana,Mejia,Georgia,001-325-947-3276x58105,ingramtim@example.com,2021-06-12
724,Lisa,Williams,British Indian Ocean Territory (Chagos Archipelago),3277724660,escobarkathryn@example.org,2025-07-30
725,Marcus,Russell,Vanuatu,(294)980-4986x6839,lfrederick@example.org,2021-02-11
726,Judy,Chase,Bolivia,001-729-771-3313,costaduane@example.org,2024-12-28
727,Emily,Butler,Sri Lanka,+1-693-971-7036x134,matthewburton@example.net,2023-10-09
728,Toni,Peterson,Guatemala,8928654488,castanedanicole@example.net,2024-07-07
729,John,West,Palau,644.406.4721x0041,rodriguezsusan@example.org,2023-12-04
730,Tina,Lucas,Montserrat,001-617-654-6988x1853,jamesarcher@example.net,2024-11-04
731,Austin,Day,Guatemala,+1-233-404-7555,gary07@example.com,2024-03-18
732,Jared,Hayes,Zimbabwe,(280)450-6652,williamsshannon@example.org,2025-09-14
733,Joy,Montgomery,Cape Verde,001-915-210-3655x53367,stephanie55@example.com,2023-11-30
734,Russell,Baird,Hungary,(670)213-6877,alopez@example.net,2022-02-07
735,Aimee,Brooks,Singapore,599.422.3884x6710,ksnyder@example.net,2025-03-23
736,Jason,Williams,Syrian Arab Republic,493.659.1802,edwardbraun@example.com,2021-10-15
737,Mary,Fisher,Palau,6284046673,gtaylor@example.com,2023-04-25
738,Laura,Hensley,Bangladesh,467-798-5735x571,smullins@example.com,2020-03-30
739,Christine,Vega,Australia,+1-284-533-7324x18611,wramsey@example.com,2021-07-29
740,Elizabeth,Ramirez,Honduras,634-616-2363x26819,qtrujillo@example.com,2023-01-27
741,Dylan,Flores,Iceland,(627)760-3207,donaldjenkins@example.org,2025-06-18
742,Tiffany,Turner,American Samoa,(426)985-6237x572,juan73@example.org,2022-11-27
743,Miranda,Petersen,Guatemala,+1-532-544-6598x7336,fwarren@example.com,2021-04-24
744,Jackie,Larson,Ghana,874.830.3584,guzmanmary@example.com,2022-03-14
745,James,Foley,Georgia,481.775.8199x03933,swallace@example.net,2021-05-18
746,Debra,Bauer,France,(669)999-4554x576,tammytaylor@example.com,2026-01-19
747,Matthew,Schaefer,Central African Republic,+1-687-637-5933x2880,robinsonerik@example.org,2021-10-26
748,Michael,Mckee,Congo,+1-851-544-9255x415,wallacesharon@example.com,2023-07-25
749,Aaron,Walsh,Maldives,6489681943,lopezmichelle@example.com,2021-04-25
750,Katie,Johnson,Sao Tome and Principe,+1-258-829-1940x1083,ewilliamson@example.org,2022-09-24
751,Nancy,Cooper,Greenland,(663)531-1146x14336,erinrichard@example.com,2025-07-07
752,James,Wong,Rwanda,+1-200-396-4336x0827,carpenterjack@example.net,2023-02-06
753,Wayne,Bates,Timor-Leste,376.434.1154x7408,alexgomez@example.org,2020-10-05
754,Ricky,Johnson,Bolivia,+1-485-509-5430x811,justin36@example.net,2025-09-23
755,Megan,Jones,Wallis and Futuna,969.359.8674x972,katherinelewis@example.net,2021-10-10
756,Mary,Taylor,Azerbaijan,747.973.5198,yroberts@example.org,2025-06-24
757,Jennifer,Dawson,Belarus,(998)229-0755x733,brittanywhite@example.org,2022-06-04
758,Nathan,Wright,Cook Islands,824-411-5150,burgesschristine@example.org,2020-11-09
759,Carolyn,Jacobson,Kuwait,001-536-677-1162,woodlaura@example.org,2024-02-10
760,Edward,Walsh,Peru,001-406-657-7612x8467,davidsonalexis@example.com,2026-02-15
761,Tanya,Pierce,Cyprus,707.663.2836x566,nlawrence@example.com,2024-07-08
762,Jennifer,Callahan,French Guiana,+1-666-318-8498x004,washingtontrevor@example.net,2021-06-13
763,Cynthia,Tucker,Hong Kong,001-338-774-1185,nicolerobinson@example.org,2025-06-25
764,Morgan,Lopez,Colombia,(600)233-8890x21802,joshuaboone@example.com,2022-10-03
765,David,Schroeder,Czech Republic,001-529-574-2564,kendragibbs@example.org,2022-06-05
766,Sarah,Fowler,Portugal,797-266-9856,lauren17@example.org,2025-09-04
767,Richard,Cruz,Mongolia,(944)831-3154x71227,wpitts@example.org,2022-01-28
768,Michael,Ford,Korea,(658)323-9852x360,johnsonmelissa@example.org,2024-04-04
769,Meagan,Jones,Martinique,946-753-3708x508,ngould@example.net,2020-03-24
770,Courtney,Robinson,China,601-243-7156,joseph40@example.org,2020-11-01
771,Joshua,Fisher,Eritrea,351.269.3625,mezarachel@example.com,2021-05-13
772,Todd,Huff,Romania,345-392-1897,jonesashley@example.com,2023-08-20
773,Brian,Bishop,Argentina,291.720.2048,danielcarey@example.net,2021-12-23
774,Kimberly,Bennett,Wallis and Futuna,5924724743,fbarker@example.net,2022-03-27
775,Nicole,Carson,Burkina Faso,440-435-4913x90416,davidmartin@example.net,2021-10-31
776,John,Mcpherson,Saint Martin,732.924.3524x9523,iallen@example.com,2024-09-23
777,Alyssa,Avery,Ghana,387-577-8785x156,ejones@example.org,2021-07-10
778,Kyle,Oconnor,United Arab Emirates,752.729.7033x07970,rharris@example.net,2025-04-26
779,Cynthia,Tate,Lao People's Democratic Republic,(524)897-1502,gonzalezlawrence@example.org,2021-08-27
780,April,Scott,Nauru,(620)369-0147,ronaldkrueger@example.com,2022-02-02
781,Katelyn,Hill,Finland,(587)392-1838x31675,deniseerickson@example.com,2025-07-04
782,Harold,Christian,Iran,(547)424-8090,thomassloan@example.org,2023-03-27
783,Noah,Arnold,Latvia,(647)730-4836x41961,elizabethmeyer@example.net,2026-01-03
784,Thomas,Howard,Cuba,421-453-1558x070,whitedenise@example.com,2023-06-10
785,Jill,Alvarez,Austria,530.352.8270x455,uglass@example.com,2023-10-18
786,Derrick,Hardy,Turkmenistan,001-706-823-1460x02742,carterchristopher@example.org,2024-10-27
787,David,Garcia,Senegal,+1-296-994-0721x0438,cblake@example.com,2025-05-06
788,Anthony,Atkins,Vanuatu,524-281-7585x8578,nicolas63@example.org,2024-08-02
789,Michaela,Wood,American Samoa,001-279-629-6431x703,aguilarrebecca@example.net,2023-05-28
790,Tiffany,Mitchell,United States of America,874.383.3053x86876,ashley35@example.org,2025-10-20
791,Nicholas,Contreras,Malta,924-214-8279,joshua87@example.net,2021-08-20
792,Stanley,Moore,Guatemala,872-796-0906,dunnwilliam@example.com,2021-10-14
793,Zachary,Johnson,Lao People's Democratic Republic,(652)227-5172x6287,stewartyvonne@example.net,2025-10-11
794,Belinda,Ellis,Antigua and Barbuda,928-730-0527x697,leahshah@example.net,2025-08-25
795,Suzanne,Ali,Christmas Island,912.949.2919x198,wolfcheryl@example.org,2020-01-22
796,Breanna,Best,Suriname,(632)999-4162,dillonjoy@example.com,2020-09-24
797,James,Pitts,Sri Lanka,001-763-714-6801x70250,lhernandez@example.org,2022-06-26
798,Kimberly,Drake,Sri Lanka,(277)702-6725x94548,catherineparker@example.net,2023-01-04
799,Victoria,Benton,Tuvalu,001-729-902-8425x4671,stewartrobert@example.net,2025-04-18
800,Monica,Cruz,Netherlands,389-328-1690x586,mckinneyphilip@example.com,2022-07-08
801,Frank,Riley,Guatemala,218-626-7097x2067,bakertravis@example.com,2020-10-13
802,Stephanie,Green,Poland,610.222.5783,frankbrooke@example.net,2021-09-09
803,Kathryn,Castillo,Dominica,+1-900-462-2457,castillodonna@example.com,2024-01-07
804,Bonnie,Hall,Cambodia,780.505.8240x848,marcussimpson@example.com,2023-12-23
805,Brett,Taylor,Austria,+1-623-980-1918x4563,uchang@example.org,2021-05-20
806,Brian,Collier,Mauritania,762-722-1926x022,sherirobertson@example.org,2023-09-19
807,Brittany,Oconnor,Brazil,(588)538-2550x15421,nathanielstone@example.net,2021-02-04
808,Raven,Smith,British Virgin Islands,+1-760-269-5668x27477,david95@example.com,2021-08-12
809,Samuel,Wallace,Turkey,+1-386-336-9388x30883,christopherlivingston@example.org,2024-08-24
810,Tracey,Campos,Madagascar,(493)282-0926x61771,bryan22@example.com,2022-05-21
811,Veronica,Schwartz,Malta,(475)795-4075x07748,maryrangel@example.com,2020-02-27
812,James,Price,French Polynesia,001-264-447-9139x322,sharrington@example.org,2024-03-04
813,Kristin,Hudson,Burkina Faso,001-493-758-4009x20455,davidcalhoun@example.org,2025-11-22
814,Reginald,Lynch,Nepal,+1-683-777-3777x048,stephaniemolina@example.com,2020-09-24
815,Paul,Davis,Reunion,001-434-348-6363x88240,bernarddaniel@example.org,2024-12-07
816,Edward,Kelley,Brunei Darussalam,798.242.7623,rodriguezrachel@example.com,2022-01-28
817,Jacqueline,Jones,Aruba,001-715-746-4667x76990,piercekelly@example.net,2025-11-07
818,Jason,Robertson,North Macedonia,5057532753,icoffey@example.com,2021-12-24
819,Lisa,Davies,Montserrat,372-224-4255x51635,myang@example.org,2025-09-10
820,Margaret,Cruz,Maldives,(626)321-2037x518,nkim@example.com,2021-07-10
821,Madison,Levy,Cameroon,+1-387-890-9027x6752,williambutler@example.com,2025-04-12
822,Madison,Cooper,Cote d'Ivoire,870-802-5661,joseph19@example.org,2021-04-06
823,Timothy,Brooks,Maldives,+1-582-708-9356x92625,robert34@example.org,2024-04-12
824,Kyle,Castaneda,Bahamas,(854)368-8994,brandon68@example.net,2024-10-06
825,Linda,Cobb,Gibraltar,653-805-6084x694,mark94@example.net,2021-11-24
826,Tamara,Fleming,Hong Kong,(869)367-6015,hhensley@example.com,2022-05-21
827,Sarah,Bradford,Estonia,(261)672-1907x6127,underwoodjacob@example.com,2022-01-13
828,Katelyn,Alexander,El Salvador,660-344-0713x14969,meganlogan@example.net,2025-12-19
829,Samantha,Orr,Egypt,693.290.0510,parkeranne@example.net,2025-08-07
830,Gregory,Giles,Holy See (Vatican City State),+1-669-260-1703x383,donnadunn@example.org,2024-12-28
831,Jonathan,Downs,Tanzania,(372)393-0217x72086,john54@example.net,2025-05-09
832,Sherry,Gonzalez,Cameroon,001-567-372-6274x598,matthewandersen@example.net,2022-09-10
833,Emily,Leblanc,Comoros,(857)916-3740,chapmansteven@example.com,2020-08-15
834,Joshua,Coleman,Malta,+1-989-934-3512x5733,tmueller@example.net,2020-02-02
835,Jessica,Simmons,Azerbaijan,202.807.4102x55961,james90@example.org,2024-06-20
836,Ruben,Warren,Serbia,831-991-6127,warrenpatterson@example.net,2023-10-22
837,Annette,Wu,Lebanon,8706555157,manuel17@example.com,2024-07-20
838,Anthony,Phillips,Antarctica (the territory South of 60 deg S),547-667-6849x2273,maxwellshirley@example.org,2026-01-08
839,James,Short,Saint Vincent and the Grenadines,764-508-6926,alisha35@example.com,2021-02-09
840,Blake,Brown,Thailand,466.948.3292x8753,markmcknight@example.org,2021-01-08
841,Brian,Baker,Czech Republic,342-794-5462x336,maurice08@example.com,2024-04-28
842,Jacqueline,Davidson,Colombia,236-828-8661,kkirby@example.com,2023-11-13
843,Jonathan,Murray,Germany,583.772.8575,courtney76@example.org,2022-08-27
844,Victoria,Turner,Azerbaijan,(386)684-2470x325,scottthomas@example.com,2023-10-14
845,Heather,Miller,Lao People's Democratic Republic,643.441.8850x9476,thompsonjulie@example.org,2026-02-07
846,Autumn,Rodriguez,Bolivia,567-253-0964x43949,chadlewis@example.com,2022-07-21
847,Charles,Day,Greenland,2497502829,christophergaines@example.net,2021-08-02
848,Stephanie,Webster,Zimbabwe,(690)397-8331,perezchad@example.org,2025-09-06
849,David,Miles,Turkey,693-243-1495,jennifer66@example.org,2021-02-16
850,Bryan,Thomas,China,+1-200-251-7850,deborahmanning@example.org,2020-09-26
851,Nicole,Lee,Chile,224.497.1358x6712,sherry73@example.org,2022-05-24
852,Allison,Kirk,Argentina,(216)749-2212x43293,mendozaheather@example.org,2023-09-07
853,Gary,Campos,United States Minor Outlying Islands,+1-777-770-5728x63300,shellymills@example.org,2025-06-19
854,Philip,Morgan,Malawi,(630)367-8601x15737,bartondavid@example.com,2020-03-27
855,Bruce,York,Fiji,(822)594-2543x6892,michaelharrington@example.com,2025-10-29
856,Vicki,Watkins,Burkina Faso,001-714-565-7786,robert43@example.com,2022-09-10
857,Holly,Booker,Nicaragua,787.210.5174x887,cindy21@example.net,2022-03-25
858,Scott,Martin,Saudi Arabia,899-828-7304x857,rcampbell@example.com,2022-09-15
859,Lisa,Morris,Tajikistan,(412)260-7780x91418,amber27@example.org,2025-11-23
860,Nathan,Estrada,Puerto Rico,(855)568-2002,suemosley@example.net,2024-07-25
861,Karen,Thompson,Montserrat,001-427-370-3148,jonesmichael@example.org,2021-05-18
862,Christina,Fowler,Falkland Islands (Malvinas),982.422.3654x8057,benjamin24@example.com,2022-10-01
863,Aaron,Whitaker,Cocos (Keeling) Islands,(889)744-3564,chad20@example.net,2025-01-13
864,Jill,Jordan,Guinea,480-423-1024x665,smithkim@example.com,2024-10-27
865,Bethany,Green,Finland,(656)484-4307x768,justinnelson@example.com,2020-05-02
866,Amber,Jenkins,Greece,+1-905-216-7595,teresajohnson@example.net,2020-05-24
867,Katherine,Collins,Cote d'Ivoire,001-306-786-9352,damon64@example.org,2021-12-28
868,Donna,Wells,Brunei Darussalam,901-675-4957x66047,browntaylor@example.com,2021-09-29
869,Ruth,Johnson,Qatar,001-700-215-5155x16058,knelson@example.net,2024-02-20
870,Katie,Lopez,Aruba,562-343-0327x113,eschmitt@example.org,2024-07-25
871,Gary,Acosta,Swaziland,4236905718,laura96@example.org,2020-10-12
872,Lisa,Gonzalez,Jersey,001-622-231-2412x42469,gomezjennifer@example.net,2024-11-05
873,Teresa,Jenkins,Portugal,292.677.6986x569,ojimenez@example.com,2020-10-17
874,Roger,Rasmussen,Cote d'Ivoire,478.627.2010,longsteven@example.org,2025-04-05
875,Wendy,Morales,Israel,+1-645-360-2964x831,michaelhuffman@example.com,2020-04-22
876,Katelyn,Duncan,French Southern Territories,(683)334-7489,jamesroy@example.org,2020-02-12
877,Kelly,Lopez,Indonesia,375-395-5490,desiree02@example.org,2021-07-13
878,Stephanie,Marquez,Oman,793.734.3869x66746,isanchez@example.org,2022-11-29
879,Christopher,Ibarra,Martinique,+1-547-764-6378x2568,melvin36@example.com,2024-08-11
880,Gary,Hampton,Tajikistan,+1-331-711-6390x17075,dannydominguez@example.org,2023-11-13
881,Dennis,Moreno,Latvia,(865)849-8210,vmartin@example.com,2020-12-14
882,Rebecca,Cunningham,Nauru,001-893-629-9142,charles86@example.org,2025-02-05
883,Manuel,Bell,Belarus,4799045291,sierrarodriguez@example.com,2024-12-31
884,Bryan,Little,Armenia,+1-929-368-8000x318,bradleysandoval@example.org,2022-02-04
885,Thomas,Taylor,Korea,(793)996-9373,suzanne17@example.org,2025-04-17
886,Amber,Soto,Martinique,355-773-0692,efranklin@example.com,2025-07-14
887,Andrea,Hernandez,Cape Verde,+1-219-601-1061,mobrien@example.net,2024-10-05
888,Amanda,Smith,Mali,889-918-5830,thomasshields@example.com,2023-01-17
889,David,Olson,Haiti,+1-841-895-0419,stevenbrown@example.net,2025-09-01
890,Erin,Jacobs,Faroe Islands,+1-263-216-2460x5495,allenramirez@example.net,2020-10-26
891,Angela,Ellison,Pitcairn Islands,729-211-6839x65530,christopherwalker@example.net,2024-10-29
892,Amy,Sandoval,Congo,354-513-0226x04289,sullivanlindsay@example.net,2021-10-17
893,Richard,Livingston,Botswana,001-597-805-3977x9576,donaldmitchell@example.net,2024-10-28
894,Gregory,Ramirez,San Marino,(734)752-7495x8182,nschultz@example.org,2023-05-15
895,Michael,Gray,Wallis and Futuna,364.908.7421,uscott@example.net,2024-10-06
896,Lauren,Hensley,Niue,626-559-8512x0149,jennifercraig@example.org,2025-12-25
897,David,Walker,Namibia,001-425-516-3218,alanduke@example.org,2024-12-06
898,Edward,Adams,Egypt,001-710-402-0818x01210,egay@example.org,2021-04-18
899,Lori,Ortega,Taiwan,924.632.1644,teresa12@example.net,2021-09-07
900,Diana,Hall,Aruba,539.767.5396,daniel77@example.com,2020-10-19
901,Mark,Mosley,Bangladesh,752.328.8321x19687,heather25@example.org,2024-04-11
902,Scott,Olson,Iraq,5574298346,coreylee@example.net,2025-01-31
903,Charles,Floyd,South Africa,(970)786-4789,kelly64@example.net,2021-05-15
904,Alex,Hartman,Canada,962.939.0611x263,christopher91@example.com,2021-12-13
905,Emily,Rodriguez,Saint Martin,(676)546-4990x250,ddominguez@example.com,2020-02-13
906,Brenda,Carter,New Zealand,2388832407,faith87@example.net,2023-03-11
907,James,Gonzales,Madagascar,787-941-8258x4678,ahill@example.net,2020-10-27
908,Brianna,Carter,Nepal,+1-763-894-1100x21343,nobleamy@example.org,2021-06-24
909,Deborah,Jenkins,Saint Helena,959-406-7671,lopezelizabeth@example.org,2020-08-29
910,Maureen,Phillips,Norway,+1-382-331-9836,farrelldylan@example.com,2023-05-07
911,Hannah,Berry,Tokelau,+1-583-979-4680x85658,sandra65@example.com,2025-09-07
912,Stephen,Snyder,Ghana,+1-458-851-9156,fergusonadam@example.net,2022-12-04
913,Anna,Smith,South Africa,335.650.1781,darryl83@example.net,2020-03-24
914,Cole,Hopkins,Ghana,8959156697,zburke@example.net,2021-06-09
915,Alexis,Jones,Thailand,6858651042,deborah19@example.org,2025-04-11
916,Richard,Harvey,Bermuda,612.962.7272x67119,hallshannon@example.com,2026-01-31
917,Mark,Cunningham,Belarus,001-979-627-7664x364,twhite@example.com,2022-04-20
918,Jasmine,Maldonado,Madagascar,285.669.6474x555,bobby23@example.com,2024-04-20
919,Derek,Rodgers,Malta,(457)542-8282,shariramsey@example.net,2023-03-07
920,Jamie,Sullivan,Bolivia,(852)902-5732x25510,tthompson@example.net,2022-09-19
921,Nicholas,Evans,Western Sahara,(717)827-0461x57912,wbaxter@example.com,2020-02-19
922,Kristy,Campbell,Guernsey,(780)940-5625,james26@example.com,2025-12-01
923,Dana,Alexander,Lesotho,(447)890-6112x41561,xpayne@example.net,2020-06-21
924,Patrick,Ramirez,Martinique,501.804.4184x7846,debra74@example.com,2022-03-14
925,Nicole,Brown,Ghana,962.341.6279x875,xcohen@example.net,2023-09-24
926,Stephanie,Barrett,Micronesia,509-386-0887x86456,taylormarks@example.net,2021-09-19
927,Jenna,Tucker,Zimbabwe,(533)370-2770,annathompson@example.com,2022-10-23
928,Alicia,Davis,Kuwait,943.325.6687,murphyadam@example.org,2026-01-12
929,Heather,Anderson,Andorra,001-280-699-3687,meganluna@example.org,2020-10-19
930,Jonathan,Howard,Sudan,503.299.2403x79812,bryanbriggs@example.net,2024-07-19
931,Troy,Rhodes,India,001-896-575-7984x966,angelajames@example.org,2021-10-17
932,Zachary,Farmer,Bangladesh,904.509.1228,martinjessica@example.com,2021-09-09
933,Jonathan,Nolan,Cocos (Keeling) Islands,+1-884-879-5226x688,jared34@example.org,2025-01-28
934,Denise,Oliver,Congo,(593)477-6109,tylerberger@example.com,2023-01-20
935,Lori,Abbott,Guinea,826-455-6277x3956,tracypena@example.net,2025-12-01
936,Shawn,Valdez,Gibraltar,+1-769-801-4497x0681,hamiltonmarcus@example.org,2020-11-05
937,James,Davis,Niger,2663741392,ppalmer@example.com,2024-02-02
938,Jeremiah,Thornton,Paraguay,507.960.9559x907,jserrano@example.net,2025-12-23
939,Angel,Conway,Kazakhstan,302-498-9935x030,weisschristina@example.org,2022-02-18
940,Tonya,Christensen,Saint Helena,+1-292-803-5213x3999,mckenzieshannon@example.net,2023-03-25
941,Renee,Potter,Israel,907-967-9088,cohentravis@example.org,2024-03-16
942,Tiffany,Mills,Denmark,737-420-8357,owinters@example.com,2025-09-15
943,Brian,Smith,Jersey,001-610-698-9401,nhill@example.com,2021-12-21
944,Katelyn,Castillo,Chad,3122505730,walshbarry@example.net,2024-02-05
945,Patricia,Anderson,Malta,(466)701-6294,russostephanie@example.net,2022-02-08
946,David,Page,Ethiopia,001-532-846-8437,ethandennis@example.org,2020-08-26
947,Jessica,Prince,Albania,427-998-5276x187,willie83@example.com,2020-03-10
948,Rachel,Jones,Western Sahara,+1-366-763-3636x04894,wendy31@example.org,2023-10-19
949,Jacob,Morgan,Lebanon,(227)750-1912x2765,annaperez@example.com,2020-03-28
950,Erin,Mcmillan,Paraguay,854-405-2614x68936,nicole60@example.com,2025-04-15
951,Paul,Silva,Cambodia,608.929.4656x243,kingdebbie@example.net,2020-05-19
952,Melissa,Hickman,Zambia,(587)925-1445x18994,lindakirby@example.org,2025-09-23
953,Victor,Brewer,Belgium,251-462-3594x4468,paulstanley@example.com,2022-06-30
954,Robin,Fisher,Cyprus,750-752-3703,garciadavid@example.net,2025-10-15
955,Amy,Garcia,Marshall Islands,3517385391,prattrandy@example.com,2023-10-01
956,Mia,Williams,New Caledonia,967.660.2528x83591,lewisangel@example.net,2020-04-13
957,Jessica,Park,Mongolia,302.690.9641,amy88@example.com,2023-09-02
958,David,Garcia,Samoa,001-459-226-3171x8491,sean06@example.net,2025-12-10
959,Joshua,Bradley,Libyan Arab Jamahiriya,970.738.0175x699,aingram@example.com,2021-04-04
960,Herbert,Murray,Cape Verde,(563)580-8087x1179,codyhenry@example.com,2024-05-27
961,Paula,Gonzales,Sri Lanka,6147820470,rachelwalters@example.net,2022-06-17
962,Nicholas,Hernandez,Greenland,001-216-306-9068x18668,nsmith@example.com,2021-07-15
963,Brooke,Knox,Uzbekistan,+1-392-220-8006x59049,chiggins@example.com,2022-02-05
964,Karen,Francis,Ethiopia,+1-246-457-4363,jeremybriggs@example.net,2023-04-06
965,Spencer,Austin,United States Virgin Islands,336-597-5233x8807,megan17@example.com,2026-03-04
966,Sandra,Williams,Ethiopia,001-425-252-1587x8349,eboyle@example.net,2025-05-07
967,Jamie,Lewis,Norfolk Island,+1-520-753-8386,kevin59@example.com,2021-11-17
968,Cindy,Johnson,Thailand,8373537686,tonyamoore@example.net,2020-10-31
969,Jonathan,Bush,Qatar,511.815.4388,taylorcindy@example.com,2020-03-26
970,Ryan,Rivera,Spain,420-675-8307,maloneangela@example.com,2025-11-14
971,Melissa,Alvarez,Argentina,558.532.8698x922,zjones@example.org,2023-12-30
972,Brianna,Williams,Sweden,757.203.3684x8017,john62@example.net,2025-09-07
973,Lindsay,English,Jamaica,+1-759-990-0217x43554,nschmidt@example.com,2021-09-28
974,Beth,Lang,Iraq,563.797.4278,jesse94@example.net,2023-06-22
975,Elizabeth,Williams,Western Sahara,+1-398-488-5835,bosborne@example.org,2020-10-17
976,Christopher,Byrd,Bahrain,448-958-2835x865,pjackson@example.com,2021-10-15
977,Kathryn,Rios,Iraq,001-365-204-9394x616,amandaayers@example.com,2025-12-19
978,Pam,Barajas,Taiwan,978.774.1651x915,james68@example.com,2022-03-25
979,Richard,Shaffer,Hungary,001-639-870-7356x2092,mark54@example.com,2020-07-01
980,Denise,Munoz,Solomon Islands,520.299.6337,johnsonjustin@example.net,2025-08-11
981,Carlos,Davidson,Swaziland,702-673-9357,rachelrandall@example.net,2021-04-30
982,Drew,Cooke,Djibouti,+1-898-689-5355,gprice@example.org,2021-05-22
983,Autumn,Diaz,Vanuatu,707-718-0470,gonzalezcarol@example.com,2021-01-11
984,David,Perez,French Guiana,717-610-9278,osmith@example.net,2021-05-15
985,Sarah,Carter,Togo,955.687.2289x0533,chadwalker@example.org,2025-03-14
986,Douglas,Clark,Heard Island and McDonald Islands,266-535-5202,rodriguezcatherine@example.org,2022-01-21
987,Arthur,Garcia,Cote d'Ivoire,001-652-834-1228x814,katherine92@example.org,2023-04-25
988,Dale,Francis,Tunisia,2518160764,krogers@example.com,2023-05-18
989,Drew,Hernandez,Iran,923.694.8172x095,bellthomas@example.org,2022-11-25
990,Kendra,Brown,Qatar,453-848-3990x9060,newtonsamantha@example.org,2025-02-20
991,Desiree,Howard,Zimbabwe,364-253-8415x546,trice@example.com,2025-02-10
992,Carol,Allison,Antarctica (the territory South of 60 deg S),(975)431-0125,melissa24@example.net,2025-08-19
993,Randy,Lucas,Cote d'Ivoire,634.333.9924x341,richardchoi@example.org,2024-08-27
994,Julie,Brown,Bangladesh,001-358-779-8237x55682,cmoore@example.com,2026-02-07
995,Tyler,Nguyen,Solomon Islands,001-244-533-3615x19669,bergerjacob@example.net,2025-03-05
996,Peter,Greene,Kyrgyz Republic,869.787.8247x3744,allenkevin@example.org,2023-07-29
997,Andrea,Trujillo,Jersey,589.830.2771x5164,sanchezrachel@example.org,2023-11-21
998,James,Tapia,Bahamas,001-352-915-7375x20688,ecochran@example.org,2021-05-03
999,Sarah,Garcia,Bahrain,350-348-7094,lwheeler@example.org,2025-03-27
1000,Alejandro,Daugherty,North Macedonia,001-551-621-8221x76803,drew22@example.com,2022-02-28
1001,Scott,Randolph,Mali,699.330.2889x9124,xlawrence@example.com,2023-04-15
1002,Jack,Conley,Lithuania,515-222-3834x29670,qsmith@example.net,2023-01-21
1003,Melissa,Hampton,Bolivia,278-247-4014x90487,brownbrian@example.net,2020-10-24
1004,Travis,Smith,Portugal,(912)345-6473x8623,williambright@example.com,2023-09-22
1005,Michael,Powell,Serbia,+1-856-443-2088x2204,smithchad@example.org,2021-09-26
1006,Jon,Sherman,Congo,(349)833-8617x511,lewisthomas@example.org,2020-08-30
1007,Donna,Rodriguez,Ukraine,285-865-3256,olucas@example.net,2020-09-28
1008,Scott,Jenkins,Sao Tome and Principe,+1-542-414-4467x0523,qburton@example.net,2021-08-08
1009,Ronald,Small,Lebanon,482-529-3986,wilsonkathy@example.com,2024-05-15
1010,Karen,Adams,Belize,(294)807-7802x79108,shelby67@example.org,2026-03-08
1011,Madison,Roberts,France,589.786.0492,barbara15@example.org,2022-09-21
1012,Virginia,Rogers,Saint Martin,844-719-7019,jamesramirez@example.com,2021-10-10
1013,Michael,Dunlap,Rwanda,001-850-837-9831,johncarson@example.net,2021-02-21
1014,John,Shepherd,Guatemala,945-684-1830,barbara40@example.org,2025-09-06
1015,Kimberly,Barry,Canada,+1-434-743-1256,hallsean@example.net,2021-12-31
1016,Margaret,Hunter,Hong Kong,(303)996-4862,bankssuzanne@example.org,2020-03-26
1017,Melissa,Osborn,Palestinian Territory,628-967-5373x92292,lawrencesarah@example.org,2022-05-13
1018,Michele,Summers,Antigua and Barbuda,+1-546-766-4484x99345,crawfordcindy@example.net,2023-02-15
1019,Michelle,Bailey,Jordan,324-778-6565,meganhodges@example.net,2021-04-20
1020,Danny,Lang,Saint Lucia,001-792-920-9216x030,robert17@example.net,2020-04-04
1021,Alexa,Blake,Switzerland,363-355-8600x51004,jessica77@example.com,2023-04-21
1022,Benjamin,Armstrong,Mongolia,001-568-588-3440,ballrebecca@example.org,2021-04-23
1023,Alex,Hill,Gabon,246.931.4597,matthewmays@example.org,2024-12-16
1024,Jaclyn,Vaughn,Guinea,697.655.3400x558,elizabeth35@example.org,2025-10-22
1025,Michael,Nguyen,Canada,998.779.8052x40414,samanthasanchez@example.net,2023-11-11
1026,Stephanie,Burgess,Guinea-Bissau,(213)247-5896x99941,mccormickmadison@example.org,2021-11-27
1027,Andrea,Schmidt,France,+1-226-293-3422x8677,jeffreybryant@example.com,2021-12-25
1028,Angela,Greene,Puerto Rico,218.818.7854x86970,xholland@example.org,2022-03-02
1029,Angela,Jones,Pitcairn Islands,778.610.7120x482,jasmine88@example.org,2023-09-21
1030,Derrick,Farrell,South Georgia and the South Sandwich Islands,375.856.3869x8097,ncasey@example.net,2021-04-12
1031,Jesse,Acevedo,Brazil,432-302-1696,rodney16@example.org,2022-08-01
1032,Corey,Weaver,Morocco,828.921.6180,dawnbryan@example.net,2022-10-11
1033,David,Willis,Mexico,(284)541-3869x86780,jeremy58@example.net,2021-06-18
1034,Laura,Watson,Bulgaria,9684179268,carla29@example.org,2023-12-23
1035,Carolyn,Hodge,Kiribati,(477)711-7368x87526,johnnysmith@example.org,2025-05-13
1036,David,Green,Georgia,903-356-3460x8504,bowmanallison@example.org,2023-11-28
1037,Carl,Page,Suriname,982.897.7779x8204,gmunoz@example.org,2020-03-10
1038,Thomas,Mitchell,Azerbaijan,304.566.7812,shannonjones@example.org,2022-07-31
1039,Adam,Bell,Congo,(665)504-7502x1381,troy13@example.net,2022-01-22
1040,Sarah,Orozco,Azerbaijan,660.962.5807x32746,xsharp@example.com,2020-08-27
1041,Jennifer,Stephens,Venezuela,486-251-8542x8678,jeremy85@example.org,2023-09-17
1042,Damon,Shaw,Guinea-Bissau,001-714-786-1613x3437,ryan69@example.com,2024-12-18
1043,Jason,Henry,Seychelles,751.505.7482x151,kelly20@example.net,2020-03-19
1044,Caitlin,Davis,Palestinian Territory,(829)287-0736x2808,caitlinsharp@example.net,2023-12-30
1045,Zachary,Scott,Korea,+1-602-370-2430x344,fbarron@example.com,2023-09-18
1046,Jeremy,Khan,Congo,328-975-1266x5220,thomasmatthew@example.com,2024-12-14
1047,Matthew,Hill,Serbia,355.771.1209x26828,gonzalezkevin@example.net,2025-05-02
1048,Kari,Clements,Iran,809-990-5623x278,shawnturner@example.org,2021-12-20
1049,Todd,Nelson,Seychelles,468-840-8175x34079,nortonsarah@example.com,2020-08-17
1050,Miguel,Garner,Liberia,(217)747-5618,christophersnyder@example.com,2024-12-16
1051,Kyle,Hunter,Uzbekistan,(947)877-5133x175,stricklandryan@example.net,2024-01-30
1052,Jason,Foster,Lebanon,603-620-3675x35599,michele70@example.net,2025-05-11
1053,Danny,Ellison,Vanuatu,001-800-867-5375,stanleymary@example.com,2022-11-10
1054,Jaime,Hicks,Greece,2394456954,reyesjesse@example.net,2023-06-07
1055,Caleb,Carey,Guadeloupe,(445)801-8021x538,sheila11@example.com,2022-02-08
1056,Roberto,Simmons,Korea,356.339.9854x62939,moorewillie@example.com,2026-02-21
1057,Jay,Lewis,Australia,680.751.4947x497,codymoreno@example.com,2023-11-10
1058,Karen,Elliott,Gambia,626-978-5188,ballkimberly@example.net,2021-11-29
1059,Jerome,Davis,Isle of Man,7249530112,kgomez@example.net,2022-05-03
1060,Alexandra,West,Lithuania,(272)484-9993x457,sabrina54@example.com,2021-03-09
1061,Henry,Franco,Comoros,733.422.1279,hamptonsarah@example.net,2024-12-15
1062,David,Smith,Nicaragua,(605)607-4938x2071,tonyastephenson@example.com,2024-06-13
1063,William,Tucker,Svalbard & Jan Mayen Islands,8663905469,ericaarias@example.net,2022-05-17
1064,Robin,Rodriguez,Morocco,(915)675-4310,dana44@example.org,2025-12-15
1065,Jason,Smith,Monaco,+1-857-683-0490x265,gcase@example.net,2025-04-30
1066,James,Nguyen,Dominican Republic,663-204-2949x4298,arnoldjaime@example.net,2023-02-22
1067,Edward,Shepard,Djibouti,2365317899,sandraaguilar@example.com,2020-08-17
1068,Michelle,Carroll,Montenegro,315-554-6617x038,bryanmorales@example.net,2025-06-27
1069,Brooke,Mora,Thailand,+1-257-839-3405,barbarachase@example.net,2022-05-28
1070,Scott,Wilson,Costa Rica,9425690090,robert65@example.com,2023-05-22
1071,Julia,Mitchell,Bouvet Island (Bouvetoya),001-939-426-3641,greenmorgan@example.net,2020-02-04
1072,Pamela,Carney,Sudan,+1-538-549-8668x72669,hnelson@example.org,2022-01-03
1073,Ronnie,King,El Salvador,993-427-4410x2159,stephen65@example.org,2021-11-10
1074,Emily,Johnson,New Caledonia,+1-704-809-1125x84505,ecobb@example.com,2020-01-04
1075,Christopher,Cummings,Armenia,+1-463-288-2460x902,cynthia63@example.com,2024-10-12
1076,Jacob,Brown,Heard Island and McDonald Islands,881.952.3411,jmorales@example.net,2020-07-07
1077,Robert,Martin,Morocco,4363262693,heathjohn@example.net,2023-08-15
1078,David,Bright,Puerto Rico,+1-871-275-3493x88608,seansmith@example.net,2025-02-01
1079,Brett,Johnson,Austria,6304349305,comptonchristopher@example.net,2025-06-26
1080,Thomas,Benjamin,Saint Martin,2438535421,theresa03@example.net,2024-05-17
1081,Christian,Tate,South Africa,+1-470-734-0877,richardlopez@example.org,2024-01-10
1082,April,Barber,Ethiopia,(255)648-9383x626,whiteheather@example.net,2024-04-15
1083,Tina,Murphy,Hong Kong,983-658-3994,andersoncharles@example.org,2021-09-07
1084,Kyle,Mcclure,Mayotte,001-959-270-3315,wallacejohn@example.org,2020-06-07
1085,Matthew,Dawson,Greece,001-545-976-8985x4042,anelson@example.com,2022-05-31
1086,Harry,Turner,Germany,262-961-1008x677,paul59@example.net,2021-12-14
1087,Patricia,Obrien,Equatorial Guinea,(803)482-7146x2762,johnhoffman@example.org,2023-01-11
1088,Judy,Everett,Bahrain,(724)491-4135x5855,williamsoneric@example.org,2021-09-09
1089,Steven,Garcia,Mali,632.543.6556x702,juan56@example.org,2025-10-05
1090,John,Robertson,Costa Rica,+1-823-692-5533x0398,eric01@example.com,2020-01-21
1091,Adrian,Melendez,Christmas Island,380.283.5938,jonesangela@example.org,2023-09-16
1092,Joel,Harper,Bhutan,+1-763-742-7521x1894,fdaniels@example.net,2026-02-01
1093,Luke,Webster,Suriname,511-793-3536,kdavenport@example.net,2022-08-16
1094,Carla,Anderson,Mozambique,608-855-1058,fosterderrick@example.com,2020-12-12
1095,Leslie,Woods,United States of America,(794)260-0913,brendaglass@example.com,2020-06-30
1096,Matthew,Jones,Turks and Caicos Islands,+1-802-425-6727x4086,rodney20@example.net,2021-12-30
1097,Joshua,Simmons,Burundi,+1-842-822-1457x8446,vanessa87@example.net,2024-04-12
1098,Russell,Smith,French Guiana,559.773.4764x01912,vcameron@example.org,2020-02-14
1099,Sarah,Bennett,United States Virgin Islands,+1-334-409-7231x9932,davisthomas@example.com,2020-11-17
1100,Savannah,Weber,Mayotte,203-597-0267,jorge04@example.net,2021-08-15
1101,Debra,Lopez,Saudi Arabia,712.653.6589,hollandkayla@example.net,2025-12-30
1102,Anna,Day,Russian Federation,455.702.8703,davisemily@example.net,2024-08-09
1103,Gloria,Neal,South Georgia and the South Sandwich Islands,+1-627-402-5359x06452,johnsonbryan@example.org,2021-03-06
1104,Johnny,Lyons,Croatia,202.943.3085,stephen67@example.com,2025-06-15
1105,Jenna,Arnold,Italy,(662)932-7623,lisa73@example.org,2025-11-25
1106,Michelle,Miller,Nicaragua,(476)826-1744,lvasquez@example.net,2021-01-09
1107,Heather,Williams,Uruguay,309-634-6775x64212,westalvin@example.com,2020-05-30
1108,George,Glenn,Namibia,001-498-641-3894x58182,jsalazar@example.com,2023-02-09
1109,Patricia,White,Uzbekistan,984.516.7441x72566,pattersonjohnny@example.org,2024-03-22
1110,Robert,Lynch,Ireland,8102272036,charlesvaughn@example.com,2021-10-09
1111,Kimberly,Delacruz,Kuwait,470-400-8404,wfritz@example.org,2020-05-31
1112,Edwin,Wilson,Tanzania,(281)524-9070x51141,jeffreygomez@example.net,2025-10-28
1113,Derrick,Kemp,Argentina,(851)481-5394x715,elizabeth13@example.org,2024-09-27
1114,Christopher,Cline,France,(524)928-4152,dunnemily@example.net,2025-08-10
1115,Melissa,Sanders,Barbados,+1-516-852-9304x02297,cmartinez@example.org,2021-01-08
1116,Lisa,Livingston,Georgia,848-628-0926,fharrison@example.com,2024-11-28
1117,Austin,Simon,Saint Vincent and the Grenadines,001-476-706-5249,tinajackson@example.org,2024-07-29
1118,Michael,Gomez,Lithuania,001-806-701-5182x101,carlsonrachel@example.org,2025-04-07
1119,Catherine,Turner,Morocco,001-992-945-7246x3384,rodriguezemily@example.org,2025-09-17
1120,Tina,Watson,Faroe Islands,(696)937-3671x06417,brittany19@example.net,2025-10-25
1121,Sharon,Ferguson,Tanzania,931.959.8062,johnlara@example.net,2025-08-20
1122,Amy,Young,Timor-Leste,506-948-9972,xphillips@example.org,2025-09-24
1123,Jason,Bryant,Macao,(426)699-5742x3492,tina34@example.net,2020-09-23
1124,Joseph,Martin,Bangladesh,483.473.6881x15596,hcooper@example.com,2020-08-06
1125,Shelley,Daugherty,Central African Republic,995-372-0461,rebeccarogers@example.org,2024-01-10
1126,Katrina,Casey,Samoa,908.258.6154x630,tammy64@example.com,2022-09-03
1127,Jocelyn,Jones,Guadeloupe,+1-986-536-6914x8576,harrischristopher@example.net,2020-04-03
1128,Hannah,Garza,Christmas Island,001-640-250-5448x69444,enoble@example.org,2021-10-09
1129,Jason,Martin,Rwanda,317.745.6235x768,warrencharles@example.com,2024-12-31
1130,Kristin,Sparks,Mauritius,(790)722-8293,dflynn@example.org,2020-03-24
1131,Mark,Cook,Romania,001-263-638-1427x3927,wilsonmario@example.org,2023-02-24
1132,Lisa,Guzman,Malawi,596.725.0330x746,crossmorgan@example.net,2024-12-13
1133,Mariah,Watson,Lebanon,001-450-821-8379,nicholsonrachel@example.net,2024-09-17
1134,Jason,Higgins,Montenegro,781.462.9082x12586,rosstamara@example.com,2022-05-17
1135,Isabella,May,Armenia,883.926.7505,caitlin28@example.net,2024-12-14
1136,Robert,Dominguez,Mauritania,001-437-203-1805,rileyphillip@example.com,2023-05-29
1137,Nichole,Moore,Jamaica,585-845-1804x181,jessicalewis@example.com,2021-05-20
1138,Michael,Carr,Afghanistan,227.925.9722x6506,cunninghamcatherine@example.net,2020-01-26
1139,Karen,Hunt,Australia,(592)432-5408x1891,adamsdanielle@example.net,2024-05-03
1140,Peter,Murphy,Cape Verde,905.442.8780,nsilva@example.net,2022-06-01
1141,Andrew,Pennington,Rwanda,001-255-959-1947,qdickerson@example.net,2026-02-10
1142,Michael,Branch,French Southern Territories,326.499.0237,gregorylynch@example.com,2024-09-03
1143,Danielle,Gomez,Hungary,6283889023,zrosales@example.com,2023-11-13
1144,Jason,Clark,Taiwan,630.383.6449x1779,gloria03@example.net,2020-08-13
1145,Richard,Dunn,Togo,001-253-763-4876x954,ewilliams@example.org,2022-01-23
1146,Jeff,Hall,Samoa,816.795.2260x132,acoleman@example.org,2020-07-22
1147,Brittney,Evans,Taiwan,(766)443-0375x769,john00@example.com,2024-07-18
1148,Steven,Stewart,Cuba,839.838.6815,kelly41@example.com,2022-09-11
1149,Michael,Small,Chad,(967)661-5504x964,gordonmichael@example.org,2022-03-04
1150,Gabriel,Robertson,Niue,740.794.6517x5063,pamelastephens@example.com,2025-08-13
1151,Crystal,Frazier,Haiti,472-833-1731x956,tiffanysmith@example.org,2020-11-18
1152,Natalie,Ferguson,Syrian Arab Republic,458.637.6670,ethanmccarthy@example.org,2020-11-24
1153,Shane,Edwards,Bahrain,001-430-505-3246x998,ymorris@example.net,2025-07-13
1154,Lucas,Abbott,Bouvet Island (Bouvetoya),(998)511-9677x9679,reginald58@example.com,2020-12-22
1155,Jessica,Davis,Guernsey,264-382-1930x113,dennisvasquez@example.net,2021-02-02
1156,Alicia,Williamson,Sudan,+1-401-591-3347x62552,meghanhill@example.net,2022-10-04
1157,Lance,Green,American Samoa,916.844.3377x73336,boltondebra@example.net,2023-07-22
1158,Veronica,Sparks,Lao People's Democratic Republic,(507)734-8300x6754,kvargas@example.com,2025-01-14
1159,Daniel,Vasquez,Monaco,874-779-7684x34391,davidfarmer@example.net,2021-07-15
1160,Julia,Melendez,Mauritius,+1-697-239-5984x28791,imartinez@example.net,2022-03-06
1161,Rhonda,Hoffman,Swaziland,+1-365-876-7804x610,parkerjeremy@example.org,2020-07-22
1162,Jennifer,Lee,Cocos (Keeling) Islands,933.395.5014,wsanford@example.org,2022-05-28
1163,Mark,Doyle,Morocco,001-807-751-3581x53800,joshuamay@example.com,2024-01-21
1164,Daniel,Poole,Guinea-Bissau,741.776.8862,nicholas02@example.org,2025-08-29
1165,Amy,Perkins,Antarctica (the territory South of 60 deg S),258-365-2883x94498,psingleton@example.org,2020-02-01
1166,Angela,Hines,Mexico,001-225-657-9742x517,elizabethhughes@example.com,2021-03-23
1167,Joshua,Dudley,Puerto Rico,001-530-730-6136x223,donaldbarnes@example.org,2024-05-25
1168,Michael,Watkins,Botswana,+1-498-516-2400,wendy62@example.com,2022-10-25
1169,Aaron,Flores,Bosnia and Herzegovina,+1-879-471-2504,zharrison@example.net,2024-05-03
1170,Jacob,Bailey,United Arab Emirates,+1-572-472-9180,twilson@example.com,2021-02-25
1171,Daniel,Johnson,Paraguay,524-485-8025,wdeleon@example.org,2024-12-01
1172,Molly,Peterson,United States Minor Outlying Islands,849-243-1529x3948,jordanandrew@example.com,2021-05-24
1173,Valerie,Blake,Saint Vincent and the Grenadines,(939)707-0574x0704,prowland@example.org,2024-08-12
1174,Stephen,Gordon,India,762.968.6369,jeffrey37@example.net,2026-01-02
1175,Timothy,Baker,Qatar,(493)934-3562x891,klopez@example.org,2021-05-12
1176,Melissa,Lee,Bermuda,824.233.3050x83939,mikealvarez@example.com,2023-10-15
1177,Linda,Johnson,Liberia,5134932996,kimberly62@example.org,2020-05-22
1178,Bryan,Larsen,Western Sahara,210-429-3828,joshua10@example.org,2021-12-07
1179,Melissa,Smith,Lebanon,801-810-4906x157,jacksonemily@example.net,2022-10-06
1180,Chad,Palmer,Cayman Islands,852.349.4900x90406,ramirezpatrick@example.org,2020-09-28
1181,Amanda,Sawyer,Mauritania,001-841-339-6948,wdavidson@example.com,2026-02-22
1182,Kimberly,Price,United Arab Emirates,807-307-7237x84385,erica86@example.net,2023-09-10
1183,Courtney,King,Greece,2764687117,tonya76@example.org,2024-02-26
1184,Christine,Williams,Cameroon,811-650-8748x3920,howellregina@example.com,2020-01-31
1185,Steven,Moore,Mongolia,(383)497-3404,taylorpowell@example.org,2023-03-31
1186,Kelsey,Nelson,Portugal,383.504.0328,grogers@example.net,2020-10-23
1187,Amanda,Medina,Saint Kitts and Nevis,001-319-472-8063x00225,stevenhicks@example.net,2022-05-09
1188,Sarah,Reed,Lebanon,(362)686-3250,rodriguezanthony@example.com,2025-02-22
1189,Lori,Lopez,Indonesia,2627581261,webstererica@example.org,2025-06-17
1190,Kelly,Hall,Papua New Guinea,728-995-3996x85797,byrdcynthia@example.com,2021-12-16
1191,Kimberly,Bonilla,South Georgia and the South Sandwich Islands,+1-804-352-9301x0500,blake34@example.net,2020-12-10
1192,Eric,Gonzales,Paraguay,290.946.5454,wangalyssa@example.org,2023-05-26
1193,Lisa,Travis,Madagascar,(299)942-9723x49669,josephjohnson@example.com,2021-01-05
1194,Maria,Scott,Colombia,942-721-5704x443,estein@example.com,2024-08-07
1195,Albert,White,Greece,+1-399-569-0778x876,wendy84@example.org,2025-06-07
1196,David,Quinn,Canada,(867)710-2564,mmorales@example.com,2022-02-21
1197,Jeffrey,Montoya,Jamaica,395-605-8246x67900,daughertyjessica@example.org,2023-07-04
1198,Christopher,Hess,Antarctica (the territory South of 60 deg S),(481)682-1083x895,ericjennings@example.net,2025-04-19
1199,Rebecca,Stevens,Zimbabwe,2952891565,rfarmer@example.com,2025-01-17
1200,Olivia,Porter,Sao Tome and Principe,001-373-468-0716x10439,christinakeller@example.com,2021-11-14
1201,Cassandra,Grant,Vanuatu,+1-883-346-1480x0539,alvarezheather@example.net,2023-01-09
1202,Anna,Odom,Samoa,+1-611-285-5513,nicoledavis@example.net,2024-08-04
1203,Mark,White,Austria,001-705-890-4258x599,lgraham@example.org,2020-08-16
1204,James,Waters,Tajikistan,001-427-464-0642x0641,patriciaharris@example.com,2025-01-06
1205,Samantha,Hanson,Mauritania,9647423569,jenniferpotter@example.com,2022-08-02
1206,Amy,Collins,Luxembourg,+1-383-369-6669x25933,haroldmcintyre@example.net,2021-07-08
1207,Monique,Williams,Spain,+1-288-650-6243x628,parkjeremy@example.net,2020-11-16
1208,Jessica,Kemp,Romania,933-886-7571,woodarderin@example.com,2020-03-07
1209,Lori,Stevens,Brazil,353.721.0337x578,alfredjones@example.com,2022-09-09
1210,Curtis,Boyd,Aruba,304.225.5772x93581,reidjoseph@example.net,2021-07-21
1211,Joshua,Blevins,Mayotte,(291)635-9288x6501,kennedyanthony@example.net,2021-07-20
1212,Duane,Reed,Taiwan,(230)871-3721,ljenkins@example.org,2020-10-16
1213,Tonya,Morales,Bahrain,565-310-1532,shannon89@example.net,2024-01-27
1214,Holly,Knox,Kyrgyz Republic,(728)591-9147x20292,unelson@example.com,2022-02-16
1215,William,Anderson,Bahamas,(909)748-5948x81944,kristine79@example.net,2020-12-22
1216,Brian,Harper,Montserrat,001-514-847-3580x758,cguerra@example.org,2022-08-06
1217,Taylor,Ryan,Tuvalu,593-422-6400,megan71@example.org,2023-01-09
1218,Christie,Williams,Mayotte,+1-640-208-5760x578,susan42@example.org,2024-09-16
1219,Eric,Graham,Brazil,(953)907-4398,foleyzachary@example.com,2025-08-06
1220,Christopher,Gonzales,Palau,(207)975-6897x62477,yfry@example.com,2023-04-01
1221,Jackson,Williams,Vanuatu,001-439-201-3562x702,isabella55@example.com,2023-05-07
1222,Willie,Herrera,Zambia,001-639-360-1482,jennifermoran@example.com,2023-01-31
1223,Robert,Garcia,Dominica,604.791.7630,hmartin@example.org,2025-11-26
1224,Jessica,Campos,Togo,716.236.5111,lindsayhernandez@example.com,2020-11-07
1225,Amanda,Hansen,Paraguay,+1-659-627-9039x955,gmiller@example.org,2020-03-22
1226,Kylie,Gibson,Norway,454.577.7922x65088,peggy41@example.net,2021-08-04
1227,Rodney,Sawyer,Cyprus,(613)434-5836x39507,johnmcpherson@example.com,2021-10-23
1228,Steven,Huffman,Burundi,723.347.2249x587,hunterjose@example.com,2022-05-01
1229,Joseph,Lyons,Nigeria,001-641-285-7921,jtorres@example.com,2022-06-14
1230,Ronald,Price,Poland,8504907272,jasmine24@example.org,2024-12-14
1231,Bradley,Bender,Tonga,(560)832-2102,tina24@example.net,2024-04-14
1232,Kathryn,Vasquez,Guyana,001-978-540-2849x13634,sandrahenry@example.net,2020-11-16
1233,Christine,Morris,Albania,001-405-909-6265x0972,moorejeffery@example.org,2023-10-28
1234,Raven,Holmes,Turks and Caicos Islands,833-462-5276x752,smithjoseph@example.org,2024-08-24
1235,Jenny,Hernandez,Mali,001-614-222-9797x0531,benjaminmiller@example.net,2023-02-17
1236,Thomas,Becker,Saint Pierre and Miquelon,964-785-5321x845,mcmillanclayton@example.com,2024-02-04
1237,Christian,Morris,Micronesia,379.243.6990x21986,gwilliamson@example.com,2022-08-12
1238,Michelle,Ortiz,Georgia,(427)675-8966,marie84@example.com,2021-06-04
1239,Ashley,Ortiz,Ghana,(998)981-1071,brianmartinez@example.com,2024-04-01
1240,Eric,Allen,Iceland,+1-634-634-3477x87102,kcampbell@example.com,2022-11-08
1241,Rebecca,Jones,Finland,793.412.2023x6160,whawkins@example.org,2021-10-15
1242,Victoria,Peck,Venezuela,682-806-7214,deborahbonilla@example.org,2025-10-04
1243,Steven,Morrow,Aruba,362.480.2860x28971,stevenvang@example.com,2020-09-11
1244,Lori,Taylor,Bermuda,(993)336-6812,cody96@example.com,2025-09-23
1245,Troy,Daniel,Christmas Island,+1-392-293-7972,faith55@example.org,2024-02-08
1246,Mary,Parks,Pakistan,001-992-570-4907x91198,gail12@example.com,2023-03-21
1247,Bryan,Henderson,Austria,344-426-6022,cjackson@example.com,2021-06-03
1248,Steven,Williams,Greece,+1-997-333-0617x9405,ryan66@example.com,2021-02-17
1249,Sergio,Simpson,French Guiana,(605)500-2949,michellebenson@example.net,2020-11-07
1250,John,Mckinney,Guam,777-735-3916x5074,jenniferturner@example.com,2025-11-19
1251,Wendy,Mullen,Austria,242.238.3669,jennifermyers@example.net,2021-04-05
1252,Cheryl,Cook,Uganda,584-539-8247x3384,campbellkaitlyn@example.com,2021-05-17
1253,Mathew,Daniels,Cape Verde,342-791-0366x0272,stevendrake@example.org,2020-10-16
1254,Stephen,Wood,Turkey,3903229094,pmorgan@example.org,2021-11-10
1255,Tiffany,Williams,France,+1-720-432-8603x3358,jonathanpope@example.com,2024-12-17
1256,Jeffrey,Logan,Iraq,663-666-5123,amandagreen@example.org,2025-08-06
1257,Leslie,Koch,Norway,2924262779,anthonybrady@example.net,2024-06-15
1258,Marissa,Archer,Gambia,860-563-7119x5392,parkerangela@example.net,2022-08-21
1259,Steven,Allison,France,986-752-9724x71922,yrivas@example.net,2023-12-28
1260,Stephen,Conley,Georgia,(279)671-4986,carlsonkara@example.org,2020-10-10
1261,Amanda,Maxwell,Saint Barthelemy,001-204-804-5236,kevin65@example.net,2022-04-08
1262,Angela,Thornton,Romania,+1-341-977-9194,miguel81@example.net,2023-06-01
1263,Paul,Gomez,Suriname,922-356-5254x66263,ingramheather@example.net,2022-06-16
1264,Dana,Walker,Australia,6473121789,connorcohen@example.net,2024-08-01
1265,Rachel,Berg,Svalbard & Jan Mayen Islands,(761)386-0011x98357,larryscott@example.com,2020-09-30
1266,Michael,Morgan,Niue,001-415-956-1535x18585,samueltrujillo@example.net,2025-10-31
1267,Timothy,Hernandez,Mauritania,001-679-898-0448x51925,ckramer@example.org,2021-08-26
1268,Angela,Burns,Oman,(509)263-7393x4501,matthew08@example.com,2021-06-12
1269,Donald,Horton,Sudan,(314)808-7341x315,eclark@example.net,2022-03-25
1270,Jason,Morales,Fiji,612-770-6142x5053,llester@example.com,2021-11-06
1271,James,Cox,Tonga,(526)206-0898,mharrison@example.net,2024-11-03
1272,Lisa,Woodard,Afghanistan,258.604.2928x2114,ulynn@example.net,2025-10-16
1273,Donald,May,Uganda,+1-676-378-5001x9927,obrown@example.com,2025-09-29
1274,Michael,Rodgers,Jordan,+1-449-854-2224,ahernandez@example.net,2021-01-15
1275,Pamela,Heath,Cayman Islands,+1-224-887-6853x5814,alejandramoore@example.com,2020-03-18
1276,Jessica,Joseph,Sao Tome and Principe,001-378-929-5990x3861,wbenitez@example.net,2021-11-10
1277,Chad,Mason,Vanuatu,825-590-0158x461,josephthomas@example.com,2022-06-10
1278,Kristina,Bauer,Suriname,516.496.8666x50369,ejohnson@example.com,2025-03-09
1279,Frank,Taylor,Congo,421-929-2986,antonio53@example.org,2025-12-11
1280,Amy,Phillips,United States of America,658-678-5857x81532,victoria03@example.com,2023-06-14
1281,Ryan,Clay,United States Minor Outlying Islands,382-498-8747,conniesantos@example.net,2023-05-02
1282,Ann,Esparza,Sweden,637-599-9437x86376,smallnicole@example.com,2021-11-25
1283,Kaitlyn,Marshall,Cyprus,001-415-822-8511x73035,rebeccabarrera@example.net,2025-02-19
1284,Wendy,Lee,Bermuda,615-872-2571x7109,william82@example.org,2020-03-18
1285,Robyn,Hale,Central African Republic,+1-774-347-3120x60275,campbellangela@example.net,2024-07-30
1286,Nicole,Fowler,Denmark,+1-818-426-4119,jamesjohnson@example.net,2023-01-21
1287,Andrew,Adams,Aruba,001-203-531-6861x1593,oweaver@example.com,2025-03-09
1288,Angela,Jones,Lesotho,(662)593-9469,bradleyscott@example.org,2021-05-03
1289,Shannon,Mcclain,France,5057463101,danielssarah@example.org,2022-06-17
1290,Timothy,Anderson,Morocco,001-912-311-5817x66071,zbecker@example.org,2024-02-09
1291,Spencer,Holmes,Dominican Republic,+1-418-443-4455x89323,xthompson@example.org,2021-08-30
1292,Kenneth,Young,Greenland,001-308-329-2596x82788,richardjohnson@example.net,2025-10-15
1293,Susan,Fry,Rwanda,001-750-552-9708x24193,luis49@example.com,2024-10-19
1294,Jonathan,Wood,Spain,397.366.4015,prattjohn@example.org,2022-01-07
1295,Joy,Banks,Netherlands Antilles,619.860.3670x41015,whitney79@example.net,2023-11-08
1296,David,White,Cambodia,001-352-359-2383x66789,karacamacho@example.net,2022-05-08
1297,Joseph,Franklin,Trinidad and Tobago,(875)796-2153x5652,christopherpalmer@example.net,2021-09-30
1298,Jessica,Rodgers,Turks and Caicos Islands,001-552-446-9715x32436,sandersrobert@example.org,2024-10-01
1299,Emily,Ward,Benin,355-730-1235x20528,wendy42@example.net,2021-01-31
1300,Cristina,Page,Spain,402-357-6808x306,vnorris@example.net,2022-11-26
1301,Chris,Sanders,Trinidad and Tobago,(235)689-2600,aliciaallen@example.org,2022-09-14
1302,Melinda,Gardner,Norfolk Island,442-299-4300,youngcurtis@example.org,2025-06-28
1303,Mark,Shaw,Chad,876-685-2034,richardsontaylor@example.org,2025-07-28
1304,Zachary,Hubbard,Antigua and Barbuda,(965)630-5838x0147,jerrymorton@example.net,2023-12-24
1305,Tammy,Green,Korea,+1-344-446-6340x44917,amiller@example.com,2023-08-21
1306,Sierra,Miller,Slovenia,582.928.4812x95766,sharonsanders@example.net,2023-02-14
1307,Jennifer,Williams,Burkina Faso,605.871.9366x993,alex37@example.com,2022-02-26
1308,Sandra,Tran,Guinea,+1-324-984-2685x5135,brianmay@example.org,2020-02-13
1309,Todd,Porter,Cayman Islands,264-578-7634x29623,hrodriguez@example.org,2020-07-28
1310,Joshua,Taylor,Nigeria,697-645-2623,christinewhite@example.com,2022-11-15
1311,Lindsay,Ellis,Svalbard & Jan Mayen Islands,(200)335-5171x75577,wochoa@example.org,2023-11-23
1312,Charles,Hughes,Bhutan,513-496-7611,derrick57@example.net,2023-11-08
1313,Justin,Perez,Dominican Republic,291.792.4137,bautistachristine@example.net,2025-10-27
1314,John,Watts,Guadeloupe,(930)818-8277x67375,wongrichard@example.org,2020-07-31
1315,Jeffrey,Webb,Czech Republic,804.702.0209,vickicoleman@example.org,2025-08-20
1316,Nicole,Brown,Bulgaria,+1-306-697-5283x831,cassandra00@example.com,2020-08-11
1317,Misty,Buchanan,North Macedonia,320.257.4377x27900,matthewavila@example.net,2020-08-26
1318,Eric,Pope,France,001-279-556-9761x296,agreen@example.net,2024-03-17
1319,Peter,Gibson,Swaziland,+1-828-416-8947,thomas02@example.org,2023-07-15
1320,Joshua,Thomas,Philippines,001-955-372-9893x2421,teresajackson@example.net,2020-05-14
1321,Roberto,Wright,Sri Lanka,(955)829-3307,jerickson@example.net,2024-05-25
1322,Joshua,Schultz,Tajikistan,7544037670,melindarios@example.com,2021-09-23
1323,Jessica,White,Dominican Republic,+1-773-324-3153x581,chelsea82@example.com,2025-06-02
1324,Breanna,Henderson,Burkina Faso,001-502-453-9286,jillian04@example.org,2024-05-19
1325,Deborah,Walker,Armenia,001-420-725-8783x4301,xrobbins@example.com,2020-05-17
1326,Sheila,Carrillo,Turkey,+1-854-791-0593,wsims@example.com,2022-11-05
1327,Timothy,Jackson,Montserrat,001-864-965-7003x952,wilsontina@example.net,2023-07-02
1328,Jennifer,Wells,Antigua and Barbuda,604.523.2131x960,james09@example.com,2021-09-18
1329,Dean,Hickman,Turkey,(302)825-2101x0100,taylormary@example.com,2021-01-29
1330,Brittany,Obrien,Finland,652.609.5183,mgeorge@example.net,2020-12-13
1331,Judith,Flynn,Syrian Arab Republic,(521)854-6948x653,stonealexis@example.net,2024-09-13
1332,Jason,Hunt,Samoa,869.897.8841,codyterrell@example.net,2022-01-23
1333,Natalie,Padilla,Zimbabwe,(299)667-7639x9722,wendy52@example.com,2020-07-23
1334,Douglas,Santiago,Indonesia,982-723-2332,powellchristine@example.net,2021-01-15
1335,Roy,Juarez,Vanuatu,001-848-368-9812x7601,hahnpaul@example.net,2025-01-08
1336,Elaine,Manning,New Zealand,001-751-430-5069x6327,rmclaughlin@example.com,2021-01-11
1337,Sierra,Jones,Niue,+1-832-816-3768x547,mjones@example.org,2021-08-27
1338,Vincent,Duncan,India,+1-774-493-9295x70222,xmay@example.net,2023-12-02
1339,Tony,White,Burkina Faso,314-677-5935x956,velasquezelizabeth@example.com,2024-01-25
1340,Elizabeth,Dyer,Burundi,936.987.9879x36845,quinnrichard@example.net,2021-08-16
1341,Carrie,Gentry,Micronesia,219.966.4842,mcarr@example.net,2023-05-11
1342,Stacey,Ritter,Faroe Islands,(651)661-1103,daviesjodi@example.org,2022-01-31
1343,Edward,Bowers,Chad,652-961-6960,margaret28@example.org,2024-08-11
1344,Natasha,Harris,Israel,001-343-877-5972x46194,washingtonsean@example.net,2024-10-12
1345,Jennifer,Schneider,Turkmenistan,(384)292-1104,nathanharris@example.net,2022-03-09
1346,Thomas,Gomez,Solomon Islands,001-351-392-7417x52813,brenda81@example.net,2025-04-22
1347,Heidi,Walker,Bulgaria,(766)762-5623x610,churchtheresa@example.org,2021-08-25
1348,Damon,Harrington,Haiti,(224)410-5276x432,woodjacob@example.org,2024-02-19
1349,Jose,Gibson,Wallis and Futuna,220-481-2123,saundersmatthew@example.net,2025-11-20
1350,Daniel,Smith,Tajikistan,(296)932-4595x29101,dcline@example.org,2022-11-27
1351,Megan,Perry,Libyan Arab Jamahiriya,(362)528-3952x21036,amber16@example.net,2025-12-17
1352,Martin,King,Peru,982-259-9909,conradnatalie@example.org,2020-03-18
1353,Deanna,Gamble,Egypt,639-853-6577x7808,bruce10@example.net,2024-06-18
1354,Thomas,Gonzalez,Niue,648-328-3067x397,cwheeler@example.net,2020-01-06
1355,Amy,Burns,Nauru,(433)262-8811,ywilliams@example.net,2023-11-29
1356,Eric,Wilson,Niue,001-798-861-5262,nealbrian@example.com,2025-07-26
1357,Patrick,Hunt,Malaysia,(677)201-0045x06672,lgallegos@example.com,2023-04-12
1358,Justin,Price,Andorra,(566)914-8134,jocelynjefferson@example.net,2023-03-26
1359,Zachary,Sharp,Iran,001-558-950-5251x960,alyssa44@example.net,2021-04-21
1360,Christina,Tucker,Philippines,900-509-6750x73345,jonathandavis@example.org,2025-12-08
1361,Frederick,Bates,Reunion,412-689-9217x217,jocelynfernandez@example.net,2020-07-06
1362,Jennifer,Mueller,Indonesia,+1-335-865-2606x1867,walshkristen@example.org,2023-05-07
1363,William,Smith,Brunei Darussalam,001-504-459-0254,greg46@example.net,2021-11-05
1364,Sarah,Brooks,Antarctica (the territory South of 60 deg S),001-466-549-2543x555,dustinhouse@example.com,2024-02-13
1365,John,Mcguire,Singapore,909.416.5049x012,brianewing@example.org,2021-05-23
1366,Steven,Guzman,Colombia,001-509-800-1731,jamesjohns@example.com,2020-07-06
1367,Brianna,Sharp,Tuvalu,001-577-716-1141x687,mwilliams@example.org,2021-09-27
1368,Melinda,Clark,Malaysia,(505)634-1709x445,brownmarilyn@example.org,2020-10-24
1369,Jeffrey,Brooks,Somalia,903.375.9576x572,samantha58@example.com,2023-06-10
1370,Tanya,Johnson,Antigua and Barbuda,001-876-283-2373x6591,oliviawebb@example.org,2022-11-18
1371,Carlos,Golden,Egypt,001-712-908-4423x311,peterwilliams@example.com,2021-05-04
1372,Natalie,Mccarthy,Palau,001-893-222-7175x2899,parksglenn@example.com,2021-03-20
1373,Christopher,Rodriguez,Mexico,+1-293-337-1340x781,kimberlyward@example.net,2022-11-06
1374,Vincent,Franklin,Cape Verde,794-965-3746x77844,danielhughes@example.net,2021-09-07
1375,Jonathon,Davis,Bahamas,541.965.3866x03825,randolphheather@example.com,2025-08-23
1376,Megan,Terry,Nicaragua,(903)758-1104,zjones@example.com,2024-02-15
1377,Andrew,Fisher,Cameroon,001-893-257-6917x65127,oscarolson@example.org,2022-05-12
1378,Angie,Roberts,Yemen,717-779-2331,susan88@example.net,2021-10-08
1379,Matthew,Dalton,Puerto Rico,765-508-9461x7760,nkelly@example.net,2022-01-28
1380,Ricardo,Butler,Czech Republic,341-619-6985,mjohnson@example.com,2024-12-13
1381,Sara,Terry,Mauritania,+1-991-818-5540,carrillosteven@example.com,2024-11-13
1382,Jacqueline,Richmond,Tonga,268-989-5269,phillipsleah@example.net,2023-03-31
1383,Timothy,Decker,Central African Republic,+1-593-982-7957x931,jessicafrost@example.com,2024-06-14
1384,Danielle,Harris,Kazakhstan,711.863.4803x50668,sgibson@example.com,2022-10-25
1385,Gabriel,Klein,Mauritius,001-831-718-8455,hoodapril@example.net,2021-08-30
1386,Heather,Casey,Malaysia,+1-418-844-6748x937,ronald40@example.org,2021-12-03
1387,Heidi,Carter,Haiti,(710)220-0704,dpayne@example.net,2021-03-03
1388,Oscar,Goodwin,Taiwan,+1-204-222-8482x2286,bfoster@example.com,2026-01-21
1389,Aaron,Willis,Faroe Islands,(357)737-6263,jennifer68@example.org,2024-08-27
1390,Ian,Adams,Zimbabwe,6324504071,kevin81@example.net,2020-08-04
1391,Michael,Armstrong,Nepal,652-960-5790,stacielittle@example.com,2020-02-02
1392,David,Bennett,Faroe Islands,001-715-834-4949x70141,lisa44@example.net,2021-08-15
1393,Lawrence,Hall,Marshall Islands,406.886.9818,krausejames@example.com,2024-05-17
1394,Brian,Stout,Senegal,001-389-256-7641,brian42@example.com,2022-07-31
1395,Nicole,Parker,Macao,001-883-223-8927x620,vhaney@example.net,2020-03-05
1396,Morgan,Fisher,Angola,677.368.5988x6779,anthony43@example.org,2023-07-15
1397,Angela,Smith,Jamaica,(397)322-7330x156,tyler90@example.com,2020-05-05
1398,Amber,Moon,Palestinian Territory,553.783.8159,rachelhicks@example.net,2022-06-14
1399,Stephen,Martin,Iraq,+1-942-835-2453,sextonchristine@example.net,2022-02-13
1400,Ryan,Haney,Saint Lucia,(803)756-7016x798,matthewsoto@example.com,2022-10-28
1401,Thomas,Parker,Samoa,+1-205-249-8329x0522,ashley90@example.com,2025-08-28
1402,Jacqueline,Jones,Micronesia,001-368-470-7584x78922,nchan@example.net,2023-10-12
1403,Donald,Phillips,Brunei Darussalam,200-404-7916x1255,carterleslie@example.org,2025-11-06
1404,Ellen,Rowe,British Indian Ocean Territory (Chagos Archipelago),5915040389,castilloadrian@example.org,2022-06-17
1405,Megan,Harper,Saint Martin,+1-283-637-0002x3340,joseph59@example.org,2025-01-31
1406,Mariah,Russell,Colombia,555-647-0543,moodytravis@example.com,2025-02-23
1407,Angela,Conner,Denmark,529-702-4649,esalinas@example.net,2020-04-28
1408,Joshua,Mathis,Cape Verde,(804)318-6279x29190,angelaberry@example.net,2025-06-19
1409,Andrew,Vaughan,Antarctica (the territory South of 60 deg S),(595)408-8677x56804,stevenrice@example.net,2024-05-13
1410,Catherine,Kennedy,United States Virgin Islands,001-805-565-6106x42793,chavezjay@example.org,2022-01-29
1411,Brenda,Pratt,Zambia,3033015756,tyler44@example.org,2024-12-18
1412,Amy,Smith,Mali,272.253.5016x9804,theodorechambers@example.com,2023-05-31
1413,Melissa,Murillo,Bulgaria,001-779-322-6239x8115,madisonmiranda@example.net,2025-09-06
1414,Mark,Burch,Pakistan,709.350.3042x270,nicole53@example.org,2024-11-20
1415,Kelly,Jenkins,Bouvet Island (Bouvetoya),+1-882-290-3714x834,michaelhansen@example.com,2020-07-10
1416,Anthony,Brown,Uruguay,700-705-0693x284,stephenscolin@example.org,2025-12-13
1417,Michael,Smith,Morocco,533.365.1527x3862,chadrichardson@example.net,2024-08-18
1418,Walter,Copeland,Nauru,001-800-829-1503x226,patrick91@example.net,2025-10-04
1419,Miranda,Woods,Saint Lucia,7674794022,holdermichael@example.org,2023-10-16
1420,Philip,Ellis,Syrian Arab Republic,001-970-710-0661x807,jeffreysanchez@example.net,2020-02-10
1421,Frances,Crawford,Guinea,+1-936-719-9943x710,stevensonclayton@example.com,2022-12-07
1422,David,Wheeler,Djibouti,(537)610-7848,davidflores@example.com,2023-06-11
1423,Molly,Mitchell,Gabon,422.798.1455,juan95@example.net,2021-10-29
1424,Paul,Alvarez,Norway,879-915-3877x6386,bullockhunter@example.net,2022-05-18
1425,Edward,Thompson,Montserrat,+1-909-995-7551x301,cannonchristine@example.net,2022-10-25
1426,Luis,Bailey,Puerto Rico,(249)953-0570x946,gsilva@example.net,2020-09-17
1427,Geoffrey,Jones,Marshall Islands,+1-767-725-8451x5686,wattsjoe@example.org,2025-07-22
1428,Jeffrey,Vang,Dominica,(448)590-7093x0139,jordannichole@example.net,2025-08-01
1429,Melissa,Frazier,Libyan Arab Jamahiriya,(355)644-0607x4332,donald41@example.org,2020-03-24
1430,Ryan,Jones,Tunisia,(330)577-1550x13199,qrandall@example.org,2021-09-16
1431,Brian,Brown,Kenya,(772)845-7472,gregory50@example.org,2021-03-19
1432,James,Hall,New Caledonia,+1-247-643-1646x75027,clarkmichael@example.com,2025-09-19
1433,Kenneth,Hernandez,Saint Lucia,878-935-0956,kendra18@example.com,2021-06-16
1434,Douglas,Walker,Monaco,384.327.8534x018,michaelsosa@example.net,2024-08-16
1435,John,Martinez,Haiti,+1-920-414-4544x86744,shannon00@example.net,2021-08-23
1436,Susan,Mcclure,Mozambique,502.750.0094,omacias@example.com,2021-12-20
1437,Carol,Ortiz,Switzerland,739-474-1059x402,andrea47@example.com,2023-10-17
1438,David,Pearson,Japan,653.995.4905x35829,tuckeramanda@example.net,2021-11-13
1439,Jorge,Meyer,Thailand,500.830.1335x58021,pross@example.com,2022-11-07
1440,Kelly,Pitts,Tanzania,+1-439-825-1600,wilkinsmatthew@example.com,2023-11-23
1441,Thomas,Turner,Czech Republic,001-523-236-5150x85677,carrelizabeth@example.net,2022-01-25
1442,Sherry,Ramirez,Guam,567.802.8754,ncook@example.org,2022-10-09
1443,Miranda,Roth,Croatia,983-875-7754,melissa56@example.org,2025-03-22
1444,Stacey,Rivas,Nepal,865-201-8102,matthewcunningham@example.org,2025-02-07
1445,John,Hampton,Gibraltar,963-710-5746,sara68@example.org,2023-06-29
1446,Cathy,Young,Mauritania,8616849569,nmaynard@example.org,2026-01-26
1447,Michael,Bradford,Burundi,+1-482-367-2848x729,mjohnson@example.org,2025-08-02
1448,Bryan,Mendoza,Estonia,968.339.5690,deborah22@example.org,2021-02-04
1449,Jason,Gonzalez,San Marino,+1-543-877-5654x520,janice18@example.net,2022-10-05
1450,Darlene,Coleman,Saudi Arabia,658.977.9804x85049,phyllis17@example.org,2020-09-26
1451,Michelle,Smith,South Georgia and the South Sandwich Islands,377-322-1686,mclaughlintimothy@example.net,2020-07-16
1452,Alyssa,Grant,Benin,2098521618,bradleygates@example.net,2021-02-01
1453,James,Barnes,Sri Lanka,+1-299-547-4282x92120,upalmer@example.org,2025-11-15
1454,Henry,Odom,New Zealand,+1-220-363-4362x9503,angela61@example.net,2022-12-25
1455,Lindsey,Reed,Spain,+1-293-807-1849x63072,ebishop@example.org,2025-04-05
1456,Arthur,Cowan,Saint Vincent and the Grenadines,(474)570-6734,zwalker@example.org,2021-06-24
1457,Jessica,Nunez,United States Minor Outlying Islands,470-878-5580,gregory33@example.net,2021-04-19
1458,Ann,Parker,Turkey,+1-254-980-1685x0137,khall@example.org,2025-08-30
1459,Monica,Miller,Sri Lanka,(429)522-1030,millermisty@example.com,2020-10-21
1460,Jeffrey,Stephenson,Kazakhstan,+1-720-647-5937x3715,nancy74@example.com,2023-08-01
1461,Danielle,Cox,Peru,849-304-5849x75712,ghutchinson@example.com,2022-09-04
1462,Alexander,Garcia,South Africa,(967)295-3854x25444,bradley79@example.com,2024-05-26
1463,Diamond,Nichols,Nepal,866.656.2418,jenniferbuchanan@example.com,2022-12-14
1464,Thomas,Rhodes,Saint Kitts and Nevis,+1-562-646-4475x804,julie05@example.org,2020-02-19
1465,Leslie,Reid,Finland,(506)298-8557,heidijones@example.net,2023-08-13
1466,Jeffery,Peterson,Gambia,(939)259-9096,angela00@example.org,2020-10-11
1467,Jennifer,Arnold,Ethiopia,357.350.2947,agreen@example.net,2022-09-23
1468,Derek,Farrell,Andorra,001-970-640-6696,nicholasmitchell@example.org,2024-12-19
1469,Paul,White,Korea,391-935-1105x61225,johnsonjacob@example.net,2021-10-30
1470,Douglas,Byrd,Costa Rica,257.945.8832x13973,timothyjenkins@example.net,2022-09-17
1471,Evan,Boyd,Uruguay,873.325.3469,bradshawjoseph@example.net,2024-04-03
1472,Paul,Davis,Morocco,7378575859,ushaw@example.org,2022-11-09
1473,Dennis,Reyes,Saint Pierre and Miquelon,001-654-577-8405x34832,zcook@example.com,2025-02-25
1474,Dominique,Mclaughlin,Isle of Man,311-561-4028x3730,fgonzales@example.org,2020-02-06
1475,Angela,Krueger,Kazakhstan,938.695.5862x61404,mayclifford@example.net,2021-10-17
1476,Steve,Vargas,Isle of Man,+1-829-448-7657x676,cohenstephanie@example.com,2025-02-05
1477,Joseph,Martin,Tonga,(285)328-8792,shortjennifer@example.com,2020-02-09
1478,James,Moore,Haiti,001-463-295-4192,ernestjohnson@example.org,2023-04-22
1479,James,Hill,Liechtenstein,(447)855-9344x75927,melindarubio@example.com,2021-03-09
1480,Erica,Miller,Thailand,484.427.0462x4131,diazbrandi@example.com,2025-04-26
1481,Jay,Wall,Ecuador,255.836.0303,andrew80@example.com,2025-10-11
1482,Patrick,Walker,Panama,(509)689-4538,amber78@example.com,2024-02-21
1483,Brian,Bradley,Kyrgyz Republic,001-539-890-7992,kcampos@example.com,2025-07-11
1484,Corey,Suarez,Uzbekistan,(698)399-7876x2221,shaffermark@example.org,2020-08-18
1485,Brian,Mclaughlin,Serbia,449.381.4295,angelacombs@example.com,2024-01-23
1486,Robin,Wright,Guyana,656.602.2355,mrandall@example.com,2022-07-26
1487,Robin,Morrow,Nauru,252.490.3306,gonzalezmisty@example.net,2023-11-17
1488,Jacob,Sanders,Botswana,(504)855-4435,fhartman@example.net,2021-04-23
1489,Alison,Peterson,Lao People's Democratic Republic,(706)878-0759x5068,fergusondavid@example.net,2021-01-03
1490,Nicholas,Boyer,Poland,(739)624-8178x5949,ruizjoseph@example.net,2025-12-06
1491,Richard,Norris,Tajikistan,652.870.7361x85665,caldwellmarcus@example.net,2024-11-11
1492,William,Guerrero,Italy,839.875.2624x4108,zachary23@example.org,2025-06-18
1493,Michael,Miller,Rwanda,7614631906,burtonmark@example.org,2022-08-08
1494,Katherine,Patterson,French Polynesia,948.631.2505,jasonharper@example.net,2026-02-22
1495,Bradley,Parker,Papua New Guinea,921-607-9819,padillajudy@example.com,2021-11-22
1496,Patrick,Brewer,Costa Rica,(998)635-5992x5096,tammy43@example.org,2025-01-18
1497,Shawn,Hayes,Tunisia,001-392-699-4769x67734,robertdavis@example.com,2022-04-10
1498,Nicholas,Barber,Norway,(544)810-0624x255,wfranklin@example.com,2020-03-13
1499,Helen,King,Namibia,252.997.0344x86527,denisekennedy@example.org,2023-05-23
1500,Amanda,Butler,Bermuda,001-304-232-7141,adamsemily@example.com,2026-01-16
1501,Meghan,Duncan,Ireland,001-525-940-4518x82152,gilldarryl@example.org,2020-03-31
1502,Kimberly,Pruitt,Belarus,+1-592-726-1491,fatkinson@example.org,2021-06-05
1503,Martin,Williams,United States Minor Outlying Islands,463-941-4967x31818,cgilbert@example.com,2022-10-27
1504,Rachel,Schmidt,Belize,(895)920-2003,tphillips@example.com,2020-12-01
1505,Tammy,Johnston,Antigua and Barbuda,807.909.7431x17440,icampos@example.net,2025-04-06
1506,Charles,Holloway,Solomon Islands,9646344475,andrew73@example.net,2024-08-19
1507,Stacy,Christian,Seychelles,358.212.4574x710,stephen49@example.com,2022-02-17
1508,Juan,Bond,Somalia,366.600.5525,masonmaureen@example.org,2024-03-03
1509,Brittany,Miller,Armenia,(288)899-4440x03512,kingtracy@example.net,2021-03-23
1510,Dalton,Allen,Nauru,001-594-860-4642,victoria17@example.net,2021-10-25
1511,Michelle,Davis,Niue,+1-201-620-6705x97242,marie84@example.net,2022-02-12
1512,Brian,Stafford,Ecuador,327.895.4056x1540,heather12@example.org,2022-01-17
1513,Anthony,Christian,Rwanda,001-552-342-6031x17835,lcarter@example.org,2022-03-24
1514,Kimberly,Santos,American Samoa,+1-437-867-7047x85222,georgesalinas@example.com,2026-03-03
1515,Jerry,Guzman,Vanuatu,9659236082,tcampbell@example.com,2020-08-19
1516,Lindsey,Hopkins,Guernsey,(794)424-9805,francisco94@example.com,2021-04-24
1517,Craig,Patel,Cayman Islands,(841)223-0779,olivia63@example.net,2024-10-15
1518,Stacey,Baird,Mauritius,+1-264-762-7135,jallen@example.org,2022-07-24
1519,Yolanda,Mcdaniel,Nicaragua,552-846-6662,cconrad@example.net,2024-08-12
1520,Nicholas,Durham,British Indian Ocean Territory (Chagos Archipelago),+1-915-222-5482x720,leoncourtney@example.net,2020-07-23
1521,Jonathan,Castillo,Greece,521.988.1260,ashleywebb@example.com,2021-08-08
1522,Roberto,Walker,Gambia,9209914389,annmatthews@example.org,2021-01-08
1523,Justin,Gonzalez,Congo,(712)307-6057,nguyengeorge@example.org,2025-09-05
1524,Stephanie,Berry,Suriname,001-216-644-9762x43223,ramosandrew@example.com,2024-09-24
1525,Richard,Patterson,Saint Barthelemy,904-680-2392x21667,espinozacharles@example.com,2024-12-10
1526,Jose,Pierce,Yemen,6037043448,fdominguez@example.net,2024-02-03
1527,Jill,Lozano,Colombia,001-704-626-4883x03320,pauljoseph@example.com,2025-07-22
1528,Robert,Kane,Gambia,+1-309-415-2689x38419,dakotamartinez@example.org,2023-06-14
1529,Richard,Johnson,Gibraltar,001-534-968-9562x840,jacosta@example.com,2021-01-03
1530,Rick,Wallace,Greece,001-203-961-3322x113,gbrown@example.net,2024-10-18
1531,Christy,Williams,Nepal,+1-787-657-2643x612,robbinsmarie@example.com,2024-12-24
1532,Spencer,Erickson,Luxembourg,737.487.6989,bwood@example.net,2024-11-17
1533,Lori,Arnold,Guam,620-301-3961x73609,adamduncan@example.net,2020-06-21
1534,Madison,Long,Bermuda,423-581-3304,derek75@example.com,2023-02-05
1535,Samantha,Perez,Angola,001-679-336-1313,lorettalove@example.net,2022-09-13
1536,Amanda,Zuniga,Bermuda,001-804-804-9366x5429,xsmith@example.net,2024-03-16
1537,Justin,Robinson,Cote d'Ivoire,001-611-511-8144x6137,urose@example.org,2025-07-27
1538,Gerald,Perry,Uganda,7257399949,juliefox@example.org,2021-05-10
1539,Jamie,Briggs,Korea,857-569-4825x84317,jeremy96@example.net,2020-11-07
1540,Jeanne,Meyer,Ukraine,001-670-254-3435,rosejennifer@example.org,2021-05-18
1541,Doris,Jones,Russian Federation,+1-991-520-4464x49655,stephanie14@example.com,2021-01-08
1542,Amy,Taylor,Indonesia,794-686-4040,hahnjohn@example.net,2022-09-16
1543,John,Smith,Nepal,001-417-649-8066x7882,conleydonna@example.net,2020-02-02
1544,Anna,Rose,El Salvador,+1-995-277-2636x07181,kingzachary@example.net,2022-05-30
1545,Hunter,Bryant,Colombia,897-847-2314x77852,roachjonathan@example.net,2021-02-21
1546,Diamond,Brown,Liberia,001-453-541-8032,qparker@example.org,2023-12-15
1547,George,Martinez,Monaco,781-733-7326,kholmes@example.com,2024-11-01
1548,Melinda,Crawford,Palestinian Territory,+1-820-962-6105,terrychristopher@example.com,2021-03-10
1549,Ana,Jones,China,(389)667-6396,elizabethcalhoun@example.org,2024-11-26
1550,Christina,Wolfe,Vietnam,(359)590-8743,robertjones@example.com,2020-04-25
1551,Haley,Todd,Ecuador,001-985-954-4996x854,michelle96@example.org,2020-03-10
1552,Laura,Grimes,Tajikistan,(636)907-4254x908,andrew32@example.net,2025-11-22
1553,Laura,Cannon,Papua New Guinea,8484678679,paulthomas@example.org,2023-12-20
1554,Wendy,King,Denmark,+1-269-698-8292x10580,kevinmckay@example.net,2022-01-27
1555,David,Wright,Peru,+1-889-617-0797x33238,maciaslisa@example.com,2020-12-07
1556,Cynthia,Matthews,Saint Kitts and Nevis,(224)791-4722,colecynthia@example.net,2021-04-26
1557,Christopher,Cruz,Jersey,001-969-850-3680,johngould@example.org,2024-09-16
1558,Jessica,Mendez,Guadeloupe,696.909.6890x8208,dennisspencer@example.org,2025-12-02
1559,Adrian,Williams,Liechtenstein,410.556.8751x0872,hayley41@example.org,2020-08-18
1560,Steven,Wolfe,British Virgin Islands,(414)873-1050x8488,qgould@example.com,2020-07-21
1561,Kathy,Garrett,New Caledonia,514.999.8107x4750,rebeccaarmstrong@example.net,2021-02-10
1562,Thomas,Smith,Grenada,(228)390-0595x23057,rhondamelendez@example.net,2023-10-07
1563,Samantha,Wilson,Tonga,(887)881-2574x548,msmith@example.org,2022-06-02
1564,Adam,Williams,French Guiana,703-861-7946x015,kelli86@example.net,2023-07-14
1565,Alexander,Casey,Greenland,+1-581-738-8688x4712,kgregory@example.net,2021-08-16
1566,Rebecca,Williams,Sierra Leone,+1-586-421-1269x2696,glorialang@example.com,2022-01-29
1567,Jose,Baker,Venezuela,+1-470-822-8098x9043,melinda44@example.net,2020-06-21
1568,Timothy,Mooney,Falkland Islands (Malvinas),551.385.0005,traci59@example.com,2023-09-21
1569,Aaron,Williams,Timor-Leste,(257)240-9752,patrickdaniel@example.net,2022-03-20
1570,Michael,Gordon,Bhutan,001-231-465-6344,dadams@example.net,2020-10-20
1571,Michael,Zimmerman,Sweden,632.512.1229x157,joycereynolds@example.org,2020-12-06
1572,Stanley,Flowers,Moldova,6536452992,anna78@example.org,2021-08-28
1573,Dominique,Strickland,Tunisia,001-763-840-8933x491,thomaslaurie@example.com,2024-05-11
1574,David,Simpson,Aruba,2424167994,robert74@example.com,2022-10-15
1575,Ashley,Christensen,Norfolk Island,330.674.7772,glee@example.org,2022-01-11
1576,Mark,Harrison,Togo,(253)399-2355x929,amycarter@example.org,2023-08-05
1577,Allison,Conway,Timor-Leste,+1-654-922-9978x61772,laurasmith@example.net,2021-01-04
1578,David,Morales,San Marino,366-373-2220,reginaherrera@example.org,2021-06-27
1579,Daniel,Jones,Tajikistan,+1-325-801-6432x654,dennissmith@example.org,2025-05-07
1580,Ross,Byrd,Congo,518.777.4970x57469,joseph72@example.net,2022-11-28
1581,Christina,Perez,Taiwan,001-340-709-6300x17601,owillis@example.org,2020-09-23
1582,Joshua,Norris,Montserrat,+1-450-451-5987x5853,brooksnichole@example.com,2021-12-22
1583,Eric,Mcmahon,Sweden,(221)358-5213,joesmith@example.com,2021-09-05
1584,Brendan,Taylor,Croatia,+1-955-514-6984x2263,angelabarrett@example.org,2024-10-22
1585,Molly,Norton,Nauru,517-529-4519x4726,corybean@example.com,2023-09-27
1586,Rebecca,Rodriguez,Sierra Leone,837.471.1304,mooremichelle@example.net,2024-04-18
1587,Charles,Rivas,Turkmenistan,4375554632,ronaldjenkins@example.org,2023-01-24
1588,Christina,Moore,Angola,(581)761-0427x25319,lisa12@example.net,2023-11-21
1589,Michael,Gomez,United States of America,317-804-5563x7723,msingleton@example.org,2024-01-07
1590,Kelly,Smith,Burundi,(286)859-3395x63457,nathan78@example.net,2023-01-14
1591,Michael,Smith,Congo,674.338.9710x83377,fostervictoria@example.org,2024-07-27
1592,Joseph,Vargas,Armenia,631-686-7699,dixonmichael@example.com,2020-02-09
1593,Eric,Vazquez,Holy See (Vatican City State),795-550-0291,hbishop@example.net,2022-12-19
1594,Michelle,Waters,Portugal,896-731-4349,glassgary@example.com,2025-01-31
1595,Jenna,Ruiz,Poland,685.970.9169x56781,alishaberry@example.org,2021-12-06
1596,Bryan,Gonzalez,Gabon,001-210-319-3412x91163,john69@example.com,2023-02-12
1597,Kelly,Mejia,Anguilla,491.837.9035,jonesheather@example.org,2023-12-13
1598,Thomas,Clark,United Arab Emirates,(515)358-5887,ibennett@example.com,2025-04-13
1599,Victor,Rios,Falkland Islands (Malvinas),+1-561-534-1072x99410,romeropatricia@example.net,2023-01-25
1600,Savannah,Cook,Ghana,299-891-2298,matthew92@example.net,2020-12-08
1601,Andrew,Ibarra,Vanuatu,268-235-1429,jimenezgeorge@example.org,2024-01-28
1602,James,Kirk,French Guiana,+1-937-800-7063,vgarcia@example.org,2023-12-04
1603,Terri,Torres,Honduras,001-295-335-6649x3667,karen41@example.com,2024-04-14
1604,Bradley,Lang,Jamaica,(871)326-9531,emily11@example.org,2024-12-15
1605,Kathryn,Ellis,United Arab Emirates,712-319-7627x778,zserrano@example.net,2021-09-06
1606,Timothy,Shaw,Tuvalu,+1-470-487-6898x8882,chelseachavez@example.org,2021-03-17
1607,Tanya,Murphy,Estonia,+1-751-368-5507x2189,ahall@example.com,2024-06-07
1608,Nathan,Mcbride,Korea,449.255.6917x79401,josephmurphy@example.net,2024-02-11
1609,Charles,Thompson,Australia,(263)889-4322,brian63@example.net,2020-05-26
1610,Jennifer,Cole,Togo,+1-531-207-5992x5858,vbooth@example.com,2023-06-15
1611,Scott,Kelley,Netherlands,001-245-994-2983x99150,robertlutz@example.net,2021-11-17
1612,Luis,Matthews,Senegal,+1-291-326-9166x4043,jessicawilliams@example.com,2021-09-21
1613,Kevin,Lyons,China,001-275-393-6864x854,xmason@example.net,2020-07-16
1614,Carrie,Klein,Burundi,745.626.4279,james25@example.net,2020-08-05
1615,Nicholas,Miller,Brazil,+1-705-610-9920x9794,brian95@example.net,2021-10-15
1616,Raymond,Rodriguez,Palestinian Territory,445.381.3817,victor20@example.org,2022-11-06
1617,Daniel,Jenkins,Seychelles,(256)476-7133x033,robertcole@example.net,2020-05-19
1618,Daniel,Castillo,Taiwan,5483565578,simmonsjames@example.com,2024-04-16
1619,Kelly,Jacobs,Iceland,+1-770-586-3919x97198,davidlove@example.net,2021-10-14
1620,Donald,Ortiz,Kazakhstan,(812)804-1655x81366,briankline@example.com,2022-07-31
1621,Michael,Riley,Northern Mariana Islands,589-703-7229,markherrera@example.org,2020-09-20
1622,Michael,Gonzales,Benin,(891)503-5971x666,parsonstimothy@example.org,2021-12-17
1623,Kimberly,Garcia,United States Virgin Islands,521.509.7039,shermanjacqueline@example.org,2023-05-21
1624,Jenny,Morales,Uzbekistan,606.892.6488x39706,fstevens@example.net,2023-06-10
1625,Kathryn,Coleman,Lesotho,(824)858-6166x91984,ofarley@example.com,2024-07-31
1626,Jean,Johnson,Panama,606-527-0480x3328,patricknunez@example.com,2026-02-27
1627,Mary,Perez,Monaco,6025495804,ian07@example.org,2024-02-19
1628,Nathaniel,Kramer,Iran,395.855.8126x26751,ivargas@example.com,2024-04-21
1629,Patrick,Steele,Taiwan,001-592-758-6653x0286,diane46@example.net,2023-10-08
1630,Tracy,Griffin,Venezuela,(709)472-5123x97101,parkerharry@example.com,2024-10-03
1631,Amber,Beasley,Trinidad and Tobago,+1-223-819-1627x98983,jennifer21@example.com,2021-01-16
1632,Mark,Cooper,Philippines,710.725.0200,robert78@example.org,2024-11-07
1633,Courtney,Wood,Heard Island and McDonald Islands,860.686.1946,asavage@example.com,2020-12-23
1634,Daniel,Brown,Congo,(517)202-4105x3089,elizabeth46@example.org,2021-09-02
1635,Yesenia,Mccarthy,Botswana,001-339-661-3165x2968,broberts@example.com,2023-08-06
1636,Kelly,Harris,Sierra Leone,442.669.2760,graycrystal@example.org,2025-12-19
1637,John,Day,Papua New Guinea,314.896.8226x4244,snyderamy@example.net,2020-06-01
1638,Larry,Johnson,Korea,+1-990-577-1285x48144,udaniels@example.org,2025-05-11
1639,Stephanie,Elliott,Suriname,(259)751-6740x32611,jonesmaria@example.org,2020-01-29
1640,Michael,Carter,Georgia,645.641.0613x6628,zbond@example.com,2022-07-18
1641,Mathew,Smith,Cote d'Ivoire,565.857.3736x09443,kennethcole@example.net,2024-10-25
1642,Karen,Trujillo,Ireland,(458)936-9584,robertreynolds@example.org,2021-01-14
1643,Jenny,Jones,Madagascar,+1-785-990-8025x83613,karlgarcia@example.net,2022-03-14
1644,David,Estrada,Tokelau,976-815-8857x748,noahfox@example.org,2025-02-16
1645,Richard,Hudson,Paraguay,886-520-5565x8998,melissa94@example.com,2024-04-24
1646,Michelle,Hogan,Aruba,809.545.0970x7724,carla98@example.net,2026-01-12
1647,Kimberly,Copeland,Zambia,4946970592,jose01@example.net,2021-03-15
1648,Tina,Novak,Bolivia,(441)722-8468,angelagarrett@example.org,2020-10-07
1649,Cynthia,Robinson,Poland,499-827-9994,james37@example.com,2021-01-14
1650,Kristin,Gonzalez,Eritrea,(819)337-9051x5183,marybrown@example.com,2024-02-20
1651,Nicholas,Hernandez,Kyrgyz Republic,515-906-5310x71925,ryan68@example.com,2022-06-28
1652,David,Benson,Korea,001-353-435-7146x680,cohenlori@example.net,2023-05-04
1653,Kimberly,Clark,Korea,001-948-662-0035x7923,richardsonjason@example.net,2024-07-11
1654,Andrew,Garrett,Syrian Arab Republic,659.252.4641,patricialopez@example.com,2025-08-21
1655,James,Perez,China,+1-239-425-3002x21522,lburke@example.net,2025-11-01
1656,Wendy,Hill,France,986.669.9244x9726,ghorton@example.com,2021-04-17
1657,Samuel,Morgan,Azerbaijan,(547)606-7079x846,jeremy42@example.org,2025-09-01
1658,Marie,Williams,Turkmenistan,(772)829-6090x588,carterjames@example.com,2022-04-11
1659,April,Peterson,Mali,001-667-580-2403x2681,jasonwarren@example.org,2025-06-05
1660,Marissa,Wolf,Rwanda,+1-787-959-8901x49436,william49@example.com,2022-01-12
1661,Amber,Bryant,Saint Helena,333-745-9318,alexander44@example.org,2023-08-05
1662,Frederick,Boyd,Sao Tome and Principe,(663)347-2530x36705,cathykoch@example.net,2025-04-13
1663,Amy,Turner,India,001-340-600-8637,kosborn@example.org,2022-02-23
1664,Carly,Preston,Moldova,614-910-5798,jacquelinesnyder@example.org,2020-08-21
1665,Miranda,Smith,Ecuador,300-388-9748x918,jessicalucero@example.net,2024-03-04
1666,Matthew,Ford,Dominica,001-518-962-9125x1039,andrew06@example.com,2026-03-02
1667,Robert,White,Ecuador,+1-200-559-1663x678,cortezstacy@example.org,2024-02-13
1668,Shane,Rosales,Gambia,535.697.9913x90057,bpatton@example.com,2021-05-21
1669,Ronald,Shaw,Micronesia,376.615.5155x0380,joshua66@example.net,2024-02-24
1670,Ethan,Barr,Saint Lucia,886.703.3587x323,jeffrey25@example.org,2023-09-17
1671,David,Johnson,Bangladesh,+1-286-280-2217x2264,melindastuart@example.net,2023-07-06
1672,Brad,Foster,Falkland Islands (Malvinas),001-685-295-8312x2757,petersonmelanie@example.com,2023-11-12
1673,Nicholas,Bautista,Norfolk Island,7678851114,shieldsanne@example.com,2022-09-21
1674,Jennifer,Miller,North Macedonia,9124068028,carloszavala@example.com,2026-01-22
1675,Michael,Smith,Christmas Island,623.485.4919x9760,christopherriley@example.com,2023-07-14
1676,Meredith,Brown,Bangladesh,001-953-210-4368,paulwebb@example.com,2025-08-25
1677,Leslie,Warren,Armenia,+1-759-324-1530x459,yadams@example.org,2022-12-12
1678,Matthew,Flores,Sri Lanka,6466551839,ynguyen@example.net,2025-11-17
1679,Danielle,Holland,New Zealand,(519)302-0752,bob86@example.com,2020-05-23
1680,Michelle,Johnson,Bouvet Island (Bouvetoya),(665)941-9665,brian62@example.net,2023-05-03
1681,Alison,Smith,Iraq,001-676-753-8514x0183,rayreyes@example.com,2022-01-19
1682,Edward,Mccarthy,Vanuatu,705.334.0037x9747,jeffery51@example.net,2023-08-03
1683,Norma,Bell,Niue,+1-214-920-1673x49530,kcook@example.net,2020-03-22
1684,Karen,Francis,Panama,212-411-9814,samanthamoore@example.com,2024-08-03
1685,Dawn,Fisher,Micronesia,597.474.1110x88419,laurasingh@example.com,2023-07-29
1686,Jamie,Novak,Zimbabwe,(297)299-0487,william17@example.org,2020-07-04
1687,Christina,Davis,French Polynesia,(713)810-4435x77137,ewest@example.org,2021-10-03
1688,Travis,Moreno,Switzerland,648-301-5281x976,brenda90@example.net,2020-06-18
1689,Joshua,Huffman,Barbados,+1-486-674-5259x24163,bruce00@example.com,2025-09-10
1690,Tammy,Giles,Niue,8193520184,hooveralex@example.com,2024-01-29
1691,Brandon,Powers,United States Virgin Islands,705-304-5087x303,mariecook@example.net,2022-05-26
1692,Madison,Sellers,Guatemala,469-437-8450x37721,charles05@example.org,2025-05-30
1693,Paul,Casey,Uzbekistan,001-221-230-1082,margaret69@example.org,2020-09-09
1694,David,Rogers,Bolivia,8744722786,robert14@example.org,2024-07-16
1695,Richard,Johnson,Netherlands,944-746-2609x439,christopher29@example.net,2023-12-02
1696,Lisa,Martin,Greenland,001-427-884-8208x4992,ohall@example.net,2022-01-01
1697,Tracy,Howell,Kiribati,001-640-284-4711x3403,sarahgray@example.org,2023-10-14
1698,Charles,Jensen,Pitcairn Islands,001-869-887-4590x975,loveandrea@example.org,2025-07-27
1699,Nathan,Gordon,Lebanon,504.905.4505x149,kelly95@example.org,2020-11-20
1700,Bonnie,Wright,Dominican Republic,001-762-327-5273,elizabethmarks@example.net,2022-03-19
1701,Brian,Hayes,Finland,(650)864-9719x550,clinton62@example.com,2025-04-07
1702,Kimberly,Marquez,Belize,9794419344,troycohen@example.org,2024-04-22
1703,Phillip,Evans,Pakistan,(906)862-1409x126,kaitlyngeorge@example.net,2026-03-05
1704,Austin,Gray,United States Virgin Islands,954-288-9384x736,bruceparker@example.com,2023-01-02
1705,Jeremy,Ayala,Solomon Islands,(720)811-4739x788,diazcharles@example.com,2025-07-20
1706,Meredith,Harris,Spain,+1-542-470-5853x2644,kendra33@example.net,2025-03-02
1707,Renee,Garrett,Luxembourg,(992)246-8954x487,geraldacosta@example.org,2026-02-07
1708,Nicholas,Byrd,Lebanon,993-872-2615,kimberlybaker@example.com,2023-10-07
1709,Tyler,Hunter,Ukraine,(562)735-8002,davisjohn@example.net,2026-01-11
1710,Victoria,Brown,Liberia,654-621-3137,smitherin@example.org,2022-08-22
1711,Donald,Williams,Algeria,(710)428-9278x59062,michaelhernandez@example.com,2026-01-13
1712,Nicole,Finley,Burkina Faso,001-246-323-2558,peggyholloway@example.org,2021-08-30
1713,Lorraine,Smith,Grenada,843-616-8538x26036,kathy86@example.net,2020-02-24
1714,Richard,Schroeder,Italy,001-488-721-0023x1003,greggcarson@example.org,2020-12-20
1715,Nicholas,Cook,Syrian Arab Republic,476-340-6808x507,fieldswilliam@example.net,2020-07-23
1716,Latoya,Harris,Mayotte,919.949.6012x538,francodenise@example.net,2024-03-14
1717,Janet,Lester,Montserrat,6252425479,jacqueline51@example.org,2023-12-24
1718,Bonnie,Floyd,Suriname,+1-322-574-8500x07717,scottclark@example.com,2023-08-24
1719,Mary,Juarez,Kuwait,783-834-7590,edwardsjudith@example.org,2024-09-18
1720,Lori,Dunn,Luxembourg,(812)511-7375,patriciahernandez@example.com,2021-03-11
1721,Michael,Moore,Niger,001-294-339-3686x13393,patriciaallen@example.org,2025-12-13
1722,Sarah,Miller,Germany,+1-226-789-0630,hartmansherry@example.org,2023-03-03
1723,Stephanie,Farmer,Saint Helena,909.354.1214x816,oburns@example.net,2022-11-01
1724,Mary,Ramirez,Cote d'Ivoire,6184854415,marcuspowers@example.net,2022-11-22
1725,Steven,Jones,Cameroon,+1-530-648-7543x266,amandamunoz@example.org,2020-02-14
1726,Bryan,Martin,Estonia,783.421.9769,davidsmith@example.net,2025-08-20
1727,Christopher,Shah,Tajikistan,+1-749-874-9447,jessica90@example.com,2020-10-22
1728,Keith,Sullivan,Wallis and Futuna,(952)993-5577x75747,morrisalicia@example.org,2026-02-14
1729,Charles,Butler,Togo,+1-358-661-3470x47506,kathleen51@example.org,2022-09-28
1730,Carlos,King,India,+1-286-736-8959x525,joeljones@example.org,2021-03-27
1731,Linda,Marquez,Samoa,436-284-4768,sherianderson@example.net,2021-03-04
1732,Tonya,Miranda,Marshall Islands,(689)705-8021x8724,tsims@example.com,2020-05-07
1733,Todd,Adkins,France,2218796392,bandrews@example.net,2025-08-07
1734,Paige,Bailey,Netherlands,792.878.2444x623,vwilliams@example.org,2023-01-05
1735,Joshua,Valdez,Heard Island and McDonald Islands,698-810-1141x3259,xcrawford@example.org,2023-04-16
1736,Marissa,Hodge,Tajikistan,828-298-8221,comptonjames@example.org,2020-04-30
1737,Adam,Adkins,Tanzania,669.299.0422x3310,salazarjohn@example.org,2023-11-29
1738,Gary,Farmer,Belarus,001-677-567-0915,anthony91@example.net,2023-11-20
1739,April,Reilly,Guyana,282-991-3313x7181,victor20@example.org,2020-03-15
1740,Scott,Cain,Belgium,(913)742-4856x10305,davisjonathan@example.org,2025-12-25
1741,Jennifer,Hopkins,Guadeloupe,+1-677-546-5704x7827,christine70@example.org,2025-09-17
1742,Charles,Morrison,Azerbaijan,993-276-2347x13807,jessicamullen@example.com,2025-12-20
1743,Michele,Ponce,Palestinian Territory,593-715-9581x08427,jesse65@example.org,2020-12-27
1744,Jonathan,Beasley,Svalbard & Jan Mayen Islands,522.906.5824,usmith@example.net,2021-09-23
1745,Clayton,Evans,Central African Republic,+1-528-305-5490x0134,caitlin72@example.net,2022-12-16
1746,Charles,Silva,Wallis and Futuna,+1-373-311-3626x616,jamesrosario@example.com,2023-05-14
1747,Patricia,Chandler,Niger,5554022377,zburke@example.com,2024-11-27
1748,Robert,Paul,Israel,(400)890-7564,gcole@example.net,2025-07-14
1749,Angela,Williams,Jamaica,001-536-240-0944x7456,shelia58@example.com,2020-01-27
1750,Lori,Stewart,South Africa,491-373-1551x680,woodsrachael@example.net,2023-04-24
1751,Alyssa,Mills,Guam,(419)756-7838,washingtonsamantha@example.org,2025-06-25
1752,Erica,Silva,Kazakhstan,5908855618,michelledavis@example.org,2021-04-06
1753,Amber,Valencia,Maldives,9699049826,cannonlarry@example.com,2025-02-09
1754,Karen,Baldwin,Sweden,5092803718,marvin75@example.net,2023-06-20
1755,Peter,Allen,Lebanon,(888)645-7549,petersonjennifer@example.net,2020-10-28
1756,Adam,Mitchell,Bhutan,(453)984-4107x4594,ireilly@example.net,2025-08-22
1757,Erin,Wilson,United States of America,+1-492-274-7895x24715,beverly51@example.net,2022-05-02
1758,Dean,Avila,French Southern Territories,4608160930,anthonyzavala@example.net,2022-02-28
1759,Kimberly,Smith,Dominica,+1-660-421-0378x7769,randallalexander@example.net,2022-06-18
1760,Philip,Glover,Papua New Guinea,6756669315,devinlucas@example.net,2025-09-22
1761,David,Lewis,Northern Mariana Islands,544.988.9434,maryortega@example.org,2024-05-16
1762,Daniel,Gordon,Saint Helena,+1-563-753-3600,qsharp@example.net,2021-02-27
1763,Eric,Lopez,Northern Mariana Islands,779.786.4705x478,dstout@example.com,2026-01-30
1764,Anthony,Lynch,Madagascar,408-875-8595x6781,lisa33@example.com,2025-02-19
1765,Travis,Ruiz,Belize,220.820.3279x13603,beckmorgan@example.org,2022-11-16
1766,Janet,Davis,Uzbekistan,719.537.7208,jonathan56@example.net,2020-01-23
1767,Juan,Johnson,Christmas Island,451-851-0471,jason61@example.com,2025-07-25
1768,Sherry,Rogers,Western Sahara,459.970.3407,bbuchanan@example.org,2021-05-14
1769,Eric,Ferrell,Uzbekistan,848-528-8184,kristy55@example.net,2021-10-01
1770,Michael,Salas,Gambia,7166545246,deborahwebster@example.org,2023-06-13
1771,Kyle,Kaiser,Gambia,8852388350,denisestewart@example.com,2023-02-26
1772,Kevin,Obrien,Bosnia and Herzegovina,+1-752-866-1058,dawnwilliams@example.com,2025-05-17
1773,Patrick,Jacobs,Croatia,001-923-227-5172,xmiller@example.org,2023-09-28
1774,Daniel,Macdonald,Philippines,+1-584-634-1943x049,curtisthompson@example.com,2022-07-25
1775,Robert,Reid,Cayman Islands,7719382122,erik63@example.com,2020-11-18
1776,Kenneth,Anderson,Netherlands,5089431314,davissusan@example.org,2022-08-21
1777,Angela,Joseph,South Georgia and the South Sandwich Islands,490.855.2401,qjones@example.com,2022-01-27
1778,Heather,Blankenship,Bermuda,596.469.9230x649,connie26@example.org,2022-07-24
1779,Valerie,Clark,Guyana,6639098646,christine48@example.com,2024-11-13
1780,Erica,Garcia,Philippines,(203)820-2729,luis48@example.com,2020-10-02
1781,Victoria,Bond,Ireland,485-479-8722x34502,malonerobert@example.com,2022-09-21
1782,Katherine,Cooper,French Southern Territories,334-585-3010x304,johnlester@example.com,2025-06-05
1783,Richard,Simmons,Egypt,+1-330-222-2477x366,donaldtaylor@example.net,2024-12-12
1784,Billy,Luna,Costa Rica,+1-643-439-3284x2812,jessicathompson@example.net,2025-08-04
1785,Alicia,Baker,Jordan,(751)365-3376x40793,ashleyholmes@example.org,2023-12-20
1786,Hannah,Ward,Korea,001-713-551-0419x151,ryan60@example.net,2024-03-13
1787,Dustin,Green,Namibia,901.999.6229,rhonda96@example.org,2023-03-05
1788,Edwin,Wilcox,Cambodia,833-718-9352,danielpark@example.com,2025-03-20
1789,Billy,Lopez,Yemen,(854)543-2994,lambertmarvin@example.org,2022-11-23
1790,David,Beck,Papua New Guinea,+1-447-933-7176x2829,ecarney@example.net,2025-03-19
1791,Christine,Brooks,Liechtenstein,379.790.3546x05772,wardbonnie@example.net,2021-06-29
1792,Janet,Johnston,Macao,+1-967-327-3416x926,pbrown@example.com,2022-02-03
1793,Laura,White,Japan,363.464.6170x26558,angela90@example.net,2022-11-05
1794,Sylvia,Andrade,Azerbaijan,001-260-255-2966,meyeraudrey@example.net,2023-01-29
1795,Sheri,Kramer,Cyprus,948.496.3630x952,lopezandrew@example.com,2023-12-09
1796,Patrick,Maynard,Bulgaria,+1-636-699-9334x032,williamsbrianna@example.net,2021-09-05
1797,Alison,Harrington,Ghana,(562)416-0843x1387,saundersgrant@example.com,2022-01-10
1798,Karen,Young,Central African Republic,788.314.3718x539,beth34@example.org,2022-10-16
1799,Alex,Johnson,Congo,973-578-1888x55001,rebecca83@example.com,2020-11-13
1800,Devin,Rogers,Germany,354-970-7496,upratt@example.org,2022-07-17
1801,Nathan,Santiago,Guyana,001-337-534-4012x475,vegaaaron@example.net,2021-06-21
1802,Jeffrey,Castro,Grenada,+1-233-770-2048x672,bwinters@example.com,2025-10-18
1803,Trevor,Brown,Norway,+1-486-433-6930,ijames@example.com,2021-08-24
1804,David,Bailey,Thailand,001-988-515-3886x07743,luis78@example.com,2021-11-14
1805,Jeremy,Edwards,Maldives,(570)800-9672x9996,russellclark@example.org,2024-07-02
1806,Johnny,Brown,Benin,+1-749-583-5390x687,amy16@example.com,2022-07-03
1807,Christina,Chaney,Gibraltar,+1-703-392-6672,djohnston@example.org,2020-06-01
1808,Joshua,Yang,Czech Republic,+1-806-910-1768,brianna21@example.com,2025-03-07
1809,Gene,Walton,Slovakia (Slovak Republic),(462)904-5431x55125,stephaniegonzales@example.net,2025-05-31
1810,Alan,Smith,Burkina Faso,+1-882-790-2494,bdean@example.com,2022-01-14
1811,David,Brown,Suriname,(505)486-6566,wholmes@example.com,2024-05-19
1812,Robert,Brooks,Israel,+1-391-776-1685x5594,swilliams@example.net,2022-04-16
1813,Matthew,Hobbs,Wallis and Futuna,001-314-455-5246,julie39@example.org,2023-06-07
1814,Jack,Lee,Algeria,(883)589-2384x4729,qgreen@example.org,2020-04-14
1815,Gabriela,Smith,Guatemala,5995673961,gritter@example.org,2023-03-24
1816,Dawn,Hughes,Dominica,001-268-485-6212,foxvictoria@example.org,2025-07-07
1817,Holly,Gonzalez,Serbia,491.407.7712x93216,bensonerica@example.net,2022-07-13
1818,Dakota,Thornton,Jordan,997-727-4464x9592,jessica45@example.com,2020-08-24
1819,Travis,Riggs,Dominican Republic,782.536.0611,ufigueroa@example.org,2022-03-13
1820,Carl,Jones,Myanmar,(923)816-6258x33591,jenningsmarc@example.net,2023-08-31
1821,Mary,Bradley,Iceland,752-729-2785,burtonpatricia@example.org,2022-06-27
1822,Kimberly,Rojas,Uzbekistan,937.651.9876,jrogers@example.org,2021-09-08
1823,Michelle,Lee,French Guiana,(420)285-9837x814,sandra95@example.net,2023-08-17
1824,Lori,Ramirez,Fiji,446-881-9201,lindaperry@example.com,2020-10-19
1825,Elizabeth,Baird,Botswana,5356281928,ashley44@example.com,2023-10-24
1826,Megan,Anderson,Bouvet Island (Bouvetoya),473-341-7891x472,scottanne@example.com,2020-12-28
1827,Tyler,Douglas,Sao Tome and Principe,908-685-1130,anthonyparker@example.com,2023-02-15
1828,Stacy,Hernandez,Kiribati,+1-845-496-1101x7059,ecline@example.net,2025-06-09
1829,Maria,Young,Vietnam,+1-736-520-1064x4359,hermanthomas@example.org,2026-01-09
1830,Debra,Phelps,Romania,(313)965-7110,caseydawson@example.com,2020-09-03
1831,John,Stevens,Bolivia,001-431-735-3064x7318,bhansen@example.net,2020-01-05
1832,Carol,Pierce,Estonia,001-827-473-8227x434,nathanielavery@example.net,2023-10-03
1833,Travis,Stanley,Colombia,740.435.1291,courtneyrice@example.org,2020-01-19
1834,Mariah,Brown,Guyana,9642791088,morenowilliam@example.net,2023-11-07
1835,Amanda,Garcia,Nepal,3103159716,sdavis@example.com,2023-05-27
1836,Frederick,Figueroa,Faroe Islands,685.923.5434x6489,breyes@example.net,2024-12-03
1837,Timothy,Duran,Kuwait,(531)782-6111,andrew65@example.com,2022-07-19
1838,Susan,Alexander,French Southern Territories,001-774-638-5697x11515,ianpeterson@example.org,2020-06-22
1839,William,Watson,Turks and Caicos Islands,001-711-559-6002x4465,jacksonnichole@example.com,2021-06-07
1840,Marvin,Davenport,Congo,(321)350-7328,matthewdavis@example.net,2026-02-20
1841,Jason,Andrews,Madagascar,+1-704-245-6890x9801,lisa81@example.org,2024-07-02
1842,John,Smith,Ukraine,646.252.8337,kklein@example.net,2022-07-25
1843,Kelly,White,Cameroon,001-897-805-2296x63193,hicksmegan@example.net,2021-02-18
1844,Jacob,Cunningham,Afghanistan,(614)664-7547x313,richard71@example.net,2023-07-07
1845,Cheryl,Johnson,Sweden,3003192115,frankmonica@example.net,2025-10-01
1846,Michael,Chambers,Anguilla,001-550-444-6630x30671,susan12@example.org,2020-01-03
1847,Dylan,Johnson,Myanmar,(775)511-5870x451,anthonywhite@example.org,2023-01-01
1848,Devin,Jennings,Guadeloupe,001-520-886-6260x58226,harryjohnson@example.net,2023-05-04
1849,Michael,Johnson,Sao Tome and Principe,(673)578-5408x523,jeffrey12@example.net,2024-12-28
1850,Jennifer,Wilson,Sweden,(536)405-8701,grahamwilliam@example.com,2023-12-12
1851,Judith,Williams,Iraq,551.760.8434x32935,jessicacastro@example.net,2024-07-18
1852,Daniel,Price,Bulgaria,997-998-3390x6996,welchjason@example.com,2024-08-11
1853,Lauren,Harrell,Puerto Rico,001-828-489-0363,natasharamirez@example.net,2021-04-16
1854,Luke,Freeman,Reunion,726-296-2095x05076,petersonjeremy@example.net,2025-09-11
1855,Zachary,Petersen,Zimbabwe,607.213.0940,jacobstony@example.net,2025-11-21
1856,John,Campbell,Brunei Darussalam,+1-655-793-2737x3500,hjones@example.org,2020-11-04
1857,Lisa,Diaz,Japan,731-413-3361,pamela25@example.net,2021-04-11
1858,Martha,Nichols,Belgium,001-704-858-5863x8052,paul32@example.org,2022-09-22
1859,Kathleen,Henry,Afghanistan,863-687-1247x88939,luis67@example.com,2023-06-17
1860,Valerie,Lowe,Reunion,555.220.3141x5029,bcruz@example.org,2024-04-24
1861,Dana,Murphy,Ecuador,428-432-7590x015,kmorton@example.org,2021-07-27
1862,Angela,Rodriguez,Timor-Leste,240-950-5343,hburns@example.org,2023-08-10
1863,Jennifer,Nguyen,Mexico,727-556-8244x7026,ortizemily@example.com,2025-05-14
1864,Tyler,Roberts,Bhutan,713-387-7610x66002,conwaykimberly@example.org,2022-04-17
1865,Julie,Brown,Turkmenistan,001-662-301-0391x92919,oolsen@example.com,2023-08-29
1866,Kimberly,Hernandez,Thailand,824.766.6884,leslieroth@example.net,2021-06-15
1867,Stephen,Lynch,Greece,+1-364-304-5899,katietaylor@example.org,2021-04-26
1868,Emily,Harris,Isle of Man,+1-970-956-7741,stevenjackson@example.com,2020-12-10
1869,Andrea,Moses,Monaco,856-289-0733x56524,bwright@example.org,2023-06-22
1870,Justin,Hanson,Paraguay,(803)280-7143x5595,jeffrey50@example.org,2022-12-27
1871,Lindsey,Perez,Trinidad and Tobago,805-312-3136x26923,margaretsimmons@example.net,2022-12-03
1872,Paul,Johnson,Saint Vincent and the Grenadines,294-576-4362x4958,ellisjames@example.net,2021-08-30
1873,John,Gross,Turks and Caicos Islands,379.516.8340,breid@example.org,2024-02-20
1874,Jonathan,Williams,Czech Republic,749.809.8836x311,ashley25@example.org,2024-02-12
1875,Sean,Rollins,Namibia,(737)653-2834x184,fgarcia@example.org,2023-04-22
1876,Lisa,Cooper,Andorra,(606)827-9056x98606,kristie76@example.net,2023-02-28
1877,Carolyn,Cordova,Myanmar,377-695-3332x2658,colleenwalters@example.org,2021-08-07
1878,Jodi,Maxwell,Brazil,(956)703-7639,anthonybennett@example.net,2020-07-25
1879,Heather,Shepherd,Cuba,375.632.5146,cynthia73@example.net,2023-05-21
1880,Steven,Smith,Christmas Island,(364)275-2904,blackwellsavannah@example.org,2021-09-19
1881,Joseph,Dodson,Saint Pierre and Miquelon,297-929-7284,bford@example.net,2020-11-01
1882,Gina,Huang,Martinique,(214)872-2703,adamssteven@example.net,2024-04-25
1883,Elijah,Reyes,Guadeloupe,001-821-603-0084x63604,hayesmark@example.org,2023-09-03
1884,Kevin,Daniel,Ecuador,+1-333-495-9951,evanwillis@example.net,2021-09-07
1885,Linda,Marsh,Serbia,831-400-5231,kenneth80@example.net,2023-02-03
1886,Robert,Dickson,Saint Barthelemy,+1-657-837-0169x4907,kristina74@example.com,2023-05-06
1887,Victoria,Smith,American Samoa,457-892-0508x396,tburnett@example.org,2023-04-02
1888,Jonathan,Hubbard,Malta,(923)623-1715x474,jessicagreen@example.com,2022-04-28
1889,Eugene,Wiggins,Algeria,(935)574-0107,ijones@example.com,2025-10-03
1890,Jack,Johnson,Tajikistan,831.924.1945,poncekimberly@example.org,2025-09-23
1891,Tyler,Smith,Gibraltar,+1-771-587-4135x516,ericchang@example.com,2024-07-29
1892,Aaron,Conner,Georgia,+1-862-769-3183,debra32@example.org,2025-06-02
1893,Amanda,Williams,Honduras,+1-496-599-5970x6716,cynthiawilcox@example.com,2023-08-09
1894,Kimberly,Moore,Martinique,+1-729-862-8605x3620,aaron08@example.org,2021-03-21
1895,Tammy,White,Bahrain,001-719-525-7538,ssmith@example.org,2022-04-20
1896,Eric,Pratt,Tajikistan,303-333-5255x745,brianna13@example.net,2020-07-11
1897,Tyler,Peterson,Mexico,624-801-3569x912,kristin63@example.org,2021-09-30
1898,Charles,Bennett,Bangladesh,(510)935-5390x96260,jessicagarcia@example.net,2024-07-11
1899,Kristy,Holmes,Mexico,(668)350-3476,ambergray@example.net,2024-01-17
1900,David,Bowers,Costa Rica,860-830-4608x6538,hannastephanie@example.org,2022-01-02
1901,Patrick,Holt,Northern Mariana Islands,901-987-7799x987,christopherlee@example.com,2023-07-21
1902,Aaron,Stephenson,Netherlands,001-924-347-3203x260,montgomerysteven@example.net,2024-03-01
1903,Kyle,Moore,French Guiana,(340)928-3559x09308,heatherchen@example.org,2020-05-05
1904,Jennifer,Meyers,Switzerland,(502)901-6397x55245,rbuchanan@example.org,2020-11-03
1905,John,Williams,Mayotte,741-928-3868,xedwards@example.com,2023-02-23
1906,Phillip,Wallace,United States Virgin Islands,4112697679,danielle61@example.org,2024-03-18
1907,John,Mcgee,Moldova,572-850-5859,nrussell@example.com,2025-02-24
1908,David,Morris,Tokelau,001-960-649-5460,karina48@example.org,2021-04-23
1909,Nicole,Klein,Namibia,(550)851-6216x875,uhernandez@example.net,2025-06-11
1910,Todd,Allen,Fiji,953.757.4125x09238,patrickchavez@example.org,2026-01-23
1911,Brian,Flores,Cape Verde,623-808-1794x313,cantupatricia@example.org,2022-02-15
1912,Ryan,Esparza,Burundi,3744170993,ecurtis@example.org,2023-02-15
1913,Judith,Scott,Belarus,400.553.9241x0950,davidross@example.net,2025-08-03
1914,Laura,Hart,Costa Rica,715.719.1209,chasejulie@example.com,2025-02-27
1915,Anthony,King,Tajikistan,(863)769-1094,rothlaura@example.org,2024-11-13
1916,Patrick,Fletcher,Albania,(648)334-6314x6259,victoriatyler@example.com,2022-05-13
1917,Matthew,Ramos,Kenya,681-622-2705,angela57@example.org,2023-05-28
1918,Andrew,Potter,Azerbaijan,344-404-3427,jessicavaldez@example.com,2023-09-04
1919,Timothy,Lloyd,Malawi,(626)744-0999,lori21@example.org,2020-04-17
1920,Bryan,Steele,Papua New Guinea,436.331.5564,hrobinson@example.org,2021-06-14
1921,Heather,Lopez,Maldives,631-750-4135x69887,keithlewis@example.org,2020-02-10
1922,Shane,Hall,San Marino,(521)389-6567x304,hoffmanjames@example.com,2021-01-13
1923,Lisa,Costa,Chad,874.868.7921x27841,jennifersmith@example.net,2024-02-06
1924,Rachel,Reyes,Grenada,+1-769-621-9654x4746,imiranda@example.org,2021-10-29
1925,Jason,Berger,Cambodia,+1-893-723-9624x896,catherinehaney@example.org,2023-03-07
1926,Luke,Franco,Croatia,902-418-5378x211,sherrylewis@example.net,2022-08-30
1927,Scott,Lucero,Luxembourg,+1-705-463-3317,fgray@example.net,2020-04-16
1928,Jonathan,King,Croatia,001-653-374-9797x71649,washingtonjeffrey@example.com,2022-02-22
1929,Joseph,Dawson,Estonia,864.600.3350,weaversabrina@example.org,2024-02-20
1930,David,Hayes,French Guiana,705.315.7097,xvaldez@example.com,2023-07-15
1931,Amanda,Dunn,Swaziland,962.539.3912x06747,hensonscott@example.org,2021-04-06
1932,Tracy,Washington,Gambia,(408)732-6000,kflynn@example.net,2023-05-13
1933,Amanda,Lin,Gambia,947-739-5064,brandon34@example.org,2023-11-04
1934,Scott,Williams,Peru,6964264530,greenalbert@example.org,2022-07-01
1935,Christopher,Gonzalez,Kuwait,001-298-676-9814,tmoran@example.org,2024-11-29
1936,Bianca,Rivera,Gambia,001-549-431-0421x181,ruth77@example.org,2021-08-06
1937,Courtney,Williams,Puerto Rico,(979)836-4011x6758,keithoconnell@example.net,2023-07-07
1938,Tammy,Gutierrez,Philippines,9878644403,kristine99@example.com,2023-03-20
1939,William,Clay,South Georgia and the South Sandwich Islands,+1-510-835-6915x4699,robert00@example.com,2020-01-15
1940,Angie,Bowers,French Southern Territories,001-974-415-1863x565,smithmary@example.org,2021-06-13
1941,Edward,Fields,Kuwait,001-567-218-8145x27873,williamdavis@example.com,2020-08-27
1942,Dwayne,Cruz,Cape Verde,249.833.1867,bridget37@example.org,2020-06-21
1943,Curtis,May,Belize,623-761-6957x835,guzmananthony@example.com,2023-06-19
1944,Nicholas,Mcknight,Australia,(458)903-9429x25766,josejohnson@example.net,2025-03-03
1945,Laura,Jacobs,Uganda,343.550.3522x364,yangjoseph@example.net,2020-11-06
1946,Toni,Henderson,Zimbabwe,782.491.6961x97515,qburnett@example.com,2025-01-14
1947,Leslie,Fowler,Central African Republic,301-929-4732,sherryharris@example.net,2025-09-09
1948,Tara,Bartlett,Kenya,354-321-6294x45244,danielleballard@example.net,2020-05-09
1949,Brenda,King,Gibraltar,281-746-3608x054,kevin91@example.org,2024-01-06
1950,Alexander,Coleman,Gibraltar,001-443-913-5981x339,gloriasingh@example.net,2024-11-02
1951,Kimberly,Ward,India,869-845-6678,syu@example.org,2024-07-10
1952,Jennifer,Wang,Palestinian Territory,(998)839-4024,rushmichael@example.net,2021-05-20
1953,Adrian,Romero,Guyana,+1-990-304-2419x609,parkerthomas@example.org,2020-08-05
1954,Jon,Bridges,Lithuania,962.552.9613x40296,murphynoah@example.com,2024-06-09
1955,Natasha,Nelson,Zambia,001-232-742-0453x64089,suzanne57@example.com,2021-04-13
1956,Kelly,Patel,Zimbabwe,734-895-7930,dawn78@example.org,2025-03-31
1957,Laura,Perez,Kiribati,(509)904-4985x2512,yfisher@example.net,2020-08-26
1958,Whitney,Deleon,Argentina,531-336-2003,rayala@example.com,2022-12-05
1959,Betty,Bradford,Haiti,(862)618-7380x09754,fsmith@example.org,2020-01-01
1960,Natalie,Lambert,Niue,+1-609-756-8547,jonathan83@example.org,2022-09-14
1961,Todd,Rodriguez,Slovakia (Slovak Republic),662.689.9485,mramirez@example.org,2020-10-15
1962,Lori,Chapman,Namibia,+1-309-699-3272x850,karenwyatt@example.com,2024-06-03
1963,Sean,Weiss,Slovenia,001-909-553-3201x510,tiffanylewis@example.com,2020-10-05
1964,Kimberly,Smith,Jamaica,950.776.2197x8233,urodriguez@example.net,2020-06-21
1965,Edward,Robinson,Bahrain,(921)460-1768x27914,mhuang@example.net,2021-11-08
1966,Michael,White,Greece,854.526.6182x5492,ggray@example.org,2020-07-17
1967,Julie,Cunningham,Venezuela,+1-627-233-9906x364,kellymorgan@example.org,2021-11-17
1968,Cory,Lindsey,Myanmar,961.617.3753,mike88@example.net,2021-02-28
1969,Megan,Villarreal,Afghanistan,001-223-348-0575,ksmith@example.net,2022-12-30
1970,David,Weiss,Turkey,362.876.1273,stacey07@example.net,2023-04-21
1971,Kelly,Anderson,Russian Federation,(653)340-4274,marymartin@example.net,2021-09-06
1972,Theresa,Serrano,Mali,605.709.6562x8278,randygibson@example.com,2022-03-30
1973,Juan,Walker,Israel,4962668410,kathleennelson@example.org,2021-01-20
1974,Timothy,Cruz,Swaziland,586-348-8633,derek39@example.com,2022-04-26
1975,Julie,Gonzalez,United States Virgin Islands,7535648708,brian46@example.com,2022-10-11
1976,John,Holt,Norway,+1-402-708-4486x633,montoyawilliam@example.net,2021-04-29
1977,Karl,Johnson,Papua New Guinea,+1-531-622-0969x83980,mhall@example.com,2023-12-25
1978,Breanna,Good,Iceland,213-430-0315x1045,michelle66@example.com,2023-07-14
1979,Bianca,Branch,Netherlands,(758)585-0875x62041,rachelnielsen@example.org,2024-08-25
1980,Tiffany,Robinson,Aruba,001-896-961-1986x30714,vazquezmichael@example.net,2021-09-07
1981,Susan,Mercado,Cambodia,737.923.4165x4726,mackenziecarter@example.org,2020-10-14
1982,Michelle,Barber,Guinea-Bissau,001-829-459-2823x64781,tom84@example.org,2023-10-25
1983,Suzanne,Ruiz,Cote d'Ivoire,403.271.5541,floressavannah@example.net,2023-07-25
1984,Melissa,Rogers,Rwanda,8907019341,ramirezkathy@example.com,2024-11-17
1985,April,James,Bouvet Island (Bouvetoya),558.248.0021,clarkhannah@example.net,2026-03-02
1986,Todd,Lyons,Dominican Republic,834-322-3196,eduncan@example.com,2022-01-02
1987,Crystal,Hicks,Colombia,001-275-479-5771x33568,lorijohnston@example.com,2024-03-19
1988,Brittany,Velazquez,Jersey,(635)463-3219,mcgeesarah@example.com,2020-01-03
1989,Robert,Padilla,Kenya,653.817.2602x0278,phyllis61@example.com,2020-08-19
1990,David,Garcia,Reunion,979.970.1746,william27@example.org,2026-01-11
1991,Melissa,Knapp,Greece,209.474.2919,collinterry@example.org,2020-03-21
1992,Chloe,Sanders,Vanuatu,693.561.9215,wendyanderson@example.net,2020-04-26
1993,Kyle,Newman,Malawi,001-370-828-9853x3664,andreaallen@example.net,2024-06-17
1994,Andrea,Nguyen,Mauritania,591-463-5625x63697,joelchase@example.com,2024-12-05
1995,Matthew,Gibson,Barbados,(574)599-7931x8785,pjones@example.org,2025-02-18
1996,Carl,Munoz,Saint Helena,+1-290-831-7920,christinahoffman@example.com,2024-09-12
1997,Brandon,Reynolds,Kiribati,913-365-5945,rebecca52@example.com,2022-01-12
1998,Brandon,Valdez,Pitcairn Islands,792.762.3170,kelliterry@example.com,2020-07-26
1999,James,Ho,Turks and Caicos Islands,+1-602-656-7284x8520,reneebates@example.net,2022-12-08
2000,Michelle,Price,Yemen,7268206838,jane57@example.org,2021-10-29
2001,William,Patel,Armenia,239.963.0235,qrogers@example.net,2020-04-09
2002,Jose,Kent,Greece,+1-401-588-8862x707,timothy91@example.net,2020-08-18
2003,Erin,Thompson,Montserrat,001-897-551-4225x9214,browncandice@example.net,2025-09-11
2004,Curtis,York,Namibia,2796744017,molly95@example.net,2024-08-05
2005,Kayla,Green,Sweden,901-619-2292x230,larry27@example.org,2022-03-06
2006,Kevin,Sharp,Kuwait,822-943-5110x7106,sarah43@example.org,2020-08-07
2007,Renee,Nichols,Jamaica,2706416695,carolyn30@example.net,2020-05-19
2008,Kelly,Jones,Costa Rica,(525)590-1945x54686,joshua29@example.net,2021-09-27
2009,Christopher,Day,Benin,8338371112,asoto@example.org,2023-05-09
2010,Andrew,Becker,Kuwait,599-651-5531,benjamin36@example.com,2021-07-03
2011,Kimberly,Smith,Dominica,724-397-0807,paul72@example.org,2022-02-03
2012,Jonathan,Ortiz,Afghanistan,+1-353-890-7700x4402,andrea76@example.org,2020-08-14
2013,Stephen,Moore,Tunisia,313-369-3807x44700,charles08@example.com,2024-04-30
2014,Sarah,Young,Chile,+1-324-375-7832x922,melissaallen@example.com,2023-08-10
2015,Hector,Gutierrez,British Indian Ocean Territory (Chagos Archipelago),7066206780,ufuller@example.com,2023-08-17
2016,Allison,Lin,Korea,+1-681-901-4334x018,jonesjaime@example.org,2022-10-01
2017,Paul,Perez,Cote d'Ivoire,+1-996-578-6866x362,sarahjackson@example.org,2022-03-13
2018,Isaac,Oliver,Oman,+1-530-272-2445x965,lbrown@example.com,2022-07-02
2019,John,Mcneil,Marshall Islands,(611)466-7765x9812,robertramirez@example.com,2024-06-24
2020,Briana,Clark,North Macedonia,569-901-4988,millerrebecca@example.com,2021-12-16
2021,Jordan,Davis,Namibia,593-255-9098x74503,laura32@example.org,2024-12-18
2022,Jonathan,Parker,Romania,678-753-6551x1865,davenportaaron@example.com,2021-10-09
2023,George,Mays,Afghanistan,001-783-408-8723x1970,steventurner@example.com,2025-10-26
2024,Sara,Swanson,United States Virgin Islands,+1-434-670-0257x6759,mgraham@example.net,2021-05-09
2025,Carol,Brown,Ecuador,001-377-447-2536x67158,haileyli@example.org,2024-12-25
2026,Margaret,Lewis,Cambodia,300.865.9359x182,lauraramirez@example.com,2023-06-15
2027,Jason,Marquez,Faroe Islands,561.201.9832x55926,georgesexton@example.org,2023-03-15
2028,Alicia,Maldonado,Botswana,(941)579-8026x65527,regina46@example.net,2022-03-04
2029,Rhonda,Sharp,Iran,(772)586-7426,julienorris@example.org,2022-05-16
2030,Jared,Todd,Cyprus,(873)524-4932,jessica11@example.org,2023-05-09
2031,Kevin,Ross,Solomon Islands,+1-585-986-5635x41477,dortiz@example.org,2021-02-15
2032,Marcus,Mcbride,Chad,001-443-256-8717x924,margaret98@example.org,2025-03-13
2033,Scott,Krueger,Slovakia (Slovak Republic),678.842.0048,scott77@example.com,2024-09-18
2034,William,Patterson,Pitcairn Islands,(863)717-3630x61970,mikayla75@example.com,2020-12-11
2035,Kristie,Copeland,United States Minor Outlying Islands,860.852.7402,bobby52@example.org,2024-10-04
2036,Stephanie,Campbell,Senegal,+1-922-299-3055,steven51@example.net,2024-02-07
2037,Kim,House,United Kingdom,(505)626-3044x7722,bedwards@example.org,2021-10-16
2038,Kelly,Nicholson,Qatar,001-964-711-6726x873,emilysantiago@example.com,2020-02-23
2039,Dwayne,Huang,Palestinian Territory,001-980-801-7997x0221,jenkinselizabeth@example.org,2023-07-29
2040,Steven,Rivera,Morocco,001-691-753-6895,ghopkins@example.org,2025-04-04
2041,James,Brown,Namibia,8113732125,vangeric@example.com,2021-11-27
2042,Michael,Avery,Togo,001-692-850-6001,aguirrewilliam@example.org,2020-08-31
2043,Lauren,Zimmerman,Sao Tome and Principe,+1-422-270-0721x76314,shannon93@example.org,2023-06-12
2044,Shannon,Wallace,Bulgaria,(442)826-0485,qchan@example.net,2022-06-28
2045,William,Gutierrez,Saint Pierre and Miquelon,(634)208-0040x80846,vaughankyle@example.net,2020-04-18
2046,Miguel,Schroeder,Saint Kitts and Nevis,+1-308-327-4212x4271,jose20@example.net,2022-04-29
2047,Dawn,Williams,Thailand,932.509.1648,sharris@example.com,2025-01-07
2048,Robert,Allen,Belgium,(285)877-6007x40846,nicolaswatson@example.net,2024-05-24
2049,Carolyn,Lambert,Holy See (Vatican City State),(704)278-6109,zwagner@example.net,2020-01-31
2050,Michele,Moses,Mongolia,(511)527-0997,lewismichael@example.net,2025-05-18
2051,Kendra,Matthews,Antarctica (the territory South of 60 deg S),+1-427-516-7942x52093,luke40@example.net,2025-08-12
2052,Adam,Salinas,Turks and Caicos Islands,8394726166,kgill@example.org,2025-01-17
2053,Russell,Griffin,Guinea-Bissau,001-407-320-4867x6889,jessehorton@example.org,2020-05-08
2054,Juan,Lopez,India,743-458-9532x5081,kevin70@example.net,2024-07-05
2055,Bryan,Lucero,Gambia,+1-650-377-1042x636,webbandrea@example.com,2024-06-06
2056,Keith,Alvarez,Timor-Leste,237.853.2427x005,johnny84@example.org,2022-12-15
2057,Suzanne,Frost,South Africa,(324)763-3239x290,wmathis@example.com,2025-11-19
2058,Mary,Morales,Albania,283-681-0943,aosborne@example.com,2023-02-22
2059,Melinda,Floyd,Syrian Arab Republic,(486)456-5155x20402,knorman@example.net,2022-12-17
2060,Mark,Patel,Finland,+1-718-433-1144x5030,charlesfoster@example.net,2024-07-14
2061,Michael,Anderson,Zimbabwe,(468)754-1282,ygallagher@example.net,2020-02-29
2062,Kathleen,Schneider,Libyan Arab Jamahiriya,429.676.9310,uramos@example.org,2020-08-21
2063,Ann,Dixon,French Guiana,799.251.8893x371,bramsey@example.net,2020-12-14
2064,Ryan,Davidson,Philippines,318-489-1173,eaustin@example.net,2024-02-08
2065,Madison,Clark,Bahamas,001-778-761-5906,fieldsmicheal@example.net,2023-05-24
2066,Sandra,Garcia,Panama,941.289.4794x491,lindsey59@example.net,2023-04-01
2067,Tamara,Sloan,Jordan,001-356-786-3424,jessica17@example.com,2025-03-01
2068,Derrick,Oliver,Estonia,(202)618-8059,cynthiarussell@example.net,2020-09-17
2069,Philip,Edwards,Switzerland,(715)268-6303,bsimmons@example.net,2023-03-29
2070,Robin,Wilson,Brazil,(302)238-8238,meagan04@example.com,2021-02-07
2071,Paula,Duncan,Monaco,(859)680-6827,jefferyolson@example.org,2024-07-29
2072,Timothy,Gallagher,France,623-847-7862,morenowilliam@example.com,2025-06-14
2073,Jon,Porter,Turks and Caicos Islands,567.234.9038x02369,wusara@example.com,2024-02-23
2074,Rodney,Stein,Seychelles,999.992.4785x8183,rodriguezrobert@example.com,2020-01-10
2075,Mark,Trujillo,Paraguay,240.809.9211,rachel45@example.net,2021-06-29
2076,Erik,Pena,Armenia,(316)332-6225x29523,timothy84@example.com,2024-09-22
2077,Jason,Marquez,Mexico,(657)801-3353x54461,jonathanthompson@example.net,2020-04-09
2078,Mark,Davis,Bhutan,+1-393-579-6932x471,rosegabriel@example.com,2024-04-21
2079,Lisa,Moran,Denmark,(412)480-0199,jeanette36@example.org,2020-03-11
2080,Douglas,Cantu,Guam,001-520-555-2423x751,christy06@example.com,2024-03-28
2081,Alexandra,Ramos,Namibia,(406)385-0791x55098,williamswilliam@example.com,2025-02-25
2082,Barbara,Clay,Guadeloupe,+1-861-680-9291,glennjoshua@example.com,2020-02-15
2083,Marissa,Howard,Croatia,868.393.5179,michaelreid@example.org,2021-03-05
2084,Danielle,Watts,Greece,(260)695-4534x2013,robert74@example.net,2023-02-11
2085,Tracy,Watson,Mauritius,(631)885-6526x42545,hicksjeffery@example.net,2020-08-21
2086,Luis,Davis,Wallis and Futuna,+1-647-779-2979,caitlin58@example.com,2021-12-06
2087,Amanda,Mcdonald,Tokelau,212-742-9950,candace70@example.net,2021-12-26
2088,Timothy,Johnson,Jordan,887-505-2208x311,wendy09@example.com,2022-03-31
2089,Eric,Parks,Saint Kitts and Nevis,+1-383-362-6983x0361,lopezkim@example.com,2022-11-06
2090,Pamela,Baker,Guyana,(394)978-7968x8017,qhoffman@example.org,2023-03-31
2091,Angelica,Watts,Sierra Leone,+1-425-916-3624,leelizabeth@example.com,2025-09-14
2092,Jimmy,Terry,Cape Verde,702-776-7955,hernandeznathan@example.com,2020-01-29
2093,Mallory,Phillips,Norway,001-815-786-1292x003,millersavannah@example.com,2020-10-26
2094,Cynthia,Tucker,Oman,(951)710-4542,yglover@example.net,2025-05-08
2095,Julie,Schmidt,Bhutan,348-919-6165x5361,lopezrebecca@example.org,2026-01-20
2096,Steve,Malone,Kuwait,001-932-596-3496x58265,gacevedo@example.org,2021-10-23
2097,Monique,York,Micronesia,(578)803-2436,christopherjohns@example.net,2022-09-26
2098,Michael,Ortiz,Albania,001-371-932-3963x11409,brooke64@example.org,2022-06-12
2099,Theodore,Strong,Bangladesh,518.651.1289x54483,thomaskristen@example.com,2023-06-18
2100,Harold,King,Denmark,+1-460-438-1300x0900,cnelson@example.net,2021-05-22
2101,Austin,Jennings,Central African Republic,6173749930,tonyjohnson@example.org,2023-10-31
2102,Victor,Thompson,Cote d'Ivoire,001-456-347-0820x42161,kbryant@example.org,2021-06-12
2103,Emily,Delgado,Liberia,580.637.5693,hendrixkevin@example.net,2025-06-02
2104,Keith,Mccarty,Czech Republic,252-290-1508,clarktraci@example.net,2023-07-12
2105,Sarah,Harrison,Lesotho,(666)720-2168x3423,amanda02@example.org,2023-03-06
2106,Ricky,Garcia,North Macedonia,001-695-466-4349,colleen61@example.com,2024-01-16
2107,Lauren,Perry,Solomon Islands,001-807-349-4799,annettethomas@example.net,2020-07-09
2108,Frank,Johnson,Tajikistan,244-387-8073x629,erikastevens@example.com,2024-08-31
2109,Jamie,Cabrera,Montserrat,001-472-404-2115x7102,natalie42@example.org,2025-01-06
2110,Barbara,Whitaker,Macao,(901)210-0077x8138,stoutamy@example.org,2022-07-08
2111,Nathan,Garcia,Sweden,001-700-926-8620x787,walkerdaniel@example.org,2024-08-25
2112,Joy,Williams,Lithuania,685.921.8588x419,dereksanchez@example.net,2022-09-16
2113,Lindsay,Snyder,Thailand,001-369-977-2232,laurie57@example.net,2020-07-18
2114,Sandy,Smith,Senegal,001-665-412-6113x3144,harperthomas@example.net,2020-12-01
2115,Ronald,Tran,Kiribati,(254)822-4230,mariahwilliams@example.org,2023-05-30
2116,Erik,Villarreal,Montserrat,801-473-9446,nicole27@example.net,2020-03-04
2117,Daniel,Young,Bahamas,001-871-373-1621x6325,vanessa61@example.com,2020-08-05
2118,Charles,Jensen,Argentina,865-710-4727,leonardfletcher@example.com,2025-06-30
2119,Sharon,Wilson,Hungary,880-476-6358,acoleman@example.org,2022-10-19
2120,Michelle,Newman,Anguilla,2016790533,ronald92@example.com,2025-05-03
2121,Christine,Williams,United States of America,(686)797-1037x734,seanwright@example.com,2024-07-15
2122,Christine,Rose,Singapore,001-543-557-4779x558,murraywayne@example.net,2024-05-25
2123,Jason,Mitchell,Tunisia,001-755-300-3531x7193,lucas42@example.net,2024-08-01
2124,Donald,Lewis,Tokelau,(335)739-1675,patrick54@example.com,2020-09-11
2125,Scott,Morgan,Christmas Island,001-734-208-0838x39018,jenkinsnicholas@example.com,2025-05-28
2126,Charles,Anderson,Ecuador,+1-761-760-2334x020,lauragarcia@example.com,2020-07-26
2127,Julie,Sandoval,Aruba,(235)757-0096x3617,courtneylopez@example.com,2021-11-22
2128,Stephen,Taylor,Kiribati,400-837-0806,robert70@example.net,2020-09-06
2129,Mario,Barnes,Lebanon,843.649.1481x660,jacobsweeney@example.net,2023-09-27
2130,Steven,Ward,Heard Island and McDonald Islands,+1-735-814-3676x0227,emmaorr@example.org,2025-03-18
2131,Brooke,Rojas,Bulgaria,(681)593-7765x135,jamie69@example.net,2025-10-20
2132,Mario,Valdez,Ukraine,9099897310,xwells@example.org,2023-12-05
2133,Amy,Mcgee,Botswana,(338)335-1698x56418,elizabeth44@example.net,2022-02-13
2134,Catherine,Sims,Bhutan,(841)387-2919,lee30@example.com,2026-02-02
2135,Robert,Smith,Reunion,(331)984-7098x363,colton29@example.net,2023-06-17
2136,Jeremy,Carlson,Armenia,001-843-282-6536x697,paulamaldonado@example.org,2025-01-30
2137,Haley,Barnett,Sweden,001-480-499-6265x595,eric83@example.org,2024-07-10
2138,Christopher,Weiss,Israel,542-239-5034x415,maldonadotracy@example.org,2020-07-18
2139,Jeremy,Clark,Jamaica,(909)392-3035x320,schaeferjodi@example.com,2022-11-08
2140,Clayton,Bruce,Tokelau,001-671-751-7397x0828,melissakim@example.com,2023-11-01
2141,Ricky,Beasley,Israel,256.989.0352x17599,garciajames@example.com,2024-08-13
2142,Dawn,Martinez,Saint Vincent and the Grenadines,(574)332-4559,ronaldcallahan@example.org,2022-10-01
2143,Sydney,Robinson,United Kingdom,+1-582-429-8388x63153,vgordon@example.net,2025-08-18
2144,Kimberly,Fuller,Bahrain,(631)781-0498x3479,jessicagilbert@example.net,2020-08-23
2145,Sandra,Johnson,Croatia,+1-478-840-0061,paul17@example.net,2025-12-27
2146,Michael,Bentley,Togo,(307)290-5309x8877,brettgonzalez@example.org,2023-06-30
2147,Kerry,Green,Jordan,690.596.6484x42853,kathleenwilson@example.net,2020-12-18
2148,Charles,Garcia,Mali,629-477-6811,stephen70@example.org,2021-02-26
2149,Melinda,Lee,Nigeria,467-272-6472,paullee@example.com,2025-12-15
2150,Jeanne,Wilson,Greenland,626.887.7915,jessicacuevas@example.com,2022-12-12
2151,Joshua,Clayton,Liberia,210.406.7423x74525,angel17@example.net,2024-07-31
2152,James,Salazar,French Polynesia,517-433-3934,hhunter@example.org,2024-07-25
2153,Judith,Garcia,Finland,2763874450,william51@example.net,2025-11-22
2154,Gabriel,Ross,Congo,9824867351,ggreen@example.com,2026-02-10
2155,Victoria,Osborne,Cook Islands,+1-740-617-6248x7339,michael82@example.net,2024-09-15
2156,Aaron,Clark,Qatar,001-427-658-6265x4597,butlerstephanie@example.net,2025-04-10
2157,Chelsey,Williams,Bahrain,519-716-8603x2603,hmoody@example.com,2020-01-23
2158,Kristine,Mcgrath,Afghanistan,+1-748-462-9957x70489,dakota31@example.com,2024-12-10
2159,Veronica,Brooks,Seychelles,501-560-2240x85109,sean68@example.org,2022-09-06
2160,Olivia,Anderson,Nicaragua,001-456-981-2622x95862,mitchellariel@example.net,2023-12-07
2161,Michael,Lane,Palau,762-281-6156x82663,danielsalinas@example.com,2025-10-03
2162,Megan,Shaffer,Sweden,643-989-4741x175,philip88@example.com,2021-06-21
2163,Luis,Harris,Saint Kitts and Nevis,937.534.6702,christophermcdaniel@example.org,2024-08-05
2164,Daniel,Stafford,Sweden,001-573-468-9750x04421,paulsmith@example.com,2020-08-08
2165,Nicole,Sims,Mauritius,(519)227-4181,woodsmichael@example.net,2021-04-04
2166,Edward,Trevino,Nicaragua,+1-328-260-1960,asanchez@example.com,2024-06-27
2167,Jerry,Newton,Spain,617.539.2270,martinkelly@example.org,2023-03-20
2168,Caitlin,Baker,Botswana,603-432-5071x8746,katherine68@example.net,2024-05-31
2169,John,Warren,Isle of Man,+1-385-797-4304,hreese@example.org,2025-02-14
2170,Andrea,Smith,Kazakhstan,001-752-551-9401x6229,cruzjuan@example.org,2022-03-14
2171,Dawn,Meyer,Austria,001-903-430-8371x92436,breed@example.net,2022-03-02
2172,Heather,Wilson,Morocco,+1-799-489-8824x458,huntjamie@example.com,2021-12-25
2173,Nicole,Kirby,Iran,(465)560-1133x145,qburns@example.net,2023-04-03
2174,David,Baldwin,Equatorial Guinea,615-706-7618x69044,annathompson@example.net,2026-01-21
2175,Anne,Young,Belgium,318.955.8673,rsmith@example.org,2026-01-06
2176,Philip,Parks,Jordan,296-706-5883x8048,jknapp@example.net,2020-01-03
2177,Amanda,Mack,Saint Helena,001-649-864-3483,ecallahan@example.org,2023-12-01
2178,Heather,Lee,Palau,+1-417-868-9247x498,chughes@example.com,2020-09-30
2179,Janet,Hurst,Martinique,001-324-857-7796x190,christina69@example.com,2026-01-16
2180,Lauren,Anderson,Vietnam,(557)317-4968x614,dustinhenry@example.com,2024-10-28
2181,John,Kelley,Fiji,761-328-9341x42980,michael73@example.org,2025-06-30
2182,Kristie,Green,Russian Federation,213-633-4660,ojackson@example.org,2022-07-23
2183,Michelle,Casey,Reunion,9154350659,ibarr@example.org,2022-05-05
2184,Rebecca,Hebert,Solomon Islands,270-905-0112x2720,james22@example.org,2023-05-14
2185,Laura,Miles,Bulgaria,+1-377-988-4691x026,julie24@example.net,2022-03-08
2186,Ann,Watkins,Kazakhstan,+1-438-527-7271x4334,dharper@example.com,2025-12-13
2187,Vernon,Hall,Guinea-Bissau,001-512-781-6631x087,bmathis@example.net,2023-07-03
2188,Phillip,Guerrero,Portugal,001-935-717-7530x042,jeremy18@example.net,2024-07-31
2189,Curtis,Farrell,Panama,737-867-1480,shawn08@example.org,2021-01-29
2190,Katherine,Morris,Reunion,(320)246-5061x90295,mcculloughamy@example.org,2020-09-21
2191,Jennifer,Long,New Caledonia,218-315-2361x0778,michelle04@example.com,2025-07-19
2192,Elizabeth,Benson,Vanuatu,(232)341-5786,pricemandy@example.net,2022-10-31
2193,Diana,Wheeler,Ghana,(789)425-9165x05940,cruzrichard@example.net,2023-01-30
2194,Martin,Simpson,United Kingdom,(898)519-2459,morenoalexandra@example.net,2021-10-03
2195,Adam,Richardson,Eritrea,770.797.6424x759,ktorres@example.org,2025-11-04
2196,Christopher,Hernandez,Kiribati,(834)343-9861,gmurphy@example.com,2021-12-21
2197,Jennifer,Sherman,Saint Barthelemy,(857)252-8832,grahamjuan@example.com,2022-02-16
2198,Debra,Jordan,Pakistan,816.849.3802,michael64@example.com,2021-04-22
2199,Angela,Palmer,Niger,+1-877-574-5555,elizabeth92@example.com,2022-05-17
2200,John,Scott,Bahrain,+1-912-620-0029x324,collinsrichard@example.org,2023-02-19
2201,Gary,Powell,Estonia,+1-580-332-7571,mitchell86@example.net,2023-07-26
2202,Karen,Baker,Turkey,599-347-5613,gregory93@example.net,2020-06-23
2203,Raymond,Garrison,Uganda,001-590-687-4842x37979,juanhall@example.net,2026-01-29
2204,Ann,Lewis,Saint Barthelemy,659-871-7109x6386,ithompson@example.net,2025-02-28
2205,Devin,Pittman,Bosnia and Herzegovina,436.257.3574x17905,davidbates@example.org,2020-08-31
2206,Julie,Ross,Hong Kong,6158174565,tsmith@example.com,2020-01-26
2207,Megan,Williams,Ukraine,5178913456,christopherlong@example.net,2021-07-23
2208,Alicia,Rivera,Tanzania,+1-284-460-6033x7216,cgarcia@example.net,2021-06-13
2209,Elizabeth,Diaz,Macao,974-671-3911,martincandace@example.org,2020-05-23
2210,Daniel,Carroll,Greenland,272-223-6161,alyssacarney@example.com,2024-07-09
2211,Cheryl,Mueller,Saudi Arabia,001-330-902-3345x86647,francisco77@example.com,2020-04-28
2212,Billy,Bryant,Mongolia,(488)566-3906x310,richardcook@example.org,2022-11-02
2213,Allison,Lee,Mauritius,(749)980-4989,andrew92@example.org,2025-05-14
2214,Ebony,Ramsey,Mozambique,542.211.2478,elizabeth02@example.com,2021-08-21
2215,Brooke,Hansen,Andorra,642.497.4501x69916,coxmorgan@example.org,2020-04-08
2216,Angela,Burke,Cayman Islands,(403)216-5568,mperry@example.net,2023-05-07
2217,Alexander,Lamb,Cameroon,887-208-1948,kimberlyperez@example.com,2022-02-14
2218,Gregory,Williams,Kazakhstan,597.508.4941x553,scottlisa@example.com,2025-09-28
2219,Alex,Farley,Jordan,001-207-436-3047,jwilliams@example.org,2026-01-16
2220,Jeremy,Rosales,Jamaica,001-816-254-7304x90799,atkinsdaniel@example.net,2021-06-09
2221,Todd,Lewis,Greenland,+1-483-545-9459x27533,lisawright@example.com,2025-04-20
2222,Lindsay,Goodwin,Pitcairn Islands,(965)717-0511,tracy03@example.net,2025-06-04
2223,Andrea,Mcgee,Djibouti,(821)244-4886x228,xbaker@example.org,2021-11-06
2224,Leslie,Rodriguez,Andorra,718.653.3560,davidwright@example.net,2023-12-10
2225,Angel,Patton,Ecuador,915.936.5493,jeffcooley@example.net,2020-11-06
2226,Allison,Colon,Austria,489-249-8866,aschmidt@example.net,2025-07-25
2227,Thomas,Peterson,Falkland Islands (Malvinas),872-454-2491x200,leslie49@example.org,2020-11-08
2228,Sandra,Cowan,Bolivia,(864)381-5126x79512,robert18@example.net,2023-10-17
2229,David,Watkins,Saint Lucia,001-829-436-4061x118,coltongreene@example.net,2021-07-26
2230,Catherine,Gray,Colombia,761-862-8760x89639,baileycindy@example.net,2025-01-02
2231,Maria,Goodwin,Sri Lanka,882-667-2306x28238,diazchad@example.com,2026-01-30
2232,Shannon,Garrett,Armenia,001-393-321-9575x1939,medinapaul@example.net,2020-04-19
2233,Amy,King,Isle of Man,452-474-5505,murillomegan@example.net,2021-09-15
2234,Karen,Stewart,Fiji,001-545-789-3990x614,hheath@example.net,2023-05-27
2235,Samantha,Gill,Malaysia,001-438-555-5708x3024,vmendez@example.net,2025-06-04
2236,Marissa,Davis,Mozambique,+1-473-557-4565x2986,ronaldfloyd@example.com,2022-11-16
2237,James,Garcia,Antigua and Barbuda,856.240.1128x133,smithkristi@example.com,2020-07-24
2238,Sean,Burns,Latvia,565.795.2168x3173,lopezcindy@example.org,2020-05-27
2239,Christopher,Dalton,Brunei Darussalam,216.856.5395,johnsonmonica@example.org,2024-03-06
2240,Gary,Howard,Zimbabwe,3003176481,jenniferconner@example.com,2026-03-05
2241,Wendy,Houston,Lesotho,001-452-884-4149,justin65@example.org,2024-01-19
2242,Stephanie,Howard,Antarctica (the territory South of 60 deg S),001-244-706-1875,amanda01@example.net,2020-04-01
2243,Tammy,Mills,Austria,+1-270-302-1317x195,christopherclark@example.net,2024-09-05
2244,Samantha,Mitchell,Solomon Islands,7025345669,stevenhunter@example.org,2024-03-19
2245,Jason,Young,Cote d'Ivoire,+1-826-995-0995x162,erinmcdonald@example.net,2025-04-11
2246,Lisa,Harrington,Cambodia,(597)514-0026x93371,alexperez@example.org,2022-05-31
2247,Frank,Avery,Somalia,202.687.8046,karenfox@example.net,2022-09-20
2248,Raymond,Robinson,Greenland,371.520.6452x1099,yandrews@example.net,2023-04-17
2249,Lucas,Thompson,Falkland Islands (Malvinas),+1-506-949-6725x46725,arnoldsarah@example.net,2025-08-04
2250,Juan,Roberts,British Virgin Islands,717-784-5030x014,jcoleman@example.org,2026-01-17
2251,Whitney,Ward,Australia,659.781.8960x80810,elizabethcarr@example.org,2024-09-25
2252,Veronica,Murphy,Colombia,+1-246-327-8927,kelly87@example.net,2025-01-01
2253,Marcus,Sanchez,Yemen,+1-881-201-2537x2510,wendyalvarez@example.org,2023-01-04
2254,Karen,Ramos,Cuba,+1-213-946-1680x321,jameskirk@example.com,2024-03-13
2255,Matthew,Pacheco,Haiti,8744895904,zsmith@example.com,2021-05-16
2256,John,Bishop,Antarctica (the territory South of 60 deg S),353-603-5349,jessica39@example.net,2023-08-11
2257,Brian,Jimenez,Mauritania,+1-308-713-9792x0509,ritamoore@example.net,2023-11-26
2258,Theresa,Frazier,Martinique,927.412.7070x02539,jenniferriddle@example.org,2023-05-12
2259,Deborah,Hunter,Comoros,573-290-2079x25513,hallbetty@example.com,2021-06-22
2260,Nathan,Ball,Armenia,+1-465-985-0337x77640,laraelizabeth@example.net,2023-10-06
2261,Amy,Wilson,Eritrea,001-507-705-8831x75162,rsmith@example.net,2026-03-08
2262,Chase,Mcclure,Serbia,+1-244-744-1638x08140,brandon41@example.net,2024-05-05
2263,John,Golden,Chad,547-235-6528,randyford@example.net,2020-12-23
2264,Teresa,Erickson,Burundi,7493214080,millerrandy@example.net,2025-01-08
2265,Allen,Blake,Mozambique,(517)249-3961,carrie35@example.net,2021-02-26
2266,David,Hutchinson,Tunisia,001-456-786-1403x21496,mullinsbeth@example.org,2020-08-21
2267,Jason,Li,Denmark,768-861-4592x69158,veronica29@example.org,2020-08-02
2268,Bryan,Black,Antarctica (the territory South of 60 deg S),660-470-1039x076,hallmisty@example.org,2020-05-23
2269,Frederick,Conley,Niger,344.726.2776,elizabethvalentine@example.org,2023-06-11
2270,Nicholas,Robles,Gabon,749-507-2303x186,vmccullough@example.com,2025-09-10
2271,Joseph,Ramirez,Montserrat,001-375-230-2703x8818,tpatterson@example.com,2020-10-29
2272,Michael,Smith,Korea,710-332-1659x69767,vanessaharris@example.com,2021-07-28
2273,Lauren,Orozco,Liberia,001-555-784-4612x8951,stokessuzanne@example.net,2023-06-17
2274,Roy,Graves,Lithuania,886.759.9420,jonathan96@example.org,2020-12-20
2275,Pamela,Morris,Nicaragua,994.329.0403,allisongardner@example.net,2024-05-01
2276,Christina,Garcia,Tokelau,001-369-499-7905x1602,allenrobert@example.net,2025-07-14
2277,Susan,Hicks,Comoros,909.612.6230,aliciacampbell@example.org,2025-12-06
2278,Jacob,Romero,Micronesia,5392029445,mccormickgary@example.com,2022-01-29
2279,Carrie,Barker,Benin,(471)264-5831,owilliams@example.net,2025-09-14
2280,Kimberly,Gonzalez,Guam,001-358-630-9433,amywebb@example.com,2024-01-19
2281,Shane,Schneider,Qatar,884.815.5484x9413,meganjackson@example.org,2024-04-14
2282,Justin,Johnson,United States Virgin Islands,201-297-3100x2042,jonespaul@example.org,2022-05-28
2283,Cynthia,Newton,Bahamas,+1-735-386-2261x87010,hughesamber@example.net,2022-12-28
2284,Ronnie,Hernandez,Guinea-Bissau,001-609-509-3927x7767,murphyjames@example.com,2024-07-29
2285,Emily,Nguyen,Niue,+1-326-356-8164,rebeccawolfe@example.org,2022-01-30
2286,Allison,Schneider,Equatorial Guinea,853-352-4437x5170,erica37@example.com,2023-11-10
2287,Robert,Rogers,Paraguay,001-460-612-5638x16223,douglas72@example.com,2023-04-05
2288,Jimmy,Bird,Gambia,001-926-535-0323x208,donnalong@example.com,2026-02-14
2289,Mary,Edwards,Tuvalu,277.377.3501x414,ochoagregg@example.com,2024-08-21
2290,Adriana,Carter,Tokelau,(910)391-6175x331,butleranna@example.com,2025-11-21
2291,Amy,Mccoy,Montserrat,671.860.3257x392,ysmith@example.com,2020-12-27
2292,Caitlin,Phillips,Denmark,001-942-621-1943x8470,whitneyflowers@example.net,2024-06-30
2293,Crystal,Shaffer,Oman,001-247-837-5798x06402,linstacey@example.org,2025-08-05
2294,Phillip,Williams,Myanmar,802.465.9919x497,harry68@example.org,2023-04-09
2295,Jeremiah,Evans,Papua New Guinea,001-724-506-1214,hudsontara@example.net,2022-02-28
2296,Michael,Peterson,Burkina Faso,001-504-842-3158x947,dharris@example.org,2021-11-07
2297,Alexandra,Beck,Pitcairn Islands,210.201.7760,james68@example.com,2024-09-24
2298,Jason,Randall,Cocos (Keeling) Islands,001-449-384-2202x2360,yshepard@example.org,2021-04-02
2299,Suzanne,Whitaker,Norway,+1-426-648-6439,greenmartha@example.com,2022-05-14
2300,Janet,Weber,Lesotho,001-255-946-2247x8631,erinfrye@example.com,2020-04-28
2301,Wendy,Page,Seychelles,(828)773-5202x069,arthurjones@example.net,2023-09-27
2302,Vanessa,Dougherty,Macao,001-865-899-6599x9254,elizabethmiller@example.com,2023-07-22
2303,Sean,Bolton,Norway,316-764-0015x2975,debbierosario@example.com,2024-04-28
2304,Jose,Garcia,Holy See (Vatican City State),(438)727-6578x4237,kimberly26@example.org,2024-12-12
2305,Sara,Dominguez,Lithuania,001-831-573-5035x129,robertsfrank@example.com,2020-02-14
2306,Daniel,Walker,Canada,(450)387-7324,john71@example.org,2024-07-14
2307,Brittany,Wright,Falkland Islands (Malvinas),420.621.5477x9978,ekennedy@example.net,2023-11-18
2308,Phillip,Mclaughlin,Congo,001-725-830-4471x787,aaroncraig@example.org,2021-03-13
2309,Elizabeth,Elliott,Saint Helena,(271)242-9246x924,yedwards@example.com,2023-11-30
2310,Allison,Sanchez,Tunisia,664-912-3801,paulbrown@example.org,2025-11-08
2311,Tracy,Shaw,Falkland Islands (Malvinas),(562)383-5543x2252,paynemichelle@example.org,2023-10-13
2312,Miguel,Garcia,Bahrain,318-555-7237x92226,mcollins@example.org,2024-06-28
2313,Nathan,Trujillo,Germany,(769)641-5193x890,stoutmichael@example.org,2023-12-06
2314,Jillian,Johnston,Somalia,366.461.2889,woodskelly@example.com,2024-07-09
2315,Stephanie,Allen,Latvia,001-378-317-3188x450,edward74@example.net,2025-02-07
2316,Ruth,Johnson,Micronesia,499.955.1833x00032,mcox@example.org,2020-01-11
2317,Barry,Williams,Costa Rica,400.809.8438,michaelallen@example.org,2024-05-30
2318,Paul,Lewis,Sudan,515-719-3716x942,rsmith@example.com,2022-04-09
2319,Melissa,Young,Niue,001-562-729-5381x488,william18@example.net,2024-06-16
2320,Marilyn,Benson,Micronesia,245.738.8872x610,christine72@example.net,2020-09-12
2321,Michele,Rocha,British Virgin Islands,+1-945-819-0224x71841,cynthiamoore@example.org,2024-01-25
2322,Matthew,Herrera,Svalbard & Jan Mayen Islands,(686)618-4730,lfernandez@example.org,2020-04-15
2323,Matthew,Hurst,Bosnia and Herzegovina,(940)391-7679,paige20@example.com,2021-05-11
2324,Steven,Watts,Svalbard & Jan Mayen Islands,603.358.9353x6929,wsmith@example.net,2023-12-03
2325,Lauren,Curtis,Bouvet Island (Bouvetoya),(892)755-9543x58379,laurabennett@example.net,2023-11-22
2326,Laura,Norman,Kazakhstan,(654)622-5226,christopherwashington@example.com,2021-12-15
2327,Paula,Robertson,Panama,345.387.5402x87880,katherine00@example.net,2023-03-02
2328,Gail,Davenport,French Southern Territories,(633)553-1053,qlong@example.org,2022-12-12
2329,Thomas,Gonzales,Guatemala,(829)608-3485x459,amanda17@example.org,2022-01-27
2330,Justin,Reid,Guyana,001-950-201-5374x38929,jeremiahcline@example.net,2025-04-13
2331,Frank,Mckinney,Malawi,+1-879-998-3435,roy15@example.com,2022-10-14
2332,Michele,Berg,Swaziland,8346490920,jenkinstheresa@example.com,2023-05-14
2333,Michelle,Matthews,Suriname,(207)639-6944x76842,mgonzales@example.org,2023-02-06
2334,Julia,Oconnor,Armenia,592.415.9731x969,huntershane@example.org,2023-10-14
2335,Kristina,Lee,Dominica,001-419-523-2530,dianehart@example.com,2023-09-06
2336,Cynthia,Jones,Iceland,+1-509-997-0363x558,nsanchez@example.org,2025-09-07
2337,Colleen,Fletcher,Andorra,(352)853-1913x065,sscott@example.com,2024-01-25
2338,Priscilla,Jones,Western Sahara,001-975-593-5858,cchandler@example.net,2022-09-09
2339,William,Watts,Eritrea,732-939-4875,tracy22@example.org,2025-08-29
2340,Nicholas,Rosales,Yemen,001-390-994-0548,cody19@example.org,2023-06-13
2341,Wayne,Clark,French Southern Territories,+1-287-694-6647,jbrown@example.org,2025-11-10
2342,James,Fowler,Cocos (Keeling) Islands,876-332-1192x60754,leslie33@example.org,2025-12-05
2343,Wendy,Kline,Norfolk Island,269-886-9988,smallcharles@example.net,2022-02-15
2344,Amber,Castro,Saint Lucia,001-834-867-1226,pgibson@example.org,2023-06-07
2345,Luis,Mcclain,Cape Verde,943.493.4612,angelabrown@example.org,2022-10-08
2346,Bryan,Washington,Belgium,950-732-0450,uayers@example.org,2021-10-28
2347,Steven,Payne,Senegal,2429035642,andrewrodriguez@example.com,2022-06-03
2348,Nicholas,Ruiz,Ecuador,4812642886,gabriela19@example.com,2022-09-24
2349,Veronica,Collins,Jordan,2224189020,paulbutler@example.net,2021-12-17
2350,Lori,Thomas,Timor-Leste,395-850-6733x44306,annaperkins@example.org,2020-05-28
2351,Stephanie,Stewart,Qatar,001-238-513-5355x3633,estradapatrick@example.org,2023-12-05
2352,Vanessa,Jones,Christmas Island,473.656.1351x542,lochoa@example.com,2022-08-26
2353,Danielle,Mcclain,Belize,8395817364,whitemargaret@example.net,2023-04-08
2354,Crystal,Bradshaw,Gambia,+1-508-434-1592x51316,estradachristine@example.net,2021-03-01
2355,Jason,Schwartz,Qatar,394-609-0595x16106,collinsmichael@example.com,2021-06-29
2356,Julie,Medina,Guam,+1-573-242-7662x659,yfields@example.com,2020-10-21
2357,Samantha,Allen,United States Minor Outlying Islands,3737797458,roger70@example.net,2021-01-08
2358,Jacqueline,Jefferson,Senegal,723.738.5896,jonescody@example.org,2022-07-26
2359,Timothy,Black,United Arab Emirates,(813)844-1756x7622,brandylang@example.net,2024-05-07
2360,Keith,Wilson,Israel,6353871643,gibsonjohn@example.com,2023-06-24
2361,Susan,Cook,Peru,+1-490-989-4735x84194,qdixon@example.org,2023-07-15
2362,Alejandro,Martin,Kyrgyz Republic,410.862.9503x403,matthewsrick@example.org,2020-10-05
2363,Rachel,Clements,Uganda,001-819-928-2068x6533,kmiller@example.net,2021-02-16
2364,Kaitlin,Robinson,Ethiopia,(312)985-1727x679,gordon11@example.com,2021-10-26
2365,Debbie,Jones,Switzerland,296-651-7551x58813,csmith@example.net,2020-07-29
2366,Brett,Edwards,Pitcairn Islands,(449)296-8120,kingthomas@example.net,2025-10-25
2367,Peter,Manning,Svalbard & Jan Mayen Islands,705.839.2098x4113,nicholaswood@example.org,2022-10-04
2368,Lori,Duncan,Guatemala,+1-809-414-8077x72643,bferrell@example.net,2021-06-01
2369,Kevin,Garcia,Saint Barthelemy,691-688-0175x70384,dmills@example.net,2022-07-23
2370,Jill,Mitchell,Finland,775-974-1173x87737,kmoore@example.com,2020-10-29
2371,David,Nguyen,Western Sahara,(294)964-3343x85770,rebecca90@example.net,2023-07-02
2372,Caleb,Vang,Micronesia,001-323-936-5562,richard32@example.com,2022-09-10
2373,Jonathan,Rodriguez,United States Virgin Islands,(452)348-9282x185,jkramer@example.net,2023-12-07
2374,Matthew,Ayala,Sweden,706.490.3856x2657,miguelfowler@example.net,2023-02-22
2375,John,Thomas,Seychelles,402.539.7962,steven47@example.net,2025-03-26
2376,Katherine,Hood,Somalia,(276)933-4834,kathleenluna@example.org,2024-07-29
2377,Michael,Sullivan,Suriname,451.846.1105x0992,william97@example.org,2021-10-21
2378,Brandy,Mason,Sierra Leone,811.590.3680x8231,irwindiane@example.net,2020-08-30
2379,Patrick,Gonzalez,Denmark,455.723.9243,brandon82@example.org,2021-04-30
2380,Dan,Miller,Reunion,+1-566-883-0144x3753,cruzchristopher@example.org,2025-01-25
2381,Matthew,Kennedy,Uruguay,636-594-0838x0285,fullerthomas@example.net,2025-09-01
2382,Neil,Richards,Israel,352.755.7748,rachelrich@example.net,2021-09-05
2383,Alexis,Cohen,Sweden,+1-236-479-8338x390,brandontaylor@example.net,2023-08-01
2384,Thomas,Phillips,Hong Kong,+1-610-733-5027x864,thompsoncarolyn@example.net,2024-05-02
2385,Donald,Gonzalez,Angola,(324)957-0593,nicoleharris@example.org,2022-12-13
2386,Sarah,Tran,Moldova,001-795-265-8901x73854,dawnjackson@example.net,2022-05-01
2387,Cindy,Hart,Italy,001-800-768-7692x943,asims@example.org,2020-09-26
2388,Scott,Gray,Latvia,(220)451-8077x8586,robertmcclure@example.com,2022-09-01
2389,Arthur,Smith,Sierra Leone,(429)561-2128,vincentbradley@example.org,2023-01-15
2390,Ariel,Lindsey,Saint Barthelemy,895-571-1347x58055,tlopez@example.net,2024-01-16
2391,Joe,Rose,Palau,+1-574-478-4953x98224,stephen31@example.net,2021-10-16
2392,Curtis,Navarro,Gibraltar,+1-440-730-2840,shawn47@example.net,2021-06-24
2393,Margaret,Kim,Micronesia,884-851-1715x85716,ijohnson@example.net,2025-05-24
2394,Barbara,Weaver,Marshall Islands,406-512-1312,jillwhitaker@example.org,2021-06-03
2395,Scott,Rodriguez,Bolivia,001-539-456-7707x614,uvaughan@example.org,2025-07-22
2396,Kelly,Chambers,Bolivia,639.762.5725x0112,rcortez@example.com,2020-10-21
2397,David,Johnson,French Polynesia,(587)859-2387,zachary39@example.org,2023-10-17
2398,Clayton,Sullivan,Tonga,249-842-0566x605,stephanie35@example.net,2021-04-05
2399,Jonathon,Nichols,Brazil,001-972-374-5192x822,brucelopez@example.org,2025-02-02
2400,Samuel,Berry,Reunion,218.373.5128,otate@example.net,2020-11-14
2401,Caleb,Jones,Greece,001-983-337-0544x16386,trevorrowe@example.org,2022-11-23
2402,Alan,Howard,Australia,+1-820-671-2082x92783,kcarpenter@example.net,2024-03-30
2403,Erik,Miller,Jamaica,001-909-335-6714x1711,jeannerodriguez@example.com,2025-11-23
2404,Christine,Johnson,Eritrea,001-590-346-9458,randylee@example.net,2021-11-30
2405,Kevin,Ferguson,Peru,678-372-7802,kathleen32@example.com,2024-09-27
2406,Ruben,Weiss,Seychelles,(739)963-3523x6409,jimenezcourtney@example.org,2020-03-27
2407,Tanya,Brock,Saint Barthelemy,001-452-794-8486,robertskyle@example.org,2024-11-19
2408,Dale,Hill,Hong Kong,(829)898-1881,orobinson@example.org,2020-10-30
2409,William,Foster,Congo,6875421225,gregory96@example.com,2024-02-21
2410,James,Barton,Jamaica,(530)513-7327x03523,ogilmore@example.org,2024-10-03
2411,Angela,Mendez,Suriname,001-568-838-4723x944,gibsondiane@example.com,2023-10-04
2412,Helen,Griffith,Guernsey,(721)823-5757x49328,morganpatrick@example.com,2022-06-21
2413,Richard,Carey,Dominica,+1-485-405-3233,michael44@example.org,2025-06-21
2414,Tammy,Fowler,Netherlands,(896)558-7184x592,karenwilson@example.org,2025-11-03
2415,Becky,Hogan,Togo,+1-578-614-7891x68776,orichards@example.com,2024-11-03
2416,Cory,Duncan,Netherlands,001-996-269-2889x335,tracey43@example.net,2025-07-15
2417,Kevin,Collins,Korea,2164022279,iwyatt@example.com,2023-10-12
2418,Dustin,Morrison,Svalbard & Jan Mayen Islands,570-454-1216x36070,hedwards@example.net,2020-08-02
2419,Lisa,Griffin,Senegal,(724)912-5010,idavis@example.com,2020-12-08
2420,Richard,White,United States Minor Outlying Islands,677-277-9474,othomas@example.com,2024-11-09
2421,Donna,Evans,Egypt,7582246882,orozcodavid@example.org,2026-03-03
2422,Brian,Bailey,Tokelau,+1-401-374-9372,luiswilliams@example.net,2025-04-08
2423,Stacy,Munoz,Ethiopia,(965)595-3333,ryanwilson@example.org,2021-10-25
2424,Alexander,Delacruz,Timor-Leste,+1-505-978-8993x266,dwhite@example.org,2020-11-21
2425,Joseph,Johnson,Iceland,629.923.6731x0953,bethanyflowers@example.net,2025-12-22
2426,Cody,Sharp,New Zealand,377-965-7553,gilberttyler@example.net,2026-01-15
2427,Krista,Howard,Armenia,5353519031,jonesjoseph@example.net,2022-04-01
2428,David,Young,Bolivia,001-313-282-8333x43018,christensenjay@example.com,2021-05-05
2429,Michael,Matthews,Portugal,(960)682-8429x180,jeffrey40@example.net,2023-08-24
2430,Kyle,Cook,Mayotte,+1-802-585-8087,megan19@example.net,2026-01-18
2431,Robert,Santos,Zimbabwe,001-461-970-5447x56979,tharris@example.net,2021-12-31
2432,Derek,Ayala,Austria,815-337-3292,williamcrawford@example.net,2022-05-19
2433,Robert,Garcia,China,425.732.3898x2275,cindy30@example.com,2022-08-31
2434,Sean,Hunter,Palestinian Territory,+1-595-581-9302,randy87@example.com,2020-11-20
2435,Jennifer,Thompson,Maldives,+1-983-453-3774x08150,pruittmark@example.com,2025-07-19
2436,Henry,Lynch,Comoros,509.968.7267x7667,egarcia@example.com,2020-11-10
2437,Valerie,Stewart,Palestinian Territory,207.455.7642x85890,douglas98@example.net,2024-12-14
2438,Brandon,Day,Netherlands,+1-535-728-4523x8657,jacob98@example.com,2021-01-21
2439,Adrian,Jones,Myanmar,928.489.8062,bpeterson@example.com,2021-10-08
2440,David,Cortez,Trinidad and Tobago,(812)807-9440,jennifer22@example.org,2022-03-16
2441,Tanya,Robertson,Austria,966.435.2678,xruiz@example.org,2023-03-27
2442,Crystal,Gonzalez,Slovenia,(987)380-8982x69293,darlene36@example.org,2022-06-12
2443,Jonathan,Guzman,Palau,521-719-9622,xalexander@example.net,2022-07-06
2444,Anthony,Shah,Belize,(646)231-7059x515,abigail14@example.com,2021-09-27
2445,Sarah,Roberts,Saudi Arabia,(270)401-4167,smithkenneth@example.org,2025-03-24
2446,Andrew,Sanford,Cote d'Ivoire,519.475.5318,brianfrank@example.net,2025-12-11
2447,Margaret,Blevins,Nauru,596-400-4033,schwartzpaul@example.net,2021-08-16
2448,James,Hernandez,San Marino,(584)525-1682,stevenjohnson@example.org,2021-09-13
2449,Caleb,Thompson,Malawi,(707)422-8532x9181,morganrivera@example.org,2024-03-04
2450,Brittany,Chambers,Anguilla,596.375.4756,ryangonzalez@example.net,2022-01-13
2451,Madison,House,Philippines,474-968-1496x8295,dwheeler@example.org,2021-09-10
2452,David,Young,Cayman Islands,500-544-9353x7017,jasoncline@example.org,2021-11-30
2453,Cody,King,Slovakia (Slovak Republic),(635)990-3709x00990,gary98@example.net,2023-05-23
2454,Brandy,Evans,Argentina,001-897-743-3117,jennifer81@example.com,2022-11-17
2455,Derrick,Jacobson,Benin,+1-800-444-4151x31056,linda03@example.com,2020-01-21
2456,Carlos,Rivera,Sweden,(812)462-6192x4303,xthompson@example.com,2025-01-18
2457,Darren,Newman,Iraq,(413)831-3739x032,sally28@example.org,2020-05-08
2458,Bradley,Rojas,Indonesia,001-953-877-5797x9028,katie26@example.net,2024-02-08
2459,Aaron,Mcdowell,Argentina,823-991-9315x394,pharris@example.com,2025-06-17
2460,Jennifer,York,Macao,(452)978-1576x649,kariharding@example.org,2026-03-07
2461,Austin,Smith,Nicaragua,+1-200-355-4508x5282,smithderek@example.com,2021-06-22
2462,Barbara,Horn,Suriname,001-598-319-5349x7882,orogers@example.org,2020-08-18
2463,Michael,Smith,Reunion,(669)914-0898x71945,davidsmith@example.org,2020-10-08
2464,Charlotte,Carrillo,Italy,+1-735-891-0079x690,marc42@example.com,2022-04-13
2465,Timothy,Rich,Bermuda,+1-364-614-1738,jonathanperez@example.net,2020-10-23
2466,Jacob,Dorsey,Guam,001-517-464-5866x339,nancy18@example.org,2022-10-12
2467,Robert,Lucas,Czech Republic,(602)993-6740,david70@example.com,2021-09-16
2468,Catherine,Ford,Guinea-Bissau,275.385.1312x85815,carla03@example.com,2023-11-27
2469,Sheri,Costa,Malawi,3403712348,jamesarnold@example.com,2024-03-26
2470,John,Reyes,France,+1-383-312-6918,rpearson@example.net,2025-02-06
2471,Sherry,Mason,Cyprus,9026035665,strongmanuel@example.net,2023-04-01
2472,Kimberly,Morgan,New Zealand,7104621784,kelsey36@example.net,2025-03-03
2473,Caroline,Hernandez,Grenada,+1-480-729-4233,amy55@example.net,2020-03-18
2474,Stephen,Anderson,Korea,+1-884-911-0368x6385,shelbyhardy@example.org,2025-12-15
2475,Katherine,Hodge,Saint Helena,440-958-4371x133,ydaniels@example.net,2023-02-19
2476,Steven,Aguilar,Timor-Leste,(761)625-9374x331,blairmelissa@example.org,2021-03-21
2477,Robert,Nelson,Tunisia,9209333043,lisaspencer@example.org,2020-01-19
2478,Jennifer,Owens,Nigeria,938-560-7249x94777,gspence@example.org,2026-01-04
2479,William,Mckee,France,001-638-701-0177,pamela57@example.net,2021-03-04
2480,Danielle,Henry,Israel,851.253.2740x2984,curtis37@example.net,2020-01-08
2481,Jason,Reed,China,+1-767-603-1043x078,ashleyzamora@example.net,2022-06-25
2482,Wendy,White,Lao People's Democratic Republic,9345437865,edwardsjames@example.com,2023-03-04
2483,Lori,Davis,Anguilla,5526757046,jonathancampbell@example.com,2025-11-03
2484,Lauren,Guzman,Rwanda,730.629.8694x326,tlarson@example.com,2022-03-11
2485,Jane,Frazier,United Kingdom,+1-431-914-6772x807,stacy99@example.org,2025-12-03
2486,Brenda,Lewis,Greenland,452-877-8316x590,joshua81@example.net,2025-12-26
2487,Zachary,Briggs,Slovakia (Slovak Republic),920-256-5945,bmiller@example.net,2020-05-10
2488,William,Reed,Benin,290.754.6254x175,jessica77@example.net,2022-06-19
2489,Samuel,Ponce,Timor-Leste,+1-204-591-2726x751,brandonrose@example.net,2023-01-11
2490,Michael,Austin,Nigeria,(498)857-6364,yrodriguez@example.net,2023-06-02
2491,Michelle,Gutierrez,Tuvalu,938.414.4468x91986,catherinedickerson@example.net,2020-03-09
2492,Ashley,Snyder,Saint Kitts and Nevis,4169637077,davisdawn@example.org,2023-09-02
2493,Anna,Cortez,Mexico,(491)771-4738x67645,cjones@example.org,2023-07-01
2494,Eric,Johnson,France,716-782-0233x27773,michelle59@example.org,2025-08-07
2495,Kyle,Rios,American Samoa,924.910.0853x3735,brennanrhonda@example.net,2023-11-19
2496,Richard,Martin,Mali,(811)961-1854x07776,theodorewilliams@example.net,2025-08-26
2497,Kimberly,Atkinson,Solomon Islands,001-582-995-3515x38652,kristi79@example.org,2020-08-05
2498,Riley,Strickland,Senegal,+1-721-701-9676x582,cfriedman@example.net,2022-11-13
2499,Rachel,Davis,Nigeria,615.296.3637x664,jmccarthy@example.com,2023-02-18
2500,Tina,Molina,Taiwan,277-282-3559,wscott@example.org,2021-11-12
2501,Brittany,Bass,Saudi Arabia,001-237-217-1066,gregory99@example.com,2026-01-30
2502,Antonio,West,Gibraltar,001-465-967-5622x8769,underwooddaniel@example.com,2025-10-18
2503,Michael,Nelson,Cyprus,001-800-230-9158,mariamcmillan@example.net,2023-02-03
2504,Jesse,Lyons,Cote d'Ivoire,899-273-4435,fhubbard@example.net,2022-08-20
2505,Scott,Ayala,San Marino,(567)637-3412x71027,juananderson@example.net,2023-10-16
2506,Barbara,Webster,Latvia,557-468-4666,mcintoshthomas@example.com,2020-08-31
2507,Mary,Phillips,Monaco,(352)564-0665x271,garyfigueroa@example.net,2021-01-24
2508,Amanda,Spencer,Italy,(605)526-2877,lcoleman@example.org,2023-04-24
2509,Jessica,Jones,Christmas Island,812.998.5939x3677,elizabethsmith@example.net,2020-12-02
2510,Heidi,Hood,Syrian Arab Republic,708.642.7370x17474,johnny81@example.org,2024-03-20
2511,Kurt,Finley,Sierra Leone,3522955003,gfisher@example.org,2020-10-18
2512,Gregory,Ward,Marshall Islands,001-537-291-6394,shannon96@example.org,2022-05-07
2513,Kimberly,Cannon,Oman,(538)847-3009,amandamontgomery@example.org,2025-05-18
2514,Alicia,Young,Northern Mariana Islands,827.475.3941,chelseyjones@example.org,2022-03-03
2515,Paul,Green,Mauritania,+1-543-239-5486x156,duraneddie@example.org,2024-09-19
2516,Zachary,Berg,Colombia,861.927.2469x019,wongjennifer@example.org,2025-05-04
2517,Donna,Anderson,Australia,711.568.7494x7414,daleturner@example.org,2023-08-01
2518,Anthony,Garcia,India,790.916.7761,collinscarlos@example.org,2022-07-06
2519,Mary,Burgess,Liberia,(322)811-7768x768,buckleypatricia@example.org,2026-01-27
2520,Angela,Rivera,Trinidad and Tobago,530-908-6005,shawnrangel@example.org,2023-06-30
2521,Laura,Mckenzie,Azerbaijan,(218)805-7050x258,gpearson@example.net,2020-01-16
2522,Julia,Miles,Afghanistan,591-750-3057x0600,hectorortiz@example.org,2022-11-20
2523,Jacqueline,Rose,Benin,(989)371-4744,amanda55@example.org,2025-12-06
2524,Brenda,Green,Cote d'Ivoire,+1-401-247-7587,taylormallory@example.com,2023-07-12
2525,Cameron,Orozco,Saint Lucia,+1-583-960-2344x30784,copelandtanner@example.org,2020-07-30
2526,Lori,Patterson,Finland,001-410-265-8999,jean61@example.net,2022-03-21
2527,Shelley,Gallagher,Yemen,325-381-1360,michaeljohnston@example.net,2025-02-24
2528,Tony,Diaz,Cote d'Ivoire,5012726451,smartin@example.net,2022-03-02
2529,Thomas,Velez,Saint Helena,001-555-718-1432,kevinbishop@example.net,2020-04-01
2530,Joel,Berger,Moldova,9776017710,slloyd@example.org,2023-12-10
2531,Cheryl,Wright,Chile,657-786-1318,mmorris@example.org,2021-11-01
2532,Dustin,Lucas,Pitcairn Islands,884-265-6754x1198,kevinrussell@example.net,2025-06-03
2533,Lisa,Walker,Malawi,(486)202-5018,elizabethbaird@example.net,2024-11-15
2534,Whitney,Jones,Philippines,493.401.7175,melissawallace@example.org,2025-08-31
2535,Tammy,Raymond,Pakistan,(390)532-0925x94865,wigginspatricia@example.net,2020-07-02
2536,David,Moore,Andorra,774.566.3217x15955,abigail02@example.com,2026-02-12
2537,Kenneth,Morrison,Martinique,3906005882,edwardmcdonald@example.com,2022-05-30
2538,Alfred,Clark,Slovenia,001-534-517-4481x5704,sgarcia@example.org,2023-10-09
2539,Douglas,Combs,Turkey,822.573.2180x005,xoneal@example.org,2024-01-07
2540,Kim,Parks,India,9739208017,erinsmith@example.net,2020-03-10
2541,Steven,Price,Ukraine,4465023422,ashley45@example.org,2022-01-27
2542,Craig,Torres,Somalia,001-482-414-1133x81954,travishenderson@example.org,2023-06-16
2543,Kathryn,Evans,Costa Rica,883.768.3891x5659,glennkristin@example.com,2022-09-30
2544,Spencer,Stein,Venezuela,440-615-2388,stacy75@example.net,2025-03-28
2545,Benjamin,White,Senegal,+1-539-457-7961x0365,ogallagher@example.org,2025-03-21
2546,Brittany,Curry,United Arab Emirates,001-284-551-0672x936,bonniedoyle@example.org,2024-05-24
2547,Kiara,Boone,Mongolia,(872)282-0892x6892,mckenziejonathan@example.net,2021-09-08
2548,Natasha,Phelps,Georgia,(299)873-0572x522,eclark@example.com,2021-05-30
2549,Justin,Pruitt,Suriname,(277)804-9832,patrickjustin@example.net,2024-04-29
2550,Stacey,Salazar,Central African Republic,(704)466-7930,wschaefer@example.net,2026-01-26
2551,Sandra,Thomas,Croatia,3578456995,ramosjesse@example.net,2022-03-26
2552,Ronald,Sims,Mauritius,638-212-0784,pearsonerin@example.com,2021-08-25
2553,Kylie,Henderson,Rwanda,+1-325-628-2892x9780,pamela87@example.org,2023-10-27
2554,Charles,Kim,Zimbabwe,545.556.0777x935,patrick46@example.com,2024-08-22
2555,Julie,Leon,Tonga,233-399-9963x863,kevinlam@example.org,2020-11-11
2556,Brian,Thomas,Philippines,+1-378-603-3431x1912,fischerkathryn@example.com,2020-06-24
2557,Robert,Mccall,Estonia,449-955-8562,samuel95@example.net,2023-08-17
2558,Andrea,Joyce,Honduras,221.679.8266x874,jeffrichardson@example.org,2025-06-06
2559,Kevin,Cook,Liberia,001-464-604-0185x2579,lambertmargaret@example.org,2023-03-24
2560,Timothy,Park,Philippines,608-860-1191x189,phylliscannon@example.net,2025-05-18
2561,Samantha,Grant,Uruguay,001-391-882-1722x8930,amanda07@example.org,2023-01-21
2562,Rachel,Wilson,Vietnam,001-614-705-5880x303,schaefercory@example.org,2021-09-05
2563,Laura,Howell,Mayotte,394-390-8972,jared01@example.org,2021-04-02
2564,Linda,Davila,Ghana,931-573-4712,hkelly@example.com,2025-06-09
2565,Roy,Rollins,Yemen,(739)216-7722x4741,stephaniewatson@example.org,2021-08-04
2566,Thomas,Wright,Nigeria,001-881-965-9526,tlong@example.com,2021-01-20
2567,Andrew,Weaver,Romania,7517501834,vrobinson@example.org,2023-08-16
2568,Kevin,Boyd,South Africa,340.781.5093x371,bwallace@example.org,2025-12-02
2569,Brett,Lara,Tunisia,6222366924,hfisher@example.org,2025-01-03
2570,Robert,Jones,Syrian Arab Republic,2018690520,smithkevin@example.net,2020-01-29
2571,Paul,Bailey,Brunei Darussalam,731-391-9816,jbell@example.org,2023-01-21
2572,Ashley,Dillon,Micronesia,722.680.9665,byrddawn@example.net,2025-10-29
2573,Lawrence,Fuentes,Saint Lucia,619-248-3253x8010,qvelazquez@example.org,2025-08-13
2574,Derek,Mcgee,Nicaragua,(499)633-5172x251,xreyes@example.org,2021-02-08
2575,Andrew,Cowan,Tanzania,(527)246-7428,emiller@example.net,2024-11-16
2576,Michele,Mccarty,Uzbekistan,224-825-0728,ocase@example.org,2020-04-27
2577,Jennifer,Berg,France,8043346416,larry03@example.com,2023-07-13
2578,Kathleen,Carroll,Estonia,614.472.3707x85625,dawnmartin@example.com,2023-12-21
2579,Tammy,Hernandez,Andorra,283.591.4666x7578,juliegriffin@example.org,2022-03-17
2580,Clifford,Lopez,Vanuatu,001-786-939-3536x2235,ashleylarson@example.com,2025-05-29
2581,Shelly,Calderon,Panama,923.673.2015,sweeneyjodi@example.org,2021-05-19
2582,Charles,Cantrell,Mauritania,6064517191,ygriffin@example.com,2022-03-04
2583,William,Davis,Greenland,913-984-1719x0747,patrickmartinez@example.org,2024-02-15
2584,Mary,Schroeder,Russian Federation,934-459-9590x1528,vbowman@example.net,2024-11-29
2585,Shelia,Tucker,Equatorial Guinea,896.859.8530x69310,pattersonmelissa@example.net,2020-04-06
2586,Samuel,Foster,Namibia,216.235.3305,henry59@example.net,2020-12-21
2587,Katherine,White,Saint Lucia,(480)904-9311,thomas35@example.com,2021-05-18
2588,Carolyn,Price,Albania,001-437-269-1145x294,martinezjulie@example.com,2023-05-05
2589,Christine,Nguyen,Jersey,001-654-303-7349x137,belindahenry@example.com,2025-04-09
2590,Kelly,Campbell,Burkina Faso,(830)350-7897x210,sarah38@example.net,2020-11-01
2591,Kendra,Mcguire,Jamaica,529-884-5601,johnnyrodriguez@example.org,2024-07-22
2592,Alyssa,Riley,Namibia,865-489-5397x6568,annette89@example.org,2025-04-21
2593,Raymond,West,Belgium,+1-691-329-5238x996,amanda35@example.net,2023-12-06
2594,Jennifer,Lopez,Northern Mariana Islands,421.989.2231,kylie66@example.org,2022-06-27
2595,Wanda,Dunn,Greece,356.265.3086x01974,fischertammy@example.net,2025-12-09
2596,Mary,Obrien,Isle of Man,344-573-2209,spencerjennifer@example.com,2022-07-20
2597,Shawn,Stewart,Tonga,925-419-7718x95473,jeffreyespinoza@example.com,2020-01-14
2598,Patricia,Cervantes,Reunion,978.898.1319,ibrandt@example.org,2023-02-17
2599,Sara,Yoder,Philippines,384-373-8607x850,rmcconnell@example.com,2022-04-27
2600,Douglas,Thomas,Bosnia and Herzegovina,389.345.1851,ashley17@example.com,2023-07-04
2601,Timothy,Gutierrez,Lebanon,936.565.6269x264,shannonrobert@example.org,2026-02-06
2602,Kristin,Little,Belize,+1-352-248-7424x58930,teresagomez@example.net,2021-06-27
2603,Edward,Brewer,Bulgaria,974-424-1718x205,vgibson@example.org,2023-04-30
2604,Robert,Reyes,Cook Islands,609-628-7206,hartjaclyn@example.com,2021-10-20
2605,Samuel,Harding,Bahrain,001-365-397-6717x00720,donna67@example.com,2024-07-04
2606,Patrick,Shelton,Mauritius,562.738.7303x3895,shelleyhill@example.com,2020-05-28
2607,Timothy,Landry,Costa Rica,001-432-681-7460x96853,jacksonpaul@example.net,2023-08-12
2608,Billy,Lee,Gibraltar,384-876-9492x6357,tara49@example.net,2024-06-27
2609,Katrina,Nguyen,Timor-Leste,001-283-402-0871x32270,ashley47@example.org,2023-07-02
2610,Tracy,Miller,Iraq,001-325-404-3933x4966,thompsonmelinda@example.net,2021-10-02
2611,Brian,Li,Sao Tome and Principe,(605)835-5299,anthonybowen@example.org,2020-12-30
2612,Maria,Lewis,Cayman Islands,7632964076,maryhartman@example.com,2023-05-31
2613,Chad,Wagner,Indonesia,769.346.2702x5181,richardsanchez@example.com,2025-01-21
2614,Richard,Campbell,Pakistan,(905)295-4642x94256,gibsonerin@example.org,2024-05-08
2615,John,Owens,Zimbabwe,(573)764-7119x440,jswanson@example.net,2020-12-10
2616,Steven,Gilmore,New Caledonia,001-445-574-0600,sharontrujillo@example.com,2025-11-12
2617,Howard,Caldwell,Estonia,(210)441-7084,travis95@example.com,2023-07-01
2618,Pamela,Garcia,Uzbekistan,(218)532-3141,hbell@example.net,2025-01-08
2619,Hayden,Guerra,Lesotho,4387549130,bpatterson@example.org,2025-06-01
2620,Samuel,Miller,Tuvalu,+1-905-904-1483x1389,rodneymiller@example.net,2024-12-13
2621,Victoria,Donaldson,Cote d'Ivoire,7239014457,samuelcurtis@example.org,2025-06-07
2622,Kathryn,Williams,United States Virgin Islands,290.768.7281,petermalone@example.net,2020-07-17
2623,Tonya,Andrews,Angola,001-813-893-6589x348,jamie26@example.org,2020-03-30
2624,Michelle,Hodges,Belgium,529.372.4364,aaron67@example.com,2020-02-28
2625,Erin,Jones,Slovakia (Slovak Republic),262-774-9655,paulasmith@example.org,2022-08-01
2626,Elizabeth,Rodriguez,Jordan,(395)830-2459,fbrown@example.com,2023-05-05
2627,Caleb,Willis,Cyprus,+1-946-651-3479,stephenclark@example.org,2024-01-19
2628,Sydney,Greene,Luxembourg,001-441-491-2901x8534,nancyjones@example.net,2024-10-31
2629,Melody,White,Argentina,459.354.8754x08426,kimnicholas@example.net,2020-02-19
2630,Victoria,Costa,Afghanistan,001-229-522-4707x867,jerry24@example.com,2025-04-14
2631,Kathryn,Williams,Bhutan,+1-510-320-1058x432,joshua23@example.net,2022-04-29
2632,Stephanie,Manning,Cyprus,(528)911-9529,jeremiah38@example.org,2024-12-29
2633,Jennifer,Rangel,Rwanda,+1-403-652-6105x15986,willisjody@example.org,2024-09-27
2634,Kimberly,Navarro,Azerbaijan,644.604.3246,michaelwalker@example.com,2023-02-24
2635,Allen,Williams,Azerbaijan,001-299-249-2641x23583,joann12@example.net,2026-02-16
2636,Pamela,Cross,Venezuela,+1-956-738-1796,nataliefoster@example.net,2025-04-25
2637,Natalie,Caldwell,Korea,581.728.7421x41281,brenthoward@example.com,2021-11-23
2638,Lisa,Cervantes,Congo,(232)580-5484x261,tonyshaw@example.net,2021-03-12
2639,Robert,Sawyer,Kenya,261.243.9126x6754,amanda00@example.net,2022-02-16
2640,Jennifer,Bauer,Kuwait,+1-520-599-3193x2696,jamiemartinez@example.com,2022-03-14
2641,Reginald,Spence,United States Virgin Islands,001-598-464-4754x600,creyes@example.org,2023-09-03
2642,Jeffrey,Griffin,Congo,+1-200-812-0588x8447,ryan26@example.net,2023-11-30
2643,Ronald,Ramirez,China,998-914-0166,stevensjoseph@example.com,2023-03-02
2644,Angela,Sanchez,Nigeria,001-274-589-2297x790,juliephillips@example.net,2023-06-21
2645,Shannon,Garcia,Papua New Guinea,762.224.3065x652,osbornsamantha@example.net,2025-07-23
2646,Krystal,Wagner,Nicaragua,001-731-971-5071x75626,robertmullins@example.net,2024-07-16
2647,William,Taylor,El Salvador,(450)733-8756x08628,william82@example.net,2025-04-14
2648,Jeff,Higgins,Venezuela,(375)708-2648x952,deleonheather@example.org,2024-12-07
2649,David,Morris,Ukraine,732.857.3119x962,joanna38@example.net,2023-07-04
2650,Jeffrey,Patterson,Zambia,001-882-487-4760x2976,zacharyrodgers@example.net,2023-01-23
2651,Richard,Jones,New Caledonia,391-792-5252,louiscarlson@example.com,2020-12-01
2652,Jacob,Horton,Sri Lanka,001-912-397-2071x52266,fbenitez@example.net,2024-09-19
2653,Angela,Glass,Costa Rica,711-741-2310,ashleycasey@example.org,2021-05-18
2654,April,Martin,Vanuatu,927.357.4721,rebeccajones@example.net,2025-10-08
2655,Monique,Soto,Peru,+1-992-357-5174x174,rickmorris@example.com,2020-02-07
2656,Russell,Smith,Monaco,(471)903-8783x366,ernest37@example.com,2024-03-25
2657,Ashley,York,Tajikistan,(989)932-8804x48477,ysanders@example.net,2025-02-26
2658,Ryan,Juarez,Korea,710-333-7558x795,grace46@example.org,2022-01-25
2659,Robert,Mcdonald,Spain,001-784-634-3390x63859,castillonicole@example.com,2023-12-16
2660,Alexandra,Turner,Seychelles,(693)540-4507,amythomas@example.net,2021-12-29
2661,Samuel,Ramirez,Falkland Islands (Malvinas),+1-955-896-6254x0492,kyliebrown@example.com,2023-01-18
2662,Colleen,Simmons,Palestinian Territory,746.653.6636,cannonjacob@example.net,2021-04-26
2663,Jenny,Mack,Armenia,801.925.7902x092,jessicachristian@example.org,2024-04-10
2664,Brenda,Fields,Belgium,(769)427-3546x10753,kkelley@example.com,2022-05-10
2665,Linda,Clark,Malaysia,460.694.7259,jake05@example.org,2020-02-02
2666,Jerry,Duarte,Trinidad and Tobago,839-858-7605,mooreemily@example.com,2023-03-03
2667,Jacqueline,Wilson,Montenegro,945-663-9617x27126,fflores@example.com,2024-02-08
2668,Isaac,Walker,Bosnia and Herzegovina,616-376-8926,kmartin@example.com,2025-06-24
2669,Scott,Marshall,Montenegro,708.683.4666x032,jamescooper@example.net,2020-09-26
2670,Joshua,Gonzalez,Isle of Man,001-349-278-3958,hillbrian@example.net,2023-06-03
2671,John,Young,Palau,877.319.6818,nbenson@example.net,2023-08-06
2672,Benjamin,Ballard,Grenada,627.563.8650,ravenvasquez@example.net,2025-11-23
2673,Darrell,Martinez,Cape Verde,+1-374-302-0034x44925,tranbrendan@example.org,2023-01-20
2674,John,Patel,Djibouti,970.330.8240x301,ygonzalez@example.org,2021-04-19
2675,Laura,Bautista,Falkland Islands (Malvinas),+1-314-992-4032x63416,carolynrubio@example.net,2024-01-12
2676,David,Miller,Somalia,(392)573-5922,vdavis@example.org,2021-10-10
2677,Patricia,Robinson,Sierra Leone,261.372.8387,nicole52@example.org,2021-06-22
2678,Leslie,Nguyen,Mauritius,611-515-1015,kimberlymccann@example.com,2022-07-15
2679,Terri,Smith,Maldives,(918)739-9214x889,rfreeman@example.org,2024-02-10
2680,Robert,Ortiz,Mali,921-563-8182,dwright@example.org,2025-11-30
2681,Lisa,Morrow,Belize,885-716-7648x344,carloshancock@example.com,2021-10-13
2682,Richard,Maxwell,Cameroon,(348)212-0021x105,porterjennifer@example.com,2020-11-10
2683,Jacob,Mason,Mauritius,(888)845-0056x5059,dawnwright@example.org,2021-09-09
2684,Thomas,Williams,Faroe Islands,678.988.2513,qmoore@example.org,2023-12-31
2685,Theresa,Serrano,Guernsey,917.724.5945x188,harrisonjose@example.org,2020-06-08
2686,Hayley,Barton,Burkina Faso,+1-285-789-2071x6132,thomasdustin@example.org,2021-05-14
2687,Randall,Brown,Dominica,(200)440-0898,jessicamarquez@example.com,2020-01-17
2688,Brandon,Cole,Qatar,834-591-8436,courtney92@example.net,2023-07-23
2689,Bryan,Bennett,Zambia,(447)500-2863,karen67@example.net,2021-09-13
2690,Michael,Curry,Sao Tome and Principe,322-292-4770,raymondjackson@example.org,2020-06-30
2691,William,Cox,Cape Verde,302.300.7660,qsmith@example.org,2021-01-20
2692,Claudia,Jennings,Kiribati,001-244-243-7752x2349,mdaugherty@example.com,2020-07-21
2693,Angela,Ferguson,Senegal,7956097289,dianacampbell@example.org,2020-10-23
2694,Debra,Hernandez,Honduras,448.669.2372,robinsonrichard@example.org,2020-03-11
2695,Jimmy,Cunningham,Niue,291.276.7865x0844,cartereric@example.net,2023-03-10
2696,Jacob,Gentry,Uganda,(690)371-7055x4812,bwarren@example.net,2022-11-17
2697,Michelle,Pearson,Comoros,898-745-1360,stephanie99@example.com,2024-03-16
2698,Darius,Bradford,Trinidad and Tobago,329-909-7825,donna92@example.net,2023-09-28
2699,Debbie,Garcia,Indonesia,487-475-3213x668,loripena@example.net,2020-05-21
2700,Robert,Mcintosh,Brazil,+1-339-282-8956x2266,fmitchell@example.net,2023-06-04
2701,Micheal,Powell,Oman,+1-225-252-1383x2097,adrianwhite@example.com,2025-10-02
2702,Leah,Noble,Ghana,327.526.7127,tuckerlisa@example.net,2022-11-09
2703,Debra,Williams,Taiwan,(872)248-9207,melaniesantiago@example.net,2024-11-04
2704,Ian,Sellers,Kenya,+1-855-463-9020x53023,pgarner@example.org,2024-12-14
2705,Mark,Hall,Dominican Republic,694.563.7701x127,esmith@example.org,2023-08-24
2706,Tracy,Kelley,Guinea-Bissau,526-528-4236x8364,patrickdavis@example.com,2026-01-26
2707,David,Lee,Marshall Islands,(971)715-1882x2166,kristenhawkins@example.net,2024-10-05
2708,James,Page,Cayman Islands,(622)532-6169x774,qmartinez@example.com,2020-05-22
2709,Rachael,Horn,Ethiopia,442.742.2481,ismith@example.org,2024-10-18
2710,Michael,Gallagher,Northern Mariana Islands,617-479-2026x1516,norrisjerry@example.net,2021-03-01
2711,Jamie,Mcclain,Egypt,951-409-6670x384,ebishop@example.net,2021-08-13
2712,David,Williams,Bahrain,931.693.0520,icarter@example.net,2020-03-24
2713,Heather,Carter,Eritrea,483-728-1033,hallvincent@example.net,2021-04-02
2714,Harold,Villanueva,Romania,498.422.2865x8102,hrodriguez@example.com,2023-07-02
2715,John,Evans,Djibouti,(929)273-9760x887,halljodi@example.com,2020-05-18
2716,Jim,Phillips,Tonga,(202)817-5973,corey28@example.org,2024-07-14
2717,Samuel,Williams,Swaziland,786-703-9416,roger90@example.net,2024-07-30
2718,Brittany,Berry,Serbia,(730)401-2310x28032,peter48@example.org,2025-05-23
2719,Leon,Garcia,Liberia,(566)250-7850,driddle@example.org,2020-11-23
2720,Margaret,Baker,Iceland,405-348-6349x64211,ivega@example.com,2025-04-19
2721,Alicia,Scott,Yemen,379-438-3034,amandaperry@example.org,2024-11-05
2722,Patricia,Smith,Trinidad and Tobago,858-791-3948,maydaniel@example.net,2024-02-25
2723,Laura,James,United States Virgin Islands,364-887-3990,waltersconnie@example.net,2024-04-08
2724,Renee,Miller,Mozambique,+1-685-248-1133,michellechavez@example.net,2020-07-31
2725,Kristen,Burton,Guernsey,6894285915,maciasmargaret@example.org,2023-10-11
2726,Tammy,Baker,Syrian Arab Republic,+1-545-348-7722x46264,shelleyosborn@example.com,2024-12-04
2727,Katherine,Torres,Tanzania,(534)833-2634x941,ethornton@example.org,2023-01-09
2728,Beth,Zhang,Niger,760.879.3733x5026,simpsonashley@example.org,2024-08-25
2729,Glenn,Williams,Angola,925-540-3793x85952,maureen59@example.net,2022-03-04
2730,Michael,Michael,Libyan Arab Jamahiriya,+1-687-930-6810,idominguez@example.com,2020-09-24
2731,Denise,Brown,Bahrain,+1-887-835-0004x32321,mglass@example.org,2025-01-10
2732,Melissa,Pearson,Hungary,548.948.3760x0893,dparker@example.net,2021-07-03
2733,Andrew,Bean,Guam,001-361-837-8110x13784,ryanscott@example.com,2024-02-08
2734,Stephanie,Boyer,Azerbaijan,001-979-722-6568,stephen50@example.org,2025-07-23
2735,Charles,Donaldson,Mongolia,+1-576-794-9147,rodriguezchristopher@example.org,2021-02-11
2736,James,Barnes,Djibouti,758-742-8027,erica70@example.com,2020-04-01
2737,Chad,Torres,Belgium,290.268.4747,kevin22@example.com,2020-05-26
2738,Jonathan,Lee,Aruba,(485)455-7063,benjamin88@example.com,2021-09-09
2739,Mark,Wolfe,Equatorial Guinea,+1-727-302-0423,marygolden@example.org,2022-12-11
2740,Scott,Hudson,Albania,(538)806-8601,jeffreysmith@example.org,2022-05-09
2741,Shelly,Rice,Latvia,001-757-367-6613,wreilly@example.net,2024-10-04
2742,Deborah,Barber,Pitcairn Islands,963-583-3925x368,fschroeder@example.net,2021-02-10
2743,Renee,Mcclure,Cocos (Keeling) Islands,001-304-423-2926x58294,sharonfoster@example.org,2024-01-10
2744,Shawn,Powell,Uzbekistan,001-662-816-5286,bauerjenna@example.org,2023-09-11
2745,April,Fletcher,Kenya,001-627-878-8519x8914,timothy04@example.net,2025-04-05
2746,William,Zuniga,Guernsey,(319)535-4647x1533,sophia90@example.org,2022-02-10
2747,Jorge,Cook,Bulgaria,+1-346-570-7800,cfisher@example.net,2025-04-13
2748,Danielle,Jacobs,Guatemala,434-350-5122x5969,michellelin@example.org,2021-11-27
2749,Jennifer,Hubbard,Slovakia (Slovak Republic),+1-413-248-1513x7928,jessicaevans@example.org,2022-07-01
2750,Nicholas,Williams,Guinea-Bissau,+1-459-630-9656x44115,paynekatherine@example.org,2020-10-06
2751,Ryan,Hudson,Congo,417-466-7039x310,davidgreen@example.net,2024-06-08
2752,Leah,Barber,Svalbard & Jan Mayen Islands,458.414.9083,jason81@example.net,2024-01-28
2753,Michael,Heath,Malaysia,664-809-8919x40984,mcdonaldmark@example.net,2021-04-26
2754,Michael,Ortiz,France,(677)252-4865,moorejennifer@example.com,2021-12-14
2755,David,Thompson,Martinique,350.842.1940x6148,ryan71@example.com,2023-07-08
2756,Paul,Murillo,Taiwan,873.255.1746,douglas11@example.net,2022-01-16
2757,Eric,Martin,Mongolia,791.655.2072,john46@example.com,2024-10-03
2758,Amanda,Chan,Pakistan,642-675-9459,ericakline@example.org,2025-01-23
2759,Tammy,Jennings,Chad,001-910-890-5077x059,wacosta@example.org,2022-08-03
2760,Savannah,Bautista,Puerto Rico,382.361.8152x08456,snyderpatrick@example.com,2022-05-05
2761,Aimee,Garcia,Mauritania,4235337771,mwalker@example.org,2024-11-05
2762,Henry,Davis,Monaco,975-898-5885,sfowler@example.net,2022-09-25
2763,Carlos,Sandoval,Tunisia,001-864-791-8239x8843,doughertycaitlin@example.org,2025-08-25
2764,Miguel,Miller,Guyana,5778374872,sergio31@example.org,2022-05-02
2765,Craig,Kane,Argentina,(426)309-8252,heidi01@example.net,2025-12-04
2766,Daniel,Morales,North Macedonia,764-907-1307x7961,rayortega@example.com,2024-05-21
2767,Marcus,Romero,Andorra,001-614-601-4800x1486,shelby87@example.net,2021-08-16
2768,Susan,Aguilar,Qatar,(583)812-0041,itaylor@example.net,2024-07-29
2769,Anne,Baldwin,Central African Republic,845-472-8815,iroberson@example.org,2022-08-15
2770,Timothy,Mccarthy,Malaysia,+1-487-490-6404x0817,greenstephanie@example.net,2021-07-05
2771,Cynthia,Ross,Malta,+1-843-679-8740,marshallshawn@example.org,2022-10-18
2772,Donna,Perez,Anguilla,(365)986-8160x996,tking@example.org,2020-03-23
2773,Grace,Thomas,Malta,(938)552-3412,johnsonkrista@example.net,2022-04-30
2774,Gilbert,White,Puerto Rico,+1-993-589-5097,schroederbrandon@example.com,2023-06-22
2775,Laura,Russell,Kyrgyz Republic,+1-517-516-7763x3953,angelicavaldez@example.com,2020-04-01
2776,Andrea,Bentley,Bahamas,(904)941-4810x978,longsamuel@example.org,2024-11-29
2777,Antonio,Kidd,Burkina Faso,929.585.6274,donnacohen@example.net,2020-01-04
2778,Amanda,Flores,Nepal,561.628.1005,avilacatherine@example.net,2025-01-17
2779,Joseph,Clarke,Nauru,(329)759-8234x41222,vgriffin@example.net,2021-05-23
2780,Laura,Yoder,United States Minor Outlying Islands,001-774-778-2276,robinsonpamela@example.org,2022-04-09
2781,Chad,Walton,Cayman Islands,758.767.9361,taylortamara@example.net,2021-12-02
2782,Melissa,Hall,France,337.996.3579x9172,knighttheresa@example.com,2020-02-12
2783,Danielle,Franklin,Angola,788.346.3298x877,andrewgraham@example.net,2020-10-26
2784,Lisa,Stewart,Uzbekistan,+1-305-220-9497x5627,juanmoore@example.com,2021-02-02
2785,Janet,Perez,Faroe Islands,+1-274-942-6946,melissa90@example.com,2024-05-30
2786,Jeremy,Cherry,Sudan,(276)337-5540x883,maria73@example.com,2025-09-07
2787,Ryan,Robertson,Trinidad and Tobago,995.774.0955,ywilliams@example.org,2023-05-16
2788,Julie,Hernandez,Pitcairn Islands,(685)938-4326x29112,david48@example.net,2022-08-11
2789,Terri,Fox,Chile,+1-684-393-2268x1529,gochoa@example.net,2020-11-05
2790,Vanessa,Cobb,India,001-287-910-9974,martinshelby@example.org,2022-01-04
2791,Samuel,Brown,French Polynesia,(501)779-0655,kylie58@example.net,2022-09-26
2792,Susan,Pierce,Hungary,001-347-387-2871x694,katiegonzales@example.net,2025-11-05
2793,Jessica,Barton,Bolivia,613-399-2254x68360,fostermark@example.net,2020-06-04
2794,Kimberly,Jordan,Cyprus,5719653641,lynchmary@example.com,2023-10-28
2795,Kimberly,Spencer,Lao People's Democratic Republic,862.875.9673x8817,dennis85@example.org,2025-08-26
2796,Gabriella,Martinez,Timor-Leste,001-260-725-3177x259,mark47@example.com,2021-05-06
2797,Adrienne,Anderson,Mozambique,(795)599-0620x3674,daniellecook@example.com,2025-02-22
2798,Sarah,Young,Saint Barthelemy,(870)728-4536x3430,scoleman@example.com,2020-09-21
2799,Mckenzie,Ramirez,Heard Island and McDonald Islands,+1-325-489-7565,turnerjoy@example.net,2024-01-19
2800,Melanie,Walker,Trinidad and Tobago,887.885.1131x4909,ejohnston@example.net,2024-07-10
2801,Zachary,Ray,Afghanistan,001-316-225-1525x606,singhshannon@example.net,2023-02-19
2802,Howard,Ramirez,Grenada,617-552-3781x10530,kevin44@example.com,2023-11-01
2803,Ryan,Miller,Christmas Island,209-629-3825,kirk29@example.org,2023-04-18
2804,Kathleen,Warren,Libyan Arab Jamahiriya,(795)716-3535x6510,kathy24@example.com,2022-11-09
2805,Erica,Edwards,Slovakia (Slovak Republic),712.765.7972x22751,jennifer71@example.net,2021-01-19
2806,Craig,Ware,American Samoa,+1-414-766-6397x589,richkyle@example.com,2023-07-28
2807,Kerri,Carpenter,Gambia,+1-366-915-1607x5929,jeremy39@example.com,2021-07-08
2808,Catherine,Hopkins,Kazakhstan,001-690-210-3169x388,johnsondonald@example.org,2023-12-22
2809,Aaron,Cochran,Pitcairn Islands,267.398.6993x5802,williamross@example.org,2025-11-12
2810,Nicole,Young,Cyprus,277.203.3449x981,shawn69@example.com,2020-10-11
2811,Diane,Long,Ecuador,9158552749,edominguez@example.org,2025-05-12
2812,Teresa,Duncan,Belize,268-713-2864x573,meganhinton@example.com,2021-05-10
2813,Scott,Kent,Belize,001-635-664-1134x4573,qparker@example.org,2021-11-07
2814,Kayla,Jackson,Chile,358-602-3767,crystal53@example.com,2024-09-24
2815,Jesus,Blackwell,Gambia,899.218.7724,michaelvillanueva@example.net,2022-08-06
2816,Christine,White,British Virgin Islands,(706)927-7793,floresrobert@example.net,2020-11-08
2817,Beth,Reese,Burundi,319-644-1831x885,matthewhawkins@example.net,2024-01-18
2818,Vanessa,Jones,Bangladesh,+1-731-941-2859x401,nlopez@example.net,2024-07-29
2819,Maxwell,Hudson,Mauritania,965.206.4716,brockrandy@example.net,2023-07-30
2820,Michelle,Barker,Philippines,462.497.8798x394,emily27@example.org,2022-12-20
2821,Christopher,Garrett,Suriname,+1-791-676-8849x5746,lisaanderson@example.net,2021-11-17
2822,Lindsay,Johnson,Djibouti,(684)455-4390x722,martinamy@example.net,2025-11-04
2823,Jessica,Castillo,Indonesia,001-833-389-9021x149,johnsonjoseph@example.com,2021-06-13
2824,Sean,Miller,Trinidad and Tobago,(759)252-4599x42476,zbarrett@example.com,2022-01-09
2825,Tracy,Allen,Antarctica (the territory South of 60 deg S),4716772386,williamselizabeth@example.org,2025-03-28
2826,Savannah,Jackson,Madagascar,9587115152,shelbyjacobs@example.com,2021-02-13
2827,Terri,Dixon,Svalbard & Jan Mayen Islands,(399)691-9467x9033,robertfrank@example.com,2020-08-03
2828,Wendy,Martinez,Poland,001-722-272-7049x49728,jlynch@example.org,2025-06-15
2829,Craig,Silva,Palau,(710)248-4897x722,mullinskatherine@example.org,2020-10-27
2830,Rose,Gonzalez,Mauritius,(589)643-4770x21503,alvarezstephanie@example.com,2020-06-26
2831,Adrian,Davis,Nepal,9713313539,joshuamartin@example.com,2020-01-28
2832,Eric,Johnson,Jordan,(580)886-5274x714,elawrence@example.org,2021-09-20
2833,Stephanie,Wolfe,Christmas Island,+1-558-302-7191,halljose@example.net,2021-05-17
2834,Michael,Edwards,Nauru,+1-372-407-9395x3558,briansmith@example.org,2020-09-03
2835,Noah,Payne,Ghana,665.268.4676,brandicarr@example.net,2021-11-05
2836,James,Thomas,Northern Mariana Islands,489-291-0057x31269,riverserica@example.org,2022-01-27
2837,Dawn,Arellano,France,001-617-917-7107x132,shermanbrittany@example.com,2022-01-14
2838,William,Miller,Moldova,+1-249-773-2689x86938,kathy62@example.org,2023-04-01
2839,Michael,Oconnor,Peru,+1-574-573-8686x5173,christine96@example.org,2022-08-25
2840,Richard,Lee,Turkmenistan,628-729-6201x2558,amydonaldson@example.org,2021-04-03
2841,Aaron,Franklin,Moldova,(981)809-3812,glennstephens@example.net,2025-12-23
2842,Adam,Nelson,Serbia,402-938-0127x4678,branditucker@example.net,2022-03-01
2843,Elizabeth,Bautista,Equatorial Guinea,723-674-5643x941,hillroy@example.net,2025-10-27
2844,Amy,Coffey,British Indian Ocean Territory (Chagos Archipelago),540.692.4757x1640,jason29@example.net,2021-01-25
2845,Kimberly,Bender,Grenada,656.342.9959x07393,ethan43@example.net,2022-02-26
2846,Patrick,Myers,Taiwan,(938)420-6781,arichardson@example.com,2021-10-30
2847,Mary,Anderson,South Georgia and the South Sandwich Islands,+1-762-550-7819x500,mhart@example.org,2025-09-16
2848,Stephen,Harrison,Sri Lanka,001-991-962-5791x398,hansonamanda@example.net,2021-01-23
2849,Timothy,Clarke,Estonia,882-809-0851x212,nbeasley@example.com,2025-03-03
2850,Tiffany,Berg,Spain,(740)956-7733x1407,julie11@example.net,2020-07-16
2851,Samantha,Freeman,United States of America,568.263.2962,cynthia57@example.org,2022-01-27
2852,Gabriel,Bautista,Comoros,8188943919,gene93@example.net,2020-02-14
2853,Sean,Bradley,Cameroon,001-825-524-1507x22170,tiffany98@example.net,2025-09-10
2854,Amber,Hodge,Venezuela,(481)953-7604x4356,adkinsjonathan@example.org,2021-04-11
2855,Erika,Buck,Costa Rica,(507)267-9996,katherinemiller@example.com,2021-07-20
2856,Bianca,Choi,Faroe Islands,+1-909-726-1371x612,vegarichard@example.net,2020-10-03
2857,Andrew,Richardson,Korea,+1-621-961-4432x46379,cbrewer@example.com,2025-09-11
2858,Jonathan,Sanchez,Lao People's Democratic Republic,001-806-550-4059x040,nlopez@example.org,2023-01-28
2859,Kelly,Lopez,Pitcairn Islands,392.590.5612x01005,rachelbrown@example.net,2025-02-26
2860,Madison,Gray,Tunisia,676-594-5083,millsandrew@example.org,2021-07-20
2861,April,Cox,Peru,001-533-576-3718x663,ihorn@example.net,2023-10-05
2862,Jason,Ray,Slovakia (Slovak Republic),001-470-976-7708,erica63@example.net,2021-12-28
2863,Kyle,Huber,Bouvet Island (Bouvetoya),238-599-4088x40179,butlermatthew@example.net,2025-02-03
2864,Vanessa,Miller,Algeria,786-739-1300x314,richardsonjonathan@example.net,2023-06-06
2865,David,Gregory,Timor-Leste,+1-659-683-9538x136,raymondsantos@example.net,2023-07-08
2866,Robert,Johnson,Slovakia (Slovak Republic),001-698-548-0767x8387,thomasjill@example.com,2021-04-30
2867,Stacey,Harrell,Panama,478-400-7496,ellisrebekah@example.net,2022-06-11
2868,Toni,Smith,Korea,+1-277-249-4306,benjaminrose@example.com,2026-01-03
2869,Martin,Holder,Lesotho,+1-235-453-6827x5368,schultzalexandra@example.net,2020-04-17
2870,Francisco,Lee,Qatar,448.499.5429,megan39@example.com,2023-04-22
2871,Richard,Krueger,Guyana,833-227-4288x237,saragarcia@example.com,2020-10-17
2872,Jason,Owens,Uruguay,001-459-389-5335x78782,morrownicole@example.org,2020-05-03
2873,William,Horton,Spain,(232)570-1514,rebekah36@example.org,2020-04-12
2874,Christine,Aguilar,Saint Martin,544.911.7147x8239,stephanie51@example.org,2020-01-30
2875,Jacob,Garcia,Tajikistan,3543533831,yallen@example.net,2020-02-26
2876,Cameron,Adkins,Macao,2072342997,scottward@example.com,2024-01-07
2877,John,Grant,Guernsey,2164523404,imann@example.org,2025-01-08
2878,Lawrence,Terrell,Saudi Arabia,+1-723-802-8813x28234,asawyer@example.com,2020-12-08
2879,Deborah,Rivera,Palestinian Territory,281.415.2461x7233,moralesdwayne@example.net,2025-03-27
2880,Colleen,Jacobs,Uruguay,(836)948-9465x5740,garrettflowers@example.org,2025-03-11
2881,Kyle,Cowan,Taiwan,707-482-3549x62057,robert92@example.com,2025-01-26
2882,Edward,Collier,Armenia,001-233-582-5354,markwood@example.org,2023-11-04
2883,George,Daniels,Nauru,+1-545-965-8358x62981,abigailgallegos@example.net,2025-06-10
2884,Carrie,Stout,Guam,(328)582-7655x825,jsantiago@example.org,2020-06-27
2885,Courtney,Kelley,Bolivia,446-316-3988x21699,christopherhaas@example.net,2023-06-26
2886,Charles,Smith,Equatorial Guinea,(209)478-6205x4673,warddavid@example.org,2020-03-05
2887,Brenda,Bradley,Mozambique,001-312-917-8620x15677,hubbardsamuel@example.com,2024-05-17
2888,Justin,Wood,Rwanda,933-752-8825,reedchelsea@example.org,2025-12-14
2889,Manuel,Delacruz,Norway,740.966.0914,webbdavid@example.net,2021-09-25
2890,Dennis,Ward,China,+1-735-905-1050x09668,ryansimmons@example.net,2020-11-17
2891,Andrew,Flores,Mexico,+1-717-931-7267x8907,halemichael@example.net,2024-02-29
2892,Christine,Little,Albania,+1-847-325-1481x97965,wwilliams@example.net,2025-07-17
2893,Cheryl,Cooper,Guam,242-994-5207x306,veronicahancock@example.net,2025-03-09
2894,Erica,Hunter,French Southern Territories,001-458-287-3706x599,mendozatheodore@example.net,2021-08-16
2895,Jacqueline,Roman,Cambodia,7349236391,jessicaduke@example.org,2024-04-01
2896,Kimberly,Walters,Afghanistan,553-679-8937,jessicamoore@example.org,2020-12-17
2897,Nicole,Robinson,Palestinian Territory,908-988-5166x16491,wongashley@example.org,2020-12-06
2898,Brittany,Black,Singapore,8989809525,colemanjuan@example.org,2023-11-14
2899,Taylor,Hanson,Wallis and Futuna,+1-652-941-7552x196,brendan90@example.net,2021-05-14
2900,Katherine,Pope,Singapore,8405584601,kendra56@example.com,2021-09-20
2901,Susan,Craig,Kuwait,9993328092,timothypeters@example.com,2025-04-08
2902,Justin,Fry,Cayman Islands,7859180021,brandon52@example.net,2026-02-12
2903,Dennis,Cameron,Honduras,4333433036,wilsonaaron@example.org,2020-07-01
2904,Christina,Thompson,United States Virgin Islands,(298)746-6233x7818,jessicabowman@example.com,2025-09-02
2905,Alexandria,Wright,Libyan Arab Jamahiriya,001-956-240-6292x34266,gvasquez@example.com,2021-01-12
2906,Christopher,Mccarthy,Korea,(953)249-6969,dianeriley@example.com,2021-03-12
2907,Ryan,Rodriguez,Australia,942.920.0132x308,jeffrey41@example.com,2023-12-11
2908,Kevin,Rush,Papua New Guinea,968.730.1416,livingstontammy@example.com,2021-05-21
2909,Morgan,Sloan,Montserrat,535.872.0493,smckay@example.org,2024-10-11
2910,Victoria,Clark,Kazakhstan,911-685-4592,joseph97@example.net,2020-12-27
2911,Stephanie,Johnson,Brunei Darussalam,+1-966-699-7079x4527,robertmorris@example.com,2022-09-25
2912,Brian,Delacruz,San Marino,708-701-8363,ybeltran@example.net,2024-03-04
2913,Gregory,Mccullough,India,(363)809-9910x561,george93@example.net,2021-11-08
2914,Alexander,Ortega,Djibouti,5538408407,wflores@example.net,2022-01-18
2915,Emily,Burke,Georgia,(380)415-7460x4513,awoods@example.org,2021-09-06
2916,Steven,Chavez,Afghanistan,001-442-297-0171x53490,fischerwhitney@example.org,2021-01-13
2917,Jacob,Harvey,Kyrgyz Republic,790.995.2419x572,kingpatricia@example.net,2023-10-03
2918,Emily,Diaz,Gibraltar,856.503.5253x94836,willie97@example.com,2021-07-10
2919,Andrew,Smith,Namibia,(574)445-1726x0153,douglas07@example.org,2021-07-01
2920,Jason,Morgan,Jamaica,+1-564-613-4939,benjamin71@example.org,2020-09-23
2921,Whitney,Rodriguez,Sri Lanka,(861)275-2522,kmitchell@example.org,2023-01-17
2922,April,Werner,Haiti,(583)207-8674x0500,hrobbins@example.com,2020-04-12
2923,Cheryl,Garcia,Slovenia,3134544639,dpineda@example.net,2022-08-18
2924,Kristi,Hubbard,Algeria,001-600-545-3944x9999,rwhitaker@example.com,2022-10-28
2925,Lisa,Mendez,Iceland,(493)437-4501x45604,jennifer77@example.com,2024-05-04
2926,Susan,Davila,Nauru,8687203036,christopherwilliams@example.com,2024-03-22
2927,Stephanie,Ferguson,Saint Vincent and the Grenadines,419.628.1782x65477,stephanie61@example.org,2025-01-28
2928,Kathryn,Stanley,Burundi,001-284-952-0272x78856,richardsanders@example.org,2023-03-20
2929,Kevin,Brown,Zambia,(484)961-3649x5116,coltonknight@example.org,2024-05-30
2930,Renee,Snyder,Bermuda,001-979-734-8684,washingtonsandra@example.org,2023-07-20
2931,Darren,Rose,Vanuatu,(807)957-4702,igibbs@example.net,2022-06-08
2932,Madison,Swanson,British Virgin Islands,+1-497-767-4420x984,ashley35@example.net,2025-06-07
2933,Diana,Edwards,Yemen,+1-514-834-6826x4421,uwagner@example.com,2024-01-19
2934,Marc,Rice,Western Sahara,001-338-755-0644x431,kevin33@example.net,2025-04-30
2935,Noah,Jackson,Lao People's Democratic Republic,(384)881-6352x92447,jonestimothy@example.org,2026-02-10
2936,Stephanie,Huynh,Peru,001-900-326-1869x10504,curtisamy@example.net,2021-03-09
2937,Miguel,Lloyd,Cook Islands,(241)761-9219x955,laurasmith@example.org,2023-11-24
2938,Maria,Alexander,Dominica,+1-625-224-1122x94644,christianrichard@example.com,2020-11-04
2939,David,Sawyer,Tajikistan,(412)327-3106x511,wongduane@example.com,2023-09-19
2940,Kayla,Watson,Chad,001-660-414-7327,christophernavarro@example.org,2021-05-15
2941,Karina,Morrison,Northern Mariana Islands,958-907-5405,jessicajohnson@example.net,2025-06-05
2942,Mark,Smith,Cote d'Ivoire,+1-814-925-4727x609,grahamdavid@example.org,2021-09-18
2943,Catherine,Everett,Svalbard & Jan Mayen Islands,001-435-306-6572x13556,gloria62@example.com,2022-12-09
2944,Matthew,Baker,Saudi Arabia,(692)895-5651x703,briantaylor@example.org,2024-08-19
2945,Michael,Ford,Turkmenistan,+1-777-287-7579x28839,jamiewilliams@example.org,2025-05-04
2946,Dustin,Ryan,Tokelau,632.814.8944,ariel18@example.net,2025-01-23
2947,Matthew,Sparks,Botswana,001-977-748-7965x11913,jessemorrison@example.com,2023-06-14
2948,Colin,Crawford,French Southern Territories,826.986.2604x253,ihanson@example.com,2022-12-16
2949,Alex,Delgado,Greece,001-580-993-4139x3444,scott19@example.org,2026-01-11
2950,Paige,Walsh,Belgium,001-325-580-6744x64324,ichase@example.net,2021-09-01
2951,John,Good,Iran,(576)307-1756x700,campbellsamantha@example.net,2024-01-05
2952,Daniel,Jones,Equatorial Guinea,(463)970-2869,joseph79@example.net,2023-03-02
2953,Stephanie,Clements,Peru,(919)520-6252,dspencer@example.net,2026-02-22
2954,Jasmine,Duncan,Niue,328.593.5237,deborahthomas@example.org,2020-12-16
2955,Daniel,Stephens,Senegal,+1-410-645-7830x340,leslie25@example.net,2023-04-29
2956,Joel,Perez,Algeria,001-905-381-1646x6868,jasminebush@example.org,2024-06-30
2957,Erin,Barker,Costa Rica,242.497.5541x309,sabrinanelson@example.net,2021-02-14
2958,William,Gordon,Russian Federation,+1-861-743-7376,elizabeth57@example.org,2025-06-22
2959,Hunter,Berry,Montenegro,(514)951-6196,john78@example.com,2024-06-11
2960,Cody,Johnson,Indonesia,(772)882-4899,andersentroy@example.com,2024-07-07
2961,Michelle,Barber,Bhutan,411-790-4398x124,nwalker@example.net,2022-06-07
2962,Zachary,Lopez,Cote d'Ivoire,793.760.3181x08405,ajennings@example.net,2021-06-21
2963,Loretta,Watkins,Montenegro,001-449-949-8321x489,watersronald@example.net,2026-01-02
2964,Christopher,Green,Zimbabwe,+1-912-241-7998x08180,dbush@example.org,2020-11-09
2965,Carrie,King,Comoros,648.763.5522x5923,srollins@example.org,2023-06-12
2966,Elizabeth,Davis,Guernsey,213-902-5951x7829,travis36@example.net,2024-04-01
2967,Timothy,Lee,Central African Republic,599.297.0794,smithbrian@example.net,2023-07-08
2968,Brandy,Mason,Martinique,657.315.3844x76832,michelle28@example.com,2020-05-26
2969,Adam,Garza,Saudi Arabia,5859947836,slambert@example.org,2020-11-29
2970,Paula,Allen,Lithuania,267-619-4261,smithkristi@example.net,2020-02-04
2971,Jillian,English,Colombia,888.512.9876,briana96@example.com,2021-07-28
2972,Haley,Walker,Tunisia,330-564-1470,brian36@example.net,2023-06-03
2973,Kimberly,Smith,Cyprus,001-342-893-3330x438,robertmiranda@example.org,2024-10-07
2974,Kathryn,Willis,Northern Mariana Islands,4306872256,kylebradley@example.org,2023-05-14
2975,Martin,Barron,Saint Barthelemy,(218)658-6557x0842,jbradley@example.com,2021-12-02
2976,Ernest,Shields,France,001-913-478-9952x06402,perrykenneth@example.com,2024-02-28
2977,Michael,Jackson,Brunei Darussalam,+1-964-415-9646,mary28@example.net,2020-11-21
2978,Stephanie,Smith,Palau,001-789-312-3019x34437,brittany62@example.net,2024-04-26
2979,Kristin,Palmer,Tunisia,357.811.5761,xconner@example.net,2023-10-19
2980,Elizabeth,Romero,South Africa,575.884.9161,hernandezsteven@example.net,2023-04-24
2981,Kyle,Curtis,Antarctica (the territory South of 60 deg S),001-796-495-9810x9477,charleslynn@example.org,2022-05-28
2982,William,Hogan,Greenland,990-775-9541x7067,weststephanie@example.org,2023-07-16
2983,David,Hall,Kiribati,001-320-703-0525,sandralozano@example.org,2025-08-28
2984,Johnathan,Juarez,Hungary,001-325-811-2327x683,santhony@example.org,2021-11-19
2985,Leslie,Campbell,Netherlands Antilles,478.850.1396x906,deborah78@example.net,2023-10-16
2986,Betty,Morris,Paraguay,+1-581-989-2479x506,lindamendez@example.net,2023-12-31
2987,Omar,Hall,Guam,001-249-417-1885,keithjackson@example.org,2021-10-25
2988,Michelle,Hampton,Nigeria,001-678-647-4943,parkgreg@example.com,2022-11-17
2989,Alejandro,Gutierrez,Lesotho,707-641-4771,rtorres@example.net,2024-01-09
2990,Jennifer,Zamora,Venezuela,891.862.9998,sergio52@example.com,2021-10-08
2991,Joseph,Campbell,Germany,001-936-385-3186x86489,smithmarcus@example.com,2020-09-29
2992,Michael,Phillips,Lebanon,001-507-490-7018x78518,hbrewer@example.org,2024-04-20
2993,Christopher,Gonzalez,New Caledonia,809.657.9250x181,ricekari@example.org,2022-02-09
2994,Scott,Hernandez,Cyprus,208.837.1174x0937,bryantgregory@example.net,2025-12-29
2995,Margaret,Williams,Tuvalu,001-623-998-1492x21021,gonzalezrussell@example.com,2022-12-03
2996,James,Reese,Northern Mariana Islands,001-479-243-5903x753,davidrice@example.net,2025-09-08
2997,Jared,Sanders,Switzerland,855-952-0872,melissasimmons@example.com,2023-05-13
2998,Melanie,Armstrong,Argentina,(361)861-3781,taylor91@example.org,2024-04-16
2999,Jennifer,Graves,Guadeloupe,001-609-350-6486x25051,nmccarthy@example.org,2025-01-26
3000,Chelsea,Berger,Djibouti,001-940-604-3082x357,maloneerik@example.org,2025-09-10
3001,Michelle,Villarreal,United Kingdom,001-723-475-3531x1441,sandra07@example.org,2020-05-29
3002,Allison,Smith,Suriname,785-435-4934x29347,ddodson@example.net,2020-05-19
3003,Travis,Jones,Niger,9542919437,jennifer89@example.net,2023-12-22
3004,Donald,Lewis,Taiwan,+1-927-492-1963x66149,susanhurley@example.org,2024-09-30
3005,Heather,Cruz,Belarus,+1-233-230-8292x7788,daniel04@example.net,2022-07-22
3006,Pamela,Dunn,Saint Helena,539.479.6254,newtonjimmy@example.org,2020-12-23
3007,Jenny,York,Guadeloupe,764-678-9823x37941,vincent63@example.net,2020-06-26
3008,Anita,Baker,Tajikistan,(578)499-9359x1758,keith61@example.com,2023-07-02
3009,Sharon,Christensen,Oman,621.203.8623,vperry@example.net,2020-03-30
3010,Mitchell,Pham,Morocco,251.459.8579,btaylor@example.org,2024-03-30
3011,Jeremy,Sharp,Slovakia (Slovak Republic),955-687-9512,roy32@example.com,2022-10-03
3012,Whitney,Conley,Brazil,+1-236-211-7951x71880,garrettrodney@example.org,2025-06-08
3013,Kelli,Ortega,Kyrgyz Republic,(802)992-8262,larrywilliams@example.com,2024-03-19
3014,Samantha,Lopez,Mauritius,(618)376-7542x84340,terri70@example.net,2021-06-25
3015,Janice,Peck,Panama,+1-243-520-6428x220,steven75@example.net,2023-10-23
3016,Amber,Fisher,Slovakia (Slovak Republic),706.635.9836x150,dsantana@example.com,2021-06-14
3017,Adam,Thompson,Netherlands,277-656-2082x4629,pittmanchristopher@example.com,2020-02-24
3018,Ryan,Esparza,Suriname,001-908-765-0267,cchan@example.org,2021-01-01
3019,Theresa,Short,Korea,675-441-4477x56669,jonathan06@example.com,2020-12-17
3020,Rhonda,Nichols,Chile,366-897-4582x02444,carlosdean@example.com,2020-03-09
3021,Debra,Brown,Morocco,268-982-0661,josephmontgomery@example.org,2024-08-04
3022,Jennifer,Lopez,Egypt,685-810-5495x1956,khubbard@example.org,2022-05-07
3023,Christopher,Norman,Mozambique,001-705-747-3903x59606,cassie44@example.com,2025-04-03
3024,Emily,Montgomery,Zambia,001-811-237-3137x057,corey58@example.org,2023-11-27
3025,Hannah,Phillips,Slovakia (Slovak Republic),975-846-9188x1394,adam27@example.org,2025-10-28
3026,Johnathan,Rocha,Tunisia,570.841.2023,fburke@example.org,2026-01-19
3027,Jay,Cameron,British Indian Ocean Territory (Chagos Archipelago),313.784.0932,krausesheila@example.org,2025-06-15
3028,Anita,Savage,Peru,(482)757-5657x952,qrios@example.com,2021-03-16
3029,Sarah,Rowland,Peru,593-765-3542x90508,patrick77@example.org,2025-11-01
3030,Bianca,Smith,Slovenia,001-957-891-1293x18521,brianguerra@example.net,2024-04-16
3031,Terri,Howell,Nauru,439-232-3526x3052,srobinson@example.org,2022-09-06
3032,Tim,Hill,Western Sahara,+1-886-219-8263,lisarodriguez@example.org,2022-08-15
3033,Pamela,Fuller,Belgium,417-478-1172x18450,gloria83@example.net,2022-04-11
3034,Roberto,Holt,Pitcairn Islands,945.464.4528,romerodana@example.org,2024-04-07
3035,Nicole,Jackson,Dominica,+1-320-521-5841x833,morgansteven@example.org,2020-11-01
3036,Makayla,Evans,Mayotte,+1-803-784-6527x494,velasquezwendy@example.com,2022-11-29
3037,Albert,Martinez,Peru,940.266.1383,ecastillo@example.org,2021-03-05
3038,Jennifer,Meadows,Guatemala,001-255-725-0471x92068,brian78@example.net,2025-04-13
3039,Sheri,Lewis,British Indian Ocean Territory (Chagos Archipelago),7532052878,brycemassey@example.org,2025-11-03
3040,Andrew,Garcia,Saint Helena,+1-607-775-1627x22029,steven25@example.com,2020-03-24
3041,Hannah,Gaines,Hungary,701.242.5611x2006,chansen@example.net,2024-09-22
3042,Carolyn,Gallagher,Singapore,(341)892-4920x94252,tuckerhannah@example.org,2024-12-10
3043,Jessica,Simpson,Guinea-Bissau,4809375637,barbarasmith@example.net,2023-10-28
3044,Steven,Carpenter,Swaziland,+1-691-778-4298,cmcgee@example.com,2021-05-05
3045,Justin,Smith,Iraq,001-798-573-1473x26817,thomas30@example.net,2022-10-03
3046,Pamela,Brown,Puerto Rico,843-824-3068,ibrown@example.org,2024-09-06
3047,Raymond,Woodward,Christmas Island,705-484-8166x125,parsonsrachel@example.com,2022-01-31
3048,Michael,Winters,Micronesia,654-468-4488,murrayvictoria@example.net,2024-06-22
3049,Melissa,Williams,Eritrea,(390)989-1080x579,chloemoore@example.org,2022-09-04
3050,Rebecca,Nash,Zambia,+1-978-466-6376x85699,xcalderon@example.net,2024-02-09
3051,Juan,Smith,Tonga,(784)807-3241x64049,whicks@example.org,2020-02-23
3052,Kimberly,Gonzalez,South Africa,+1-521-908-0782x845,sherrybauer@example.net,2021-01-06
3053,Daniel,Harper,Rwanda,+1-983-497-6973,christine46@example.org,2025-05-11
3054,Elizabeth,Smith,Colombia,+1-814-789-6293x61284,tammycoleman@example.com,2022-12-09
3055,Hannah,Mclaughlin,Monaco,(890)838-3000,randyyoung@example.net,2024-06-27
3056,Timothy,Richardson,Swaziland,358.963.9814,jade98@example.com,2022-02-11
3057,Kurt,Thomas,Italy,+1-359-467-0920x251,ujames@example.com,2020-03-31
3058,Connie,Ortega,Djibouti,(336)749-1086x324,monicasnyder@example.com,2025-12-26
3059,Bradley,Sanchez,Ireland,001-436-938-7806,dana02@example.org,2020-05-25
3060,Christopher,Russell,United States Virgin Islands,666-388-2930,ikennedy@example.org,2024-04-27
3061,Derek,Silva,Panama,(297)929-6781,erin61@example.com,2020-04-23
3062,Michelle,Hoover,Zimbabwe,(393)818-4959x36062,fieldswilliam@example.com,2023-12-05
3063,Brian,Brown,Estonia,001-804-872-4265x109,dorothy13@example.com,2021-04-14
3064,Megan,Ford,Antarctica (the territory South of 60 deg S),604-689-4488x3350,trojas@example.com,2021-02-09
3065,Chris,Moore,Bolivia,+1-265-696-3778x6453,markzamora@example.org,2023-05-03
3066,Denise,Elliott,Northern Mariana Islands,001-798-791-8155,ericacollins@example.net,2022-05-20
3067,Nicholas,Harvey,Armenia,001-388-989-3836x99835,rickybailey@example.net,2023-01-15
3068,Dennis,Nichols,Singapore,912.908.5444,amandataylor@example.net,2023-08-22
3069,Craig,Jenkins,Angola,001-573-897-4681x4112,thomas84@example.net,2024-10-21
3070,Tristan,Johnston,Somalia,518-845-8805,millerjessica@example.net,2026-02-02
3071,Jon,Cowan,North Macedonia,(310)601-5723,matthewjones@example.net,2020-04-21
3072,William,James,Gabon,286.603.9387x128,tsmith@example.net,2025-02-09
3073,Emily,Murphy,Jamaica,(814)639-1471,freemanjohn@example.org,2023-04-23
3074,Allison,Morgan,Guadeloupe,461.237.7282,laura48@example.org,2023-08-06
3075,Sarah,Adams,Haiti,001-920-936-1876x5154,hunterrandy@example.com,2023-05-23
3076,Roy,Hernandez,Pitcairn Islands,549-656-8490x96260,dallen@example.com,2022-03-16
3077,Angela,Patterson,Guinea-Bissau,+1-250-219-8467x6144,robert61@example.com,2022-07-19
3078,Cynthia,Mayer,San Marino,(522)659-4726x455,jennifer16@example.com,2026-01-11
3079,Matthew,Mitchell,Azerbaijan,(678)268-4390x4551,edward29@example.com,2023-12-30
3080,Angela,Lawson,Liechtenstein,001-379-348-6788,michaelmendoza@example.com,2021-09-19
3081,Christopher,Williams,Tanzania,(562)229-1623,tyler16@example.com,2021-02-20
3082,Lisa,Richmond,Heard Island and McDonald Islands,+1-740-810-5081x944,hannahfreeman@example.org,2024-11-21
3083,Jasmine,Ayers,Cook Islands,+1-479-948-5543x589,edward53@example.org,2024-10-24
3084,Christopher,King,Armenia,(984)442-9498,crangel@example.com,2022-05-23
3085,Candice,Marquez,Libyan Arab Jamahiriya,001-716-864-5509x898,stewartjose@example.net,2021-10-19
3086,Tammy,Dyer,Turkey,001-748-979-0827x876,simonpaul@example.net,2022-12-31
3087,Omar,West,Ecuador,400-772-1650x2118,kimberlyward@example.org,2020-04-16
3088,Shannon,Newman,Tokelau,(832)278-0116x12320,millerjoseph@example.com,2025-10-27
3089,Joseph,Matthews,British Virgin Islands,(793)328-7347,gregorybarnes@example.org,2025-08-29
3090,Kayla,Edwards,Bulgaria,264-425-9638x002,robert46@example.net,2024-12-22
3091,Erik,Tanner,Ecuador,344.539.7280,gonzalezmeghan@example.com,2025-09-06
3092,Jesse,Brennan,Iceland,411.916.3662x7288,anthonysanders@example.com,2022-11-20
3093,Daniel,Fritz,Comoros,001-640-680-8404x62308,joshua53@example.org,2021-03-15
3094,Rebecca,Reed,Samoa,001-918-226-5776x85622,afields@example.com,2024-04-26
3095,Kenneth,Kelley,Reunion,850-705-7391x2433,middletonkeith@example.com,2022-04-04
3096,Carol,Lara,Samoa,(913)329-2148x9632,gonzalezjennifer@example.net,2020-03-25
3097,Jennifer,Hawkins,Denmark,4156545829,johnsonjoseph@example.net,2026-02-26
3098,Veronica,Patel,Thailand,703-289-9132x79037,renee46@example.net,2024-04-01
3099,Ashley,Smith,Oman,001-496-227-9170x8048,gmendoza@example.org,2023-12-27
3100,Jacqueline,Snow,Guam,(389)579-5340x3668,travis67@example.com,2022-10-06
3101,Renee,Ferguson,Niue,392.259.2946x1843,justincarter@example.org,2021-07-26
3102,Travis,Gilbert,Tokelau,(630)787-3557x1514,fgarrett@example.org,2025-05-19
3103,Alexander,Harris,Niue,001-656-772-9193x9734,bgallagher@example.com,2025-01-28
3104,Jessica,Dunn,British Indian Ocean Territory (Chagos Archipelago),001-380-749-4566,michaelyork@example.com,2020-03-28
3105,David,Montes,Ukraine,(366)391-3531,todd27@example.net,2025-08-08
3106,Melissa,Ford,United States of America,7083114834,herringtodd@example.net,2024-08-15
3107,Jay,Walker,Burundi,983-622-6335,fischerashley@example.org,2020-05-26
3108,Rebecca,Johnson,Cote d'Ivoire,+1-987-621-7621,hhudson@example.net,2024-05-16
3109,Kristine,Johnson,Burundi,803.644.9816x2926,samueljimenez@example.org,2025-03-19
3110,Kathleen,Garcia,Cape Verde,001-625-521-0368,nhawkins@example.com,2020-02-28
3111,Christopher,Schaefer,Eritrea,(275)509-1015x513,david50@example.org,2020-09-05
3112,Amy,Cole,Uzbekistan,931.719.9178x3555,jessica70@example.org,2024-12-13
3113,Brian,Lopez,Russian Federation,001-200-690-4037,sconley@example.com,2024-03-29
3114,Emily,Hebert,Vanuatu,001-717-672-8991,carl00@example.com,2021-06-04
3115,Rebecca,Stokes,Solomon Islands,6328090726,longshari@example.net,2023-03-11
3116,Joshua,Thompson,Fiji,849.907.3833,poolejacqueline@example.org,2024-10-29
3117,Nathan,Gibson,South Africa,713-375-9396x165,swaters@example.org,2020-11-28
3118,Douglas,Garcia,Ghana,001-366-384-8561x5838,eric56@example.org,2024-07-11
3119,Denise,Owens,Jersey,001-568-328-2749x429,usalas@example.net,2022-11-07
3120,Brianna,Collins,Iran,001-417-791-3062x7394,joseph64@example.org,2022-02-13
3121,Daniel,Mcdaniel,Brazil,696-589-2927,wtanner@example.com,2024-09-02
3122,Nicholas,Bryant,Bermuda,5555738075,joe04@example.com,2022-08-08
3123,Carl,Walker,Congo,792.417.3021,agutierrez@example.org,2025-08-07
3124,Willie,Khan,Austria,+1-408-506-0061x07193,bowmangregory@example.org,2022-05-24
3125,Nicole,Edwards,Thailand,001-566-805-3607x37175,moorediane@example.net,2024-12-22
3126,Amy,Taylor,Bulgaria,7838890542,adam43@example.com,2025-08-29
3127,Brandon,Pratt,Sudan,706-344-6460x650,avilaroger@example.org,2023-08-24
3128,Jason,Higgins,Togo,922.941.9140,brandonroach@example.org,2024-12-14
3129,Christopher,Ellis,Western Sahara,583-399-9749x73144,xlowery@example.com,2024-09-23
3130,Samantha,Delacruz,Reunion,960-333-7453x62363,alyssa72@example.com,2021-10-11
3131,Jacqueline,Gonzalez,China,690-823-4335,mray@example.com,2025-08-24
3132,Phillip,Wright,Reunion,586.475.4301,derek65@example.com,2020-03-03
3133,John,Good,Maldives,(806)578-9725,ryanlloyd@example.org,2024-12-14
3134,Stephanie,Hickman,Turkey,001-561-297-0165x743,joseph89@example.net,2022-11-23
3135,Rita,Blake,Cuba,+1-587-762-7223x980,ann35@example.org,2023-11-23
3136,Michael,Boone,Luxembourg,427-906-6448x01460,kenneth25@example.org,2023-03-10
3137,Carolyn,Underwood,Honduras,6528258028,emily83@example.com,2025-07-28
3138,Ricky,Edwards,Peru,001-541-850-0308x0294,howardlinda@example.net,2023-02-28
3139,Jeffrey,Smith,Antigua and Barbuda,471.758.7472x1687,jon91@example.com,2022-08-15
3140,Teresa,Oneill,Holy See (Vatican City State),001-558-867-3128x55279,johnsonshannon@example.net,2020-06-16
3141,Natasha,Sanders,Bulgaria,+1-679-996-2536x097,randy19@example.org,2020-05-01
3142,Julia,Clark,Micronesia,(561)931-5450,williamspriscilla@example.org,2020-04-02
3143,Amber,Martinez,Greenland,+1-728-477-0021x9277,kathycurtis@example.org,2024-07-07
3144,Marvin,Reid,Pitcairn Islands,416-835-4457x6123,olivianavarro@example.net,2023-06-19
3145,April,Estes,China,700-974-7484x40581,dwall@example.org,2022-09-27
3146,Chad,Dunn,Georgia,(954)990-6683x38177,kgreene@example.net,2023-07-14
3147,Denise,Castillo,Tokelau,(770)340-5955x5140,jesuslewis@example.net,2020-11-12
3148,Mitchell,Sanchez,Solomon Islands,373-878-8328,anna13@example.net,2020-10-26
3149,Kyle,Jones,Greece,(614)474-8828x2885,dominicrodriguez@example.com,2021-06-14
3150,Austin,Howard,Eritrea,707.584.4057x8924,cristinawilliams@example.org,2022-04-06
3151,Carly,Stanley,United States of America,001-854-328-9765x623,maryblake@example.org,2022-06-25
3152,Jacob,Harris,Morocco,001-233-343-2517x8370,anthonyhall@example.com,2024-01-02
3153,Robert,Diaz,Iran,(752)253-5902,nicole45@example.com,2021-08-08
3154,Jessica,Keller,Japan,(730)474-0751,martinbianca@example.net,2024-05-04
3155,Karen,Sims,Georgia,+1-977-427-5354,sherri38@example.net,2020-01-05
3156,Caleb,Armstrong,India,+1-404-375-8906,noblemichael@example.org,2020-12-20
3157,Wendy,Boyer,Trinidad and Tobago,(502)788-7694,enash@example.com,2021-08-25
3158,Abigail,Montgomery,Saint Pierre and Miquelon,+1-997-475-4544x0791,urobinson@example.org,2025-11-30
3159,Jennifer,Scott,Christmas Island,(239)774-9543x852,ryoung@example.net,2020-07-15
3160,Brett,Allen,El Salvador,+1-384-898-3340x525,robin15@example.com,2021-12-04
3161,Timothy,Guzman,Bouvet Island (Bouvetoya),637-467-6363x0771,cynthia03@example.net,2022-05-09
3162,Crystal,Tucker,Moldova,+1-812-585-1971x31290,jennifer33@example.net,2020-09-08
3163,Joseph,Miller,Mayotte,253.969.4084,williamthompson@example.org,2020-10-12
3164,Katherine,Davis,Timor-Leste,311.617.8647x070,robinsonangela@example.org,2025-09-19
3165,Samantha,Nelson,Andorra,+1-521-479-0291,fcarter@example.com,2020-12-11
3166,Mary,Mercado,South Georgia and the South Sandwich Islands,5262504688,suttonamber@example.com,2024-03-21
3167,Patrick,Calderon,Belize,(227)959-2156x11403,kathleenhawkins@example.com,2021-05-16
3168,Glen,Molina,Costa Rica,+1-202-626-4155,eric05@example.net,2023-10-26
3169,Paul,Thomas,Tajikistan,987-842-9236,ernest43@example.org,2023-02-23
3170,Destiny,Garner,Spain,578.467.3839x5966,richard93@example.net,2025-11-28
3171,Wendy,Moran,Guinea-Bissau,001-520-432-4927,msanford@example.com,2023-04-18
3172,Joshua,Baker,Barbados,530-745-3171x6199,mjuarez@example.org,2025-08-19
3173,Theresa,Melendez,Suriname,229.599.8067x9294,ashleybyrd@example.com,2021-01-05
3174,Alyssa,Waller,Nicaragua,670.369.5628,pgonzalez@example.org,2020-08-13
3175,Gina,Chan,Isle of Man,227.270.6900,gonzaleslaura@example.net,2020-12-16
3176,Gina,Arroyo,Georgia,898.999.4954,hoganmichael@example.net,2025-03-27
3177,Wyatt,Valentine,Panama,001-576-525-4873x260,waltersdonald@example.net,2024-08-07
3178,Kyle,Sanders,Kenya,749-907-2418x411,brownashley@example.org,2021-04-14
3179,Monique,Powell,Canada,+1-885-211-7111,schneidersara@example.org,2022-06-19
3180,Alec,Woodward,Tuvalu,(399)704-9712,kaylee97@example.net,2020-09-12
3181,Jacob,Mendez,Uzbekistan,(819)867-9902,jasonfoster@example.com,2023-10-06
3182,Joseph,Hines,Korea,759.332.3493,neilaguirre@example.org,2026-01-23
3183,Zachary,Smith,Libyan Arab Jamahiriya,(470)342-5607,sandersalyssa@example.net,2023-08-17
3184,Mike,Thompson,Mauritius,(760)832-7475x79451,meganhunter@example.net,2021-10-23
3185,Jesse,Lewis,Papua New Guinea,389-947-3321,amberflores@example.com,2020-02-11
3186,April,Church,Algeria,433-772-0411,debbiegray@example.com,2024-03-22
3187,Jeff,Stephens,Belize,+1-301-511-5253x0624,ivasquez@example.org,2023-12-25
3188,Felicia,Jones,Niue,+1-739-737-5850x7651,michael73@example.com,2025-07-28
3189,Kimberly,Parks,Ecuador,(704)687-2982,laura45@example.org,2021-11-08
3190,Ashley,Love,Belgium,(259)348-9766x28218,candicegregory@example.org,2025-08-17
3191,Rebecca,Schmidt,Tajikistan,001-681-680-2735x413,johnathan37@example.net,2023-01-23
3192,Caroline,Little,Costa Rica,001-646-310-3751x1994,jbell@example.net,2024-07-12
3193,Ashley,Walsh,Mali,235-960-7294,richardjohnson@example.net,2023-01-14
3194,Peter,Thornton,Guyana,422.223.4426,westdana@example.com,2021-06-05
3195,Michelle,Bennett,Oman,(414)877-2638x804,afuentes@example.net,2020-10-17
3196,Robert,Dougherty,Saint Barthelemy,+1-569-378-8836x09214,tyronebooth@example.com,2025-08-14
3197,Alexander,Skinner,Micronesia,001-515-289-1702,williamburke@example.org,2020-01-30
3198,John,Hartman,Micronesia,213-601-7707,john26@example.net,2021-03-27
3199,Robert,Jackson,Armenia,001-435-496-7910x7732,thompsoncaroline@example.net,2025-04-19
3200,Kathryn,Burton,Guatemala,(334)674-8718,scott93@example.net,2020-01-10
3201,Brandon,Wood,Antarctica (the territory South of 60 deg S),(271)751-5628x644,ashley44@example.net,2024-02-05
3202,Timothy,Tran,Maldives,(332)633-8755,vjackson@example.com,2023-06-14
3203,Alexis,Dorsey,Montenegro,396.816.8326x105,dixonemily@example.net,2020-04-20
3204,Becky,Robinson,Costa Rica,999-230-2063,erinyoung@example.com,2023-06-02
3205,Shirley,Nolan,British Virgin Islands,703.290.5466x29921,wolfmorgan@example.net,2024-07-17
3206,Kenneth,Long,France,(384)582-7894,nealshawn@example.net,2022-11-01
3207,Amy,Garza,Saint Lucia,(458)789-0782,lhicks@example.com,2024-07-05
3208,Brian,Vasquez,United States of America,413.459.7764x4067,ashley24@example.net,2022-09-09
3209,Robert,Wade,Nicaragua,(753)618-0697x9408,ybeck@example.net,2021-01-11
3210,Juan,Flores,Australia,001-428-346-7815,patrickturner@example.net,2022-11-02
3211,Susan,Mclaughlin,Iceland,001-748-657-1352x51567,hgreene@example.org,2020-09-26
3212,Carrie,Luna,Chad,(245)943-0116x5497,hthomas@example.net,2024-03-20
3213,Darryl,Neal,Guyana,857-901-2429x833,brittanywilliams@example.org,2022-06-13
3214,Bryan,Bennett,Turks and Caicos Islands,277.338.2253x19222,jordannancy@example.org,2021-08-12
3215,Thomas,Evans,Zimbabwe,+1-505-316-6967x1458,cavila@example.org,2023-01-06
3216,Anthony,Callahan,Antarctica (the territory South of 60 deg S),778-458-2690x139,justin51@example.org,2021-07-31
3217,Andrea,Lewis,Saint Vincent and the Grenadines,001-639-546-6404x1608,faithhall@example.com,2023-12-25
3218,Gregory,Gross,New Zealand,873-285-9415x84704,castrojustin@example.com,2021-08-25
3219,Krystal,Wilson,Paraguay,001-854-574-9797x4727,margaret04@example.org,2020-08-18
3220,Robert,Werner,Argentina,+1-892-826-8763,esmith@example.com,2020-02-21
3221,Jennifer,King,Monaco,825.440.4375,jessicasandoval@example.net,2022-03-05
3222,Rebecca,Taylor,Chile,+1-761-707-1613,fherrera@example.org,2025-12-16
3223,Eric,Rhodes,Norway,9194265584,josephsmith@example.net,2023-11-03
3224,Robert,Velez,Bouvet Island (Bouvetoya),(623)487-9284x169,ychapman@example.net,2022-07-20
3225,Michael,Chang,Suriname,+1-557-841-2570x29729,ipena@example.com,2020-10-02
3226,Brooke,Hernandez,Djibouti,001-890-646-8310x167,aaronbrown@example.net,2020-09-21
3227,Jamie,Flores,Chad,+1-887-947-9552,xcastro@example.com,2020-11-05
3228,Andrea,Allen,Costa Rica,+1-794-912-2887x8786,jimmylittle@example.org,2021-10-13
3229,Glenda,Holland,Bolivia,244.421.0106x1890,graveselizabeth@example.org,2020-07-22
3230,Brian,Rivera,Kuwait,830.661.3885x222,aprilcowan@example.net,2021-11-02
3231,Susan,Murray,Moldova,285-342-8549x9059,darrellmitchell@example.org,2023-03-13
3232,Adam,Mahoney,Denmark,001-570-738-6807,kimberly74@example.com,2024-12-12
3233,Katherine,Moore,Cameroon,(819)980-1334x7345,ytaylor@example.net,2023-03-28
3234,Victoria,Jackson,Gibraltar,864.579.9632,wnguyen@example.org,2020-01-26
3235,Natalie,Guerrero,Zambia,+1-569-947-7778x744,toddingram@example.net,2025-02-24
3236,Kaitlin,Archer,Puerto Rico,729-910-7896x02375,anthony62@example.net,2024-04-14
3237,Robert,Carter,Myanmar,001-331-695-0760x004,michellelewis@example.org,2022-08-22
3238,Katrina,Mccoy,Paraguay,254.444.4508x022,jennifercaldwell@example.com,2023-02-13
3239,Frank,Harper,Mauritius,+1-362-836-2512x178,danielle67@example.com,2025-01-14
3240,Patrick,Cunningham,San Marino,(469)569-3025,dcunningham@example.com,2024-08-06
3241,Jessica,Mack,Western Sahara,670-254-8892x33600,ctanner@example.org,2021-09-19
3242,Tammy,Martin,Iceland,844.436.3620,dscott@example.com,2025-12-26
3243,Linda,Bowman,Russian Federation,859-483-4256x14501,bmiller@example.org,2021-02-19
3244,Brittany,Roberts,Ethiopia,(426)203-4381,andersonsteven@example.org,2024-04-12
3245,Lori,Adams,Guatemala,+1-253-252-3355x33898,fowlerphillip@example.net,2021-08-27
3246,Jessica,Mendoza,Equatorial Guinea,548.320.4330x6140,gonzalezjessica@example.org,2026-01-09
3247,Alec,Taylor,Finland,797.356.6753x9762,holmesmark@example.com,2023-02-16
3248,Dakota,Wells,Ecuador,(754)843-5876x5471,dawn70@example.com,2022-09-24
3249,Alex,Richardson,Faroe Islands,272.781.9825,ybaker@example.net,2024-09-22
3250,Richard,Mendoza,Taiwan,+1-398-298-9884x1868,gonzalezmark@example.org,2025-06-15
3251,Sarah,Cortez,Hungary,470-818-8609x548,luke90@example.com,2025-11-29
3252,Scott,King,Libyan Arab Jamahiriya,001-857-949-3900,donaldsonbrandi@example.net,2020-05-29
3253,Deborah,Sullivan,Norfolk Island,865-255-6429,latoya67@example.com,2026-01-24
3254,Patricia,Johnson,Wallis and Futuna,+1-323-508-8622,jordandanielle@example.org,2023-08-19
3255,Robert,Johnson,Papua New Guinea,+1-284-588-4369,gjones@example.com,2025-05-12
3256,Kathryn,Baker,Bermuda,(897)528-2999x316,leealex@example.com,2023-03-07
3257,Alexander,Serrano,Ecuador,(938)836-6654,lindsaygreen@example.org,2021-02-01
3258,Randy,Snyder,Kuwait,+1-781-451-0651x4174,craigbarnes@example.org,2021-09-06
3259,Jesse,Johnson,Mauritania,349.374.9093x33457,leonmatthew@example.net,2022-01-06
3260,Gerald,Whitaker,Anguilla,001-914-878-6034x5895,jessicarobinson@example.net,2021-11-04
3261,Michael,Bennett,Vietnam,338.508.9567x77196,jordanjoel@example.org,2022-11-01
3262,Julia,Crawford,Brazil,+1-445-243-5518,wphelps@example.org,2025-10-05
3263,John,Roberson,New Caledonia,001-476-790-0341x906,lauramooney@example.net,2021-10-27
3264,Steven,Miller,Solomon Islands,001-788-823-0703x91163,wbarrett@example.com,2021-02-13
3265,Yesenia,Kim,Dominican Republic,554.688.3514x40782,padilladeanna@example.com,2020-01-12
3266,Justin,Anderson,Sierra Leone,3368029779,nicole22@example.net,2023-11-26
3267,John,Copeland,Tanzania,+1-820-491-9778x21562,xtaylor@example.net,2025-12-05
3268,Tiffany,Dominguez,Guatemala,+1-432-651-3277x059,egarcia@example.com,2020-08-29
3269,Mary,Brown,Hungary,(581)877-3634x910,walkersteven@example.net,2020-07-27
3270,Matthew,Robinson,Namibia,743.354.4311x5669,clittle@example.org,2024-09-19
3271,Tyler,Romero,Nicaragua,622-730-6638x24414,qgutierrez@example.org,2025-05-08
3272,David,Wood,Congo,692-781-7748x19871,qcurtis@example.net,2023-06-13
3273,Andrea,Wilkinson,Cocos (Keeling) Islands,+1-986-274-8969,wendyfowler@example.com,2023-08-16
3274,Christopher,Wilson,Mexico,764-804-5844,bruce35@example.org,2025-09-27
3275,Melissa,Mcbride,Bhutan,+1-310-285-1171x996,ryan02@example.com,2021-05-04
3276,Heidi,White,Burkina Faso,(509)703-0157,eugenesimmons@example.org,2022-07-31
3277,Vickie,Marshall,Hungary,9219774905,tmcdaniel@example.com,2022-09-07
3278,Michelle,Castillo,Zimbabwe,917.774.0051x5035,rward@example.org,2021-10-12
3279,Laura,Webster,Pitcairn Islands,+1-718-964-7163x608,crystalruiz@example.com,2024-12-14
3280,Jared,Rogers,Madagascar,(572)819-5581x44752,pshaw@example.net,2020-12-13
3281,Breanna,Sims,Azerbaijan,(596)654-3925x1628,mark56@example.org,2021-09-28
3282,Lynn,Wood,Namibia,(682)566-4541,kristenhall@example.org,2022-08-11
3283,Kenneth,Henderson,Yemen,644.424.7159x62417,ycarter@example.org,2020-10-03
3284,Brittany,Conrad,Saint Pierre and Miquelon,887-777-3171,hartmanjennifer@example.net,2025-12-26
3285,Nancy,Lewis,Marshall Islands,232-317-3703,amanda96@example.org,2020-11-21
3286,Brenda,Baker,Christmas Island,001-727-578-5207x968,obrown@example.com,2026-03-06
3287,Brandon,Stone,Saint Kitts and Nevis,370.812.1845x937,hmcintyre@example.org,2026-01-03
3288,Christine,Larson,Yemen,001-975-370-5662x444,gowens@example.com,2025-07-30
3289,Laura,Gordon,Aruba,(960)755-0263,mweber@example.org,2021-03-12
3290,Kenneth,Thomas,Jersey,001-906-672-2802x601,christensentracy@example.com,2021-07-02
3291,Ricky,Bradley,Norway,878-383-0849x94002,michelle18@example.com,2020-02-20
3292,Randy,Ramsey,El Salvador,584.250.8555x872,leslie65@example.net,2022-05-08
3293,Juan,Cruz,Yemen,778-793-6953,christina57@example.com,2024-05-22
3294,Darrell,Scott,Sierra Leone,954-638-3992x8833,lperez@example.com,2024-06-05
3295,Susan,Haynes,Andorra,254-777-5475x80432,michellehamilton@example.net,2021-12-01
3296,Brianna,Mccoy,China,+1-842-589-4304x236,jordanmoore@example.org,2025-05-11
3297,Jermaine,Werner,Nigeria,(502)432-2388,cdavis@example.net,2023-08-05
3298,Rebecca,Martin,Tokelau,582.721.7353x183,kcummings@example.org,2026-01-11
3299,Maria,Cuevas,France,(508)917-5698x2895,taylor76@example.org,2020-03-06
3300,Terri,Hunt,India,949-739-3955,petersonabigail@example.net,2024-12-04
3301,Jason,Miranda,Bahamas,913-628-1479x01147,james15@example.com,2022-10-25
3302,Rachel,Horne,Cote d'Ivoire,891.546.1724,sbailey@example.com,2024-07-22
3303,Susan,Blackwell,Saudi Arabia,+1-462-865-5166x10450,msmith@example.org,2025-10-30
3304,Dustin,Mitchell,Syrian Arab Republic,+1-816-849-1914,fisherjeffery@example.org,2024-04-25
3305,Summer,James,Poland,957-634-9361,wfarmer@example.net,2024-08-09
3306,Andrew,Archer,Poland,001-748-418-3278x753,barberheather@example.com,2022-10-14
3307,Sarah,Johnson,Mongolia,735.442.0549x2782,rachaelroy@example.net,2024-01-13
3308,Mark,Sexton,Bangladesh,001-634-353-3226x83211,jose46@example.net,2022-01-05
3309,Elizabeth,Turner,Bahrain,+1-435-465-2276x730,qstone@example.net,2024-06-01
3310,Troy,Montgomery,Argentina,001-606-735-0610x2363,robbinsjon@example.com,2020-07-13
3311,Jennifer,Anderson,Algeria,(890)399-4656x90404,bakerjose@example.org,2021-10-13
3312,Kimberly,Snow,Heard Island and McDonald Islands,(379)519-1719x4439,paulmurphy@example.org,2020-03-21
3313,Tracy,Williams,Malaysia,001-448-892-7665x19758,ortizkathleen@example.org,2025-09-14
3314,Shannon,Stewart,North Macedonia,502.760.8022x94072,parkermonica@example.org,2025-05-05
3315,Maureen,Perry,Canada,(835)721-5874x9128,mmedina@example.com,2021-01-04
3316,Shane,Anderson,United Arab Emirates,641-755-0408,clairetaylor@example.com,2026-01-16
3317,Jamie,Bass,Bahrain,885-618-2761,qjackson@example.org,2022-08-13
3318,Cynthia,Benitez,Christmas Island,666.353.8795,christinesoto@example.net,2023-03-09
3319,Alison,Flynn,Venezuela,345-383-8563x55689,andersonalison@example.org,2023-09-17
3320,Hannah,Fisher,Thailand,891.379.7723x230,kerrsusan@example.net,2021-08-11
3321,Diane,Morris,Russian Federation,+1-598-883-9489x81595,krystal96@example.com,2025-07-28
3322,Julia,Martinez,Anguilla,432.787.4734,amandasmith@example.com,2026-01-25
3323,Jimmy,King,Gibraltar,+1-311-246-9507x453,kyleblackwell@example.net,2021-12-11
3324,Lori,Parker,Saint Lucia,(756)203-8562x72812,boydlaura@example.com,2024-11-27
3325,Megan,Foley,Iran,+1-411-299-5185x599,twhite@example.com,2024-04-28
3326,Sheryl,Diaz,Saint Helena,4564642485,gsmith@example.org,2022-06-26
3327,Theresa,Martinez,Sweden,970-429-0971,tgibson@example.com,2020-02-13
3328,Courtney,Howard,Angola,(766)787-9163,barbarahill@example.com,2026-02-04
3329,Heather,Johnson,Cambodia,212-805-1561x21664,rbriggs@example.org,2024-07-27
3330,Tony,Ruiz,Venezuela,001-229-846-8201x678,zgraham@example.com,2025-10-12
3331,Tony,Walton,Luxembourg,933-440-3056,bsalas@example.com,2026-02-03
3332,Maria,Smith,Guernsey,(969)286-0542,xortiz@example.net,2020-01-07
3333,Brittany,Krueger,Uruguay,(875)738-5094,kevinjames@example.net,2024-02-20
3334,Amber,Howard,British Virgin Islands,(240)426-2720x40688,sarahlove@example.net,2020-03-02
3335,Christina,Mason,India,713.605.5018x5292,alexanderwilliams@example.com,2023-09-03
3336,Michelle,Brown,Falkland Islands (Malvinas),243-950-8143x3299,ltaylor@example.net,2023-12-12
3337,Ricky,Rangel,Russian Federation,774-427-5315x901,patrickpeters@example.net,2025-10-22
3338,Angela,Long,Algeria,(985)791-7794,staceyrussell@example.net,2020-04-15
3339,Antonio,Johnson,Austria,619.597.8335x37140,mcmahonstephen@example.net,2023-03-25
3340,Phillip,Perry,Saint Lucia,387.834.0765x320,lisa65@example.com,2025-02-04
3341,Jennifer,White,United States Minor Outlying Islands,272.468.8218x4964,fgreen@example.net,2024-01-11
3342,Sara,Holland,Bahrain,+1-225-855-8910,josephcole@example.org,2023-12-04
3343,Carla,Clark,Iceland,668.489.3392,nford@example.com,2024-04-10
3344,James,Mendoza,Bouvet Island (Bouvetoya),+1-234-837-2382,sherri42@example.org,2025-11-13
3345,Andrea,Jones,Pakistan,581-805-2507x35977,ryan39@example.org,2023-03-26
3346,William,Fox,French Polynesia,+1-692-751-0566x222,ehall@example.org,2021-08-07
3347,Stephen,Johnson,Myanmar,+1-589-939-2033,brianrobertson@example.net,2020-02-03
3348,Samantha,Hansen,Philippines,656.426.7894x6380,zadams@example.com,2023-05-01
3349,Joseph,Baker,Bouvet Island (Bouvetoya),+1-455-453-8265x58652,kevin70@example.org,2025-02-12
3350,Bryan,Smith,Brazil,426-532-0788,wsmith@example.com,2023-06-22
3351,Brittany,Sharp,Latvia,+1-694-567-2745x89365,trevorwillis@example.net,2024-07-24
3352,Belinda,Miller,Lebanon,9763525529,karenwalsh@example.net,2024-12-01
3353,Deanna,Rodriguez,Jersey,981.334.7364x6514,juliewilson@example.org,2022-12-25
3354,Jennifer,Butler,Angola,583-980-3560x909,zwoods@example.com,2024-09-09
3355,Robert,Robbins,Turkey,+1-516-598-5818x285,cwilson@example.org,2022-10-20
3356,Brandi,Briggs,Bangladesh,518.535.5964x88273,deannacoleman@example.com,2021-05-09
3357,James,Murphy,Comoros,(701)267-7871x64561,tracyryan@example.com,2023-07-22
3358,Julie,Fischer,Algeria,5357213906,christina33@example.com,2022-04-09
3359,Timothy,Hardy,Kazakhstan,844-477-1956x2556,angelavega@example.com,2021-02-14
3360,Crystal,Foster,Hungary,001-487-793-2444,lindseywilson@example.net,2020-08-02
3361,Joel,Hogan,South Africa,201.446.7985x222,snyderhannah@example.com,2023-01-18
3362,Alexander,Rice,Luxembourg,001-988-647-4415x861,melissa73@example.net,2026-01-29
3363,Jose,Abbott,Netherlands Antilles,360-378-7781,albertrodriguez@example.org,2025-10-07
3364,Briana,Thomas,Maldives,(704)412-4662,michael36@example.net,2023-12-26
3365,Ruth,Miller,Haiti,251.228.8981x396,johnny47@example.com,2020-04-29
3366,Carrie,Santiago,Bahrain,001-681-899-6285x3995,villarrealstephanie@example.net,2025-10-10
3367,Michelle,Lopez,Cote d'Ivoire,(325)867-4449x36031,lesliewelch@example.com,2020-02-26
3368,Breanna,Miles,Djibouti,3274830737,scott30@example.org,2023-04-04
3369,Thomas,Morales,Germany,(272)278-4467x8537,davissean@example.org,2024-08-30
3370,Kristen,Wiggins,Maldives,331-383-3381x4542,loripreston@example.com,2022-12-21
3371,Kimberly,Moore,Saudi Arabia,938.996.4830x30787,franklinerin@example.org,2020-02-25
3372,Rebecca,Mckenzie,Timor-Leste,+1-745-877-9165x70675,ualexander@example.org,2022-01-05
3373,Deborah,Dixon,Heard Island and McDonald Islands,(273)481-9916,johnsontaylor@example.org,2021-03-03
3374,Yolanda,Keith,Djibouti,001-609-225-0526x52860,summerdavis@example.net,2022-07-29
3375,Marcus,Reyes,Paraguay,232.658.7307,jeffrey13@example.net,2022-09-17
3376,Jennifer,Cook,Argentina,+1-538-395-9340,mistyparker@example.net,2023-02-11
3377,Jessica,Shelton,France,792.578.6681x299,tara36@example.net,2024-04-07
3378,Kaitlyn,Murphy,Burkina Faso,710.532.0031,elizabethrowe@example.net,2021-02-06
3379,Edwin,Stevens,Western Sahara,+1-881-462-9258x1313,zachary89@example.org,2021-02-05
3380,Steven,Conway,Kyrgyz Republic,883.388.8619x9185,derek59@example.com,2024-02-27
3381,William,Pearson,Poland,891.443.2630x4289,carl04@example.org,2025-08-29
3382,Rachael,Miller,Timor-Leste,001-480-446-8565,ccochran@example.com,2023-04-05
3383,Brandy,Casey,Philippines,001-998-428-0733x9766,gcarter@example.net,2024-03-01
3384,Michael,Brown,Suriname,(550)367-8977x84974,michaelsmith@example.net,2026-01-01
3385,Meghan,West,Singapore,217-429-2544,justin23@example.org,2025-09-24
3386,James,Robinson,Iraq,457-244-3449,jenniferwilliamson@example.com,2024-04-10
3387,Eduardo,Martin,Cayman Islands,925.782.6410x3828,langadam@example.org,2020-03-10
3388,Joseph,Hicks,Saudi Arabia,6813764215,ashleybyrd@example.org,2023-12-30
3389,David,Garrett,Fiji,+1-711-319-2014x330,dnelson@example.com,2024-04-19
3390,Maxwell,Lewis,Saint Vincent and the Grenadines,(201)327-7397x9965,jbryant@example.net,2024-07-10
3391,Tony,Leonard,Brazil,001-816-965-3360,catherine78@example.net,2020-11-09
3392,Haley,Reid,Maldives,799-325-8271x689,david22@example.com,2024-05-08
3393,Brian,Clark,Cote d'Ivoire,+1-662-466-7623x0787,melanie87@example.org,2024-09-14
3394,Jeffrey,Brown,Taiwan,979-507-0699x840,mrobertson@example.com,2020-04-01
3395,Danielle,Robertson,Lithuania,+1-523-384-1848x50054,mariamason@example.net,2024-02-07
3396,Tonya,Perez,Korea,(958)716-2976,taylorapril@example.org,2020-03-31
3397,Thomas,Hardy,Finland,+1-842-423-4771x45752,gabrielle81@example.com,2020-02-22
3398,Seth,Smith,Poland,+1-672-348-5028x0536,jasmine27@example.org,2020-11-10
3399,Angela,Garcia,Portugal,9962334637,zbrown@example.com,2020-08-17
3400,Jessica,Caldwell,Senegal,+1-266-385-2154x5837,rodriguezkylie@example.org,2025-12-15
3401,Chris,Hunt,Wallis and Futuna,001-657-618-2100x58688,ibarrashelley@example.com,2021-08-20
3402,Jennifer,Cole,Bosnia and Herzegovina,439-294-2460,ccurtis@example.com,2020-03-27
3403,Christina,Wolf,Sao Tome and Principe,(537)874-9480x31203,christianhall@example.org,2021-06-24
3404,Dakota,Holland,San Marino,001-410-921-7873x80589,poolejohn@example.net,2020-01-06
3405,Debbie,Love,Netherlands,+1-930-466-4370x679,andrea78@example.org,2022-10-26
3406,Kyle,Jones,Peru,868.331.6352x1433,jadebaird@example.com,2025-04-26
3407,Sandra,Nichols,Italy,831-744-8148,andreamcbride@example.com,2025-05-15
3408,Robert,Harris,Korea,+1-479-342-4521x294,jacksonkimberly@example.com,2021-12-05
3409,Gabrielle,Morrison,American Samoa,001-307-749-2206x02166,davisann@example.net,2024-08-12
3410,Robert,Bray,Sweden,001-842-548-3451x8419,cevans@example.net,2023-12-30
3411,Belinda,Rice,Bouvet Island (Bouvetoya),001-385-714-2381,weisscharles@example.net,2025-11-28
3412,Justin,Quinn,Burundi,310-625-8868x933,rebecca36@example.org,2023-04-25
3413,Julia,Burton,Lesotho,634.761.6766x14453,michael51@example.org,2023-03-15
3414,Angelica,Kaufman,British Indian Ocean Territory (Chagos Archipelago),9357511948,achandler@example.org,2024-05-12
3415,Amanda,Christian,Tunisia,773-364-3688x0994,michael32@example.com,2021-09-09
3416,Deborah,Cruz,Saint Lucia,001-968-747-1775,nicholasspencer@example.org,2024-09-30
3417,Kenneth,Barry,Nigeria,798-745-2037x69921,richardcharles@example.com,2024-09-02
3418,Vicki,Kelley,Oman,697.517.9549,steinjamie@example.net,2025-07-17
3419,Michael,Barton,Saint Kitts and Nevis,001-252-357-1820,christiemitchell@example.org,2020-06-26
3420,Joel,Best,Palau,2272018367,paul73@example.net,2024-12-03
3421,Angelica,Wilkinson,Oman,643-988-2744x98402,jonesjacqueline@example.org,2020-02-04
3422,Robert,Peterson,Cote d'Ivoire,846-864-7743x678,shannon26@example.net,2024-07-24
3423,Jessica,Cooke,Slovakia (Slovak Republic),+1-713-611-6203,zbarajas@example.com,2025-11-15
3424,Karl,Larson,Nepal,820.625.7647,anthonycervantes@example.org,2021-05-21
3425,Roger,Gray,Guam,364.320.7709x0164,jeffrey31@example.net,2022-04-06
3426,Michael,Green,Trinidad and Tobago,(655)709-8867,destinygarcia@example.com,2022-04-23
3427,Brenda,Olson,Togo,(334)228-5153x5022,hannah05@example.net,2022-01-26
3428,Jack,Romero,Moldova,934-414-1342x51464,jared94@example.com,2024-07-25
3429,Paula,Solomon,Venezuela,+1-289-201-5744x76064,kthomas@example.net,2020-09-12
3430,Mark,Coleman,Saudi Arabia,274-380-6394x16975,smithjoy@example.net,2021-03-13
3431,Amanda,Thompson,Belgium,+1-551-700-6087x2639,wangdawn@example.com,2025-11-16
3432,Mark,Brown,Tonga,(585)454-9687x2865,rhonda48@example.net,2022-05-05
3433,Dominique,Peters,Mozambique,001-736-431-0614x6379,williamcruz@example.net,2025-04-06
3434,Isaiah,Miller,Chile,968.513.7442x365,ashley40@example.com,2025-06-29
3435,Robert,White,British Indian Ocean Territory (Chagos Archipelago),+1-258-494-6527x45990,petersonnichole@example.org,2025-07-25
3436,Maria,Reyes,Romania,001-521-984-0640x40697,ronaldhowe@example.net,2021-04-23
3437,Janet,Rodriguez,Czech Republic,953.672.4143x3556,lorijohnson@example.com,2021-02-14
3438,Matthew,Johnston,Bouvet Island (Bouvetoya),998.872.9051x14993,nancy41@example.org,2025-06-22
3439,Paul,Obrien,Grenada,(402)767-8681x8106,waltonsteven@example.net,2020-07-10
3440,Kelly,Taylor,Kazakhstan,001-920-858-3987x079,justinpowers@example.com,2020-10-31
3441,Melissa,Wright,Morocco,(817)291-0013x5486,michael72@example.net,2020-10-07
3442,Monica,Jensen,Korea,(600)389-7273x591,rodriguezmichael@example.org,2025-01-09
3443,Austin,Owen,Martinique,+1-860-969-5570x70219,joannecarter@example.com,2024-01-31
3444,Alexis,Ellis,Cook Islands,001-997-269-3957x563,daniel23@example.com,2020-03-27
3445,Juan,Kennedy,Gabon,001-870-285-7323x0274,medinaandrea@example.com,2020-10-25
3446,Kristen,Woods,Rwanda,+1-353-866-1439x51909,conniebrady@example.net,2025-02-07
3447,Mary,Kane,Kiribati,+1-213-762-5161x6958,tina46@example.net,2020-08-22
3448,Janet,Walker,Spain,(828)205-7274x13708,youngtimothy@example.net,2021-04-12
3449,Mark,Johnson,Indonesia,999.910.8732,andrewbooker@example.org,2023-05-24
3450,James,Robinson,Uganda,(212)443-6116,matthewsmith@example.org,2022-10-15
3451,Rebecca,Moon,Canada,001-934-336-1922x4896,bjackson@example.net,2021-07-11
3452,Debra,Klein,Lesotho,(267)335-3526,alyssa10@example.org,2023-01-06
3453,John,Strickland,South Georgia and the South Sandwich Islands,324-670-4382x36231,opark@example.net,2024-09-11
3454,Victoria,Carroll,Ukraine,+1-514-846-7013x0216,dawn63@example.net,2022-09-27
3455,Willie,Roy,Libyan Arab Jamahiriya,(678)527-5030,hollywheeler@example.net,2020-06-22
3456,Thomas,Kaiser,South Georgia and the South Sandwich Islands,706-956-0124x65130,patriciacortez@example.net,2026-02-21
3457,Robin,Martin,Italy,(311)379-2674x791,omiller@example.org,2022-06-28
3458,Brandon,Burns,Saint Helena,987-673-5602,travisbarnes@example.net,2022-01-18
3459,Nancy,Marshall,Chad,001-226-823-4231x9580,jvargas@example.net,2024-04-23
3460,Matthew,Brown,Kyrgyz Republic,+1-244-812-3931x901,erikthomas@example.org,2020-08-22
3461,Stuart,Kelly,Bulgaria,(380)836-1353,lmason@example.net,2020-06-26
3462,Leslie,Carroll,Chile,648-746-3935x57854,wellskyle@example.com,2023-12-13
3463,Nicole,Guzman,Nauru,4242572800,johnjohnson@example.org,2023-12-10
3464,Michael,Soto,Papua New Guinea,329-714-0789x816,williamsmark@example.com,2021-05-14
3465,Melissa,Johnson,Venezuela,(855)396-0598x553,amychang@example.org,2020-10-31
3466,Erica,Farley,Mali,+1-362-951-1662x2420,icannon@example.org,2020-11-04
3467,Kimberly,Thomas,Denmark,756.643.9719x7783,vargaswilliam@example.org,2025-11-06
3468,Steve,Moore,Saint Martin,+1-697-273-1071,robertsbrianna@example.org,2023-07-08
3469,Charles,Moore,Lesotho,517-642-7345,brandonsimon@example.org,2023-03-06
3470,Mary,Green,Fiji,9702314863,danielescobar@example.net,2026-01-14
3471,Roger,Cook,Guinea,+1-544-411-8211x2217,pattonbrooke@example.org,2023-01-16
3472,Rhonda,Randall,Tuvalu,550.832.0604x86903,bailey11@example.com,2025-01-09
3473,Justin,Juarez,Malta,910-506-0476,davidward@example.net,2020-08-17
3474,Kevin,Williams,Korea,001-656-774-3750,jeffery36@example.net,2022-01-11
3475,John,Johnson,Korea,001-703-985-1611x7687,nmcpherson@example.com,2023-10-01
3476,Denise,Rice,Guinea-Bissau,546.631.0503,jeremycarroll@example.net,2020-06-17
3477,Alyssa,Perry,Togo,(281)977-8273x8751,pruittmisty@example.org,2023-08-04
3478,Karen,Ho,Libyan Arab Jamahiriya,278.880.9667x0273,timothy16@example.org,2022-10-03
3479,Audrey,Smith,French Polynesia,220.836.6660x4355,christopher23@example.org,2024-06-04
3480,Laura,Vargas,British Indian Ocean Territory (Chagos Archipelago),(570)401-4333x04821,johnlewis@example.com,2021-02-09
3481,Jeremiah,Wells,Senegal,508-368-1081x602,gillespieanthony@example.org,2020-06-18
3482,Lisa,Cooper,United Kingdom,+1-432-250-8416x9774,erin21@example.org,2023-10-22
3483,Aaron,Irwin,Uruguay,4798896928,douglasmason@example.com,2023-04-16
3484,Benjamin,Henderson,Zambia,001-328-733-4263x996,johnsonandrea@example.net,2021-04-11
3485,Emily,Ford,Benin,(304)382-9657,lauramathis@example.org,2023-01-29
3486,Matthew,Burton,Uganda,001-730-757-6028x395,lewisshannon@example.org,2024-07-11
3487,Jennifer,Adams,Christmas Island,+1-749-309-8887x36085,coxrickey@example.com,2023-10-31
3488,John,Richardson,Dominican Republic,(289)298-9794x278,april18@example.org,2024-08-06
3489,Mary,Kelley,Oman,(569)436-4833,otorres@example.com,2020-08-08
3490,Samantha,Hebert,Andorra,303.236.3294x187,kleinjoseph@example.org,2025-07-08
3491,Nicole,James,Congo,001-932-953-5887x2865,nunezsara@example.net,2023-02-25
3492,Daniel,Ferguson,Uzbekistan,235.276.3180x90863,rachelsmith@example.net,2024-11-17
3493,Benjamin,Suarez,Maldives,001-687-876-8174x6321,fwilliams@example.com,2022-03-13
3494,Vanessa,Brown,Mayotte,5757129470,loganjoe@example.com,2020-05-14
3495,Dylan,Tyler,Iraq,+1-558-822-6796,david78@example.com,2025-08-23
3496,Corey,Monroe,Canada,001-769-932-0054,elizabeth96@example.org,2024-09-08
3497,Nancy,Maldonado,Sao Tome and Principe,(398)265-0728x4796,christineshields@example.org,2020-08-15
3498,Thomas,Martin,United States of America,+1-251-859-3348x3246,xhart@example.com,2025-11-06
3499,Curtis,Vargas,Norfolk Island,(882)564-3380x89720,anthony34@example.net,2020-06-14
3500,Linda,Day,Saudi Arabia,+1-496-441-5665x59669,edwin43@example.org,2023-10-15
3501,Michael,Miller,Japan,(788)387-2496,michaeltate@example.net,2020-07-24
3502,Kenneth,Jordan,Paraguay,838-725-2055x3170,ismith@example.net,2022-05-31
3503,Matthew,Sanders,Netherlands Antilles,001-788-649-4823x5023,kellerjohn@example.com,2025-06-05
3504,Joy,Vargas,Zambia,572.226.5805,christopherfitzpatrick@example.com,2021-05-10
3505,Eric,Coleman,Iran,5777311062,kaitlyn82@example.net,2022-01-27
3506,Emily,Olson,Korea,928-811-2451x068,robinking@example.com,2021-04-01
3507,Christopher,Allen,Eritrea,420-204-3947x341,eburnett@example.org,2021-09-26
3508,Frances,Mosley,Turks and Caicos Islands,594.278.1870x41683,bking@example.com,2020-03-23
3509,Shane,Johnston,Hong Kong,4534286342,jenniferrussell@example.org,2020-05-21
3510,Cody,White,Montserrat,974-771-3615x89240,vgonzales@example.com,2023-06-11
3511,Caroline,Clark,Marshall Islands,+1-265-353-3452x88832,kelsey17@example.net,2021-06-08
3512,Anthony,Howell,Guinea,(515)500-5433,annamorris@example.org,2022-05-15
3513,Melissa,King,Falkland Islands (Malvinas),+1-223-837-8262x52754,jrivera@example.org,2026-02-27
3514,Nathan,Page,Tunisia,925.367.6660,mgonzalez@example.net,2020-10-13
3515,Christina,Miller,Tunisia,+1-495-494-9542,kingstephanie@example.org,2024-10-03
3516,Kevin,Erickson,Antigua and Barbuda,+1-655-494-4814x02816,joandavis@example.net,2023-06-01
3517,Jeremy,Lopez,Chile,(358)541-7196x07033,christopherdavis@example.org,2021-04-24
3518,Stephen,Deleon,Isle of Man,6904398269,wwhite@example.net,2022-11-05
3519,Kari,Hall,Ireland,940-266-8982x2046,heathermendoza@example.org,2026-02-14
3520,Bruce,Wilson,Barbados,690.508.6931x546,george21@example.net,2020-01-01
3521,Jennifer,Harper,Bermuda,(287)833-2981,meghan56@example.net,2023-10-30
3522,Monique,Nelson,China,(813)767-5682,qbrown@example.com,2024-04-24
3523,Robert,Rogers,Myanmar,001-705-969-6211x4968,steven83@example.org,2022-03-05
3524,Jenny,Smith,Portugal,(902)629-6042x7099,yglenn@example.com,2026-01-28
3525,Samantha,Ryan,Holy See (Vatican City State),001-892-631-3270x86719,kristi80@example.com,2023-02-16
3526,Brandon,Navarro,Rwanda,001-514-304-7624,pvaldez@example.com,2024-02-07
3527,Patricia,Guerrero,French Southern Territories,(496)554-3801x05873,david89@example.com,2024-04-24
3528,Kayla,Wright,Sweden,(717)984-5042x378,smithsamantha@example.org,2024-03-09
3529,Bryan,Washington,Guam,001-300-456-1874x1013,diazashley@example.net,2023-10-31
3530,Jason,Long,Sierra Leone,(610)654-8790,farmstrong@example.net,2022-02-15
3531,Kelly,Kirk,Montserrat,409-463-8494x298,markmay@example.com,2025-08-06
3532,Jane,Gould,Guadeloupe,001-445-386-6513x6252,udavis@example.com,2025-02-06
3533,Ronald,Blair,Guatemala,652.418.4738x0882,hillalbert@example.org,2021-12-01
3534,Alan,Gentry,Kiribati,(591)505-7735,robincook@example.org,2020-03-03
3535,Jessica,Davis,Netherlands Antilles,7873319408,pittskathy@example.com,2024-05-12
3536,Gary,Lee,Tonga,+1-566-820-5388x11433,marquezsusan@example.net,2021-09-20
3537,Matthew,Mckenzie,Mali,001-660-492-6082x68400,krhodes@example.org,2023-04-21
3538,Caleb,Small,Dominica,(414)739-7780x6381,travis08@example.com,2023-05-27
3539,Julia,Smith,Cayman Islands,749-336-0777,james40@example.net,2025-04-08
3540,Aaron,Williams,Panama,807-963-4565x3331,pearsonapril@example.org,2022-09-23
3541,Michael,Lara,Malawi,(486)256-0874x69864,cassandra49@example.com,2021-12-27
3542,Joshua,Mcgee,Montserrat,+1-636-952-3007x3521,leah84@example.org,2021-11-17
3543,Beverly,Glover,Taiwan,001-268-918-9099x79982,qmata@example.com,2024-08-07
3544,Ashley,James,Madagascar,+1-895-677-6319x995,chayes@example.com,2023-05-15
3545,Kimberly,Rice,Czech Republic,+1-971-330-6962,douglas46@example.org,2021-01-28
3546,Sandra,Arnold,American Samoa,6049940806,lopezjeremy@example.net,2025-06-07
3547,Donna,Collins,Bolivia,001-277-551-1505,logan42@example.com,2020-01-25
3548,Christopher,Salazar,Mali,404.526.2741x4198,jasonmorgan@example.net,2024-11-18
3549,Richard,Simon,Dominican Republic,+1-514-689-3283x9899,carolynlambert@example.net,2025-12-25
3550,Anthony,Saunders,Liberia,001-209-608-8521,watkinsgabriel@example.net,2022-11-08
3551,Alexandria,Miller,North Macedonia,(866)814-9298x46428,wmitchell@example.com,2023-12-15
3552,Donald,Walter,Guatemala,357.346.1599,nicoleaguilar@example.org,2021-12-08
3553,Courtney,Stout,Gambia,348-415-6444x410,durhamsherri@example.org,2024-02-18
3554,Jimmy,Stout,Puerto Rico,776.832.8673x876,nathanhughes@example.com,2022-03-27
3555,Jessica,Roach,Bangladesh,+1-965-574-2190,lisa74@example.org,2023-04-26
3556,Crystal,Thompson,Faroe Islands,001-641-584-0586x05092,smithdiana@example.org,2025-01-30
3557,Michaela,Skinner,Benin,001-290-867-2593x5128,zacharymartin@example.org,2020-05-28
3558,Lisa,Hayes,Maldives,920.327.1237x041,sharpchristina@example.net,2024-01-02
3559,Brian,Gonzalez,British Virgin Islands,600-684-0203,obright@example.com,2023-07-14
3560,Paul,Poole,Fiji,450-808-0837x2414,owood@example.com,2022-04-25
3561,Angela,Frey,Suriname,7625027189,johnsoncaitlin@example.com,2023-10-28
3562,Mikayla,Manning,Cape Verde,001-585-333-1235x94369,rcurry@example.com,2021-09-29
3563,Brian,Beltran,Northern Mariana Islands,001-843-979-4128x43846,meadowsdavid@example.org,2025-06-13
3564,Jasmin,Williams,Thailand,(903)296-8700x638,colemannancy@example.com,2023-10-18
3565,Lindsay,Wilson,Austria,(663)609-0691,pamela78@example.com,2020-05-24
3566,Melissa,Hartman,Philippines,(861)826-0099,veronicasanders@example.org,2021-11-06
3567,Keith,Brown,Czech Republic,+1-556-996-3461x0326,scottlin@example.net,2023-07-18
3568,Melanie,Moody,Algeria,835-364-3262x16225,pjackson@example.com,2022-08-06
3569,Ryan,Evans,Paraguay,988-358-8684x2395,austin19@example.org,2023-10-30
3570,Alexander,Bradford,Ethiopia,7873991228,donna55@example.org,2020-03-20
3571,Carl,Butler,Cameroon,907.806.3244x35466,castrojesus@example.org,2024-12-09
3572,Brendan,Campbell,Indonesia,511.926.5594,tpace@example.org,2025-06-05
3573,Meghan,Williams,Wallis and Futuna,967-644-6228x51613,lindseylewis@example.net,2025-02-05
3574,Jeffrey,Smith,Hungary,608.585.1285x731,dillonhuff@example.org,2020-01-10
3575,Jimmy,Cohen,Turks and Caicos Islands,458-374-5587x70948,robert67@example.net,2020-04-24
3576,Juan,Rivers,Cook Islands,(919)434-2236x471,nathaniel11@example.net,2024-01-18
3577,Amanda,Ward,Kenya,(803)912-5342,justin67@example.net,2025-06-01
3578,Jamie,Johnson,Chile,(569)851-5411x2638,jessicagarner@example.net,2025-06-30
3579,Kimberly,May,Northern Mariana Islands,(321)943-9436x3606,hansonchristina@example.org,2025-09-15
3580,Daniel,Carroll,Lao People's Democratic Republic,703-678-0576,ayersjose@example.com,2021-02-03
3581,Amanda,Green,Andorra,301-366-4371x0360,igreen@example.net,2024-07-17
3582,Courtney,Phillips,Syrian Arab Republic,729.992.3397,michellehernandez@example.com,2025-12-09
3583,Lindsay,Sullivan,Martinique,858-947-7980x9598,fitzgeraldsteven@example.com,2021-08-22
3584,Tracey,Davis,Senegal,+1-534-797-5941,steinaustin@example.org,2024-05-26
3585,Erica,Robbins,Western Sahara,7184201070,jeremy70@example.com,2021-05-31
3586,Kristin,Ramirez,Nauru,300.846.0820x93979,brandywoods@example.org,2023-01-11
3587,Joseph,Pennington,Portugal,902-972-7156,vincent07@example.org,2023-11-17
3588,Natalie,White,Tanzania,+1-799-983-3710x35888,gregoryjones@example.net,2022-12-20
3589,April,Reed,Wallis and Futuna,+1-759-213-3578x447,farrelljennifer@example.com,2023-04-15
3590,Tyrone,Harris,Antigua and Barbuda,+1-823-971-5343,lauren86@example.com,2023-09-11
3591,Laurie,Acosta,Azerbaijan,558.829.7201x21375,erichenson@example.net,2020-09-28
3592,David,Sanchez,Benin,(670)704-9550,msmith@example.org,2022-11-18
3593,Jennifer,Castro,Ghana,683.671.1150,chadcarter@example.com,2020-05-22
3594,Heather,Browning,Hungary,001-501-978-0686,lisaweiss@example.net,2023-12-28
3595,Alex,Stewart,Portugal,(677)712-3655x96592,whiteglenda@example.org,2021-08-04
3596,Amber,Martinez,Mauritius,+1-334-620-6351x5919,jessicawise@example.org,2023-09-15
3597,Scott,Jordan,Mozambique,696-207-9756,shannongarcia@example.net,2020-02-01
3598,Caleb,Fry,Belgium,(474)902-8797,wwright@example.net,2024-01-14
3599,Isaac,Collins,Martinique,(894)314-0319,fphillips@example.org,2021-07-10
3600,Linda,Stone,Jamaica,9002859248,ashley21@example.net,2022-04-30
3601,George,Robertson,Slovakia (Slovak Republic),001-859-859-9287x030,tfoster@example.net,2024-10-03
3602,Catherine,Thomas,Isle of Man,(389)469-7391,michael72@example.org,2025-08-17
3603,Paul,Phillips,Armenia,466-528-8642x0872,robertalexander@example.net,2022-10-28
3604,Karen,Cruz,Canada,001-321-302-7905x74320,russellbrown@example.com,2023-02-24
3605,Michael,Lee,United States Virgin Islands,(338)259-8637,ginablair@example.net,2020-04-22
3606,Tanner,Miller,Central African Republic,620.821.6441,ashleyramirez@example.com,2021-03-17
3607,Patrick,Sosa,Saint Barthelemy,(233)475-9397x56247,austinriley@example.com,2024-01-02
3608,Emma,Schaefer,Northern Mariana Islands,8694200450,bradykristen@example.net,2023-08-16
3609,William,Saunders,Brazil,001-966-799-9670,ebates@example.com,2022-01-09
3610,David,Morgan,Argentina,001-609-456-5943x18812,colleendowns@example.org,2020-11-18
3611,Craig,Bailey,Saint Kitts and Nevis,2665983822,corey75@example.org,2022-02-02
3612,Matthew,Johnson,Kyrgyz Republic,4634349558,cynthia80@example.com,2025-12-16
3613,Melody,Thompson,South Africa,(841)428-1131x067,toddryan@example.org,2021-10-08
3614,Amber,Rodriguez,Jersey,6922319015,james56@example.net,2022-04-20
3615,Daniel,Dean,Holy See (Vatican City State),001-922-672-7562,sjones@example.org,2023-12-20
3616,Andrew,Wise,Vanuatu,764-514-2022,cbeard@example.org,2022-01-10
3617,Ashley,Barnes,Taiwan,2082659160,jason40@example.com,2023-07-20
3618,Alison,Romero,Burundi,001-696-556-7061x5937,emilygarza@example.com,2024-06-05
3619,Kristy,Kerr,Saint Martin,260-490-3848x37528,lallison@example.com,2022-10-14
3620,Taylor,Haynes,Dominican Republic,9037270844,allisonapril@example.net,2023-05-06
3621,Brittany,Peters,Egypt,+1-854-441-8691x7317,molinamichelle@example.net,2024-02-18
3622,Samuel,Nelson,Oman,(209)520-1723,sean87@example.org,2022-02-10
3623,Glenn,Parsons,Chad,+1-320-343-5001x95909,colongary@example.org,2023-06-15
3624,Timothy,Ruiz,Somalia,9406074877,wcobb@example.com,2023-11-21
3625,Margaret,Ellis,Jersey,(676)347-7005,milleremily@example.net,2024-08-31
3626,Zoe,Cochran,British Indian Ocean Territory (Chagos Archipelago),204.495.0688x53363,buckjoseph@example.org,2020-03-07
3627,Angel,Gray,Sudan,783-446-9426,qnichols@example.net,2020-11-04
3628,Carlos,Mccullough,Liechtenstein,+1-594-392-1720x3150,jgraham@example.net,2020-10-10
3629,Robert,Lester,Thailand,(855)219-6596x98710,silvachristopher@example.net,2023-04-12
3630,Stephen,Williams,American Samoa,220.897.3457,alexandra12@example.net,2020-04-26
3631,Brittany,Shepard,Estonia,+1-784-910-3786x036,rebeccalewis@example.org,2024-11-19
3632,Nicole,Randolph,Belarus,(939)385-8011x517,nicole27@example.net,2023-10-18
3633,Gina,Shaffer,Oman,+1-430-817-8760,martinezrobert@example.org,2020-07-03
3634,Kevin,Vazquez,Belarus,001-277-200-7564x89655,ijones@example.org,2020-08-29
3635,Philip,Bradley,Northern Mariana Islands,(572)412-2236x57817,diana43@example.com,2023-10-29
3636,Luke,Parker,Maldives,+1-783-916-2570x570,lindsaymccormick@example.org,2025-12-27
3637,Erin,Coleman,Serbia,551.356.5061x251,kimberlywatts@example.org,2021-02-21
3638,James,Floyd,Malta,838-646-2296x32266,brian85@example.net,2020-09-24
3639,Michael,Turner,Thailand,001-313-875-3182x27017,mbecker@example.org,2020-05-31
3640,Peter,Mckenzie,Indonesia,674.577.1993,qjones@example.net,2021-09-16
3641,Samuel,Collins,Madagascar,740.621.2106,kennedyhailey@example.org,2023-10-12
3642,Michael,Galloway,French Southern Territories,605.465.1730x9585,heatherlane@example.org,2023-07-12
3643,Brandon,Edwards,Oman,+1-676-294-1306x755,dschmidt@example.com,2024-01-13
3644,Mackenzie,Murphy,Moldova,643-749-0280x2168,ramseycharles@example.org,2021-11-13
3645,Jose,Hernandez,United States Minor Outlying Islands,698-278-9201,mccarthymark@example.net,2020-12-29
3646,Victoria,Montes,Congo,303-564-7373x65694,ktran@example.com,2022-01-08
3647,Austin,Wilkerson,Antigua and Barbuda,+1-247-293-7431x53381,mcarpenter@example.org,2024-09-29
3648,Jason,Santos,Uzbekistan,(609)293-6887x013,christopher13@example.com,2026-01-25
3649,Howard,Serrano,Barbados,(319)808-8613,stephanie82@example.org,2022-08-14
3650,Raymond,Smith,Slovakia (Slovak Republic),(900)837-9493x0953,ian91@example.org,2021-01-27
3651,Loretta,Jones,Tajikistan,+1-334-564-7030x495,matthew44@example.org,2024-02-23
3652,Donna,Cain,Angola,344-946-5856x506,lsanders@example.net,2023-01-09
3653,Kelly,Martin,Malawi,001-805-857-8166x005,matthewnichols@example.net,2025-07-04
3654,Kenneth,Miller,Lao People's Democratic Republic,+1-860-370-3620x604,amanda12@example.com,2021-07-05
3655,Terri,Martin,Isle of Man,947-279-6685,amy24@example.org,2025-04-18
3656,Bethany,Jennings,Pakistan,(800)491-5560x7387,esullivan@example.org,2024-02-23
3657,Tina,Fox,Thailand,(547)547-2849,danielconley@example.com,2025-03-29
3658,Carrie,Ramirez,Palestinian Territory,001-727-663-4675,cynthia52@example.net,2021-04-08
3659,Sarah,Castro,Equatorial Guinea,(260)288-0851x478,elizabeth82@example.org,2022-04-24
3660,Miguel,Schneider,Colombia,001-970-676-3219,walkerjason@example.org,2022-08-17
3661,Daniel,Becker,Burundi,745.933.7632x98246,jill24@example.net,2024-09-27
3662,Aaron,Gonzales,Grenada,3748135022,joann31@example.org,2024-06-20
3663,Roger,Brown,United States Virgin Islands,8664515366,sierradelacruz@example.net,2025-09-19
3664,Sonya,Brown,Wallis and Futuna,001-575-441-6347x0009,james04@example.org,2020-11-08
3665,Danielle,Patton,San Marino,001-765-548-7415x04207,lesterthomas@example.org,2022-12-25
3666,Thomas,Freeman,Namibia,569-709-5078,dwilliams@example.org,2024-12-20
3667,Juan,Snyder,Mozambique,871.985.4859x6863,kathleenramos@example.org,2024-08-24
3668,Jay,Warren,Belgium,917-927-2378x2402,ymaldonado@example.com,2025-03-01
3669,Sean,Avila,Bahrain,(849)987-8145,fjones@example.net,2021-09-22
3670,Danielle,White,Nepal,001-619-898-1489x659,hernandezchristopher@example.com,2021-11-16
3671,Jeffrey,Pena,Georgia,(531)661-5429x780,kjohnson@example.net,2025-04-02
3672,Jessica,Owens,Panama,405.307.9231,mooremadison@example.net,2023-12-20
3673,Valerie,Allen,Venezuela,797.527.6922x996,samanthamejia@example.org,2023-03-11
3674,Abigail,Gilbert,Nepal,313.915.7210x44575,lesliemelendez@example.net,2020-01-02
3675,Nancy,Summers,Niger,001-437-787-0416x5062,khenry@example.com,2022-04-10
3676,David,West,Kazakhstan,(924)327-4021x048,richardrhodes@example.com,2022-08-21
3677,William,Whitaker,Palau,7364630324,christophersantos@example.org,2024-08-15
3678,Christopher,Hoover,Sao Tome and Principe,+1-770-710-8029x3223,ohall@example.com,2023-12-23
3679,Keith,Gilmore,Slovenia,700.464.2156x8329,pbooker@example.org,2024-12-10
3680,Jaime,Smith,Congo,001-877-801-0260x2322,shines@example.com,2025-11-23
3681,Mary,Hall,Puerto Rico,(696)464-5717x291,amberrandolph@example.com,2024-09-22
3682,Carrie,Brown,Mexico,+1-865-898-9482x63881,david43@example.com,2024-12-16
3683,Deborah,Davis,Lesotho,001-660-541-0650x43135,sandracarter@example.net,2024-07-06
3684,Ricardo,Mckenzie,Ukraine,715.698.0681x4787,bestreginald@example.net,2022-01-25
3685,Jennifer,Graham,Russian Federation,821-359-2512x27210,williammcdonald@example.com,2020-05-17
3686,Sara,Morse,Tokelau,965.785.6805x749,harrisjohn@example.net,2025-11-30
3687,Jessica,Flowers,Philippines,(222)838-1062x3613,danielle46@example.com,2025-06-12
3688,Timothy,Pope,Antigua and Barbuda,+1-714-571-0962x8339,ylee@example.com,2025-12-19
3689,Lori,Navarro,Guernsey,939.383.2170x91173,kennethbarry@example.com,2024-07-20
3690,Krystal,Wood,Tunisia,421.414.2209x110,wendyjackson@example.com,2024-04-17
3691,Anthony,Owen,French Southern Territories,001-958-364-0609x99157,frank28@example.org,2024-05-02
3692,Amber,Arroyo,Luxembourg,227.893.1591x25696,hendersonjeremiah@example.org,2023-09-02
3693,Russell,Wilson,Falkland Islands (Malvinas),6408496567,laura75@example.net,2025-10-25
3694,Clifford,Holden,Cape Verde,752-425-2520,samuelschneider@example.org,2025-03-28
3695,Anthony,Davidson,United Kingdom,(251)956-8216,hartmanjustin@example.org,2024-12-30
3696,Kristi,Singleton,Bangladesh,+1-243-872-8167x7587,johnnycruz@example.com,2025-01-16
3697,Edwin,Nelson,United States Virgin Islands,+1-453-480-7476x45566,njones@example.com,2023-01-13
3698,Sandra,Wilson,Lithuania,475-997-6820,fhobbs@example.com,2021-08-21
3699,Colleen,Harris,Poland,279.884.2011,misty41@example.org,2020-05-22
3700,Eric,Morrison,Heard Island and McDonald Islands,390-262-3170,christopherfisher@example.net,2025-06-11
3701,Ashley,Brown,Uzbekistan,001-766-375-2329x2955,tiffany83@example.com,2020-09-29
3702,Sarah,Boone,Faroe Islands,+1-859-313-3083x062,christopherjohnston@example.org,2026-02-25
3703,Wendy,Whitehead,Albania,719-295-1870,timothy71@example.org,2024-01-17
3704,Eric,Henderson,Libyan Arab Jamahiriya,782-373-2198,janetburns@example.com,2023-08-05
3705,James,Hall,Maldives,(939)721-7189,bnelson@example.com,2021-07-25
3706,Sabrina,Hoffman,Tunisia,292.603.3627,upierce@example.net,2025-10-12
3707,Amber,Wolfe,Oman,001-558-387-4756,wallacechristie@example.net,2024-08-16
3708,Jessica,Chan,Morocco,741.268.2593x705,vanessa43@example.net,2022-02-16
3709,Lauren,Dunn,South Africa,(395)620-4633x220,dmccarthy@example.net,2023-10-17
3710,Bonnie,Ramirez,Uruguay,(832)586-5328x57845,michaelmurray@example.com,2021-08-11
3711,Jorge,Parks,United States Virgin Islands,630.335.0606x7483,rsmith@example.net,2020-04-16
3712,Adam,Williams,Panama,282.334.1125,stucker@example.com,2025-10-05
3713,Tiffany,Brown,Luxembourg,+1-933-519-3449x6939,william17@example.org,2023-04-05
3714,Melissa,Myers,Australia,996-408-1216x513,jason31@example.com,2025-04-03
3715,Connie,Huffman,Macao,6466362509,turnerclayton@example.net,2022-08-28
3716,Barbara,Hicks,Belarus,536.316.7689,seanzimmerman@example.org,2020-10-11
3717,Kelli,Hardin,Tokelau,+1-659-832-7408x898,fcollins@example.net,2022-03-11
3718,Denise,Parks,Uzbekistan,672-370-9332x84500,perezjames@example.org,2023-10-31
3719,Rachel,Hamilton,Egypt,001-236-822-6448x4392,valeriehorne@example.com,2022-11-23
3720,Danielle,Freeman,Nigeria,690-284-2741x3533,eanderson@example.com,2020-10-09
3721,Christopher,Henry,Algeria,+1-572-389-3550,michaelschultz@example.org,2022-10-12
3722,Cynthia,Andrews,Sri Lanka,944.989.4913x645,phillipflores@example.org,2024-10-05
3723,Michelle,Smith,Anguilla,4774110456,morrisdavid@example.com,2020-04-14
3724,Joe,Lopez,Western Sahara,+1-333-919-5856x57101,cynthialee@example.com,2025-03-25
3725,Tracy,Webb,Canada,569.296.0517x6527,brownkenneth@example.net,2021-02-26
3726,Tara,Keith,Comoros,620.939.4176,dallen@example.org,2021-12-27
3727,Douglas,Jenkins,Togo,001-793-592-8978,donnavaldez@example.com,2024-10-31
3728,Amanda,Ramirez,Comoros,(721)954-6241,johnsdavid@example.net,2024-05-27
3729,Peggy,Garrett,Liechtenstein,001-243-733-1278x4726,stephen12@example.org,2020-06-18
3730,Gilbert,Singleton,United States of America,456.571.5190x699,lisagriffith@example.org,2020-11-28
3731,Deborah,Mathis,South Africa,(547)362-2772x418,bennettkatie@example.org,2021-08-12
3732,Kevin,Mccormick,Tonga,+1-607-533-5113x67293,srobinson@example.com,2023-01-09
3733,Adrian,Waller,Switzerland,(686)657-1484,vmiller@example.org,2024-12-18
3734,Derrick,Barajas,Slovenia,423.372.0216,linda71@example.net,2022-04-27
3735,Jacob,Booth,Trinidad and Tobago,999.530.1377x97914,rileytamara@example.net,2024-05-08
3736,David,Jackson,Cook Islands,(910)639-9658,tonymurphy@example.net,2023-02-07
3737,Teresa,Butler,Qatar,+1-817-911-3415x213,sherrimartin@example.com,2024-07-12
3738,Johnathan,Nguyen,Grenada,402.642.7541x6825,randallsergio@example.org,2024-07-03
3739,Devin,Reyes,Latvia,960-852-2949x64845,fisherdennis@example.com,2025-05-24
3740,Walter,Simpson,Puerto Rico,736.830.4050,garciajames@example.net,2024-12-17
3741,Catherine,Carter,New Caledonia,499.627.0385x785,asmith@example.com,2021-04-07
3742,Ryan,Gallegos,Equatorial Guinea,(631)620-0775x60760,gmatthews@example.org,2023-12-01
3743,Anna,Johnson,India,+1-208-587-5424x741,khill@example.com,2022-03-14
3744,James,Gomez,Kazakhstan,485-440-7441x94588,rcruz@example.net,2020-10-20
3745,Jaime,Gray,Liberia,327.356.3547x06197,romerojason@example.org,2023-01-26
3746,Thomas,Kennedy,Trinidad and Tobago,230.782.8604x72855,nicholeperez@example.net,2022-03-23
3747,John,Odonnell,Zambia,001-439-837-7215x22475,garzahoward@example.com,2021-12-23
3748,Amber,White,Argentina,285-624-1967,nancyyoung@example.org,2022-01-13
3749,David,Martin,Holy See (Vatican City State),508.684.5741,shaun72@example.net,2023-03-20
3750,Kevin,Brooks,Bolivia,633.740.4689x39742,agillespie@example.net,2023-02-05
3751,Jacob,Peters,Guam,960.231.1675x1419,millsemily@example.net,2022-02-12
3752,Christopher,Todd,Philippines,(304)206-5695x19187,icortez@example.org,2024-05-18
3753,Jacqueline,Williams,Suriname,418-828-7149,christopherlynn@example.com,2025-05-05
3754,Thomas,Cline,Saudi Arabia,6875084875,wilsonjessica@example.org,2025-01-21
3755,James,Scott,Nigeria,7958182794,benjamin57@example.org,2025-02-02
3756,Felicia,Tucker,Netherlands Antilles,+1-210-662-0883,jerrylawrence@example.org,2022-04-19
3757,Catherine,Simpson,Nigeria,673.561.8323x911,vlopez@example.org,2020-02-15
3758,Meredith,Bennett,Slovakia (Slovak Republic),882-846-5015x1098,scottwolf@example.com,2021-03-28
3759,Sarah,Smith,Turkey,001-984-496-7477x850,patrickzuniga@example.org,2026-03-04
3760,Jeanne,Cooper,Somalia,001-225-724-2428,johnsoneric@example.org,2024-05-09
3761,Carlos,Oneal,Antarctica (the territory South of 60 deg S),(994)452-7593x03977,wwhitaker@example.org,2025-03-23
3762,Lynn,Perkins,Philippines,484-860-4652,josefarley@example.org,2026-01-31
3763,Melissa,Jones,Montserrat,290.932.1297x503,margaret90@example.org,2021-08-06
3764,Jennifer,Carroll,South Africa,416-615-2355x0779,millerstephanie@example.org,2020-10-25
3765,Lindsay,Duncan,Haiti,001-403-337-1710x0178,shafferjeanette@example.com,2023-10-03
3766,Steven,Galvan,Grenada,+1-901-255-4973x08231,stephaniebutler@example.org,2021-01-09
3767,Brittany,Floyd,Heard Island and McDonald Islands,(946)974-1004x21128,james36@example.org,2021-11-24
3768,Michael,Campos,Nauru,+1-353-706-6402,yvalenzuela@example.org,2022-09-04
3769,Lynn,Flores,Comoros,+1-348-252-4657x98110,volson@example.com,2022-04-04
3770,Hannah,Porter,Saint Martin,(543)233-2228x19176,wmatthews@example.com,2025-06-03
3771,Jason,Johnson,Barbados,756.447.0030x80841,eric22@example.net,2024-05-03
3772,Terry,Rodriguez,Afghanistan,+1-530-905-2234x6844,becky99@example.org,2021-03-09
3773,Alicia,Lee,Paraguay,432-240-3381,haydencurtis@example.org,2021-05-05
3774,Kenneth,Nguyen,Cocos (Keeling) Islands,+1-359-505-4964x21512,erichards@example.org,2021-01-20
3775,Michael,Sims,Liechtenstein,365.381.1742x508,davidjones@example.org,2025-08-13
3776,Maureen,Clark,Seychelles,+1-420-505-2620,stephen73@example.com,2020-07-07
3777,Michael,Johnson,India,398-933-3197,jason70@example.net,2020-06-10
3778,Debbie,Thornton,Panama,+1-472-992-9852,rosejason@example.com,2020-11-26
3779,Eric,Taylor,Martinique,(592)892-7716x8428,danielfernandez@example.net,2025-04-04
3780,Sharon,Lopez,Uruguay,843.485.7409x2264,jordantony@example.com,2022-02-04
3781,Robert,Davis,Lithuania,201-803-9126,kimberly62@example.org,2025-02-19
3782,Becky,Abbott,Wallis and Futuna,6254022312,pnichols@example.net,2025-03-20
3783,Lauren,Johnson,Djibouti,736-929-6723x2538,ramirezamy@example.org,2025-04-09
3784,Misty,Zavala,Namibia,546.206.1696,michael68@example.net,2020-03-11
3785,Caitlin,Brown,Hong Kong,249.489.1146x2543,garciajuan@example.net,2022-06-03
3786,Steven,Stevens,Faroe Islands,+1-631-799-5632,nancy92@example.net,2025-03-03
3787,Amber,Lam,Brazil,(570)420-2894,grahamsean@example.org,2024-10-04
3788,Paige,Riley,China,(746)901-1948x38527,gina85@example.net,2020-08-27
3789,Jason,Johnson,Kenya,(785)790-9816x48177,patricia94@example.org,2024-06-08
3790,Amanda,Watkins,Saint Helena,968-347-1437x292,sabrinacollins@example.com,2022-12-17
3791,Christina,Fields,Mauritius,001-414-928-0718,millerlacey@example.org,2020-08-05
3792,Shawn,Roberts,Nauru,001-918-797-9000,csolomon@example.net,2025-06-27
3793,Kristy,White,Guam,557-324-5766,kellybell@example.com,2021-12-14
3794,Douglas,Bailey,Thailand,371-996-7683,sandragarcia@example.net,2022-07-18
3795,Ronald,Hogan,Burkina Faso,8036159706,ukent@example.com,2020-04-27
3796,Brenda,Johnson,Saint Helena,430.874.8999x6149,raymeredith@example.net,2022-07-11
3797,John,Campos,Libyan Arab Jamahiriya,(450)985-8154x70959,codytorres@example.com,2022-04-07
3798,Timothy,Tate,Eritrea,(309)923-8064x99378,beardjoseph@example.org,2023-07-05
3799,Jason,Jones,Jamaica,(734)303-1876x39723,nicholasjohnson@example.com,2023-06-07
3800,Ashley,Mays,Bahamas,326-268-0655,ericthomas@example.org,2024-03-11
3801,Michelle,Johnson,Netherlands Antilles,226.848.9773,hernandezalison@example.org,2024-02-18
3802,Robert,Haney,Botswana,+1-994-748-7541x58255,brichards@example.net,2021-04-23
3803,Brenda,Cooper,Mexico,363-999-8125x24395,whiteamy@example.net,2021-01-15
3804,Luke,Kelley,Korea,001-513-241-9205x07484,susanrandall@example.org,2025-08-09
3805,Paul,Rogers,Kazakhstan,494.682.7296,mark89@example.com,2022-09-04
3806,Erin,Mcdonald,Grenada,913-625-0060x8504,angelaadams@example.net,2022-07-01
3807,Jennifer,Nixon,Timor-Leste,+1-824-563-3287x173,cameronjacobson@example.net,2024-03-16
3808,Garrett,Alexander,Saint Lucia,9093668322,ghayes@example.com,2022-09-22
3809,Lisa,Jackson,Bulgaria,+1-407-372-9445x0657,gina71@example.net,2022-05-14
3810,Alejandra,Thompson,Greenland,279-652-5915x79753,danielmoore@example.org,2021-09-10
3811,Andre,Mendoza,Montserrat,822.542.3868x0717,jennifer83@example.com,2024-12-30
3812,Eugene,Davis,Peru,(480)887-7723,paulwelch@example.net,2022-01-29
3813,Eric,Walker,Yemen,560-469-6927,vanessa51@example.net,2025-10-22
3814,Tara,Harrington,Cameroon,+1-417-386-7823x75957,nvillarreal@example.net,2022-04-19
3815,Colton,Vazquez,Albania,+1-636-721-3522x9313,michelejones@example.com,2024-05-14
3816,Christopher,Moreno,Sao Tome and Principe,(471)852-4392x9070,ndowns@example.net,2024-02-24
3817,Victoria,Mcdonald,Indonesia,255.671.9914x280,gonzalezsandy@example.com,2020-03-15
3818,Bruce,Foster,Syrian Arab Republic,001-275-376-3941x283,jennifer07@example.com,2021-11-23
3819,Joe,Gomez,Cambodia,737-967-9138x2466,rodriguezmark@example.com,2022-01-08
3820,Mario,Bennett,Costa Rica,001-733-870-4097x041,wongkeith@example.org,2020-01-14
3821,Danielle,Wilson,United Kingdom,001-237-307-0829x1240,ryansarah@example.net,2023-10-30
3822,Amy,Waller,Niue,(735)693-1550x29499,andrepalmer@example.net,2022-11-04
3823,Michael,Harvey,Cote d'Ivoire,493-834-9080x1065,kimkatherine@example.org,2021-02-19
3824,David,Smith,Peru,947-850-1151,bnelson@example.net,2022-12-16
3825,Austin,Richards,Norfolk Island,001-271-376-5630x589,ptaylor@example.com,2024-04-07
3826,Vanessa,Wolfe,Kuwait,(694)928-5359x26692,margaretblack@example.com,2023-05-28
3827,Kimberly,Valencia,Romania,381.905.5482,nlewis@example.org,2021-02-18
3828,Julie,Owens,Guam,273-777-6824x1886,andres00@example.com,2024-10-21
3829,Jessica,Bowman,Moldova,378-533-8470x497,murphyanthony@example.net,2024-09-05
3830,Kenneth,Hunter,Samoa,699-850-5325x950,jperkins@example.org,2021-09-24
3831,Shawn,Blanchard,Barbados,(398)205-8150,rcampbell@example.net,2024-02-17
3832,Shawn,Reed,Bahamas,(224)488-0645x982,micheal02@example.org,2023-04-22
3833,Tammy,Clark,Australia,+1-690-866-9670,ethan28@example.net,2025-05-22
3834,Nancy,Brown,French Guiana,(405)332-6272x2900,wevans@example.com,2025-01-01
3835,Michael,Torres,Saint Martin,+1-238-989-9596x9720,linda71@example.org,2020-07-30
3836,Lauren,Harris,France,(996)232-8292x473,jasonherman@example.net,2023-02-08
3837,Alan,Horton,Holy See (Vatican City State),001-220-329-9859x5975,sharon20@example.org,2024-06-29
3838,George,Kim,Afghanistan,001-708-634-1466,brendajohnson@example.com,2022-03-17
3839,Joseph,Russell,Lithuania,411-671-8882x4303,franciscomitchell@example.org,2022-07-08
3840,Christian,Crawford,Saint Kitts and Nevis,(701)761-4619,qsullivan@example.net,2020-08-10
3841,Danielle,Jackson,Belarus,(976)212-0994,robertsmelanie@example.org,2025-12-27
3842,David,Nguyen,Cocos (Keeling) Islands,6234591699,jonshaw@example.com,2024-10-07
3843,Jocelyn,Davis,Chile,+1-961-999-8156x8636,aprilbeck@example.com,2021-11-30
3844,Erika,Mendoza,Lesotho,(277)329-0318x60349,jjohnson@example.com,2021-10-15
3845,Mark,Diaz,Mongolia,001-865-696-3452x797,stevenharrison@example.net,2025-03-18
3846,James,Garcia,French Southern Territories,+1-250-721-2285x2283,vincent97@example.net,2021-05-17
3847,Ebony,Riley,Gabon,569-332-5754x672,tcaldwell@example.org,2021-08-11
3848,Samantha,Ballard,Saint Vincent and the Grenadines,(588)694-2377x9537,vincentsmith@example.com,2022-01-16
3849,Maria,Fisher,Thailand,392.607.5644x3202,shelby47@example.org,2021-10-19
3850,Kevin,Moore,Ireland,+1-348-592-2498x55008,ogray@example.com,2023-07-05
3851,Kara,Jones,United States of America,001-831-703-2930,albertarnold@example.net,2025-12-11
3852,Tina,Pacheco,Saint Helena,001-493-255-4398,ellen95@example.org,2022-04-02
3853,Michelle,Blanchard,Grenada,001-601-384-8433x3233,shafferbrian@example.org,2021-03-19
3854,Katie,Vargas,Gibraltar,726.680.0243,jacquelinesmith@example.net,2024-08-16
3855,Tina,Miller,Faroe Islands,695-993-3445x21399,wduke@example.com,2024-01-16
3856,Briana,Vasquez,Gabon,(978)379-1641x5865,ashley53@example.org,2025-11-18
3857,Joshua,Schmitt,Belgium,218.651.7293x961,kyle78@example.org,2020-06-06
3858,Barbara,Roberts,Slovenia,001-804-331-1321x9446,qpoole@example.net,2020-07-06
3859,Cheryl,Harris,Solomon Islands,376-553-9369x5895,juliekoch@example.net,2026-01-06
3860,Willie,Thompson,Pitcairn Islands,362-922-3241x0938,monica86@example.net,2025-09-10
3861,William,Rodriguez,Albania,(871)949-5858x12150,hernandezcurtis@example.net,2021-04-07
3862,Thomas,Black,Croatia,+1-559-315-3836,kimbrown@example.net,2021-09-01
3863,Eric,Lucas,Switzerland,+1-212-363-2026x6026,qjohnston@example.com,2023-01-03
3864,Rebecca,Flowers,Western Sahara,+1-352-854-3533x12984,blake65@example.com,2023-02-26
3865,Samuel,Tran,Yemen,+1-326-423-7806x58699,jennifer80@example.net,2023-05-29
3866,Allen,Tate,Isle of Man,+1-561-760-5576x31498,michael17@example.net,2020-11-03
3867,Julie,Vincent,Ethiopia,+1-288-978-1410x6338,susanchen@example.net,2022-10-13
3868,Maureen,Brown,Nigeria,501-347-9414,jsmith@example.com,2025-02-21
3869,Scott,Chang,Guinea-Bissau,700-708-5658,williampena@example.com,2020-06-03
3870,Kristie,Holder,China,+1-814-628-7194x064,nicolegreen@example.org,2022-06-18
3871,Reginald,White,Colombia,(292)645-4718,mclark@example.net,2022-05-08
3872,Mark,Morrison,Namibia,365.370.8804x105,donaldwheeler@example.org,2021-10-03
3873,Christopher,Bond,Bangladesh,001-315-706-8437x8824,anna62@example.com,2021-05-06
3874,Antonio,Cordova,Zimbabwe,427.262.5363,kkline@example.org,2020-07-13
3875,Aaron,Lee,Uruguay,+1-823-989-6195,penningtonmallory@example.org,2025-02-16
3876,Brandon,Jackson,Solomon Islands,(633)843-0647,joannahawkins@example.com,2025-12-07
3877,Austin,Morales,Norfolk Island,001-615-569-1431x8937,ujohns@example.org,2023-11-11
3878,Sharon,Rosales,Antigua and Barbuda,634.371.5650x664,richardsonclinton@example.net,2022-06-07
3879,Tiffany,Willis,Colombia,+1-252-797-8372x965,williamwatts@example.com,2023-06-28
3880,Mary,Jones,Anguilla,(515)440-8707x38092,nburke@example.org,2024-07-27
3881,Erica,Terrell,Guinea-Bissau,877.670.0897x36410,riddlemark@example.com,2022-06-05
3882,Vanessa,Mccormick,Brunei Darussalam,(678)768-1930,james22@example.net,2022-08-31
3883,Jason,Perez,Guam,001-503-676-1367x674,troberts@example.com,2023-05-11
3884,Adam,Moran,Italy,533.990.6691x6872,thomasperez@example.org,2025-10-28
3885,Sarah,Bailey,Latvia,(595)332-6715,stephaniethompson@example.net,2026-01-12
3886,Angela,Raymond,Pitcairn Islands,(677)766-8253,ginasanchez@example.net,2022-04-30
3887,Kristie,Murphy,Hong Kong,708-693-4419x53753,scotterica@example.net,2025-02-19
3888,Nathaniel,Stone,Vietnam,001-308-890-6757x8219,valerie90@example.net,2023-01-19
3889,Patricia,Moreno,Nauru,(871)573-7156x47776,sgreen@example.net,2021-07-15
3890,Jeffrey,Turner,Micronesia,(221)384-6639,jamesgray@example.com,2022-02-04
3891,Margaret,Braun,France,397-752-8391x72234,david71@example.org,2023-02-14
3892,Charles,Obrien,Tunisia,(648)674-3966,johnsparks@example.net,2023-10-26
3893,Michael,Camacho,Saint Helena,385-804-1163,michael76@example.com,2021-02-09
3894,Jaime,Key,Greece,(990)624-9333,ashley64@example.org,2021-03-17
3895,Candace,Davis,Jamaica,001-215-837-9455x6347,jeffreynewton@example.org,2025-12-10
3896,Michelle,Jackson,Greece,244-289-1263x022,staceybailey@example.com,2025-12-01
3897,Stephanie,Velasquez,Cayman Islands,(789)842-1529,latoya46@example.org,2024-02-10
3898,Julia,Hill,Lebanon,(661)469-3056x0586,shannon00@example.net,2020-06-08
3899,Michael,Nguyen,Martinique,001-723-651-1563x367,qlee@example.com,2020-04-13
3900,Lisa,Wright,Fiji,780-298-9067,nhays@example.net,2023-02-02
3901,Chad,Walls,Costa Rica,+1-596-930-1687x82701,audrey95@example.org,2024-08-03
3902,Charles,Miller,Algeria,001-377-449-3628,christinaeverett@example.net,2022-06-16
3903,Jill,Lopez,Costa Rica,445-954-2802x92254,rhonda87@example.com,2025-04-02
3904,Emily,Brown,Saint Barthelemy,264-586-4939x6646,richardcarter@example.org,2022-10-26
3905,Richard,Palmer,Saint Lucia,504-767-1247x36419,smithvictoria@example.net,2023-04-23
3906,Angel,James,Benin,001-616-459-0200,michellecoleman@example.com,2024-09-30
3907,Katrina,Jones,Gabon,978.907.6351,lauren32@example.net,2024-04-04
3908,Cassandra,Diaz,Netherlands,812.825.1297,bscott@example.com,2025-03-29
3909,Kenneth,Murphy,Hungary,001-864-614-8542x81457,timothyparker@example.com,2022-01-18
3910,Caitlin,White,Martinique,+1-839-723-5390,lewisjennifer@example.org,2023-02-02
3911,Debbie,Baker,Romania,+1-422-792-2698x5575,hughesbenjamin@example.com,2021-08-11
3912,Maria,Moyer,Bahrain,335-531-9297x455,pparker@example.net,2023-11-25
3913,Tyler,Parker,Pitcairn Islands,001-478-553-2058x164,amandahurst@example.net,2024-08-18
3914,Anthony,Campbell,Puerto Rico,9926283877,tmontoya@example.com,2021-11-22
3915,Hannah,Parker,Spain,331-757-9948x510,kellerleslie@example.net,2026-02-07
3916,Elizabeth,Baxter,Norway,587-650-3618,ymcintyre@example.org,2022-10-18
3917,Kayla,Hughes,Micronesia,825-682-5324x6957,gchavez@example.net,2024-11-21
3918,Lawrence,Lopez,Wallis and Futuna,893.965.3655,ujackson@example.com,2021-04-25
3919,Diamond,Werner,Western Sahara,641-295-2023,shortvanessa@example.org,2023-10-21
3920,Andre,Willis,Malaysia,(801)657-2890x557,lopezchad@example.com,2025-07-16
3921,Adam,Evans,Cote d'Ivoire,001-755-638-8708,nbarnes@example.com,2022-03-09
3922,Regina,Nelson,Bhutan,(877)782-3962x88329,gina13@example.com,2022-04-26
3923,Timothy,Best,Algeria,001-787-641-4728x3423,jenny70@example.net,2024-01-07
3924,Richard,Brown,Christmas Island,001-725-293-3268,millermatthew@example.net,2023-07-23
3925,Henry,Gaines,Aruba,887-532-3974x9138,murphylouis@example.com,2020-09-21
3926,Ronald,Graham,Bahrain,294.469.3608x93870,marythompson@example.net,2023-02-01
3927,Mitchell,Bowen,Tuvalu,965-803-5447x711,robert10@example.org,2022-04-08
3928,Morgan,Hunt,Sri Lanka,001-931-415-6378x282,gbarr@example.com,2020-08-27
3929,Adrienne,Sanchez,Turkey,(219)274-9379,zbrown@example.com,2021-12-18
3930,Patricia,Davis,Vanuatu,6988957087,jessicanichols@example.com,2021-03-05
3931,Denise,Roth,Madagascar,(605)322-1766,bmaldonado@example.org,2022-09-12
3932,Michael,Johnson,Montserrat,461-498-6181x2862,karenmcbride@example.net,2020-05-26
3933,Alice,Garcia,Morocco,(690)558-3942x1363,jakerobinson@example.net,2023-12-14
3934,Ronnie,Lewis,Cape Verde,465.355.8065x621,antonioyoung@example.org,2023-09-23
3935,Michelle,Vance,Chad,280.916.2181x059,ncasey@example.net,2026-01-10
3936,Brittany,Franklin,Seychelles,(380)888-9197x016,nichole56@example.net,2024-06-15
3937,John,Vasquez,Denmark,460-470-1642x3254,pamelaparker@example.org,2024-03-24
3938,Kevin,Williams,Jordan,406.435.7814x81857,christopher13@example.com,2025-02-27
3939,Edward,Ayala,Palestinian Territory,297.466.4563x5950,wilcoxlori@example.com,2021-05-18
3940,Susan,Mills,Malaysia,(813)772-1079,lgreen@example.com,2020-11-02
3941,Tyler,Ball,Barbados,568-247-0532x32814,michaela89@example.net,2026-02-22
3942,Christopher,Watkins,Libyan Arab Jamahiriya,001-955-814-7796x9888,tammy96@example.com,2022-08-18
3943,Thomas,Howard,Somalia,738.329.0404,kylelewis@example.net,2021-03-24
3944,Calvin,Garcia,Gibraltar,+1-941-326-3740x32195,waltersheather@example.com,2026-01-27
3945,Joseph,Williams,Martinique,2784192934,angelaalexander@example.net,2021-12-26
3946,Shannon,Long,Dominica,874.395.5934x34000,ellisonlauren@example.org,2021-11-27
3947,Nicholas,Ward,Taiwan,001-716-951-6647,bowenphillip@example.org,2021-01-30
3948,Antonio,Evans,Estonia,485.688.1726x70804,nsingh@example.net,2020-12-30
3949,Andrew,Casey,Bangladesh,295-754-1081,sandrachang@example.org,2022-01-31
3950,Rebecca,Daniel,Libyan Arab Jamahiriya,001-304-866-0790x5016,pamelaschmidt@example.com,2020-12-03
3951,Andrew,Reynolds,Trinidad and Tobago,001-378-907-4795,sarah15@example.org,2024-09-11
3952,Gary,Rodriguez,Norfolk Island,559.880.1496,stephenskenneth@example.org,2020-05-27
3953,Monica,Lopez,Chile,686.438.4113,samuel43@example.net,2024-03-27
3954,Melissa,Koch,Malawi,734.202.0023,petersonkatherine@example.com,2025-10-05
3955,Larry,Santiago,Ghana,782.589.9153,jeffreyfriedman@example.com,2025-07-30
3956,Stephanie,Conway,Senegal,645.677.7561,wellsjoshua@example.org,2021-03-20
3957,Jacob,Ortiz,Saint Helena,221.948.3596x828,collinsmichael@example.net,2021-08-19
3958,Robyn,Green,French Southern Territories,(507)752-8351x674,alicia32@example.org,2025-04-26
3959,Ryan,Booker,Lebanon,295.590.5931x0274,joseph52@example.net,2024-11-06
3960,Jacqueline,Hawkins,Gambia,+1-400-366-2132x99446,porterdale@example.org,2025-07-08
3961,Frank,Henderson,Azerbaijan,726.287.3191x9236,james98@example.org,2022-05-04
3962,Kelsey,Hutchinson,Brunei Darussalam,+1-905-429-5809x97576,scott81@example.com,2024-02-12
3963,Sarah,Taylor,Greece,(678)418-2416,christine21@example.net,2024-03-05
3964,Sonya,Patrick,Israel,001-645-259-8017x470,ooliver@example.com,2024-03-17
3965,Sheryl,Oconnell,Syrian Arab Republic,001-824-435-9576,kblack@example.com,2021-08-24
3966,Timothy,Castillo,British Virgin Islands,314-847-7912x372,lindseynavarro@example.org,2025-12-07
3967,Erik,Garcia,Cayman Islands,698-300-5196,racheljohnson@example.org,2021-02-21
3968,David,Foster,India,731-591-9674x19865,rodriguezbrooke@example.org,2024-08-02
3969,Julia,Carroll,Yemen,(444)674-6227x579,otaylor@example.org,2025-04-18
3970,David,Mcclain,Montenegro,+1-547-394-2347x8240,wileybill@example.net,2024-12-04
3971,Melissa,Newton,Senegal,+1-577-263-4503x793,sbeck@example.com,2025-09-30
3972,Amy,Brown,Mauritius,989.233.2175x396,johnnyjohns@example.org,2021-09-29
3973,Larry,Reeves,Kenya,856.340.7863x3438,shughes@example.org,2023-12-17
3974,Katherine,Ferrell,Kyrgyz Republic,+1-749-428-7123x23639,william14@example.net,2021-10-27
3975,Mark,Travis,Honduras,456.479.0132x070,anthonywolfe@example.org,2022-02-06
3976,Michael,Sanchez,Bahamas,925.989.3273x34433,jameswall@example.com,2024-05-07
3977,James,Thompson,Azerbaijan,(335)560-2699x15268,nicole73@example.net,2024-07-03
3978,Lisa,Kim,Mauritius,001-596-830-6165x195,nicholashughes@example.net,2023-11-13
3979,Lisa,Eaton,Taiwan,001-469-981-7705,bassmarissa@example.org,2020-01-19
3980,Stephanie,Watson,Saint Pierre and Miquelon,258.352.7229x6406,franklinjennifer@example.com,2024-02-13
3981,Janice,Williams,Madagascar,377.835.1341x01686,rfox@example.net,2024-02-11
3982,David,King,Samoa,001-258-559-3469x9771,calvinwilliams@example.org,2022-09-17
3983,Ernest,Harris,North Macedonia,746-934-6037,christopher59@example.com,2023-01-28
3984,William,Roberson,Panama,827.910.7953x305,erica56@example.net,2024-05-01
3985,Jessica,Young,Japan,001-966-962-4067x3461,velazqueznicole@example.org,2021-07-02
3986,Diane,Carpenter,Kenya,(514)783-4348,rryan@example.org,2024-09-07
3987,Ian,Brown,Wallis and Futuna,001-809-852-5481x4122,kenneth65@example.net,2023-02-12
3988,James,Evans,Gambia,+1-535-923-9944,virginiaanderson@example.net,2020-10-31
3989,Kevin,Moore,Dominica,001-871-763-6470x95331,rosariotami@example.org,2023-07-17
3990,Ashley,Johns,French Polynesia,247-292-1605,lambmisty@example.com,2023-01-05
3991,Anna,Scott,Lesotho,708-844-1741x476,kathleen91@example.net,2025-11-09
3992,Daniel,Baxter,Mali,626-749-7484x37630,zpeterson@example.net,2020-02-06
3993,Devin,Ray,Trinidad and Tobago,453.402.8850x32242,michael07@example.com,2020-03-08
3994,Laura,Clark,Israel,914-675-9407,sara95@example.net,2022-05-15
3995,David,Davis,Nicaragua,4498015513,mortonamanda@example.com,2024-08-27
3996,Colleen,Lowe,Gambia,688.323.6628x33517,jromero@example.com,2024-12-02
3997,Pamela,Thompson,Heard Island and McDonald Islands,(871)849-5206,lindsey89@example.com,2025-04-28
3998,Brandon,Cantrell,Niue,655-341-9513x761,watsonjulie@example.net,2023-03-29
3999,Carrie,Parker,Switzerland,288.554.7675x129,jeffreyblack@example.net,2023-06-20
4000,Gerald,Walker,Poland,+1-907-875-7511,ivang@example.org,2022-10-26
4001,Isaiah,Kim,Mauritius,(605)614-6128x5210,courtney18@example.org,2021-09-20
4002,Jennifer,Cruz,Swaziland,415.822.7971,aterrell@example.com,2020-01-27
4003,Justin,Reeves,Djibouti,345-774-8999,uparks@example.org,2024-11-28
4004,Michael,Bennett,Gambia,001-804-246-8601,lauraramos@example.com,2021-12-21
4005,Julie,Duffy,Pakistan,+1-711-681-0395x07520,xsimmons@example.com,2021-02-10
4006,Pamela,Allen,Macao,(906)936-3667x016,adamskimberly@example.com,2021-07-20
4007,Lacey,Carr,Vanuatu,(668)414-1782,vlarson@example.net,2022-04-14
4008,Jennifer,Harper,Madagascar,955.440.5064,antonio07@example.org,2020-01-12
4009,Tracy,Copeland,Dominican Republic,3562906897,robert91@example.net,2025-08-25
4010,Michael,Tyler,Spain,806-392-7399,hhernandez@example.net,2021-07-02
4011,Justin,Taylor,Niger,359-833-1104x73490,christopher23@example.com,2025-09-24
4012,Ashley,Sanchez,Bolivia,001-423-496-8358x270,leeleah@example.net,2022-09-17
4013,Christopher,Gibbs,Morocco,659.636.3243,zmartin@example.com,2024-12-12
4014,Carmen,Collins,Somalia,+1-520-522-1739x505,ohernandez@example.org,2024-07-20
4015,Sean,Berry,French Southern Territories,001-391-921-0714x828,kennethwood@example.com,2025-04-16
4016,Candace,Andrews,Monaco,(709)366-3828x499,melissa96@example.com,2022-02-01
4017,Jeff,Patel,Finland,861.832.4906x0307,miranda86@example.com,2025-02-11
4018,Caitlin,Hughes,Sudan,(949)705-8775x842,paigewilliams@example.org,2022-03-09
4019,Andrew,Mendez,Bahrain,+1-314-546-2987x8693,vjones@example.net,2022-03-13
4020,Nathaniel,Williams,Lao People's Democratic Republic,342.664.4696x915,cody39@example.net,2020-07-31
4021,Jessica,Evans,Sao Tome and Principe,740-283-6147,jillvelez@example.com,2022-01-24
4022,Amy,Williams,Cambodia,843-243-1640,brenda89@example.org,2022-07-16
4023,Deborah,Phillips,Bouvet Island (Bouvetoya),756-396-8445x1525,xbaker@example.net,2021-10-20
4024,Elizabeth,Mcdowell,Kenya,+1-960-415-6681x4537,mtaylor@example.com,2024-03-23
4025,Joseph,Hughes,Chad,6947466243,joanneparsons@example.org,2020-01-28
4026,Donna,Graham,Austria,704-432-9469,williamsmary@example.com,2021-05-16
4027,Emily,Wright,Barbados,001-923-581-1131x97163,colleen18@example.net,2025-11-12
4028,Amanda,Porter,Guadeloupe,(641)898-6992x461,rossjason@example.net,2020-11-08
4029,Robert,Newman,France,+1-380-524-7250x99681,jennifercortez@example.org,2024-09-14
4030,Tony,Shah,France,2237781863,amy52@example.net,2026-01-14
4031,Tamara,Espinoza,Portugal,704-203-2873x97693,bradleygonzalez@example.net,2025-11-13
4032,Thomas,Beck,Slovakia (Slovak Republic),2649583443,daniel62@example.com,2024-11-29
4033,Crystal,Ramos,Madagascar,(500)646-2874x153,zburns@example.net,2020-04-28
4034,Austin,Smith,Cayman Islands,(898)717-2175,scott12@example.org,2020-10-16
4035,Andrew,Knight,Lebanon,(789)858-5610,timothychavez@example.net,2023-11-01
4036,Joshua,Moran,Turkey,001-996-366-6204x38647,gabriella54@example.net,2021-05-17
4037,Ashley,Lee,Timor-Leste,819-735-0073x3363,kaitlyn89@example.com,2021-08-14
4038,Jamie,Chavez,Guyana,001-690-809-8354x4772,danielsummers@example.net,2020-10-09
4039,Cody,Gray,Albania,481-936-1152,raymond60@example.org,2020-05-12
4040,Annette,Massey,Haiti,228.473.6097x926,johntaylor@example.org,2024-02-12
4041,Mallory,Camacho,Canada,001-278-452-4591,kevin41@example.net,2024-10-22
4042,Amanda,Weber,Marshall Islands,439-496-0677x1986,lamterri@example.com,2020-05-07
4043,Brenda,Morris,French Polynesia,2954557698,barberandrew@example.org,2021-06-25
4044,Helen,Fowler,Senegal,(437)469-2450x45162,nicolewhite@example.com,2020-08-26
4045,Jane,Davis,Philippines,(878)981-8560x579,amandamason@example.net,2021-11-03
4046,Christine,Harris,Bermuda,2169227764,mhamilton@example.net,2024-10-08
4047,Patty,Gibson,Mexico,(302)232-8522x45984,aguilarkimberly@example.com,2024-02-17
4048,Jacob,Lamb,Namibia,392-564-7033x762,michaelmaynard@example.com,2021-08-14
4049,Margaret,Reynolds,Uganda,9658185024,deborah01@example.org,2022-04-21
4050,Joshua,Landry,Congo,487.463.2821x81998,garciashawn@example.org,2023-02-11
4051,Jennifer,Zamora,Norfolk Island,(402)784-4460x3106,awilliams@example.net,2021-10-05
4052,Stephanie,Freeman,French Polynesia,(845)395-9038x105,michaelkaufman@example.net,2025-03-15
4053,Christopher,Parker,New Zealand,309.508.5370x22895,fwagner@example.com,2024-11-03
4054,Patricia,Hernandez,Namibia,211.419.6667,websterdana@example.org,2021-02-06
4055,Madeline,Moore,Marshall Islands,001-471-407-9622x44226,simmonsjeffrey@example.net,2025-12-07
4056,Amanda,Wilson,Faroe Islands,201.876.9815x290,uraymond@example.org,2022-12-23
4057,Dana,Duke,Montenegro,733.231.7177,virginiawilliams@example.org,2023-07-05
4058,Scott,Bauer,Portugal,532-926-6638x53133,yenglish@example.org,2022-02-26
4059,Julie,Clark,Zimbabwe,001-539-851-4757,cody26@example.com,2021-03-29
4060,Christine,Castro,Tonga,001-901-689-5489,leejodi@example.net,2022-03-18
4061,Frederick,Pacheco,Belarus,329-988-9797,robertpham@example.net,2021-04-04
4062,Randall,Payne,Australia,(837)263-3961,shannon44@example.com,2022-10-29
4063,Brett,Lynch,Mauritius,001-708-882-7649x1942,uharper@example.org,2020-10-16
4064,Samantha,King,Kazakhstan,001-464-459-6264x1010,sandraruiz@example.net,2020-03-05
4065,Diane,Perez,Gabon,(245)602-1193,jacosta@example.org,2021-05-08
4066,Linda,Barnett,Ghana,699-336-8028x052,cunninghammichael@example.net,2020-11-03
4067,Brittany,Yates,Georgia,418.223.4213x626,harold48@example.org,2022-03-04
4068,Tyler,Brown,Kenya,582-560-8536x227,meganhodge@example.com,2024-05-12
4069,Kevin,Gill,Saudi Arabia,(267)479-3478,taylor40@example.org,2024-02-20
4070,John,Terry,Croatia,001-480-845-8454x327,scott25@example.net,2023-12-23
4071,Danielle,Byrd,Cocos (Keeling) Islands,(591)338-3350x520,moralesjeffrey@example.net,2023-06-05
4072,Timothy,Fowler,Lebanon,6283550201,epennington@example.net,2022-08-29
4073,Kelli,Gomez,Uruguay,283-949-2793x915,davismelody@example.org,2023-12-22
4074,Lauren,Porter,Papua New Guinea,(781)581-6244x188,bradleycarter@example.org,2023-04-23
4075,Connie,Green,Syrian Arab Republic,(351)232-4584x0851,grivers@example.com,2020-10-01
4076,Jason,Lee,French Southern Territories,(517)633-6108x694,kevin61@example.org,2022-07-13
4077,Katie,Mccarty,Uganda,(842)475-9025,bergdaniel@example.com,2022-11-15
4078,Sandra,Wolfe,Zimbabwe,001-475-847-0664x825,josephcruz@example.com,2022-10-11
4079,Nicole,Rice,Cayman Islands,9942263327,nicolethomas@example.net,2021-04-14
4080,Megan,Bolton,Bermuda,5793116709,uneal@example.com,2024-05-28
4081,Rachel,Dunn,China,001-497-209-2849,amy73@example.org,2021-08-24
4082,Cynthia,Osborne,Benin,(459)614-8419,georgecharles@example.org,2023-08-11
4083,Brianna,Mclean,Egypt,880-741-2696,michael20@example.net,2026-01-24
4084,Mitchell,Moyer,Ukraine,001-585-940-6725x49588,opadilla@example.org,2020-02-16
4085,Jesus,Peck,Jersey,305.823.2804x4604,erika19@example.org,2022-04-02
4086,Kimberly,Brooks,San Marino,+1-370-494-5219x2951,thomasbrown@example.net,2025-08-08
4087,Rachel,Manning,Kuwait,(520)215-5238x385,julie99@example.net,2025-04-03
4088,Roger,Oliver,Mauritania,593-237-9266,imyers@example.net,2025-01-01
4089,Nicolas,Friedman,Christmas Island,+1-888-663-4071x95669,fmendez@example.org,2025-02-25
4090,Jennifer,Bell,Heard Island and McDonald Islands,(916)425-8266,emmafranco@example.net,2023-10-23
4091,Deborah,Rose,Saint Barthelemy,(254)608-1577x04780,stevenbenson@example.org,2021-08-08
4092,Robert,Bailey,Italy,883-845-7714x9122,tammy85@example.org,2020-11-06
4093,David,Thornton,Jamaica,875-933-1631x759,christina98@example.org,2025-12-24
4094,Seth,Gardner,Germany,670-398-3779x74588,qcaldwell@example.com,2023-12-09
4095,Gregory,Allen,Guernsey,811.558.4964,washingtonmark@example.net,2020-05-25
4096,Allison,Martinez,French Guiana,205.395.7106,shelley00@example.com,2021-10-10
4097,Christopher,Diaz,Russian Federation,916-661-0970x25429,drew24@example.com,2024-02-06
4098,Anthony,Johnson,Eritrea,484.439.0549x5179,matthew85@example.com,2021-11-06
4099,Stephen,Harmon,Cyprus,+1-921-642-8671x3014,hshort@example.com,2021-11-29
4100,Amy,Dean,Equatorial Guinea,001-675-839-2379x6136,rsimpson@example.net,2020-02-15
4101,Michael,Anderson,Antarctica (the territory South of 60 deg S),783.577.0104x39783,mcdonaldmatthew@example.net,2023-12-26
4102,Willie,Wilson,Nicaragua,292-292-1161,dawnmccormick@example.org,2020-04-18
4103,Thomas,Perry,United States of America,508.644.0843x104,lauradiaz@example.net,2022-12-19
4104,Christopher,Bender,Dominican Republic,(829)807-5132x2996,jarvisluis@example.org,2022-07-20
4105,Michelle,Clark,Saudi Arabia,(406)942-1912x3234,eclark@example.com,2025-11-24
4106,Thomas,Williams,Fiji,7696559000,fredericksharon@example.com,2020-03-15
4107,Christopher,Stephens,Nicaragua,753-848-7124,zcasey@example.org,2025-10-21
4108,Brittany,Howe,Tunisia,(925)437-9708x1146,baileytina@example.net,2022-04-16
4109,Jack,Peterson,Cote d'Ivoire,001-897-951-2388x51797,wjones@example.com,2023-10-01
4110,Daniel,Bell,Malaysia,001-555-267-7528,josephwilliams@example.net,2020-02-29
4111,Kristina,Shaffer,Saint Vincent and the Grenadines,763-397-5279x795,adam45@example.org,2021-08-27
4112,Linda,Bennett,Martinique,8819832145,franciscovelasquez@example.com,2024-01-14
4113,David,Mullins,Ghana,+1-301-383-1460x6265,ravila@example.org,2024-11-01
4114,Tim,Robinson,Switzerland,297-817-4834,bridgessydney@example.com,2021-10-11
4115,Michael,Carrillo,Vietnam,(350)514-8206x106,joseph41@example.com,2024-06-29
4116,James,Hernandez,Estonia,861-245-1836,caitlynthomas@example.net,2025-06-06
4117,Robert,Garcia,San Marino,(997)717-9749x690,jasmine41@example.net,2023-09-28
4118,Jessica,Lewis,Angola,483-498-9394x8263,lucasmason@example.com,2024-08-04
4119,Ann,Brown,Cameroon,416.300.3116,sydneyspears@example.org,2022-09-01
4120,Casey,Frost,Sao Tome and Principe,921-619-7215x6924,brooksraymond@example.org,2024-05-23
4121,Isaiah,Anderson,Cook Islands,305.540.7612x7871,briggssteven@example.com,2022-11-17
4122,Elizabeth,Best,Northern Mariana Islands,001-916-937-4209x13042,gregoryanderson@example.com,2024-01-23
4123,Mario,Glass,South Africa,001-930-557-9966x075,fernandolong@example.net,2021-05-08
4124,Sarah,Harris,Montserrat,376-426-3065x587,seanjennings@example.org,2020-11-25
4125,Shelly,Francis,Afghanistan,3997639880,ple@example.net,2022-10-04
4126,Rebecca,Cervantes,Guyana,(950)567-9253,david68@example.org,2021-12-24
4127,Rose,Miller,Micronesia,+1-456-828-1477x69214,christopherhinton@example.net,2025-09-07
4128,David,Cohen,Turkey,001-806-891-9741x107,sherrysmith@example.org,2025-02-13
4129,John,Kerr,Norfolk Island,001-825-415-4069,jessicavilla@example.org,2023-02-09
4130,Christina,Dillon,Lesotho,809-200-5270,cynthia59@example.com,2021-09-13
4131,Michael,Gregory,British Indian Ocean Territory (Chagos Archipelago),330-566-4960,wilcoxdavid@example.com,2021-11-08
4132,Erik,Booker,Antarctica (the territory South of 60 deg S),793-954-8919x1400,jeremy60@example.com,2023-03-01
4133,Jacob,Arias,Mali,001-941-690-6847x76260,juliaallison@example.org,2025-02-21
4134,Matthew,Robertson,Guyana,(313)382-6127x6035,jeremycochran@example.net,2020-12-08
4135,Kyle,Nelson,Slovenia,535-646-0204x323,michael38@example.net,2024-04-05
4136,Lisa,Foley,Western Sahara,433-635-1308,melissa37@example.net,2024-03-07
4137,Crystal,Andrews,Pakistan,420.516.2643x416,carterlindsay@example.com,2021-07-19
4138,Cynthia,Thompson,Mali,597-994-2223,hooverbrian@example.org,2022-05-24
4139,Denise,Mayo,Myanmar,590-268-2139x5448,piercegregory@example.com,2024-02-15
4140,Mary,Cooper,Central African Republic,624.894.6816x6097,benjamin10@example.org,2023-02-17
4141,Kaitlyn,Cline,Colombia,536.861.7827,michellehenry@example.org,2021-09-06
4142,Stephen,Fisher,Fiji,473-802-0197x06354,kingedgar@example.com,2020-02-19
4143,Dillon,Rodgers,Gambia,+1-885-658-7920x66853,robert34@example.com,2024-10-05
4144,Jason,Roy,Ukraine,001-811-328-5627x457,julie96@example.org,2023-01-28
4145,Stacey,Fischer,Nicaragua,+1-298-387-8862x5718,butlercheryl@example.com,2022-01-13
4146,Terri,Ross,Mexico,+1-550-811-3958,david14@example.com,2024-03-22
4147,Brittany,Barker,Kuwait,3937543122,lcox@example.net,2021-10-17
4148,Gary,Brown,Eritrea,644-701-6728x8337,taylorjennifer@example.net,2020-10-16
4149,Jaclyn,Gaines,Namibia,970-393-2659x8708,utyler@example.org,2024-11-08
4150,Louis,Lane,South Georgia and the South Sandwich Islands,001-746-258-4040x55247,waltonjoseph@example.org,2022-09-05
4151,Sabrina,Hall,Burkina Faso,001-223-576-3961,ymartinez@example.org,2024-05-14
4152,Nathaniel,Phillips,Central African Republic,(590)411-5540x27538,gary69@example.net,2025-11-03
4153,Desiree,Williams,Kenya,4472084997,lisa98@example.net,2022-04-12
4154,Thomas,Noble,British Virgin Islands,871.224.6175x07289,cbrooks@example.net,2024-08-26
4155,Robert,Robinson,Haiti,+1-410-965-1118,hayesdaniel@example.net,2020-08-13
4156,Joshua,Guerrero,Christmas Island,(852)971-4947,destinybowers@example.net,2021-03-22
4157,Hannah,Gregory,Mayotte,952-529-2117x78057,duranjuan@example.net,2023-07-30
4158,Megan,Hill,Belarus,(823)550-6457,charlesangela@example.com,2023-08-07
4159,Rhonda,Schmidt,Guernsey,+1-666-866-0254x37296,perezlarry@example.net,2025-05-02
4160,Aaron,Schmidt,Cyprus,231.354.9683x416,bettylane@example.org,2023-06-01
4161,Philip,Barrett,Holy See (Vatican City State),249-607-1182x42639,johnsoneric@example.net,2023-03-01
4162,Amy,Sampson,Iceland,612.974.9818,nathanpatterson@example.org,2026-01-04
4163,Jennifer,Kemp,Bangladesh,+1-780-564-8637x71614,cynthia21@example.net,2024-01-13
4164,Jason,Page,Australia,+1-821-282-6810x13188,edwardsmegan@example.net,2024-07-14
4165,Brett,Miller,Congo,+1-364-957-6118x11808,nhodges@example.org,2025-01-23
4166,James,Bradshaw,Bahrain,(889)254-1864,samanthamoore@example.org,2022-11-21
4167,Joshua,Beltran,Montserrat,(405)561-4060x78967,fmurphy@example.net,2020-08-30
4168,Carlos,James,Turks and Caicos Islands,891-675-7368x844,martinezjohn@example.com,2022-01-20
4169,Jacob,Garcia,Japan,620-406-6601x055,loricarrillo@example.net,2024-06-03
4170,Brian,Allen,Guinea-Bissau,001-446-905-5917x94712,blackcarol@example.org,2025-08-11
4171,Caitlin,White,Sao Tome and Principe,(305)434-8997,jacksonanthony@example.net,2022-03-27
4172,Brandi,Adams,Costa Rica,001-637-730-2217x84409,webbsteven@example.org,2021-10-30
4173,Teresa,Howard,Guinea,+1-340-591-4941x14425,kevinjordan@example.net,2022-03-07
4174,William,White,Cyprus,001-971-593-0665x1824,tylerlawrence@example.com,2021-01-11
4175,Tyler,Hill,Andorra,001-863-229-3612x10523,davidsondonna@example.com,2023-04-14
4176,Carol,Thompson,Thailand,716.884.7658x9131,loricunningham@example.org,2021-06-02
4177,Keith,Fields,Maldives,+1-597-602-2073x168,lorigilbert@example.net,2020-11-20
4178,Tony,Lane,Israel,890-597-1311x805,morenoernest@example.com,2022-04-14
4179,Jonathan,Jones,French Southern Territories,001-785-485-2244x26599,john35@example.com,2022-07-30
4180,Steven,Green,Angola,715-671-8477x6316,amartinez@example.net,2024-07-02
4181,Rebecca,Brown,Switzerland,(809)960-7730,wilkinsjennifer@example.org,2023-12-24
4182,Shawn,Flores,Qatar,001-561-430-2829x049,jamesrobin@example.org,2020-12-02
4183,Tracey,Mason,New Caledonia,(902)356-6303x525,jennifer51@example.org,2021-05-21
4184,April,Clark,Liberia,+1-374-484-4874x9386,huntercole@example.net,2023-06-12
4185,Virginia,Freeman,Saint Lucia,522.737.9975x33232,simpsonjesse@example.com,2025-01-16
4186,Heather,Fields,Bosnia and Herzegovina,690-490-9401,kevin97@example.org,2025-01-29
4187,Dylan,Murphy,Lebanon,2188064603,haroldwong@example.net,2025-10-26
4188,Bradley,Rivera,El Salvador,(232)844-3607,michelle43@example.net,2020-03-12
4189,Evan,Miller,Equatorial Guinea,001-746-416-5852x91701,melissa62@example.net,2020-05-06
4190,Jade,Peck,Jordan,001-679-740-4213x7677,cindy54@example.org,2020-06-12
4191,Leslie,Jones,Christmas Island,433.652.6101x6901,mary26@example.net,2020-05-17
4192,Lauren,Davidson,El Salvador,001-745-694-2250x867,teaton@example.net,2026-01-28
4193,Lauren,Johnson,Cayman Islands,525.339.9518x2171,katie06@example.net,2020-08-31
4194,Nicholas,Russo,Holy See (Vatican City State),001-310-342-8031x18650,coxrobin@example.com,2025-03-08
4195,Anita,Cook,Burundi,226.231.0763,sara26@example.com,2025-01-02
4196,Samuel,Patrick,Andorra,001-431-698-9950x47564,adrian90@example.com,2020-09-11
4197,Natalie,Watson,Chad,3235743981,jonathan67@example.net,2022-11-12
4198,Stephanie,Boyd,Myanmar,295-940-7216,emily27@example.com,2021-08-20
4199,Tiffany,Ewing,Indonesia,3212665937,thompsondanielle@example.org,2024-01-12
4200,Michele,Harris,Seychelles,+1-242-449-9927x40089,jlee@example.org,2024-03-05
4201,Shane,Hernandez,Indonesia,(831)380-4912x9588,terridavis@example.org,2022-02-18
4202,James,Clark,Madagascar,001-584-495-4958x39969,wkey@example.com,2025-09-20
4203,Timothy,Carey,Bahamas,3524000609,qcoleman@example.org,2025-03-29
4204,Jason,Edwards,Cote d'Ivoire,254.208.8445x94536,huertasandra@example.net,2022-03-20
4205,Larry,Chavez,Tunisia,561.215.5430x19273,charlesmichael@example.net,2024-01-24
4206,Kathryn,Parrish,Turkey,(450)994-0421x6810,richard55@example.org,2024-05-02
4207,Ronald,Baker,Mauritius,+1-450-697-4727x6112,barbaraford@example.net,2020-06-11
4208,James,Perez,Uganda,320-900-9592x38718,rcallahan@example.net,2025-10-11
4209,Brittany,Gregory,Netherlands Antilles,291.635.2071,spope@example.com,2020-05-25
4210,Megan,Mccoy,Sierra Leone,402-978-6479,michael10@example.org,2024-06-15
4211,Sarah,Green,Belgium,001-222-824-9678x46567,wfigueroa@example.com,2020-10-15
4212,Ashley,Hale,Spain,+1-393-940-2604,fwilson@example.com,2022-04-08
4213,Scott,Diaz,Belgium,(507)494-0961,mark26@example.net,2023-03-31
4214,Benjamin,Wilson,El Salvador,560-292-1462x27294,agray@example.net,2024-04-26
4215,Michael,Martin,San Marino,927-358-9262x387,christophertrujillo@example.net,2024-02-23
4216,Jesus,Howell,United States Minor Outlying Islands,(697)868-3318,fisherjamie@example.org,2021-01-19
4217,Michael,Gallagher,Bulgaria,+1-334-253-4620x4394,heaton@example.net,2022-08-23
4218,Karla,Hanson,Puerto Rico,+1-360-370-1655x27187,oellis@example.net,2020-06-11
4219,Emily,Barnes,Israel,258.946.4143,huertamichael@example.com,2025-04-25
4220,Jennifer,Daniel,Mexico,(433)572-5348,nancyhowell@example.net,2025-12-20
4221,Pamela,Price,Angola,739.443.0051x0162,kimcooper@example.com,2021-07-02
4222,Sabrina,Foster,Zimbabwe,(985)798-9500x842,xrodriguez@example.org,2021-07-18
4223,Cassidy,Bullock,Mayotte,596.755.4216x248,william37@example.net,2020-02-28
4224,Christine,Jimenez,Tanzania,8149741227,kelleyamanda@example.org,2023-09-12
4225,Andrew,Walker,Dominican Republic,(313)789-3413,freemanholly@example.net,2023-03-20
4226,Michelle,Cunningham,Tunisia,306-561-6799x213,cparker@example.com,2023-02-24
4227,Francisco,Malone,Puerto Rico,+1-444-713-8200x1478,davidwebster@example.org,2025-05-04
4228,Robert,Mayo,Singapore,(303)535-3296x524,michael90@example.org,2024-01-09
4229,Jared,Sawyer,Timor-Leste,280-334-0331,joshuaperez@example.org,2025-03-18
4230,Anne,Hoover,Gambia,+1-755-265-1736x149,mromero@example.org,2020-01-10
4231,Shawn,Rice,Haiti,(596)784-0751,jesse52@example.net,2021-09-15
4232,Sarah,Douglas,Nauru,8612300130,pauldavis@example.org,2025-11-25
4233,Jeremy,Fischer,Angola,001-729-702-3910,keithlaura@example.org,2022-04-18
4234,Allen,Jennings,Chile,(262)910-2712,fweber@example.com,2021-08-22
4235,Jennifer,Salinas,Ukraine,+1-838-250-7349x06641,briansutton@example.com,2022-02-01
4236,Scott,Welch,Guyana,+1-714-883-5584x34318,yhopkins@example.org,2024-03-13
4237,Nicholas,Arnold,Uzbekistan,+1-776-788-7317x4034,freyes@example.org,2020-11-19
4238,Derek,Pace,Turkey,(489)979-9429,rhines@example.org,2020-02-10
4239,Justin,Avila,Costa Rica,(895)646-7212x560,dixonbrian@example.com,2022-08-24
4240,Philip,Morrow,Vanuatu,001-318-216-1376x879,jenniferholden@example.com,2022-05-26
4241,Kathleen,Norton,Taiwan,+1-469-686-7022x291,garylin@example.org,2025-08-16
4242,Kyle,Cannon,United Arab Emirates,001-521-574-6086,wallen@example.com,2023-07-22
4243,Daniel,Tucker,British Virgin Islands,(337)362-0978,victoriaellis@example.net,2021-03-29
4244,Stephanie,Oconnor,Brunei Darussalam,001-697-564-2795x01898,gordonchristopher@example.net,2022-05-10
4245,David,Johnson,Holy See (Vatican City State),(242)384-4781x3713,clairehobbs@example.org,2021-01-12
4246,Anthony,Martin,Norway,788.809.9833x10699,youngaaron@example.net,2026-02-08
4247,Albert,Moreno,Belgium,660.303.5312,svalenzuela@example.com,2024-08-10
4248,Kathleen,Spears,Ghana,3009788798,shawn38@example.org,2025-06-23
4249,Angelica,Mitchell,Tunisia,739-564-5616x36810,natalie87@example.org,2024-01-18
4250,Christine,Barker,Latvia,(496)409-8430,roberto58@example.org,2024-12-05
4251,William,Ramirez,Swaziland,867.220.6642x76334,yvonnethompson@example.com,2020-05-15
4252,Lisa,Chen,Turkmenistan,518-956-8761x010,yanderson@example.com,2025-06-21
4253,Scott,Jimenez,Bermuda,+1-604-273-5306x9856,nathansmith@example.net,2020-01-02
4254,Benjamin,Smith,Liberia,550.252.2325x32942,bbrown@example.net,2021-12-04
4255,Beth,Gonzalez,Jamaica,909-801-3680x1400,connie43@example.com,2022-04-13
4256,John,Lawrence,Algeria,968.880.4524,marc76@example.org,2024-09-14
4257,James,Mayo,Jamaica,499-945-9538,harperkevin@example.net,2021-02-25
4258,Wesley,Stevenson,Netherlands Antilles,001-207-808-6476,jacquelinereed@example.net,2020-12-07
4259,David,Bradley,Malta,8926972446,briansanchez@example.org,2026-01-05
4260,Melissa,Logan,United States Virgin Islands,+1-569-460-3667x6939,morrisryan@example.com,2024-05-15
4261,Michael,Pruitt,Mauritius,+1-250-257-2261x839,sedwards@example.org,2023-06-21
4262,Monica,Allen,Zambia,858.927.5493x55906,ubeltran@example.net,2022-01-14
4263,Jennifer,Terry,Tonga,764-599-6124x89603,alyssa28@example.org,2025-06-10
4264,Gregory,Miller,Senegal,(434)820-8511x2421,courtneyortega@example.com,2023-05-09
4265,Aaron,Hall,Falkland Islands (Malvinas),363-978-8045,eross@example.net,2023-06-17
4266,James,Sanchez,South Africa,4153166257,rray@example.org,2024-05-16
4267,Ashley,Jackson,San Marino,(400)557-7830x297,fryalyssa@example.org,2025-04-10
4268,Robert,Davis,Cocos (Keeling) Islands,001-537-969-2188x70740,qschwartz@example.net,2020-11-01
4269,Bethany,Hayes,Timor-Leste,987.741.7847x907,steven64@example.org,2024-04-29
4270,Brittany,Brooks,Papua New Guinea,980.649.8952x1794,pphillips@example.com,2024-04-09
4271,Michael,Richards,Congo,725.306.3544,ashleyerica@example.com,2025-05-06
4272,Teresa,Cole,Israel,+1-516-496-3658x18090,emily23@example.net,2022-07-04
4273,Debra,Crawford,Antigua and Barbuda,303.921.5812,william62@example.net,2021-06-01
4274,Scott,Hunter,Falkland Islands (Malvinas),(635)880-0182,atrujillo@example.net,2020-01-31
4275,Stephanie,Blankenship,Central African Republic,001-366-272-4171x2083,qwoods@example.com,2024-04-01
4276,Ryan,Santiago,Myanmar,+1-272-985-3953x89466,brittanygolden@example.net,2024-06-12
4277,Stephanie,Hanson,Puerto Rico,638.227.3204,allisongeorge@example.net,2024-11-10
4278,Monica,Soto,Micronesia,001-376-957-7062x38153,hbarber@example.net,2025-09-12
4279,Brent,Webb,Korea,842-487-1205x1157,whitejames@example.com,2025-10-19
4280,Justin,Webb,Denmark,(744)494-6297,iferguson@example.org,2021-01-28
4281,Amber,Quinn,Kenya,001-485-575-6036x47843,lwatson@example.com,2023-08-30
4282,Teresa,Ward,Kyrgyz Republic,891.233.8212x49283,tpatton@example.org,2022-02-26
4283,Melissa,Abbott,Malawi,3129574401,briana46@example.org,2022-09-08
4284,Pamela,Robinson,Cote d'Ivoire,001-387-921-2911x157,wanda32@example.com,2024-03-28
4285,Jared,Ellis,Jersey,+1-287-707-6577x562,qscott@example.net,2025-04-24
4286,Abigail,Nelson,Romania,7213325371,timothysuarez@example.com,2020-04-28
4287,Eric,Howard,Turks and Caicos Islands,(404)295-7968x62268,seth84@example.net,2021-06-21
4288,Maria,Hernandez,Argentina,001-922-976-9056x3004,deniseflowers@example.org,2026-01-22
4289,Marissa,Collins,Panama,280-568-8456,reneewelch@example.org,2025-08-07
4290,Rachel,Suarez,Gambia,584.605.9360,scotthall@example.net,2023-08-19
4291,Bruce,Weaver,El Salvador,001-804-583-7637x41136,morganmikayla@example.com,2025-03-13
4292,Robert,James,Djibouti,+1-897-211-8624x30214,tperez@example.net,2023-02-17
4293,Kyle,Chambers,Ireland,212-592-4837,vthompson@example.net,2020-10-24
4294,Crystal,Pena,Kazakhstan,655-930-1900,maydavid@example.net,2020-06-05
4295,Joseph,Pugh,Swaziland,+1-922-329-9195x965,jaimebernard@example.com,2023-01-22
4296,Mike,Clark,Sri Lanka,6852601064,hwade@example.org,2022-07-10
4297,Jeffrey,Wilson,Namibia,+1-874-798-2757x5117,travisscott@example.com,2025-03-05
4298,Wendy,Taylor,Belgium,(961)360-3464x1341,robert22@example.net,2023-10-08
4299,Matthew,Patel,French Guiana,5762844976,mdouglas@example.org,2024-09-04
4300,Tyler,Stephens,Netherlands,906-414-9113x0099,philip15@example.com,2021-09-21
4301,Cindy,Bailey,Guadeloupe,352.917.2694x873,qstone@example.net,2021-09-18
4302,Kristina,Cruz,Holy See (Vatican City State),001-726-753-1879,wilkersonkevin@example.net,2021-11-11
4303,Gregory,Crawford,Cocos (Keeling) Islands,+1-808-818-7741,deckerkatherine@example.com,2024-09-21
4304,Jennifer,Estrada,Malaysia,(264)398-5550,diazandrew@example.com,2023-05-15
4305,Barry,Jennings,Ghana,+1-460-796-8996,jacqueline64@example.net,2020-04-12
4306,David,Perkins,Japan,+1-307-545-9961,aglover@example.com,2022-06-25
4307,Thomas,Adams,Turks and Caicos Islands,448.969.4321x230,vcollier@example.com,2021-10-14
4308,Sandra,Carr,South Africa,793.528.2189x113,ibooth@example.com,2022-05-06
4309,Ross,Morris,Pitcairn Islands,(373)872-4836x2936,owenlisa@example.net,2026-01-16
4310,Sherry,Patel,Estonia,(384)513-2813,katherinemendoza@example.net,2021-11-24
4311,Laura,Hanson,Ireland,(324)575-7706x8041,john06@example.net,2022-09-10
4312,Gary,Moore,Taiwan,+1-208-588-5743x96190,vegaangela@example.org,2025-04-10
4313,Timothy,Mclean,Comoros,389.763.4735x646,matthewyoung@example.org,2023-09-13
4314,Brittany,Chang,Mayotte,+1-830-228-0659x4733,markjohnson@example.net,2023-03-24
4315,Kevin,Jenkins,United States of America,749.917.5378,barnettamy@example.org,2024-07-12
4316,Jason,Arellano,British Indian Ocean Territory (Chagos Archipelago),+1-942-785-1336x1644,jacksonbrandon@example.net,2021-01-02
4317,Michael,Brown,United Arab Emirates,001-885-670-1070x013,mitchellemma@example.com,2025-06-22
4318,Catherine,Spence,Timor-Leste,+1-251-579-4537x7931,fblack@example.org,2025-06-23
4319,Amy,Williams,Venezuela,(455)659-6397x569,adam42@example.net,2024-11-23
4320,Trevor,Rivera,Uzbekistan,+1-259-314-1465x7637,madisondawson@example.org,2023-10-18
4321,Katherine,Washington,Libyan Arab Jamahiriya,001-914-501-5090,cisnerosmaureen@example.org,2025-06-03
4322,David,Rogers,Mexico,+1-415-543-2842,danielsmith@example.net,2024-12-24
4323,Paul,Stewart,Moldova,001-418-365-3812x2896,kathryn92@example.org,2023-11-24
4324,Margaret,Dunn,Cuba,+1-633-826-2576x853,mitchell59@example.net,2022-11-30
4325,Toni,Flores,Turkey,618-813-3596,oanderson@example.org,2021-11-15
4326,Todd,Marks,Barbados,650.494.1756x404,johnsonchristopher@example.com,2025-02-21
4327,Courtney,Lara,French Guiana,+1-914-786-4420,allenangel@example.com,2024-03-08
4328,Jacob,Ryan,Uzbekistan,+1-802-368-1061x9491,brownedward@example.com,2020-12-12
4329,Melissa,Gonzales,Uzbekistan,001-890-676-1767x5725,ebarker@example.com,2023-03-25
4330,Michael,Williams,Brunei Darussalam,941-550-7157x6911,hhinton@example.org,2021-01-03
4331,Jennifer,Dougherty,Spain,001-867-221-0580x721,shieldsjeff@example.net,2024-04-18
4332,Brad,Walker,Cocos (Keeling) Islands,001-483-824-6386,charlesnavarro@example.com,2021-12-14
4333,John,Myers,Kenya,001-521-551-1877x0060,glewis@example.net,2022-09-10
4334,James,Barton,Montserrat,+1-659-449-8176x10310,rhondamaxwell@example.net,2023-09-12
4335,Melissa,Foster,Albania,(213)803-2387x008,michael23@example.org,2021-11-07
4336,Steven,King,Congo,830-850-9159,sabrina91@example.com,2025-04-19
4337,William,Garcia,Azerbaijan,(927)891-5405,aphillips@example.org,2024-09-17
4338,Jeff,Robertson,Greenland,587-946-1088x8408,alvarezjeffrey@example.com,2020-05-08
4339,Victoria,Fernandez,Niue,342-223-3197x9432,miranda49@example.net,2022-04-11
4340,Jessica,Young,Mayotte,657-728-6933,ejames@example.net,2023-10-05
4341,Sharon,Bailey,Mozambique,5357754996,orozcobetty@example.com,2021-10-19
4342,Charles,White,Italy,256.698.4754x18434,ufarrell@example.net,2020-01-10
4343,Barry,Newton,Kazakhstan,418.359.7846,ybennett@example.com,2021-04-21
4344,Debra,Morton,Gambia,001-635-874-0579x298,lewiskathy@example.net,2025-08-20
4345,Timothy,Anderson,Angola,205-260-8623x59334,tracy19@example.net,2022-12-13
4346,Anthony,Mason,Argentina,722-583-0941x70363,steven52@example.org,2020-10-05
4347,Sharon,Harrison,Brazil,(682)859-7351,brandon69@example.org,2024-03-16
4348,Lindsay,Norton,Libyan Arab Jamahiriya,+1-477-508-6237,tammy65@example.com,2022-10-22
4349,Michael,Gutierrez,Thailand,+1-338-588-0888x94831,hudsonmatthew@example.com,2023-04-09
4350,Thomas,Wright,Anguilla,6868274334,adammontoya@example.net,2021-08-14
4351,Katherine,Williams,Saint Helena,(851)861-8566x9434,johnsonchristine@example.com,2024-09-27
4352,Sarah,Munoz,Norway,561-533-6735x7793,jenkinsjesse@example.net,2025-01-18
4353,Andre,Herrera,Bouvet Island (Bouvetoya),588.231.7399x6178,dwaynepeterson@example.org,2020-10-13
4354,Danny,Dixon,Saint Martin,753-610-4217,carrie62@example.org,2024-05-17
4355,Charles,Carey,Malawi,984.238.6139x922,johnnorman@example.org,2025-06-05
4356,Shane,Scott,United Arab Emirates,001-774-620-0766x43525,staceyhughes@example.net,2025-07-13
4357,Nicole,Miller,Ukraine,001-751-343-2147x23294,calvin88@example.com,2020-08-29
4358,Janice,Harmon,Timor-Leste,+1-473-997-6295x24923,patrickburke@example.net,2022-10-26
4359,Angie,Tanner,Burkina Faso,586-548-4625,russell24@example.org,2022-02-10
4360,Andrew,Lindsey,Bhutan,464-972-8533,bbrandt@example.net,2024-03-13
4361,Stephanie,Lynn,Cote d'Ivoire,640.319.9297x00292,adrianbutler@example.com,2025-12-10
4362,Daniel,Davis,Eritrea,(910)958-4439x14340,whitejacob@example.net,2022-09-12
4363,Angela,Jones,Slovakia (Slovak Republic),966.296.3368x14543,craig64@example.com,2022-02-28
4364,Jacob,Lindsey,Taiwan,001-657-385-8622x55623,claudiabarr@example.com,2023-03-20
4365,Shane,Aguilar,Saint Pierre and Miquelon,819.341.5243,charles87@example.org,2022-07-15
4366,James,Hunter,Israel,779-676-9040,amynelson@example.com,2021-07-01
4367,David,Silva,Sri Lanka,259.942.2961x91065,sharrison@example.net,2025-05-12
4368,Tina,Glover,Guam,533.206.7455,salinasbrian@example.net,2025-06-18
4369,Laura,Davis,Fiji,7588876580,washingtonmichael@example.net,2021-08-10
4370,Daniel,Mendez,Bahamas,+1-823-496-7785x9919,glenn07@example.com,2024-11-10
4371,Shirley,Chang,Belarus,001-352-752-8394x25925,vblack@example.com,2021-09-27
4372,Travis,Hamilton,Serbia,412-966-8891x0181,hurleymatthew@example.net,2020-09-26
4373,Matthew,Yang,Peru,001-373-936-9266x1378,tanyameza@example.com,2024-09-24
4374,Aaron,Middleton,Jordan,+1-281-316-4154x31773,erinhuff@example.org,2022-06-03
4375,Duane,Cook,Trinidad and Tobago,394-714-8104,bradfordstephen@example.org,2023-08-07
4376,Jorge,Salazar,Saint Barthelemy,2346806258,johnmiller@example.com,2022-09-21
4377,Eric,Palmer,Iceland,527.472.9156x6485,kevin45@example.org,2024-07-16
4378,Jessica,Oliver,Niger,+1-815-434-9813,cody70@example.com,2020-04-03
4379,Jose,Flynn,Saint Kitts and Nevis,9315431704,cassandragarrett@example.net,2025-02-26
4380,John,Tate,Dominican Republic,+1-306-984-7337,arodriguez@example.org,2020-05-29
4381,Cassandra,Cunningham,Austria,(274)968-0444x676,justincunningham@example.com,2022-05-29
4382,Amy,Martin,Georgia,381.963.4792,hoffmanangela@example.net,2022-10-15
4383,Dillon,Thompson,Pitcairn Islands,9296889470,tracyhill@example.com,2023-07-25
4384,Alyssa,Sanchez,Ecuador,5704730766,igriffin@example.com,2020-02-13
4385,Jonathon,Phillips,Taiwan,+1-409-900-0725x6783,pricejulie@example.net,2020-02-06
4386,Jonathan,Long,Cambodia,001-340-265-9095x54094,thomasdavid@example.org,2020-12-11
4387,Diane,Miles,Nigeria,001-546-579-6969,anthonygood@example.com,2021-11-09
4388,Teresa,Carroll,China,500-659-0917x440,charlesmichelle@example.com,2020-02-25
4389,Todd,Shaw,Brunei Darussalam,(380)693-0844,carrollkaren@example.com,2022-11-28
4390,Michael,Mitchell,Liechtenstein,8415488321,petersontimothy@example.net,2023-12-12
4391,Daniel,Owens,New Zealand,(930)412-1584x8468,melissa17@example.org,2023-05-28
4392,Caleb,Smith,Cambodia,408-434-9129x5608,qdonaldson@example.org,2025-07-20
4393,Ashley,Miles,Cameroon,(476)855-7558x3929,amber22@example.org,2025-06-15
4394,David,Ward,Pitcairn Islands,352.929.1485x32056,santosjennifer@example.org,2025-01-20
4395,Zachary,Davenport,Dominican Republic,358.782.3476x49318,haleyrichardson@example.com,2021-10-03
4396,Kyle,Smith,Cote d'Ivoire,(319)445-5443,rbowers@example.org,2023-09-25
4397,Julian,Bates,Egypt,916-773-8474x822,bushmegan@example.com,2020-08-13
4398,Danielle,Mckinney,Wallis and Futuna,772.298.1799x6016,lewismiguel@example.org,2020-04-01
4399,Mary,Lutz,Monaco,+1-527-705-1249x0470,sheilamartin@example.org,2022-03-27
4400,Jason,Powell,Angola,001-418-845-8811x792,smithdonald@example.com,2021-12-22
4401,Ebony,Williams,Singapore,4299764734,garrettedwards@example.net,2023-08-24
4402,Courtney,Moore,Tanzania,001-733-940-1478x08177,deantaylor@example.com,2023-03-01
4403,Michelle,Turner,Romania,(243)846-9183x3566,catherineespinoza@example.org,2024-09-24
4404,Jeremy,Pollard,Cuba,227-331-8431x339,johnmoyer@example.com,2021-11-01
4405,Lauren,Mason,Fiji,7185651938,dayreginald@example.net,2020-01-02
4406,Jose,Anderson,Niger,989-844-0937x32216,nguyenwilliam@example.net,2024-09-19
4407,Rachael,Mcdaniel,Cyprus,368.258.0843,greencynthia@example.net,2024-04-29
4408,Robert,Carpenter,Eritrea,(939)991-5519,cpetersen@example.net,2021-09-30
4409,Patricia,Dean,Andorra,302.216.4792x53877,ryan93@example.net,2024-06-01
4410,Alan,Perez,China,(586)507-0603x14254,qmoore@example.com,2020-05-02
4411,Janice,Guzman,Libyan Arab Jamahiriya,001-908-826-4078x134,apowell@example.com,2023-02-27
4412,Norma,Kennedy,Palau,426-215-4406x57710,walkerjoseph@example.com,2020-05-11
4413,Victor,Garcia,Portugal,+1-717-619-3035x5487,josephvelazquez@example.net,2022-07-09
4414,Robert,Williams,Bangladesh,(828)392-4961,jharris@example.org,2025-08-23
4415,Anthony,Torres,North Macedonia,(228)624-8271,tammy76@example.com,2020-09-11
4416,Chris,Greene,Aruba,601.344.8912x657,amandamartinez@example.com,2022-02-19
4417,Jamie,Washington,Marshall Islands,+1-520-801-1199,emelendez@example.com,2023-05-05
4418,Daniel,Wallace,Christmas Island,776.697.7843x861,alvarezlori@example.org,2020-09-27
4419,Marcus,Smith,Fiji,7423983948,ashley60@example.com,2024-07-29
4420,Jeremy,Gonzales,British Virgin Islands,(407)938-8033,oliverrebecca@example.org,2023-06-15
4421,Christian,Young,Botswana,001-469-475-6232x270,gwilson@example.net,2021-03-09
4422,Tracey,Stewart,Cayman Islands,+1-769-410-6717x1314,jparsons@example.org,2024-08-01
4423,Anna,Hayden,Pakistan,992.891.9590,roberttran@example.net,2020-07-05
4424,Caroline,Russell,Suriname,906-656-8737x1490,xharris@example.net,2020-12-02
4425,Renee,Nelson,Niue,9285856623,sarah46@example.net,2020-02-08
4426,Maria,Smith,Mozambique,298.601.1320,andrew71@example.org,2024-09-07
4427,Patrick,Johnson,Costa Rica,508-821-8628,rodney71@example.com,2020-04-17
4428,Tyler,Mendez,Azerbaijan,(206)290-8534x7822,kimberlyrobinson@example.org,2021-11-20
4429,Miguel,Curry,Colombia,001-650-897-2535x4537,mariabradford@example.org,2021-12-17
4430,Pamela,Mitchell,Belize,001-386-511-5620,smithbrian@example.org,2020-06-09
4431,Timothy,Cook,Norfolk Island,316.693.9899,russellvasquez@example.com,2020-01-09
4432,Reginald,Beck,Korea,9223497313,pbarr@example.net,2023-10-29
4433,Stephanie,Allen,Gambia,834-731-4400,michaelfoster@example.net,2021-09-24
4434,Sarah,Wilson,Cook Islands,001-581-523-5247x2330,jackflynn@example.net,2021-12-16
4435,Jason,Cherry,Australia,552-884-0596x387,combssuzanne@example.net,2024-09-03
4436,Tim,Santos,Iraq,788.788.5972,travis80@example.net,2024-12-11
4437,Kenneth,Shah,Mozambique,997.282.8487x3444,christinewood@example.net,2025-01-03
4438,James,Jenkins,Sierra Leone,(604)426-0735x764,jillowens@example.org,2022-10-09
4439,Marc,Riley,Finland,001-621-373-3037,williamscourtney@example.com,2025-08-19
4440,Daniel,Black,Myanmar,(658)382-2539x06934,andrewsgregory@example.org,2020-08-14
4441,John,Gibson,Uzbekistan,958-262-2465x233,rebeccanewman@example.net,2026-01-28
4442,Christina,Gordon,Jersey,704-832-2296x3540,christinedillon@example.net,2020-03-17
4443,Larry,Carter,Mexico,001-686-882-7521x20306,iclark@example.com,2023-09-10
4444,Mary,Higgins,Saint Helena,(489)482-9662x128,joel00@example.com,2023-12-26
4445,Lisa,Smith,British Virgin Islands,284.787.3155,barrykevin@example.com,2020-12-13
4446,Samantha,Munoz,Morocco,+1-970-863-5849x685,dustin21@example.org,2023-04-14
4447,Evan,Ortega,United States Virgin Islands,001-582-943-7996x31611,zedwards@example.net,2021-07-12
4448,Mark,Boyer,United States Minor Outlying Islands,938-963-0242x1547,rangelmichael@example.com,2025-11-09
4449,Martha,Johnson,New Zealand,001-528-684-4190,njacobson@example.com,2020-09-05
4450,Melinda,Lindsey,Kiribati,(361)237-7316x1219,heatherjohnson@example.org,2023-01-17
4451,Terri,White,Angola,801.601.9797x4068,timothyvelasquez@example.org,2024-11-12
4452,Angela,Olson,Mauritius,(897)795-1507,kevin97@example.com,2022-12-16
4453,Brian,Smith,Yemen,921-609-8821x5890,bradyjessica@example.org,2025-11-04
4454,Ryan,Ramirez,Czech Republic,+1-582-798-6260,amyhampton@example.com,2023-04-05
4455,Timothy,Carter,Timor-Leste,+1-834-979-8689x26090,kpage@example.net,2022-01-22
4456,David,Zavala,Costa Rica,(605)685-4823x508,ecollier@example.net,2022-05-21
4457,Karla,Cook,Tunisia,386.370.0936x662,bennettjessica@example.org,2025-04-24
4458,Charles,Parsons,Afghanistan,310.757.8529x88625,martincraig@example.net,2022-03-14
4459,Lucas,Smith,Togo,001-662-357-3855,juangonzales@example.com,2024-02-15
4460,Jason,Bell,Greenland,460.424.8949x82272,dannyvasquez@example.net,2021-01-15
4461,Christopher,Pierce,Norway,445.201.4766,rachel49@example.com,2024-03-02
4462,Jacqueline,Nelson,South Africa,+1-797-816-1137,rebecca08@example.net,2023-09-28
4463,James,Bonilla,Cote d'Ivoire,3314977580,matthew43@example.org,2022-10-09
4464,Amanda,Calhoun,Yemen,718-799-5201x940,ygutierrez@example.net,2020-04-11
4465,Jeffrey,Baldwin,Tunisia,578.368.4367x712,josebonilla@example.net,2020-07-08
4466,Deanna,Shea,Brazil,9729379885,etaylor@example.org,2025-06-27
4467,Anthony,Mcneil,Bahamas,457.303.2807x364,conradandrew@example.net,2020-09-21
4468,Grant,King,New Zealand,(986)690-2352x55584,christopherjensen@example.com,2022-11-26
4469,Randall,Ortega,Portugal,228-979-9403x303,kennedysteven@example.net,2020-05-11
4470,Jerry,Higgins,Turks and Caicos Islands,591.881.2916x589,christopherrice@example.org,2021-01-29
4471,Kimberly,Cruz,Tajikistan,(785)672-0394x951,lucaswilliams@example.net,2024-06-03
4472,Natalie,Newton,Sudan,(328)440-6225x22450,pamelathomas@example.net,2021-03-14
4473,Colleen,Yu,Korea,444.808.8659,perezbilly@example.org,2023-08-30
4474,John,Moore,Turkmenistan,(459)700-1299x420,tjohnson@example.net,2020-10-28
4475,Steven,Mcdaniel,Madagascar,952-639-5792,jjohnson@example.net,2022-04-07
4476,Christopher,Kramer,Tokelau,001-573-961-4716,egeorge@example.org,2020-08-23
4477,Sandra,Coleman,Cyprus,505.629.8348,lisahughes@example.org,2023-02-28
4478,Jeffrey,Howell,Moldova,978-325-9344x008,kirkjacob@example.net,2025-10-30
4479,Tracey,Sims,Palestinian Territory,001-638-936-1015,samantha38@example.com,2025-03-13
4480,Susan,Morris,Liberia,+1-510-724-5389x07015,barbaraparker@example.com,2023-04-24
4481,Christine,Sampson,Cuba,+1-961-880-8189,dawndavis@example.com,2020-02-21
4482,Ronald,Wang,Slovenia,(504)838-7080x917,ycasey@example.org,2022-11-03
4483,Sarah,Swanson,Ukraine,670.979.5060x2679,donnajoyce@example.com,2025-12-01
4484,Megan,Patterson,Jamaica,001-700-394-1276x5293,tmcintosh@example.com,2021-01-14
4485,Mitchell,Dunlap,Panama,584-330-6338,talexander@example.com,2022-10-14
4486,Sydney,Bailey,United States Virgin Islands,(674)257-3609x905,reidkatie@example.org,2024-06-12
4487,Lori,Lucas,Greece,+1-362-749-0131,bakerbarry@example.org,2024-07-06
4488,Brian,Roberts,Croatia,+1-317-713-2423x3774,udaniel@example.org,2023-02-17
4489,Danielle,Lee,Christmas Island,901.947.3517x99459,bgraham@example.org,2024-04-04
4490,Charles,Lawson,Suriname,+1-629-871-5923,eric04@example.net,2021-07-23
4491,Chris,Mcmahon,Namibia,(343)312-1326,jessicadouglas@example.com,2021-09-11
4492,Omar,Marsh,Tanzania,689.301.9174x4926,wardnicole@example.net,2024-03-26
4493,Amanda,Brown,Kazakhstan,741.574.4111x9488,clinecalvin@example.com,2023-02-07
4494,Spencer,Hawkins,Argentina,+1-469-509-0652x1665,hendersonnicole@example.com,2022-11-02
4495,Jessica,Reed,Papua New Guinea,001-808-776-5236x966,karenyates@example.org,2023-04-02
4496,William,Lloyd,Chile,+1-350-580-0921x3034,melissa05@example.org,2024-12-13
4497,Tina,Potter,Montenegro,001-341-661-9605x696,fcastillo@example.com,2022-01-08
4498,Jacob,Bernard,Macao,277-762-7745,brandon13@example.com,2022-10-24
4499,Michael,Shepherd,United States of America,8662644545,loganchang@example.org,2023-07-20
4500,Chad,Adams,Cayman Islands,(498)429-9442,tamarachase@example.com,2024-11-15
4501,Jeffrey,Olson,Ghana,220-238-6087x33806,christylewis@example.com,2024-07-01
4502,Mary,Lam,Falkland Islands (Malvinas),(632)513-3599,abigail75@example.net,2021-07-18
4503,Joshua,Gonzalez,Macao,447.990.9089,hsmith@example.com,2024-11-28
4504,Erin,Sanchez,Uruguay,(585)255-2896,eric65@example.com,2022-06-20
4505,Sarah,Mills,Kazakhstan,(425)794-3050,jobrown@example.net,2023-05-22
4506,Micheal,Jackson,Sierra Leone,001-231-361-8834x1170,kathryn37@example.org,2022-11-14
4507,Lisa,Heath,Austria,524-739-0939,butlercrystal@example.org,2024-09-16
4508,Robert,Torres,Ecuador,(990)325-6250x138,lnewton@example.org,2025-08-22
4509,John,Baxter,Equatorial Guinea,768-828-6474x438,christinewilson@example.net,2024-02-29
4510,Jennifer,Hughes,Saint Lucia,415-404-5614x98586,taylor40@example.net,2024-10-09
4511,Theodore,Huffman,Tajikistan,613.255.5182x983,david18@example.org,2025-02-04
4512,Stephanie,Schultz,North Macedonia,2363816254,sanchezpaul@example.net,2025-04-12
4513,Nancy,Williams,British Virgin Islands,(951)248-7207,rachelphillips@example.com,2026-01-20
4514,Joshua,Duncan,French Guiana,+1-555-944-3828x77340,gtaylor@example.net,2024-07-02
4515,Sandra,Vasquez,Sudan,(562)895-1759x859,mbell@example.org,2022-06-03
4516,Christian,George,Switzerland,001-772-433-8454x85678,kathrynhendricks@example.com,2025-05-12
4517,Sarah,James,French Guiana,714-313-0708x950,kennedysarah@example.net,2022-06-13
4518,Cynthia,Shields,Puerto Rico,893.523.8692x74553,danielgordon@example.net,2020-10-21
4519,Taylor,Liu,Denmark,+1-216-435-7894,penasherry@example.org,2021-04-14
4520,Sally,Proctor,Oman,+1-631-647-0715x60055,levi79@example.org,2022-06-16
4521,Matthew,Richardson,Myanmar,+1-789-645-2609x70703,ujordan@example.net,2023-06-09
4522,Krystal,Schmidt,Oman,(711)915-8098,paula37@example.org,2025-01-24
4523,Christopher,Roberts,Samoa,971-838-9922x5327,sedwards@example.com,2021-04-03
4524,Angela,Moore,South Africa,(526)792-9706,andrewpatel@example.net,2023-08-26
4525,Jeffrey,Wise,Guinea,(312)858-4415x141,hscott@example.org,2026-03-06
4526,Benjamin,Hanson,Turkmenistan,464.430.8979,kennethmurphy@example.org,2021-07-17
4527,Jesse,Nelson,Brunei Darussalam,001-464-554-0303x0781,crossjason@example.net,2020-04-29
4528,Sabrina,Lewis,Malta,+1-849-559-1584,larnold@example.net,2025-02-15
4529,Jennifer,Tyler,Palestinian Territory,+1-489-415-8005,tuckerchad@example.net,2020-12-31
4530,David,Scott,Central African Republic,614.667.0084x6768,xgonzalez@example.org,2021-09-27
4531,Misty,Welch,Equatorial Guinea,(900)905-9434,karen11@example.com,2022-12-08
4532,Toni,Thomas,Saudi Arabia,6029685577,gabrielle37@example.org,2024-08-28
4533,Anthony,Faulkner,Venezuela,(318)527-7272x76815,stephen66@example.com,2020-05-30
4534,Jennifer,Fernandez,Wallis and Futuna,7372310962,rosegonzalez@example.com,2021-03-07
4535,Darren,Mcknight,Honduras,488.376.2541,tiffanythompson@example.net,2021-04-06
4536,Jermaine,Collins,Malta,984-409-9946x86401,jacob59@example.org,2022-10-27
4537,Michael,Jones,Cocos (Keeling) Islands,001-271-357-6553x7305,evansjennifer@example.net,2022-03-15
4538,Juan,Weaver,Malawi,595-254-4359x2993,marissabrooks@example.org,2025-03-11
4539,Beth,Barnett,Turks and Caicos Islands,+1-213-744-6787x2521,steven12@example.net,2025-06-18
4540,Thomas,Mcconnell,Lesotho,001-377-443-3620x456,amyperkins@example.net,2024-04-18
4541,Adam,Miller,Iceland,(586)635-9326x8891,petersensteven@example.com,2024-08-05
4542,Melissa,Pittman,Italy,735-402-0341x587,kvincent@example.net,2024-09-27
4543,Matthew,White,French Guiana,+1-904-486-9323x2586,danielwilson@example.net,2024-07-25
4544,Chad,Nicholson,Haiti,(416)716-3234,tdominguez@example.net,2025-10-15
4545,Colleen,Hernandez,Portugal,375.747.7088,zkelly@example.org,2021-04-22
4546,Angela,James,Romania,001-824-599-7605x4714,katie77@example.net,2022-10-19
4547,Megan,Deleon,Malaysia,598-377-3492,stephanie89@example.org,2022-05-18
4548,Melissa,Stewart,Heard Island and McDonald Islands,642-750-0747,jonathanmccann@example.org,2025-11-04
4549,Beth,Grant,Bhutan,(606)591-9417x620,amoreno@example.net,2026-02-17
4550,Timothy,Smith,Albania,+1-575-240-2107x38432,iscott@example.com,2024-09-30
4551,Tiffany,Green,North Macedonia,716.677.5023,michaelhughes@example.net,2022-06-27
4552,Tyler,Bradley,Cameroon,001-832-852-4486,michaelesparza@example.com,2025-08-16
4553,Amanda,Hansen,El Salvador,001-539-646-4795,richardrose@example.com,2025-04-11
4554,Tanya,Murray,Micronesia,001-504-471-4780,karenwebb@example.net,2022-07-10
4555,Mary,Best,Qatar,+1-493-973-8552x5154,changjose@example.net,2022-05-01
4556,Gregory,Mayer,New Caledonia,215.356.4306,wrightcarl@example.org,2023-12-20
4557,Scott,Thomas,Bouvet Island (Bouvetoya),+1-729-666-5380,frank40@example.org,2022-05-24
4558,Lance,Roberson,British Indian Ocean Territory (Chagos Archipelago),653-976-0611,meredithbowman@example.net,2020-12-26
4559,Glenn,Oneill,Niue,869-930-9614,christopherturner@example.net,2024-07-09
4560,John,Townsend,Mayotte,9793627363,eric38@example.com,2020-08-26
4561,Taylor,Fry,Angola,(536)479-6694,shawn10@example.org,2021-08-15
4562,Jessica,Schwartz,Armenia,001-202-628-0887x20312,rivasfrank@example.com,2025-01-09
4563,Cynthia,Tucker,French Polynesia,338-246-9293,harrisonashley@example.com,2021-11-14
4564,Mary,Williams,Greenland,+1-696-513-3948,bmiller@example.net,2020-11-10
4565,Tyrone,Mcdonald,Jersey,237-821-3146,julia59@example.net,2025-03-03
4566,Marco,Ellis,Lao People's Democratic Republic,760.570.8667x274,alexander07@example.net,2022-01-27
4567,Kevin,Hinton,Tanzania,001-313-301-4718x42132,hedwards@example.com,2022-11-06
4568,Joseph,Davis,American Samoa,2595486588,agriffin@example.net,2023-02-20
4569,Erik,Cooley,United States Minor Outlying Islands,001-987-511-2493,mcdonaldandrea@example.com,2024-11-09
4570,Dale,Rivera,Syrian Arab Republic,450-984-2412x69597,woodardamanda@example.org,2026-01-21
4571,Tamara,Nunez,United Kingdom,334-819-5274x12175,charlesaguilar@example.net,2025-07-25
4572,Richard,Martinez,United States Virgin Islands,(580)381-9129x71463,michael70@example.com,2025-10-10
4573,Ann,Whitney,Panama,883.660.6180x83242,kristin93@example.org,2026-02-01
4574,Ronald,Thompson,Croatia,(919)691-3022x89530,woodmichael@example.net,2025-10-31
4575,Christian,Davis,Kazakhstan,896.444.5464,ashley00@example.org,2021-08-06
4576,Ashley,Evans,Uzbekistan,262.838.7544,kenneth59@example.net,2020-11-25
4577,Steven,Gonzalez,Dominican Republic,(445)781-3595x6633,sandramcdonald@example.org,2024-02-09
4578,Sandra,Mclean,Guyana,001-724-343-0129x561,obrienholly@example.net,2021-05-13
4579,Monica,Lopez,Tokelau,8655033855,hochoa@example.com,2024-10-12
4580,Zachary,Mason,Congo,+1-847-450-0504x253,olsondonna@example.org,2022-04-16
4581,Alvin,Williams,Holy See (Vatican City State),7462264942,thomas30@example.net,2024-09-17
4582,Robert,Robles,Spain,629-444-3505,emily92@example.com,2022-02-26
4583,Gregory,Johnson,Djibouti,506.838.3615x220,emcbride@example.net,2025-08-18
4584,Elizabeth,Garcia,Montserrat,001-996-302-6687,davidgregory@example.net,2022-02-20
4585,Amanda,Butler,French Guiana,954-387-1908x64622,dholland@example.com,2021-06-09
4586,Gabriella,Duncan,Nauru,(803)912-5673,sanchezmichael@example.com,2025-01-15
4587,Jennifer,Vaughn,Mauritius,+1-374-455-6456x0299,alexander17@example.net,2023-03-22
4588,Danielle,Griffith,Tanzania,4052598063,tbauer@example.org,2023-07-30
4589,Randall,Morse,Kenya,365.937.7317x202,sbender@example.net,2022-05-13
4590,Kenneth,Moore,Sri Lanka,+1-790-740-6374,maryspencer@example.net,2021-10-11
4591,Jennifer,Hall,Palestinian Territory,912-888-1849x50402,tuckerchristopher@example.com,2022-03-26
4592,Teresa,Collins,Venezuela,(983)244-5065x797,michael28@example.com,2022-09-08
4593,Cindy,Cox,Singapore,001-573-781-3232x729,maciaschristopher@example.net,2020-12-09
4594,Megan,Hernandez,Saint Lucia,550-410-1557x9110,walkertodd@example.com,2020-07-24
4595,Paul,Bond,Montenegro,976.220.7347x73111,angela90@example.org,2024-07-03
4596,Karen,Sharp,Dominican Republic,792-766-1110x697,krausemichael@example.org,2024-01-20
4597,Joyce,Long,Trinidad and Tobago,400.933.8333x58939,qtaylor@example.com,2024-04-05
4598,Jason,Anderson,Mongolia,(492)946-5338,carrilloheather@example.org,2025-05-04
4599,Donald,Warner,Kiribati,972.304.5390,stacey01@example.com,2021-11-10
4600,Angelica,Evans,Finland,946.364.7318,victoriahess@example.com,2024-07-01
4601,Matthew,Rosales,Canada,459-215-4023x83951,atapia@example.com,2025-12-13
4602,Amanda,Mills,Switzerland,(396)820-3119x668,jessebrown@example.org,2024-01-20
4603,Rebecca,Guerra,Monaco,001-273-627-8497x43692,stevensaustin@example.net,2021-11-22
4604,Sara,Marsh,Lithuania,+1-991-331-5637x40939,michele63@example.com,2020-05-13
4605,Manuel,Alvarez,Moldova,566-758-7676,johnsmith@example.com,2023-04-21
4606,Sheila,White,Trinidad and Tobago,+1-874-967-3694x225,mia37@example.com,2024-06-06
4607,Brian,Sutton,Cocos (Keeling) Islands,532.229.0871,chodge@example.org,2022-10-03
4608,Brooke,Cooper,Kyrgyz Republic,8702471578,wtownsend@example.com,2024-12-24
4609,Michael,Carpenter,Yemen,777.751.2331x314,simmonsmichael@example.net,2020-03-05
4610,Jose,Cardenas,Panama,(228)601-3027,lauren33@example.org,2021-11-19
4611,Lauren,Estrada,Svalbard & Jan Mayen Islands,491.507.1922x168,tbennett@example.com,2020-06-19
4612,John,Morrison,Bolivia,001-904-621-4804x0580,moraleslisa@example.com,2025-08-03
4613,Jenna,Thompson,Eritrea,7596324514,jeffrey29@example.com,2023-10-15
4614,Stacy,Moore,Antigua and Barbuda,992.518.9068,jennifermartinez@example.net,2025-06-04
4615,Jordan,Horton,Bermuda,001-935-714-9230x3923,wlevine@example.org,2022-05-03
4616,James,Frye,United States Virgin Islands,001-642-871-8746x5829,lopezanne@example.net,2025-07-02
4617,William,Gross,Solomon Islands,901.572.6394x94092,odomkaitlin@example.net,2020-03-08
4618,Stephanie,Peterson,Bolivia,001-828-903-6852x971,brandy68@example.net,2021-06-11
4619,Kayla,Henderson,French Southern Territories,+1-522-637-5392x5047,tiffanylewis@example.com,2021-07-27
4620,Sarah,Munoz,Djibouti,(780)818-9728,ngeorge@example.com,2020-01-20
4621,Laura,Benitez,Spain,001-550-580-8100x538,lowesandra@example.org,2023-04-29
4622,Michael,Moreno,Norway,001-572-682-1484x08789,darryl30@example.org,2024-01-20
4623,Linda,Garcia,Grenada,860-529-4606,harrisevan@example.net,2026-01-07
4624,Randy,Watkins,Somalia,(589)232-7159,wscott@example.net,2020-03-28
4625,Ruth,Gonzalez,Jordan,505.584.8298x65387,fmcbride@example.net,2021-02-27
4626,Drew,Pope,Cuba,001-296-456-1301x676,smiller@example.com,2020-09-18
4627,Ruben,Rivera,India,(422)240-2303,steven62@example.com,2024-10-24
4628,Derek,Sanchez,Gambia,569.590.8372,christopherjennings@example.com,2023-04-26
4629,Michael,Smith,Yemen,272.625.6576,sarah19@example.org,2022-04-18
4630,Benjamin,Summers,Kyrgyz Republic,001-497-286-5733x27346,johnsonmelissa@example.com,2023-11-20
4631,Joseph,Stevens,United States Minor Outlying Islands,536-495-2070x29698,chad73@example.org,2024-07-19
4632,Pam,Thomas,Panama,(243)305-0055,carrie89@example.org,2021-12-30
4633,Jennifer,Watson,Namibia,+1-364-609-5489x809,phelpskaren@example.net,2020-02-20
4634,Jeffrey,Bishop,Estonia,361.428.5275,ricardofitzgerald@example.net,2021-03-07
4635,Barbara,Smith,Jamaica,951.511.3741,sgonzalez@example.com,2022-05-29
4636,Ashley,Perry,Algeria,(753)206-4716x674,tkim@example.com,2022-07-25
4637,Ernest,Sherman,Chile,(893)641-2935x9337,smithamber@example.net,2025-01-05
4638,Sara,Baker,Guyana,+1-769-990-9314x2197,rsmall@example.com,2020-07-11
4639,Victoria,Casey,Grenada,(518)312-9640x85296,sharon71@example.com,2020-04-12
4640,Kimberly,Young,French Southern Territories,655.778.5202x986,xsandoval@example.org,2023-11-03
4641,Christopher,Alvarado,Myanmar,+1-679-630-1059x1288,brittany55@example.net,2026-02-16
4642,James,Brown,Armenia,724.695.3060x0942,ramseyerin@example.com,2024-02-03
4643,Lisa,Mitchell,Zimbabwe,408-858-2185x322,stacy57@example.org,2020-03-07
4644,Emily,Turner,United States of America,386-956-9518,williamslisa@example.com,2021-10-28
4645,Daniel,Adams,Sri Lanka,937.794.3722x50027,hughesjoshua@example.net,2022-11-08
4646,Abigail,Taylor,Netherlands,+1-470-842-0289x10864,fpeters@example.net,2021-06-26
4647,Douglas,West,Oman,001-922-946-2041x807,marie37@example.com,2023-10-27
4648,David,Torres,Hungary,665.787.2528x75657,timmorris@example.org,2023-10-20
4649,Tracy,Martinez,Ukraine,4643609060,ashleyashley@example.com,2020-04-07
4650,Marissa,Huff,Northern Mariana Islands,815-216-4236,sarah91@example.com,2023-10-15
4651,Cameron,Jimenez,Bulgaria,985-665-8710x4114,jamesandrews@example.com,2024-02-07
4652,Joseph,Jacobs,Christmas Island,(903)999-0302x000,hendricksgeorge@example.net,2022-01-02
4653,Jasmine,Young,Bangladesh,564.342.2913x6184,sonia37@example.com,2024-11-30
4654,Ryan,White,Syrian Arab Republic,001-423-654-2836,maria82@example.com,2025-03-08
4655,Kyle,Fisher,Isle of Man,674-602-7044,haley44@example.org,2024-02-24
4656,Laura,Jenkins,Indonesia,612.984.5779x7631,john28@example.org,2021-05-01
4657,Spencer,English,Austria,001-267-431-6049,david85@example.net,2025-06-10
4658,Shelby,Carr,Thailand,365-813-4394x061,cherylgibson@example.com,2025-05-31
4659,Robin,Coleman,Mali,(342)682-2877,monica21@example.org,2020-11-16
4660,Maria,Wilson,Mauritius,499-474-1721x87822,ronald92@example.com,2025-07-19
4661,Robert,Henderson,Liberia,+1-884-745-9416x8479,derek76@example.net,2020-04-03
4662,Glenn,Hoffman,Fiji,863-836-7811x3155,timothypatrick@example.org,2026-02-06
4663,Christopher,Garner,Bahamas,001-832-724-4229x52690,deborahjones@example.org,2024-03-05
4664,Stephanie,Kelly,Rwanda,(958)446-4041x75019,nwilkins@example.net,2020-02-12
4665,Lisa,Bennett,Swaziland,951.904.1532,karen85@example.org,2020-03-18
4666,Jessica,Walls,Mauritania,(331)458-5280x073,paige12@example.net,2025-05-08
4667,Tony,Garcia,Haiti,001-879-522-0675x79024,thompsondavid@example.net,2024-03-23
4668,Thomas,Blake,Sudan,(991)769-4234,blankenshiproberto@example.net,2021-11-20
4669,Megan,Elliott,Turks and Caicos Islands,(892)594-0128x077,robert20@example.net,2024-11-28
4670,Erika,Cummings,Moldova,001-451-722-5556x0964,buchananscott@example.com,2024-04-23
4671,Jermaine,Pearson,Ghana,(465)311-9381x9353,bwest@example.net,2021-03-24
4672,Rodney,Noble,Micronesia,001-457-973-8792x4316,robbinsdaniel@example.org,2020-03-20
4673,Kenneth,Brewer,Niger,001-710-326-8795x541,kayla30@example.com,2023-10-14
4674,Steven,King,Portugal,(523)487-6779x4025,baileyshannon@example.org,2020-01-22
4675,Gary,Butler,Anguilla,740-597-1857,alvaradojames@example.org,2023-09-22
4676,Colleen,White,Haiti,(507)451-6034x698,careycheryl@example.net,2025-08-30
4677,David,Moyer,Papua New Guinea,443.835.4177,donaldcampbell@example.net,2022-06-18
4678,Hannah,Simpson,New Zealand,235.835.9598x234,emoore@example.org,2022-01-27
4679,Luis,Gay,Gibraltar,001-421-662-5982x0591,brianfigueroa@example.org,2025-07-26
4680,Darrell,Rogers,Ireland,+1-876-642-0946x2928,laura63@example.org,2022-01-25
4681,Randall,Kirk,Canada,9235048787,mark26@example.com,2021-04-25
4682,Brandon,Murray,Malta,677-395-7293x7584,kimberlypowell@example.com,2020-04-09
4683,Hunter,Adams,China,358-813-6497x625,patriciabarajas@example.com,2023-03-21
4684,Bradley,Burch,Estonia,+1-948-686-4741x788,epearson@example.net,2021-07-24
4685,Brandon,Tapia,Monaco,+1-318-489-7119x82380,knappsamantha@example.net,2025-07-05
4686,Timothy,Hardin,Tajikistan,284-756-3629,eric52@example.com,2022-12-08
4687,Carolyn,Herman,Aruba,739.830.8488x479,charlesmurillo@example.org,2025-03-06
4688,Alexis,Ross,Samoa,+1-252-349-0671,victorpetersen@example.org,2022-07-26
4689,Jordan,Moore,Pitcairn Islands,(518)621-8589x22024,clayjoseph@example.org,2025-11-01
4690,Claire,Watkins,Ecuador,+1-695-938-9210x22243,matthewhoffman@example.net,2024-06-19
4691,Alexandra,Matthews,Uzbekistan,900-503-7110x169,jordan37@example.net,2024-07-15
4692,Krista,Klein,Iraq,399.464.1940x193,morrismichelle@example.net,2025-03-21
4693,Amber,Carter,Honduras,977.830.1846x0321,rachel22@example.com,2023-11-23
4694,Norma,James,Saint Kitts and Nevis,(852)508-6485,gilbertjessica@example.com,2021-03-13
4695,Dawn,Wright,United Arab Emirates,920.591.6207,henrymaria@example.net,2022-02-18
4696,Joseph,Gomez,Botswana,(529)486-0407,paul39@example.net,2024-01-16
4697,Brittany,Maldonado,Cook Islands,(854)809-4093x57726,charper@example.net,2020-11-09
4698,Katherine,Espinoza,Liechtenstein,436.779.8519x30488,christopher85@example.org,2022-10-01
4699,Jeffrey,Conley,South Africa,(267)429-5780,daniel16@example.net,2025-04-25
4700,Luke,Moore,Norfolk Island,750.280.2978x7886,elizabethdiaz@example.net,2021-07-22
4701,Brandon,Rowland,Montserrat,289-427-6391,cynthialopez@example.net,2021-05-04
4702,Monica,Thomas,Saint Helena,+1-668-719-0945x3870,mirandahenry@example.net,2024-03-25
4703,Margaret,Arnold,Namibia,363-351-7279,zelliott@example.net,2024-03-19
4704,Mark,Martinez,Puerto Rico,471.948.2128x369,nblair@example.net,2023-11-19
4705,Michael,Cooper,Svalbard & Jan Mayen Islands,992.314.1068x9611,gomezgloria@example.com,2023-06-03
4706,Carlos,Simon,Cyprus,410.237.2548x248,gmercado@example.org,2026-02-14
4707,Nicole,Martinez,Panama,(374)685-8103x859,cvilla@example.org,2024-04-28
4708,Justin,Weaver,Liberia,983.601.1377,claytonmathis@example.com,2020-08-14
4709,Christine,Miller,India,001-744-665-8222x8660,hlee@example.org,2024-06-01
4710,Laura,Hubbard,Senegal,+1-537-600-9520x20147,nathan16@example.net,2025-04-15
4711,Catherine,Parker,Panama,001-401-272-5427x998,kylesmith@example.net,2020-01-10
4712,Aimee,Moss,Colombia,586.982.5290,christina51@example.org,2024-09-08
4713,Oscar,Hughes,Turkmenistan,+1-410-439-9048x20322,kevinmartin@example.com,2020-04-18
4714,Tamara,Mitchell,Ireland,3776427921,chambersmarie@example.org,2021-06-30
4715,Rebecca,Mitchell,Malawi,703-312-5296,sharon59@example.net,2022-10-13
4716,James,Williams,San Marino,223-674-0528x86997,chayes@example.net,2025-09-07
4717,Roberto,Phelps,Niue,832.664.4115x651,dennisjackson@example.org,2021-04-10
4718,Marcus,Wilkinson,Mauritius,404.566.1258,kenneth30@example.com,2021-08-01
4719,Lindsay,Mccormick,Tuvalu,274.978.0635x18518,holtmatthew@example.com,2023-10-25
4720,Jessica,Ray,Sierra Leone,001-468-980-8077x0581,caroline92@example.net,2024-02-03
4721,Alex,Mckinney,Pakistan,264-821-9648,jameskennedy@example.org,2020-03-22
4722,Deborah,Bell,Timor-Leste,(471)487-2680,michaeldavis@example.org,2022-02-25
4723,Robert,Miller,Australia,880.427.2114,arthur49@example.org,2021-09-27
4724,Tiffany,Parker,Saint Pierre and Miquelon,612-735-1330x70863,wrightmichelle@example.net,2021-12-07
4725,Karen,Ramirez,Greenland,(616)296-3686,sotojennifer@example.com,2023-05-22
4726,Douglas,Bruce,French Polynesia,752-914-0708x361,crystalnewman@example.com,2024-03-14
4727,Pamela,Kerr,India,512.314.2798,carolyn59@example.net,2024-10-26
4728,Clinton,Pitts,Swaziland,(899)946-4832x630,kelly72@example.net,2022-04-29
4729,Jason,Lewis,Brazil,(272)530-4759x9793,jeremiah33@example.org,2024-06-24
4730,Barbara,Lopez,Ecuador,273.701.8845x395,kim69@example.net,2025-04-27
4731,Kimberly,Kirk,Saint Lucia,001-637-851-2428x22213,rowlandkimberly@example.com,2024-10-25
4732,Jennifer,Miller,Vietnam,299.530.5508x31256,marshdevin@example.net,2020-12-10
4733,Samantha,Thompson,Somalia,379-634-1817x1260,craig25@example.com,2025-10-11
4734,Anne,Nelson,Poland,636-600-6236,hendrickstravis@example.net,2024-10-01
4735,Hunter,Marshall,Libyan Arab Jamahiriya,810.334.8208,slogan@example.com,2023-11-15
4736,Katie,Lewis,Korea,(424)688-9408,davisphilip@example.com,2020-07-15
4737,Andrew,Gonzales,Zimbabwe,638.675.3132x323,taylorariel@example.net,2024-09-17
4738,Carla,Medina,Jordan,(847)740-2228x109,moorenicole@example.net,2024-09-04
4739,Sarah,Edwards,French Guiana,421-840-6250,sydneywatts@example.net,2025-05-24
4740,Timothy,Smith,Afghanistan,354.207.7871x60331,joelhunt@example.net,2020-06-01
4741,Anthony,Williams,Burundi,757-595-0774x18896,fdrake@example.com,2023-01-21
4742,Mary,Francis,Czech Republic,(633)769-5459x11239,michelle86@example.net,2024-03-09
4743,Joseph,Barnett,Gibraltar,001-392-276-8488x1834,timothy23@example.net,2020-08-01
4744,April,Fisher,Macao,+1-369-334-9055x2006,careyjoseph@example.com,2020-04-23
4745,Brian,Crawford,Estonia,001-710-771-1034,angela43@example.net,2021-01-01
4746,Joe,Wilkins,Saint Barthelemy,(333)744-6390x9836,jennifer10@example.org,2023-08-29
4747,Matthew,Hart,Svalbard & Jan Mayen Islands,+1-707-416-1475,powelldale@example.com,2022-12-27
4748,Daisy,Terry,Cote d'Ivoire,+1-431-790-3514,hartbrian@example.org,2021-11-27
4749,Brett,Fitzgerald,Liechtenstein,001-348-562-7813x0021,mcdanielamanda@example.net,2022-05-13
4750,Samantha,Key,Zimbabwe,277.570.8036x400,calvin96@example.com,2026-02-12
4751,Eileen,Poole,United States Minor Outlying Islands,315.989.5773x3190,millerdaniel@example.net,2024-11-06
4752,Eric,Brown,Lithuania,001-860-657-8688x99820,daniel41@example.org,2023-09-23
4753,Curtis,Cook,New Zealand,7269182680,laurensanchez@example.com,2020-02-18
4754,Kyle,Jones,British Indian Ocean Territory (Chagos Archipelago),+1-817-665-4241x677,wilsonray@example.org,2023-01-12
4755,Robin,Barnes,Qatar,+1-955-461-7861x8713,sarahboyd@example.com,2024-10-24
4756,Melinda,Chavez,Mexico,706-983-6809,cooperlisa@example.net,2022-04-26
4757,Alexander,Cooley,Turkmenistan,+1-655-691-3889x43238,hendrixcarolyn@example.net,2021-03-04
4758,Paul,Turner,Philippines,+1-582-880-5964x521,james60@example.org,2026-01-26
4759,Caleb,Thomas,Saint Vincent and the Grenadines,+1-603-399-9344x560,fguzman@example.org,2024-10-15
4760,Gina,George,Kuwait,593.548.8710,gina21@example.org,2025-02-03
4761,Kimberly,Davidson,Slovenia,594.402.1546,cdillon@example.org,2023-06-19
4762,Brandi,Duncan,Northern Mariana Islands,(739)765-2034x2460,coxtammy@example.net,2024-12-11
4763,Amber,Mcguire,Lao People's Democratic Republic,203-722-4193x14709,fwilliamson@example.org,2024-06-25
4764,Calvin,Miller,Myanmar,748.575.9608x0512,jpatterson@example.org,2023-06-08
4765,Olivia,Jimenez,Togo,001-699-278-4441,deanbarry@example.org,2021-09-14
4766,Calvin,Vazquez,Slovenia,001-912-700-1623x1362,rosethomas@example.org,2024-06-29
4767,Brian,Hunt,Bosnia and Herzegovina,+1-383-731-6730,catherinecarroll@example.net,2024-09-16
4768,George,Sweeney,Macao,+1-799-243-8669,brandy51@example.com,2021-04-09
4769,Michael,Taylor,Honduras,295.367.9239,veronica67@example.com,2025-08-28
4770,Joshua,Singh,Monaco,822-756-6844,osilva@example.com,2025-08-01
4771,David,Goodman,Vanuatu,001-470-325-3659,lauraavery@example.org,2025-01-06
4772,Robert,Carson,Botswana,001-817-450-7452,lucaskelsey@example.net,2020-08-21
4773,Miguel,Ochoa,Costa Rica,+1-958-394-5783,blancharddiane@example.com,2020-02-26
4774,Justin,Schmidt,Nicaragua,(281)654-6589x1833,mdudley@example.net,2022-10-31
4775,Karen,Hernandez,Argentina,001-863-626-9564x4228,djones@example.com,2021-11-09
4776,Madison,Molina,Lithuania,+1-765-395-7193,harrisjeffery@example.com,2023-12-06
4777,Danielle,Sandoval,Hungary,283.618.5607x566,victoria52@example.com,2023-04-24
4778,Susan,Green,Colombia,001-977-225-6475,sheila87@example.com,2022-07-20
4779,April,Randall,Cook Islands,966.614.0404x560,shamilton@example.org,2021-05-21
4780,Kevin,Manning,Tajikistan,001-399-331-8507,amandaochoa@example.org,2024-10-26
4781,Jessica,Simmons,Italy,001-231-455-3578x551,watkinssamantha@example.net,2023-08-20
4782,Kristen,Jones,Djibouti,943-874-1652x076,qgreene@example.org,2025-02-24
4783,Robert,Young,North Macedonia,748.288.2794x47417,terry60@example.com,2021-01-20
4784,Joseph,Grant,Cook Islands,(224)421-2694x87366,zsullivan@example.com,2024-04-15
4785,Jessica,Thompson,Zimbabwe,(923)882-6585x070,sherry42@example.org,2025-03-20
4786,Abigail,Diaz,Nepal,588-842-0194,ddavis@example.net,2025-09-06
4787,Debra,Cardenas,Ghana,(907)373-7490,ryanwilliams@example.net,2025-04-26
4788,Christopher,Whitehead,Guinea,350.316.2323x19510,kimkaren@example.org,2022-08-27
4789,Kenneth,Mullins,Lesotho,+1-974-670-0966,woodwarddanny@example.org,2023-09-18
4790,Jordan,Kelley,Hong Kong,424.703.4698x31454,sbrown@example.net,2022-02-22
4791,Kenneth,Murray,Togo,+1-212-525-5551x1024,richkimberly@example.net,2021-09-21
4792,Katelyn,Mann,Japan,001-968-329-2757x3903,cynthiacastro@example.net,2025-03-25
4793,John,Simpson,Ethiopia,001-941-441-5742x8446,ojohnson@example.com,2025-03-25
4794,April,Combs,Macao,709.568.4631,diazcaitlin@example.net,2021-06-16
4795,Lindsey,Stark,Togo,(244)715-0270x478,chicks@example.net,2025-05-10
4796,Elizabeth,Anderson,French Southern Territories,(697)824-4757,anthonybaker@example.com,2020-01-25
4797,Daniel,Lewis,Lithuania,983-206-9685x41165,irivera@example.com,2021-04-20
4798,Chad,Sanchez,Guam,(877)786-8456,wturner@example.net,2020-12-24
4799,Angela,Miller,Samoa,(321)970-9096,zsmith@example.org,2020-12-21
4800,Teresa,Jones,British Virgin Islands,+1-427-676-3919x2033,lberg@example.net,2024-03-02
4801,Melissa,Brown,United States of America,535.701.7628,melissa16@example.com,2021-11-29
4802,Jessica,Barnes,Falkland Islands (Malvinas),534.369.1978x845,evanskristina@example.org,2024-06-16
4803,Michele,Mann,Ukraine,+1-588-356-0681x63378,wshields@example.org,2020-06-07
4804,Mary,Warren,United States Minor Outlying Islands,001-292-946-4957x794,nfitzgerald@example.org,2024-09-18
4805,Mark,Hendricks,Finland,853-934-7379,nrichardson@example.com,2024-05-29
4806,Monica,Fuentes,Honduras,821.965.3796,kathryn54@example.com,2022-05-24
4807,William,Church,Lithuania,587-832-1712x386,shawnhenderson@example.com,2021-04-29
4808,David,Schmidt,Sudan,828-307-8884,creeves@example.com,2024-12-19
4809,Madison,Edwards,Saint Vincent and the Grenadines,625.659.7245,qdavidson@example.com,2020-09-22
4810,Albert,Garcia,Guam,559.836.8677x21726,sandraturner@example.com,2024-04-06
4811,Kelsey,Mccann,Vanuatu,884-857-1169,hamptonelizabeth@example.com,2022-07-29
4812,Jennifer,Wells,Palestinian Territory,+1-632-761-0803x7181,jonathanroberts@example.net,2025-10-02
4813,Todd,Gates,Cocos (Keeling) Islands,263.704.8842x3107,harpersusan@example.org,2021-04-22
4814,Aaron,Robbins,Kiribati,(898)358-9021x52425,lwalton@example.net,2020-03-13
4815,Eric,Trevino,Pitcairn Islands,(555)931-5801,christophermoore@example.org,2025-01-14
4816,Darren,Olsen,Guadeloupe,745.711.4361x3067,janetmoran@example.com,2024-07-16
4817,Douglas,Ware,Azerbaijan,5263059538,sharpalexandra@example.com,2023-08-30
4818,Michael,Nelson,Andorra,001-610-429-0425,nbarry@example.net,2021-02-10
4819,Kristen,Diaz,Yemen,+1-742-303-5666x16391,rbrown@example.com,2023-07-15
4820,Erin,Barnes,Ethiopia,(901)966-7347x8610,tammy82@example.net,2025-02-07
4821,Louis,Zamora,Guatemala,758-630-9649x53019,antonionichols@example.net,2022-10-07
4822,April,Drake,Papua New Guinea,001-842-998-6971x39555,powerskara@example.org,2024-06-15
4823,Jeremiah,Sanders,New Caledonia,(958)225-3872x3634,pam85@example.org,2020-01-29
4824,Brent,Nguyen,Mongolia,001-422-963-0756,bburgess@example.org,2021-04-03
4825,Anthony,Ward,Dominica,(668)528-8785,suttonkelli@example.org,2024-11-27
4826,Rachel,Tate,Bangladesh,970.684.0345,cheryl54@example.com,2022-06-24
4827,Tracy,Mooney,Andorra,751-533-6298,tjohnson@example.org,2024-12-06
4828,Caroline,Johnson,Isle of Man,8847757058,scottsilva@example.org,2023-05-08
4829,Samuel,Campbell,French Guiana,(851)385-4030,andrew96@example.org,2025-01-22
4830,Robert,Mason,Anguilla,(263)680-4765x476,tiffanyortiz@example.net,2025-08-25
4831,Stephanie,Shaw,Mali,001-986-563-3636,williamwilson@example.org,2022-05-28
4832,Emily,Thomas,Mauritania,216-691-7206,bethanysmith@example.net,2020-05-11
4833,Heather,Crosby,New Zealand,(403)844-5796x29677,ashley54@example.org,2021-02-11
4834,Zachary,Archer,Tonga,+1-607-729-8048x4490,wesley45@example.org,2023-07-04
4835,James,Brown,Uruguay,(651)665-5793x603,pamela82@example.org,2021-06-16
4836,Kenneth,Miller,Georgia,(296)993-3612x691,holtmary@example.com,2021-08-10
4837,Michael,Gardner,Palau,475.779.9465,kaitlinandrade@example.net,2021-10-22
4838,Corey,Welch,Sweden,416.794.7036,thomas78@example.com,2023-05-12
4839,Scott,Little,Nicaragua,544-391-6780x41837,paulasims@example.com,2026-02-07
4840,Laurie,Hart,British Virgin Islands,+1-997-855-0095x58996,garciamichael@example.org,2023-02-12
4841,Charles,Lewis,Martinique,+1-788-207-4168,pwest@example.net,2020-08-16
4842,Pamela,Brady,Argentina,(714)874-7734x563,padillakatherine@example.org,2023-03-02
4843,Carol,Levine,Hungary,(561)777-4436x85939,sarahthompson@example.org,2025-03-28
4844,Samantha,Page,Somalia,9327424013,sabrina23@example.com,2021-08-12
4845,Amber,Fuller,Faroe Islands,(352)639-2753x60771,hriggs@example.com,2021-01-26
4846,Patrick,Douglas,Georgia,381.834.3476x244,corey72@example.org,2022-11-27
4847,Timothy,Phelps,Venezuela,447-896-0547x9215,marklopez@example.org,2023-04-02
4848,Angela,Taylor,United States Virgin Islands,(310)948-9193x0805,lisa49@example.net,2024-05-06
4849,Michael,Carr,Papua New Guinea,959-852-2587x13033,scott39@example.net,2022-04-13
4850,Tamara,Sampson,Antarctica (the territory South of 60 deg S),001-995-787-1275x633,vargasashley@example.org,2022-12-30
4851,Nicholas,Vaughan,Hungary,001-727-512-6573x2303,tfigueroa@example.com,2024-10-22
4852,Stephanie,Roberson,Taiwan,001-580-699-6851,jamesrivera@example.org,2024-05-04
4853,Norman,Dodson,Afghanistan,(784)311-5270,john97@example.com,2026-02-11
4854,Brandon,Bates,Belarus,4045691528,maxwellnatalie@example.net,2023-03-15
4855,John,Brown,Albania,001-591-580-2133,randyjohnson@example.net,2020-01-06
4856,Jennifer,Hicks,Peru,748.664.4568x5976,carlos74@example.net,2022-04-20
4857,Denise,Shaffer,French Southern Territories,727.963.6763x185,erichendricks@example.org,2025-08-30
4858,William,Palmer,Albania,3677300298,gregory14@example.org,2024-05-12
4859,Heather,Tyler,Belgium,+1-970-896-1369x65892,njohnson@example.com,2023-02-10
4860,Dave,Decker,Saint Barthelemy,947.793.2734x9181,kvincent@example.org,2021-03-27
4861,Randall,Edwards,Tanzania,001-568-791-9544,cathy18@example.com,2024-03-23
4862,Alexis,Alvarado,Seychelles,001-615-585-9153x34121,murphytravis@example.net,2024-04-08
4863,Sonya,Griffin,Western Sahara,+1-533-473-2899x773,brianmurphy@example.org,2024-04-26
4864,Brian,Chapman,Martinique,7998596671,chelseavaughn@example.com,2023-01-22
4865,Donald,Grimes,Poland,+1-683-372-9832,taylormartin@example.com,2024-11-29
4866,Steven,Reilly,Isle of Man,384-458-0412x0893,kathleen06@example.net,2023-04-28
4867,Christopher,Ramirez,Benin,476-759-0299x0770,browningcrystal@example.net,2024-09-12
4868,Nancy,Watts,Bahamas,001-790-797-7277x9271,qruiz@example.net,2024-01-24
4869,John,Collins,Guinea-Bissau,653.716.5592,tracy49@example.net,2022-05-06
4870,Ashley,Hernandez,American Samoa,+1-555-272-3724x5061,torressandra@example.net,2021-10-20
4871,Todd,Wilson,Zimbabwe,632-218-2254,daniellefrancis@example.org,2022-11-06
4872,Victoria,Solomon,Benin,5184584279,zyoung@example.org,2025-05-31
4873,Joel,Hernandez,Liberia,001-793-764-3015x2495,matthew64@example.com,2023-10-29
4874,Christopher,Long,Jamaica,+1-756-624-0045,villegasleah@example.net,2025-08-31
4875,Howard,Jackson,Pakistan,(739)401-4320,alexis89@example.net,2022-03-13
4876,Richard,Russell,Cuba,(266)364-1662,charles90@example.org,2020-06-11
4877,Matthew,Rose,Turkmenistan,894-593-4279x325,lnguyen@example.org,2026-01-29
4878,Allison,Ward,Norfolk Island,001-976-511-1340x338,austinstone@example.org,2020-10-15
4879,Luis,Smith,Netherlands,001-602-881-5308x1396,martinezheather@example.com,2024-05-12
4880,Erica,Soto,Antigua and Barbuda,+1-783-967-6529x571,angelaconley@example.org,2023-07-18
4881,Jason,Young,Senegal,(530)462-5009x57026,lopezdaniel@example.org,2020-11-25
4882,Brandon,Figueroa,Tokelau,482-408-1214,william05@example.com,2021-10-17
4883,Alex,Werner,Cote d'Ivoire,001-472-829-8019x915,henrykelly@example.com,2022-01-26
4884,Amanda,Frederick,Congo,717-461-4377,emilyconrad@example.org,2020-02-18
4885,Lindsay,Coleman,Netherlands,(445)455-6830x93219,david42@example.org,2021-03-31
4886,Mark,Watkins,Oman,(969)319-1718x500,brownmelissa@example.net,2021-04-25
4887,Mark,Allen,Syrian Arab Republic,(231)628-0722,tporter@example.net,2022-09-14
4888,Helen,Arnold,North Macedonia,001-399-573-7094x930,colindoyle@example.org,2022-12-29
4889,Samantha,Edwards,Tanzania,+1-370-940-1249x06631,amy42@example.net,2022-05-26
4890,Monica,Taylor,Dominican Republic,4637529021,anne69@example.net,2021-01-26
4891,Tiffany,Wilson,Reunion,001-698-798-0213x7464,rperez@example.com,2025-03-31
4892,Veronica,Watson,French Guiana,(546)748-5176x314,graybrooke@example.net,2020-09-26
4893,Roy,Miller,Costa Rica,4276051024,laurenchavez@example.org,2022-09-17
4894,James,Fowler,Jordan,+1-268-362-2850x99737,sanchezjasmine@example.com,2023-10-03
4895,Robert,Brown,Switzerland,001-487-248-3836x67493,ujohnson@example.net,2025-02-05
4896,Latoya,Chapman,Bulgaria,8258564369,mcdonaldamy@example.com,2024-09-05
4897,Jessica,Washington,Anguilla,920-555-7061x3175,jonesjennifer@example.org,2026-03-02
4898,David,Adkins,Madagascar,001-445-774-4489x65258,rebekah98@example.com,2022-03-13
4899,Debra,Sullivan,Saint Kitts and Nevis,001-837-995-1106x65987,kmullins@example.net,2025-03-17
4900,Jason,Murphy,Ghana,(288)555-3098,larry99@example.net,2023-03-09
4901,Robert,Hampton,Cuba,9905307019,jaclynlane@example.net,2020-03-01
4902,Matthew,Schultz,Comoros,(406)779-1600,jessica35@example.net,2025-04-25
4903,Donna,Camacho,Cuba,001-251-816-4042x213,paulbrian@example.net,2024-10-22
4904,Jerry,Mccarty,Mauritania,(371)465-2994,suttondaniel@example.org,2020-04-15
4905,Thomas,May,Korea,732.770.7608x020,qnelson@example.org,2023-03-23
4906,Amber,Hawkins,Saint Barthelemy,858.662.8561x566,joseph88@example.org,2025-12-26
4907,Donald,Chambers,Belarus,001-354-857-3091x32591,wolfedavid@example.com,2023-05-02
4908,Ryan,Mendoza,Philippines,(853)704-4446x091,chamilton@example.com,2022-12-04
4909,Ashley,Chambers,Albania,670-677-8199,kenneth15@example.net,2022-01-01
4910,Caleb,Nelson,Korea,258-319-2369,jeffreypeterson@example.net,2021-03-27
4911,Amanda,Brown,French Polynesia,001-951-523-4983x65655,jodygarcia@example.org,2024-08-04
4912,Kathleen,Sanders,Lao People's Democratic Republic,517.546.6866x1501,daniel74@example.org,2022-03-07
4913,Samantha,Jones,Guadeloupe,862-397-2569x451,rachelcarney@example.org,2020-12-26
4914,Lisa,Liu,Hong Kong,(870)407-8998,icollier@example.net,2025-07-08
4915,Susan,Wilson,Vanuatu,501.638.5177,ncook@example.com,2022-10-31
4916,Trevor,Boyd,Iraq,291.684.0324x66175,martinsteve@example.com,2026-01-31
4917,Jeremy,Patterson,Ukraine,7016580548,williamskristie@example.org,2022-05-11
4918,Mark,Fitzgerald,Cambodia,829-900-1969x464,glenrobinson@example.net,2025-06-15
4919,Cassandra,Buckley,British Virgin Islands,001-966-684-0394x0271,ruthsilva@example.net,2021-02-15
4920,Sherry,Simpson,El Salvador,6619224917,kimvega@example.net,2022-12-30
4921,Caleb,Morris,Saint Lucia,652.814.2628x9506,michaelbaker@example.net,2025-06-19
4922,Matthew,Mendez,Cook Islands,001-842-882-1925,richardnewman@example.org,2022-06-04
4923,Karen,Smith,Heard Island and McDonald Islands,001-758-472-6819x72399,marvinlopez@example.org,2022-06-30
4924,Sherri,Zuniga,Honduras,644.787.3609,virginiaswanson@example.com,2022-05-12
4925,Aaron,Washington,India,(278)662-8429x693,escott@example.net,2025-07-02
4926,James,Green,Faroe Islands,997.708.2925,cantrellzachary@example.org,2024-09-14
4927,Emily,Butler,Trinidad and Tobago,+1-755-245-5848x030,schwartzallison@example.org,2022-04-16
4928,Stephen,Patton,Albania,254-531-8551,lori12@example.net,2020-02-17
4929,Brian,Watson,Algeria,213-876-1218x462,tina66@example.com,2020-09-10
4930,Jim,Marshall,Tokelau,646.330.9344,agarcia@example.net,2023-03-11
4931,Kimberly,Love,Chile,241.480.9099,lonniewells@example.org,2022-09-11
4932,Amanda,Mills,Monaco,+1-359-335-8300x1722,vkent@example.org,2023-07-19
4933,John,Nelson,Armenia,(408)275-3535x321,andrew45@example.org,2024-11-14
4934,Rebekah,Doyle,Finland,953.284.0640,dawnadams@example.net,2023-10-04
4935,Courtney,Smith,Uruguay,460.220.6111x5207,crivers@example.org,2022-11-03
4936,William,Martin,Bulgaria,(600)548-7267x93966,elizabethsimmons@example.org,2023-07-16
4937,Karen,Wallace,Mauritius,+1-998-612-2462,nguyenlisa@example.com,2020-04-23
4938,Sarah,Vega,Iran,8698781372,lindajones@example.net,2026-01-19
4939,Daniel,Harrington,Liechtenstein,+1-484-990-4346x4504,alexis12@example.net,2023-04-13
4940,Cheyenne,Adams,Korea,755.789.8620,willie68@example.net,2023-09-21
4941,Glen,Bruce,Kenya,(516)958-6818,ncrawford@example.net,2024-02-29
4942,Kathleen,Parker,Marshall Islands,895.599.9870,paula47@example.org,2021-05-21
4943,Kendra,Washington,Sudan,439-639-8325,sara94@example.net,2021-08-04
4944,Joshua,Anderson,Puerto Rico,(283)427-9292,benjamingentry@example.com,2025-06-25
4945,Catherine,Torres,Swaziland,5887908353,buckleyjessica@example.org,2020-04-10
4946,Brian,Hood,American Samoa,+1-817-395-8241,kelli51@example.com,2020-06-29
4947,Victoria,Smith,Czech Republic,315-711-9671,jameswaters@example.org,2024-07-05
4948,Elizabeth,Erickson,Rwanda,592.908.4897x874,noah60@example.net,2021-01-06
4949,Jason,Gardner,Lesotho,+1-459-676-0068x225,jjarvis@example.net,2022-01-04
4950,Monica,Smith,Saint Barthelemy,(268)827-6519x4444,griffinautumn@example.net,2023-03-08
4951,Leslie,Miller,China,(226)914-8288x419,conniesalazar@example.com,2025-12-05
4952,John,Gomez,Gabon,211-809-4995,william61@example.org,2024-08-02
4953,Mario,Caldwell,Lesotho,+1-515-470-7549,rjohnson@example.org,2025-03-28
4954,Christina,Larsen,Venezuela,001-491-928-8461x5956,wolfbarbara@example.net,2020-02-03
4955,Alexandra,Morales,Equatorial Guinea,(544)245-6674x6074,glorialee@example.com,2025-07-10
4956,Krista,Ramsey,Korea,303.708.4235x8176,marthaweaver@example.com,2020-02-28
4957,Emma,Green,Fiji,233-433-0281,scottcaleb@example.org,2020-01-02
4958,Denise,Brock,Romania,+1-877-933-8251,leonard46@example.org,2020-11-06
4959,Richard,Butler,Sierra Leone,+1-294-991-7282x302,walterestrada@example.net,2020-05-14
4960,Michelle,Moses,Bolivia,9752966407,sryan@example.org,2024-09-05
4961,Michelle,Edwards,Tunisia,674.370.2533,rodney34@example.com,2023-06-05
4962,Nicholas,Martinez,Madagascar,+1-833-327-1853x4179,sarahward@example.org,2020-06-13
4963,Andre,Miller,Pitcairn Islands,(720)363-8549x1627,joshuahogan@example.com,2023-11-10
4964,Lauren,Blackwell,Pakistan,001-339-853-2059x8697,cluna@example.net,2020-09-15
4965,Christopher,Oconnor,Panama,788.600.3000x99991,josephmartin@example.org,2025-02-16
4966,Sara,Walker,Saudi Arabia,311.475.3330x1250,torrestracey@example.org,2021-06-08
4967,Kimberly,Watson,Nauru,378-934-1268x7483,uenglish@example.com,2026-02-28
4968,Crystal,Barajas,Indonesia,(236)226-9820x9754,pamelabuchanan@example.org,2024-08-03
4969,Maria,Gonzalez,Dominican Republic,960-806-6511,andrew55@example.com,2024-12-23
4970,Benjamin,Torres,Indonesia,515-978-3651,bnunez@example.org,2020-02-14
4971,Kayla,Johnson,Japan,001-221-205-7783x359,morganrobert@example.net,2022-07-20
4972,Chris,Hernandez,Grenada,+1-742-862-9698x3390,morrowgina@example.com,2024-09-04
4973,Danielle,Castillo,Faroe Islands,804-974-8834,jeanne71@example.com,2022-01-25
4974,Patricia,Ortiz,Greece,+1-815-391-6876,heatherwilliams@example.com,2025-04-19
4975,Amber,Rivers,China,2208176044,katiecaldwell@example.com,2021-09-15
4976,Kevin,Hill,Indonesia,900.673.4766x924,tortiz@example.org,2020-07-18
4977,James,White,Bahamas,829-684-9193x8632,clarktiffany@example.org,2020-06-05
4978,April,White,Kiribati,292.550.5479x534,larsenchristopher@example.org,2023-01-27
4979,Shirley,Camacho,Russian Federation,+1-647-318-4191x8374,monicaflowers@example.org,2020-12-21
4980,Jennifer,Hubbard,Cambodia,245-638-8061x635,qperry@example.org,2023-06-16
4981,Denise,Sanchez,Serbia,807.735.1386x080,christopher48@example.com,2022-05-07
4982,Megan,Jones,French Southern Territories,001-365-870-8296x21306,gsmith@example.net,2020-03-15
4983,Kayla,Dominguez,Reunion,+1-504-203-7095,qnunez@example.com,2023-08-27
4984,Michael,Mills,Kiribati,+1-261-563-5251x67745,sabrinabyrd@example.net,2021-12-14
4985,Tonya,Delacruz,Luxembourg,001-908-627-3822x5001,scottjennifer@example.net,2021-05-17
4986,Bill,Johnson,South Africa,+1-859-995-2410x274,ryanbrooke@example.net,2023-06-24
4987,Virginia,Kennedy,Jamaica,709.339.7805x89748,trevinocarlos@example.org,2022-09-15
4988,Jason,Wilson,Malaysia,582.994.6681x892,jeffery82@example.org,2021-08-24
4989,Charles,Baker,Niue,001-208-835-6044x115,ujohnson@example.com,2023-09-27
4990,Shirley,Owens,Mongolia,816-262-5722,michael17@example.com,2022-09-15
4991,Stephanie,Rodriguez,Singapore,4392394790,mark45@example.org,2020-07-30
4992,Daniel,Nichols,Philippines,9924214202,lkeller@example.org,2024-06-20
4993,Richard,Pena,Heard Island and McDonald Islands,346-355-7848x5623,fbarrera@example.org,2022-09-01
4994,Dustin,Franco,Northern Mariana Islands,001-791-781-5993x573,tracy87@example.org,2021-02-06
4995,Jessica,Allen,Georgia,618.779.8833x59746,nguyensandra@example.com,2025-01-31
4996,Thomas,Lynch,Pakistan,+1-591-785-1007x6098,ashley42@example.org,2022-11-10
4997,Diamond,Pearson,Uzbekistan,790.683.4162x2795,ctran@example.net,2025-01-15
4998,Priscilla,Cannon,Suriname,353.364.3621,destiny86@example.org,2020-07-19
4999,Steven,Davis,Djibouti,(299)924-7469x35090,awhite@example.org,2022-06-16
5000,Pamela,Lang,Argentina,481.599.4089x33918,christopherroberts@example.org,2023-05-13
5001,Kayla,Sampson,Sri Lanka,001-806-216-7961x0240,medinasteven@example.org,2023-01-15
5002,Ashley,Ellison,Portugal,+1-869-933-9528x39179,garciarichard@example.com,2024-03-03
5003,Brent,Rodriguez,Wallis and Futuna,(300)965-3825x6927,cartermichael@example.net,2022-07-14
5004,Chris,Brown,Nicaragua,953.286.9074,saunderswhitney@example.net,2020-01-23
5005,Kara,Ramirez,Korea,(440)431-7291,thompsonwilliam@example.net,2021-01-05
5006,Tiffany,Lopez,Paraguay,001-263-325-8229,snyderjohn@example.org,2024-01-25
5007,Johnathan,Foster,Sierra Leone,001-738-327-0461x2554,jose08@example.net,2025-09-26
5008,John,Mitchell,Slovakia (Slovak Republic),001-851-995-5934,wheelerdonna@example.org,2023-12-22
5009,James,Turner,Mauritania,656.460.2116,cunninghamalyssa@example.com,2022-03-27
5010,Brianna,Murray,French Southern Territories,(295)486-7721,ophelps@example.net,2024-11-11
5011,Ashley,Watson,Malawi,+1-562-393-1940x392,jaime66@example.net,2023-09-20
5012,Erika,Medina,Trinidad and Tobago,+1-567-923-2254,karen44@example.net,2024-04-15
5013,Jacqueline,Martin,Myanmar,(926)648-3109,santiagolauren@example.com,2024-12-08
5014,Gabriela,White,Gibraltar,001-962-207-9505x61226,tiffanymiller@example.com,2021-01-03
5015,Ian,Garcia,Puerto Rico,331.346.0943x807,luis13@example.com,2020-06-24
5016,Lindsey,Morgan,Uruguay,+1-713-596-4080x021,bjames@example.org,2023-03-11
5017,Randy,Lopez,Iran,211-465-8862x8556,asmith@example.com,2022-10-11
5018,Miguel,Schmidt,Cape Verde,+1-492-744-0848x097,psalazar@example.com,2023-11-01
5019,Marcia,Maddox,Greece,946.257.9407x8807,willie14@example.org,2022-04-13
5020,Cynthia,Schmidt,Burkina Faso,344-899-4925x60658,jmoore@example.com,2020-05-05
5021,John,Phillips,Congo,706-466-7781x90557,daniel85@example.net,2023-03-10
5022,Michelle,Mendoza,Nauru,+1-231-677-9420x2937,pricedouglas@example.org,2021-10-16
5023,Steven,Greer,Cape Verde,(640)251-5967,chambersmatthew@example.com,2024-02-15
5024,Steven,Perez,Qatar,733-205-9744x432,allenhayden@example.com,2020-03-28
5025,Amanda,Swanson,Netherlands Antilles,(685)300-3873,mjohnson@example.net,2021-02-22
5026,Timothy,Hernandez,North Macedonia,946-241-6429x230,ramirezkenneth@example.org,2023-09-04
5027,Taylor,Myers,Armenia,710.681.0642x597,deborahramirez@example.net,2025-04-24
5028,Kevin,Moreno,Solomon Islands,+1-321-439-4848,sherrysullivan@example.net,2025-11-19
5029,Steven,Lloyd,United States of America,590.807.2258x700,joseph34@example.com,2025-01-14
5030,Karen,King,Tajikistan,428.859.1741x9049,dunnkatherine@example.org,2021-04-26
5031,Lisa,Flores,Lithuania,7807283078,shelia12@example.net,2024-10-20
5032,Terri,Francis,Colombia,724-574-0207x771,vleonard@example.net,2023-10-16
5033,Eric,Wise,Tokelau,460.896.9323x6342,trantony@example.org,2021-03-24
5034,Marisa,Jones,Solomon Islands,+1-872-976-5399x1503,jeffrey99@example.org,2022-01-10
5035,Kristopher,Figueroa,Comoros,001-783-895-3712x2628,blackwilliam@example.com,2021-07-31
5036,Peggy,Peters,Trinidad and Tobago,+1-204-736-2863x43679,angela58@example.net,2020-11-20
5037,Leroy,Rose,Bouvet Island (Bouvetoya),8086280526,charles33@example.com,2024-03-29
5038,Jessica,Johnson,Australia,001-979-441-8551,amandaellis@example.org,2025-06-09
5039,Shawn,Lopez,North Macedonia,921.937.6896x237,anthony53@example.org,2022-09-15
5040,Tricia,Gallagher,China,(210)919-8752x0113,ballison@example.org,2021-07-30
5041,Regina,Winters,Ukraine,913-551-0455,janetevans@example.org,2021-11-12
5042,Christopher,Vega,Canada,768.761.0739,brandon66@example.net,2020-05-18
5043,Christopher,Mora,Liberia,572-747-7434x28722,rollinstanner@example.com,2020-06-16
5044,Alicia,King,Saint Barthelemy,(954)659-8337,laurenandrade@example.org,2024-05-18
5045,Troy,Smith,Sweden,800.799.8499,swansondonna@example.net,2022-03-10
5046,Christopher,Ryan,Cameroon,(298)796-2653x8528,laneelaine@example.net,2026-01-09
5047,Cheryl,Smith,Congo,212-399-9768x439,jessehensley@example.com,2023-03-12
5048,Ann,Nguyen,Gambia,+1-850-891-8780x822,tracy57@example.net,2025-03-20
5049,Vickie,Rodriguez,Cameroon,(549)842-8149x7974,loganhansen@example.com,2020-02-01
5050,Kathy,Garner,British Indian Ocean Territory (Chagos Archipelago),(925)959-1142x63713,hfuller@example.net,2026-01-23
5051,Shawn,Burke,Antigua and Barbuda,+1-859-866-5978x6448,codymorse@example.com,2020-08-12
5052,Brandi,Charles,Christmas Island,329.854.8650x514,rachelrios@example.net,2024-01-30
5053,Benjamin,Foley,Bolivia,001-733-273-5252x085,jonesjoshua@example.net,2021-12-24
5054,Lonnie,Lawrence,Austria,(975)362-7090x6236,mchan@example.com,2020-09-04
5055,Melissa,Bowen,United States Minor Outlying Islands,+1-433-813-3620x97499,samantha98@example.net,2025-12-24
5056,Heather,Brandt,Vietnam,807-856-8540x283,wsanders@example.com,2025-02-11
5057,Rebecca,Huber,Guyana,001-501-295-6432x08931,xdelgado@example.net,2020-07-29
5058,Charles,Kelly,Colombia,(850)681-8004x43588,fcollins@example.org,2023-09-07
5059,Lindsey,Maldonado,Pitcairn Islands,(646)535-3733,qsalinas@example.org,2020-05-16
5060,William,Perez,Jersey,+1-215-409-5775,robin85@example.net,2022-08-03
5061,Chelsea,Garcia,Congo,001-724-541-4982,vbaker@example.org,2025-12-11
5062,Angela,Johnson,Guinea-Bissau,772.557.6410,hayesbilly@example.com,2022-02-21
5063,Julie,Garza,Central African Republic,(646)977-6302x69768,llewis@example.org,2020-07-15
5064,Meghan,Riley,Estonia,+1-362-907-2454,jenningsjames@example.net,2022-06-26
5065,Wayne,Johnson,India,(200)871-0277,angela64@example.net,2020-02-21
5066,Travis,Sullivan,Poland,2054529483,tracy13@example.com,2022-09-02
5067,Joshua,Harris,Benin,001-235-303-8247x36386,elizabeth28@example.net,2022-01-22
5068,Tanya,Kelly,Finland,802.822.4503x938,roberthale@example.net,2025-09-10
5069,Matthew,Reynolds,Japan,(309)874-7834,jonesamanda@example.com,2025-12-14
5070,Claudia,Martin,Luxembourg,353.403.0168,gjensen@example.com,2022-08-03
5071,Edward,Malone,Libyan Arab Jamahiriya,330-574-9779x77344,sandersmichele@example.com,2025-03-09
5072,Rachel,Bell,Central African Republic,975.261.1996x2606,edwin56@example.net,2022-03-10
5073,Lisa,Adams,Dominica,(701)804-8025,danielmark@example.org,2023-01-31
5074,Michael,Larson,Ukraine,+1-595-826-4890,brittany64@example.com,2022-04-07
5075,Jerry,Barton,Egypt,(924)681-6269x667,fwilcox@example.net,2024-03-26
5076,Johnny,Lester,Haiti,315.537.4948x117,josephjensen@example.com,2023-11-11
5077,Adam,Dean,Iraq,670-411-2646,allenrobert@example.com,2020-01-22
5078,Tracy,Wall,Cameroon,(563)930-1696,xrobinson@example.org,2024-02-21
5079,Maria,Watson,Myanmar,+1-688-801-9416x2932,vincentmontgomery@example.net,2025-11-13
5080,Diane,Wright,Netherlands Antilles,001-614-684-8903x50711,zrobinson@example.net,2022-08-16
5081,Austin,Turner,Madagascar,861-914-8012,johnmorris@example.net,2024-06-12
5082,Jenna,Davis,British Indian Ocean Territory (Chagos Archipelago),508.943.6441x607,charlesbenjamin@example.net,2021-11-11
5083,Cory,Castillo,Cayman Islands,9406569411,melissawhite@example.com,2020-05-09
5084,Dalton,Cochran,Rwanda,001-268-230-8528,mdiaz@example.net,2022-12-17
5085,Katherine,Johnson,Turkmenistan,001-512-513-4262x807,fhawkins@example.net,2025-02-14
5086,Thomas,Dorsey,Syrian Arab Republic,+1-459-898-0468x7334,wharrison@example.net,2022-10-03
5087,John,Wallace,Montenegro,+1-371-598-4685x91388,christopher25@example.com,2021-12-13
5088,Luis,Bell,Mauritius,+1-412-882-7459,gwendolyn89@example.net,2025-05-23
5089,Caroline,Fletcher,Saint Lucia,+1-248-930-1740x9195,ksmith@example.org,2023-08-23
5090,Megan,Norris,Italy,599.661.7211,robinsondavid@example.org,2020-05-20
5091,Andrea,Ochoa,Eritrea,853.521.3027x851,bonnie71@example.org,2020-06-19
5092,Wayne,Parrish,Slovakia (Slovak Republic),522.277.7388,gloriacarlson@example.org,2022-03-29
5093,Thomas,Pena,Canada,+1-693-591-4494x85196,emily72@example.net,2024-08-25
5094,Alex,Chang,Jordan,(592)840-4792,gmckay@example.com,2020-05-29
5095,John,Hebert,Ireland,001-990-950-5621,taylor50@example.net,2025-03-12
5096,Taylor,Lewis,Martinique,628.232.3568x2551,hwalker@example.net,2024-02-01
5097,Melinda,Green,Belize,+1-284-221-9144x155,april40@example.net,2022-11-30
5098,David,Phillips,Syrian Arab Republic,567.898.2198,sara28@example.org,2021-08-24
5099,Pamela,Norman,Bahrain,294.739.1074x472,maxwellmarissa@example.com,2021-02-02
5100,Margaret,Lynch,Austria,598-753-7919x3201,jonathan32@example.com,2025-09-09
5101,Brian,Stevenson,Ethiopia,001-496-635-0129x0917,andersonrobert@example.com,2021-04-14
5102,Gary,Fernandez,Sierra Leone,(630)261-7634x6734,terrellheather@example.com,2023-05-21
5103,Kimberly,Mcconnell,Solomon Islands,724-315-5053x19590,omorton@example.net,2025-11-09
5104,Stephanie,Brown,Paraguay,(753)606-3677,mjohnson@example.net,2021-02-07
5105,Tara,Willis,Libyan Arab Jamahiriya,001-315-845-0627,samantha68@example.org,2023-01-25
5106,Ashley,Collins,Tajikistan,001-356-553-0046,shellyanderson@example.net,2023-03-08
5107,Roger,Thomas,Somalia,692-693-9841,leonardjones@example.net,2025-06-23
5108,Brandon,Smith,Honduras,954.524.1346x0881,wmatthews@example.org,2025-01-21
5109,Rachel,Schaefer,Trinidad and Tobago,999.694.1228,thomas38@example.org,2026-01-08
5110,Kimberly,Cox,Saint Barthelemy,(282)710-8613,gonzalescharles@example.com,2025-04-08
5111,Robert,Harris,Gambia,(603)589-9051x419,brian14@example.org,2023-09-03
5112,Lynn,Mejia,Egypt,7589889962,smithhenry@example.net,2025-03-05
5113,Tonya,Beard,United States of America,001-627-325-3656,michelle42@example.org,2024-10-22
5114,Donna,Conway,Israel,(805)872-8055x0444,aprilbailey@example.com,2025-03-27
5115,Joshua,Christensen,New Caledonia,442.620.5560x949,jenna75@example.org,2026-01-17
5116,Carol,Osborne,Sudan,7252387879,elliottgreg@example.net,2023-06-02
5117,Steven,Cross,Senegal,(816)489-1386,brendahuffman@example.com,2023-12-15
5118,Joshua,Vazquez,Azerbaijan,+1-833-930-9379,shanerichards@example.org,2023-12-21
5119,Kenneth,Huynh,Rwanda,848.462.5954x98415,jessicaday@example.net,2022-05-25
5120,Richard,Schmitt,Israel,5409021346,ricky00@example.net,2023-09-23
5121,Lauren,Raymond,Saint Lucia,001-966-574-2828x1482,hannahellis@example.net,2023-08-26
5122,Shelly,Smith,Uruguay,8187901965,danielleclark@example.net,2023-04-18
5123,Amanda,Morris,Turkey,+1-937-224-9514x1131,cristian68@example.org,2023-02-07
5124,Bailey,Carr,Saint Lucia,(655)958-5106,iberry@example.org,2021-04-04
5125,Leslie,Shelton,Chad,711.503.3583,cookmary@example.net,2020-04-04
5126,Logan,Johnson,Eritrea,+1-751-536-3852x94239,markbailey@example.com,2020-04-06
5127,Robert,Rodriguez,Japan,615.819.4707,edwardmorris@example.org,2024-11-09
5128,Anne,Wells,Kazakhstan,787-746-6211,tylerbowman@example.org,2024-04-30
5129,Rodney,Hancock,Serbia,001-397-211-5042x823,brianchen@example.org,2021-10-28
5130,Lucas,Jones,Libyan Arab Jamahiriya,973-994-7598x8448,collinskatherine@example.com,2023-11-12
5131,Lucas,Parker,Chad,462-329-4052,philipchen@example.org,2023-12-23
5132,Jared,Marshall,Tunisia,493-898-9262x2678,olucero@example.com,2020-03-15
5133,Brittney,Roberts,Samoa,(587)689-1913x11771,coloncrystal@example.org,2021-08-24
5134,Crystal,Gray,Iran,001-397-757-5997x495,jenniferjacobs@example.org,2022-08-08
5135,Margaret,Brooks,Uzbekistan,673-274-0250x27989,zrodriguez@example.com,2020-01-25
5136,Nathaniel,Hernandez,Madagascar,267.393.9910x9289,gswanson@example.org,2023-12-12
5137,Chelsea,Oliver,Bulgaria,269-210-5495,jbecker@example.com,2025-09-25
5138,Michelle,Rocha,Grenada,001-509-366-7783x48000,crystal79@example.net,2025-07-13
5139,Sean,Ramirez,Palau,440.238.8130x69947,michele54@example.net,2020-05-16
5140,Jennifer,Perez,Russian Federation,+1-247-406-4288x81783,mharrison@example.net,2023-11-12
5141,Anna,Graham,Netherlands,(584)583-1433x5771,yorktiffany@example.org,2022-10-05
5142,Veronica,Gonzalez,Sao Tome and Principe,(490)639-7901,rmiller@example.net,2021-08-05
5143,Michael,Edwards,Tokelau,(503)700-8135x783,jeannehawkins@example.com,2021-11-23
5144,Christopher,Price,Falkland Islands (Malvinas),001-582-240-2721x914,adamphillips@example.org,2021-05-19
5145,Jeffrey,Nicholson,Kyrgyz Republic,001-745-439-5498,mday@example.org,2025-10-23
5146,Nicole,Shaw,India,554.802.4179,ginastevens@example.org,2024-08-08
5147,Julia,Sawyer,Tajikistan,+1-635-459-0938,gardneralexis@example.com,2025-11-13
5148,Travis,Bennett,Holy See (Vatican City State),279.848.6438x309,ssingleton@example.com,2025-08-02
5149,Mark,Mullins,Thailand,517.937.3700x94271,dthompson@example.org,2023-10-28
5150,Anthony,Bowman,Malaysia,549-742-3143x3463,kenneth50@example.net,2023-03-29
5151,Laura,Thomas,Honduras,788.634.0148,zgriffin@example.org,2022-09-21
5152,Kara,Barnett,Venezuela,438.395.2639x606,rachelmartinez@example.net,2024-09-02
5153,Jacob,Stevens,Mauritania,460.516.8016,hweaver@example.com,2020-12-26
5154,Anthony,Castillo,Palau,384-344-4719,brianwilliams@example.org,2024-07-05
5155,Melissa,Buckley,Korea,(285)388-4405x6249,christinegarner@example.com,2020-12-09
5156,Christopher,Miller,Isle of Man,(300)216-8664x158,michaelbridges@example.com,2020-03-17
5157,Donald,Ramirez,Bolivia,+1-986-326-4738x154,zdrake@example.org,2021-09-20
5158,Kenneth,Gutierrez,Faroe Islands,633.228.8347,kwilson@example.net,2021-02-15
5159,Hannah,Suarez,Nigeria,3185980800,caseashley@example.org,2020-05-26
5160,Mark,Jimenez,China,+1-616-334-5315x2133,rosemitchell@example.org,2022-02-08
5161,Luke,Cantrell,Martinique,+1-905-553-4714x76267,jimmyliu@example.org,2024-12-05
5162,Kara,Smith,United Arab Emirates,+1-202-528-8806x13509,kristen45@example.net,2025-09-18
5163,Alexander,Howell,Palestinian Territory,233-510-6581x406,angela24@example.org,2024-03-27
5164,Courtney,Marshall,Kiribati,+1-924-678-8351,qmoore@example.org,2025-09-22
5165,Paul,Bishop,Malaysia,(655)552-6956,ggraves@example.org,2022-07-15
5166,Joyce,Park,Israel,968.286.9921,rachelsandoval@example.net,2024-05-21
5167,Michelle,Burton,French Southern Territories,223-218-2775x66120,randall79@example.com,2025-09-30
5168,Shelley,Williams,Austria,001-862-219-2654x7326,bhall@example.org,2024-11-28
5169,Nicholas,Adams,Estonia,443.666.8766x2242,riverasheri@example.org,2024-07-26
5170,Timothy,Harper,Guernsey,9594579283,matthew02@example.org,2023-10-06
5171,Tina,Rivera,Paraguay,(986)358-2338x767,daniel22@example.com,2025-03-03
5172,Kristin,Burke,Guinea-Bissau,(879)976-7676,nhall@example.net,2021-06-07
5173,Lynn,Stevens,Slovenia,335.345.9405x3977,richard75@example.net,2023-11-08
5174,Meghan,Green,Czech Republic,681-837-6152x391,amandamcdonald@example.net,2024-06-27
5175,Sharon,Johnson,Burundi,001-237-892-3993,caitlin46@example.net,2024-05-22
5176,Elijah,Scott,Djibouti,7969772967,andersonangela@example.net,2023-10-12
5177,Alexander,Ruiz,Dominica,(638)824-7297,melvindominguez@example.com,2021-04-29
5178,Karla,Jones,Jordan,+1-479-235-2563,laurajohnson@example.net,2023-12-10
5179,Johnathan,Vasquez,Western Sahara,+1-475-523-1323x317,christina36@example.org,2021-11-22
5180,Amanda,Green,Saint Pierre and Miquelon,816-912-4279,kdouglas@example.org,2020-03-06
5181,Jeanette,Simpson,Nauru,972-674-8567x4204,dbryan@example.com,2021-05-13
5182,Amanda,Bates,Thailand,(725)272-5690x829,jameswilliams@example.org,2021-05-15
5183,Nancy,Cole,Cape Verde,(857)659-3991x0877,jsims@example.net,2023-04-28
5184,Jackie,Thompson,Albania,001-721-620-3626x99499,hbennett@example.net,2024-12-23
5185,Jessica,Benitez,Gambia,849-316-4266,ahouston@example.com,2023-02-08
5186,Courtney,Pace,Timor-Leste,(597)240-0134,josekirk@example.net,2023-03-08
5187,Dwayne,Landry,Dominica,856.523.0402,nguyenvalerie@example.com,2022-03-03
5188,Brittany,Cook,Venezuela,001-372-237-5565x80552,anthonynguyen@example.net,2025-10-22
5189,Mark,Waters,Lebanon,950-818-2962,diane86@example.com,2023-12-07
5190,Monique,Reed,Costa Rica,+1-476-670-6163x6098,jacksonpatrick@example.com,2021-02-02
5191,Nicole,Murray,Mauritania,(439)436-3082x88227,travis75@example.com,2022-12-25
5192,Emily,Smith,India,461.832.8630x843,folsen@example.com,2024-03-30
5193,Jerry,Romero,Iceland,+1-979-440-3760x356,kellispence@example.com,2023-03-17
5194,Tara,Thompson,Wallis and Futuna,378.253.9340x299,caldwellstephanie@example.org,2025-02-27
5195,Anthony,Lopez,Zimbabwe,+1-302-908-8635x57850,patricia34@example.net,2025-06-06
5196,Melissa,Nguyen,Myanmar,001-928-967-1324x23708,usmith@example.com,2023-03-05
5197,Sophia,Gibson,Lesotho,+1-831-639-4268x8055,ireed@example.net,2021-11-17
5198,Jenna,Tate,Panama,363-489-7710,kgarrett@example.com,2023-12-26
5199,Matthew,Wright,Japan,001-442-348-2060,jessicacrawford@example.net,2021-01-02
5200,Barry,Wells,Honduras,(837)702-2319x125,caldwelldaniel@example.org,2020-03-23
5201,Lucas,Chan,Rwanda,001-234-748-8391x840,qperez@example.org,2025-06-21
5202,John,Delgado,Comoros,+1-999-391-4167x3120,steve33@example.net,2022-03-06
5203,Kathleen,Alvarado,Spain,2848990992,gonzalezdenise@example.com,2024-02-20
5204,Catherine,Brown,Congo,(287)979-5083,christinemacdonald@example.net,2020-09-25
5205,Jeffrey,Hill,Mongolia,(318)293-1648x41142,robert00@example.net,2020-11-07
5206,Eric,Kim,Morocco,417-435-0531x0964,scott59@example.org,2022-09-15
5207,Jeffrey,Owens,Cook Islands,701-857-9777,davidwiley@example.com,2023-01-03
5208,Hannah,Robinson,Mongolia,415.376.6849,matthew46@example.org,2025-10-16
5209,Sarah,Lopez,Qatar,001-391-633-2905,william89@example.com,2023-08-27
5210,Linda,Young,Greece,(487)254-1905,coxnicole@example.net,2021-08-10
5211,Scott,Morgan,Isle of Man,964-300-5277x0646,amandaallen@example.com,2022-04-08
5212,Crystal,Lowe,Denmark,560-476-6704,crystaltaylor@example.org,2021-11-12
5213,Sarah,Dixon,Russian Federation,+1-665-271-8494,chadnichols@example.net,2024-08-24
5214,Carolyn,Crawford,Western Sahara,+1-449-912-0744x17140,rsmith@example.org,2021-10-31
5215,Alan,Hamilton,El Salvador,759.513.1510x92758,gloria66@example.net,2025-12-25
5216,Donna,Parker,Christmas Island,001-459-789-4447,dfields@example.net,2023-10-30
5217,Joseph,Baxter,Bahamas,+1-530-710-7016x4665,michaellam@example.net,2021-07-11
5218,Nicole,Russell,Georgia,(800)976-2817x273,timothybowman@example.net,2024-11-28
5219,Vanessa,Robinson,South Africa,001-491-208-0866x05693,mark35@example.net,2025-04-29
5220,Scott,Williams,Martinique,701.767.6031x334,greendesiree@example.org,2022-07-13
5221,Gary,Watson,Comoros,001-710-419-3882,mooredonald@example.com,2023-05-26
5222,Marc,Griffin,France,+1-226-554-9533x2199,frankjohn@example.org,2020-12-23
5223,David,Watkins,Western Sahara,893-955-4520x55955,michellethompson@example.com,2026-02-10
5224,Angela,Callahan,Monaco,001-682-786-1584,vfields@example.com,2022-02-23
5225,Dawn,Morrison,Reunion,+1-215-773-5526,hernandezaudrey@example.com,2024-12-02
5226,Antonio,Frazier,Barbados,+1-354-718-7091x50500,bobbymalone@example.com,2023-04-15
5227,Patrick,Robinson,Congo,+1-470-685-5494x21375,darrellhenderson@example.net,2025-10-29
5228,Sherri,Joseph,Belarus,001-959-708-2957x2697,greenlaura@example.com,2023-12-26
5229,Kyle,Thompson,Lithuania,+1-677-870-3871x001,guzmanthomas@example.net,2022-08-23
5230,Michelle,Hill,Kazakhstan,536-840-9357,zmaxwell@example.org,2023-10-26
5231,Christopher,Weaver,Saudi Arabia,784.326.2314x528,tsmith@example.net,2025-03-04
5232,Mason,Richardson,Brazil,+1-278-803-8086x66066,wsmith@example.org,2026-01-12
5233,Christopher,Tucker,Russian Federation,602-200-6883x45778,pricealison@example.net,2024-09-11
5234,Jacqueline,Smith,Sierra Leone,(644)467-6323,jharrell@example.net,2024-03-26
5235,Lori,Hernandez,Niger,3579283224,gtorres@example.com,2020-11-10
5236,Thomas,Lopez,Comoros,883.480.6301x77538,mendozamonica@example.net,2020-12-14
5237,Mark,Stein,Algeria,(327)628-2544,dcrawford@example.net,2024-01-19
5238,Maria,Knight,New Caledonia,001-554-686-3883x51507,rkhan@example.com,2021-07-18
5239,Henry,Arias,Cape Verde,2846640828,yrodriguez@example.com,2021-05-30
5240,Melinda,Barr,Mayotte,8463002975,barbaraperkins@example.org,2020-08-20
5241,Kevin,Lozano,Jersey,001-550-845-8610,traceyandrade@example.org,2020-04-15
5242,Rebecca,Whitaker,Angola,990-682-0894,ian44@example.com,2025-07-21
5243,Brittney,Baldwin,Cuba,558-480-7688,andersonamanda@example.net,2020-01-28
5244,William,Nguyen,Togo,676.302.4465,susanmichael@example.net,2025-05-02
5245,Daniel,Weaver,Korea,+1-596-447-5045,douglaselizabeth@example.com,2023-12-08
5246,Austin,Taylor,Mongolia,2653764135,aimee88@example.org,2021-09-11
5247,Hannah,Reed,Kazakhstan,881.955.8272x4585,john08@example.net,2023-02-28
5248,Lori,Miller,Gambia,(943)839-9523x7478,nguyencody@example.net,2022-08-25
5249,Kelly,Pearson,Burundi,+1-934-557-7103x14907,lukewillis@example.net,2020-07-20
5250,David,Thomas,Luxembourg,336-717-2626,leepaul@example.com,2020-07-27
5251,Elizabeth,Decker,Bangladesh,(444)609-6159x5805,ashley87@example.net,2021-07-03
5252,Darren,Curry,Norway,642.440.8589,michele07@example.org,2020-11-23
5253,Linda,Griffin,Guinea-Bissau,632-611-1495,raymondmelinda@example.org,2020-09-09
5254,Jeff,Hanson,Somalia,379-666-7200,vincentjoseph@example.org,2022-08-03
5255,Emma,Austin,Senegal,891.737.2423x047,mccoyjill@example.com,2021-01-09
5256,Christopher,Smith,Saudi Arabia,740.501.3683x97433,gary12@example.com,2023-03-09
5257,Christopher,Peterson,Cambodia,+1-705-854-7764x57822,mwhite@example.com,2021-09-09
5258,Carolyn,Blair,Martinique,(508)449-6867,danny70@example.net,2021-01-02
5259,Judy,Watts,Nauru,001-675-245-4411x2158,hudsonrebecca@example.com,2023-01-08
5260,Terri,Walton,Cook Islands,874.586.1364x13581,cbaldwin@example.com,2022-11-12
5261,Sarah,Floyd,Pakistan,001-848-943-1218x2683,asanchez@example.org,2020-05-22
5262,Timothy,Nelson,Barbados,001-753-210-4170x32159,jonesmichael@example.net,2021-03-22
5263,Andre,Hudson,Brazil,786.573.5294x759,hmartin@example.org,2020-04-10
5264,Candice,Ramirez,Wallis and Futuna,966.679.7947,brendaglover@example.org,2024-04-27
5265,Alexandra,Thompson,Kenya,001-560-966-7150,chloe55@example.com,2021-08-19
5266,Kaitlin,Smith,Andorra,4844536475,davidsoneric@example.net,2022-05-22
5267,Deborah,Juarez,El Salvador,+1-220-762-4537x56234,floreswalter@example.com,2024-06-19
5268,Brianna,Mcconnell,North Macedonia,254.216.1892x797,joseph34@example.com,2022-07-27
5269,Alexander,Anderson,Nauru,570.783.2019,lwheeler@example.net,2021-05-10
5270,Barry,Randall,Eritrea,(307)593-0933x41630,andrewrobinson@example.com,2023-02-16
5271,William,Pierce,Uzbekistan,001-552-678-5240x7660,leslie18@example.net,2021-08-31
5272,Katherine,Ryan,Syrian Arab Republic,001-903-944-0719x756,klewis@example.org,2022-05-14
5273,Jason,Barker,Philippines,001-904-790-4205x5554,lee16@example.com,2024-04-02
5274,Jerry,Williams,Holy See (Vatican City State),001-914-480-6424,jose31@example.org,2022-05-22
5275,Jeffery,Watson,Madagascar,375.957.2437,brandoncraig@example.com,2024-12-23
5276,Emily,Wong,Cocos (Keeling) Islands,601.614.5821,ohuffman@example.net,2025-01-21
5277,Justin,Hawkins,Papua New Guinea,348.296.5009x9755,leslie23@example.org,2020-11-23
5278,Elizabeth,Jones,Cote d'Ivoire,7688930489,irodriguez@example.com,2024-05-16
5279,Joseph,Garcia,Ecuador,981-777-9260x06345,edavies@example.com,2023-04-12
5280,Janet,Rice,Latvia,001-549-542-6805x9576,williamsdana@example.com,2021-03-20
5281,Antonio,Brown,Haiti,001-951-398-3328x849,justin02@example.com,2020-12-02
5282,Michele,Ford,Croatia,(289)293-0060,iruiz@example.net,2025-08-24
5283,Joshua,Montgomery,Mauritania,414-959-7557,vwaters@example.com,2024-01-28
5284,Susan,Sharp,Belize,880-404-2642,greenmark@example.org,2021-09-25
5285,Carlos,Beard,Czech Republic,646.606.6815x9251,jordanhudson@example.org,2023-07-22
5286,Heather,Cantrell,Isle of Man,+1-532-233-3391,castilloaustin@example.org,2021-02-03
5287,George,Oneill,Congo,(442)274-9672,haleysandra@example.com,2023-02-14
5288,Terri,Padilla,Jersey,(401)535-6959,kevinstein@example.net,2021-02-25
5289,Michael,Davenport,Indonesia,476.764.3416x1088,shannonvillegas@example.org,2024-01-04
5290,Stephanie,Hartman,Thailand,690.777.8125x64402,nelsonjesse@example.org,2025-02-05
5291,John,Barnett,United States Virgin Islands,6974999147,howardsteven@example.net,2023-06-09
5292,Kyle,Walker,South Georgia and the South Sandwich Islands,584.375.8896,stacy53@example.net,2023-08-11
5293,Chase,Baldwin,Armenia,001-865-304-2415x30346,lucas91@example.com,2022-06-20
5294,Amanda,Perez,Ethiopia,+1-341-877-4324x0148,gary61@example.com,2025-04-08
5295,Ryan,Lee,Guyana,219.335.0049x4799,hmelton@example.com,2023-04-03
5296,Carl,Rodriguez,El Salvador,906-541-8088,deannadavenport@example.net,2025-05-28
5297,Karen,Castro,Indonesia,782.471.7528,masseyjared@example.com,2022-03-23
5298,Jesse,Ortiz,New Caledonia,001-743-972-0417x514,jeffreygilbert@example.org,2024-01-06
5299,Rachel,Whitaker,United States Virgin Islands,001-986-556-7568x2921,osmall@example.net,2024-05-15
5300,Kenneth,Schroeder,Puerto Rico,001-777-509-7864x726,ericphillips@example.org,2022-07-08
5301,Charles,Martinez,Hong Kong,+1-360-308-0806x85395,ubeltran@example.net,2024-06-21
5302,Jennifer,Solomon,Iraq,001-813-890-1963x059,johnsonjohn@example.org,2021-10-22
5303,William,Williamson,Kiribati,+1-287-359-0270x677,saunderspeter@example.com,2025-06-23
5304,Rebecca,Porter,Iceland,459.568.7322x0203,hcalhoun@example.org,2026-01-10
5305,Brittany,Glenn,Sao Tome and Principe,975-286-0458,gary26@example.org,2024-02-05
5306,Jake,Young,Peru,994-711-2954,kevin99@example.net,2021-02-25
5307,Jessica,Gibson,Bouvet Island (Bouvetoya),+1-721-269-7980x88621,timothy81@example.org,2025-06-21
5308,Miguel,Kelly,Mali,(401)320-2690x32472,james30@example.net,2022-08-20
5309,Lisa,Powell,Bermuda,(431)966-0391,obowen@example.net,2020-05-11
5310,Debra,Cline,Gabon,+1-883-671-9821x6208,jacquelinejames@example.org,2021-11-22
5311,Clifford,Allen,Mayotte,526.851.8004,jonathanabbott@example.net,2023-06-20
5312,Edward,Burke,Cape Verde,441-648-7386x0842,hallbetty@example.net,2023-03-13
5313,Jonathan,Brown,Botswana,(519)289-7944x937,travisthomas@example.com,2023-11-19
5314,Kent,Greene,British Indian Ocean Territory (Chagos Archipelago),7082606384,kellysparks@example.net,2022-12-10
5315,Christian,Waller,Western Sahara,919.684.9796,gonzalezvincent@example.net,2023-07-17
5316,Chelsea,Dunlap,Uzbekistan,(422)610-4200x00204,wburton@example.net,2023-03-08
5317,Christian,Sutton,Netherlands,326-832-0960x7357,michael69@example.org,2023-01-24
5318,Kyle,Higgins,Swaziland,874.303.6585x6443,markbolton@example.org,2022-07-07
5319,Bryan,Li,Netherlands,7078927914,jarvisstephanie@example.com,2022-03-16
5320,Erin,Gonzalez,Seychelles,382-233-5667x6537,charlestate@example.net,2020-08-20
5321,William,Richardson,Spain,+1-583-863-4916,haneytammy@example.net,2020-04-07
5322,Todd,Walker,Malawi,758.555.6481,martinezbrandon@example.net,2023-06-07
5323,Patricia,Brown,Belize,841-696-8896,patrick50@example.com,2022-05-23
5324,Kristen,Rowland,Czech Republic,001-902-856-6506,yjohnson@example.org,2023-06-15
5325,Rachel,Murphy,Isle of Man,259.841.6038x5232,margaretking@example.net,2026-01-23
5326,Sandra,Higgins,Iran,431.689.5385x814,mejiajoshua@example.org,2023-02-01
5327,Allen,Wood,Swaziland,(448)239-5191x7050,ronaldmcneil@example.net,2024-02-29
5328,Joseph,Ferrell,Malaysia,3359372008,edwardsbrittany@example.com,2022-06-25
5329,Jonathan,Lin,Zimbabwe,8675765257,hendersonkarla@example.com,2025-11-18
5330,Heather,Eaton,Guatemala,667.471.4338x438,greenjackie@example.org,2020-01-17
5331,Tammy,Adams,Isle of Man,453.429.1006,laura30@example.org,2020-04-14
5332,Eric,Murphy,Chile,4086289144,christine43@example.net,2022-06-20
5333,Kara,Adams,Suriname,001-890-761-4325x625,aguirrejohn@example.com,2022-08-19
5334,Stephen,Smith,Bahrain,+1-209-819-0962x123,wesley74@example.com,2025-06-11
5335,Stephen,Khan,Portugal,(481)354-5617x00422,comptonchristopher@example.net,2021-10-22
5336,Tammie,Moore,Antarctica (the territory South of 60 deg S),001-311-206-7077,eileengonzalez@example.com,2022-07-18
5337,Michelle,Garcia,Malta,(939)625-8263x6070,xmoore@example.net,2020-11-11
5338,Ian,Dawson,Isle of Man,(823)740-6599,greenechristopher@example.com,2024-06-15
5339,Brittany,Mitchell,Antarctica (the territory South of 60 deg S),001-613-266-1003x7505,sandra34@example.net,2020-01-03
5340,James,Jones,Poland,001-422-748-1346x7074,diane95@example.com,2020-08-29
5341,Tammy,Skinner,Philippines,337-379-2228x4071,rjones@example.com,2021-11-01
5342,Crystal,Case,Tokelau,+1-454-833-3420x522,peterstyler@example.net,2022-01-13
5343,Christopher,Lester,Senegal,+1-683-487-8846x23654,james75@example.org,2023-09-26
5344,Julie,Ingram,Lebanon,(403)307-2696,dhubbard@example.org,2022-05-12
5345,Curtis,Kim,Jordan,001-776-634-7431x9886,barbaranguyen@example.com,2022-01-18
5346,Natasha,Rowe,Central African Republic,001-644-491-8215x4032,nroberts@example.org,2022-11-05
5347,David,Vasquez,Iraq,(843)984-6184,wdaniels@example.org,2025-11-02
5348,Jeffrey,Frost,Romania,440-513-3366x37251,melissa60@example.net,2023-08-15
5349,Anthony,Bates,Cote d'Ivoire,001-771-337-2936,lewisjeffrey@example.com,2025-04-27
5350,Angela,Lewis,San Marino,438.865.1306x359,thompsonbrenda@example.net,2024-08-27
5351,Rachel,Stewart,Andorra,806.298.5263x100,cummingsjennifer@example.com,2021-01-11
5352,Dawn,Taylor,Micronesia,(594)399-5594x587,hawkinsmatthew@example.org,2024-05-27
5353,Jeremy,Ray,Bahamas,753.722.7753x61269,halexander@example.net,2026-02-20
5354,Victor,Gonzalez,Macao,(823)944-6233,edwinchen@example.com,2021-03-03
5355,Jason,Wood,Tanzania,365-811-8683,xdunn@example.com,2020-09-08
5356,John,Gonzalez,Puerto Rico,501.462.6494,qwood@example.net,2022-05-25
5357,Deanna,Torres,Kyrgyz Republic,398.346.9723,hughesrobert@example.com,2023-10-19
5358,David,Smith,Slovenia,001-400-742-2791,deborah52@example.net,2020-12-17
5359,Sarah,Simmons,Comoros,794.680.2323x5581,steven26@example.org,2022-10-29
5360,Roberta,Baxter,Kuwait,593.406.8885,jeffery10@example.com,2025-11-05
5361,Lauren,Reid,Pakistan,(564)637-4667,guzmanchristina@example.net,2022-04-02
5362,Deborah,Russell,Georgia,256.645.9625x06910,williambaker@example.net,2025-11-22
5363,Alexander,Mendoza,Cambodia,628-350-3346x0771,scott55@example.net,2021-12-18
5364,Emily,Robertson,Croatia,667-834-5594x331,osbornmichelle@example.net,2025-12-04
5365,Candace,Taylor,Fiji,+1-376-328-3234x650,grodriguez@example.net,2020-07-09
5366,Vincent,Bond,Albania,001-903-424-7357x65931,anthonyelliott@example.net,2023-07-27
5367,Charles,Fitzgerald,Benin,440-306-6452x85490,clarktara@example.net,2024-06-20
5368,Taylor,Cardenas,Martinique,945-779-8271,jesse44@example.org,2024-04-28
5369,Bradley,Hayden,Austria,4496336929,karenferrell@example.com,2024-09-06
5370,Monica,Chen,Israel,(797)568-3432,rossvalerie@example.org,2021-11-12
5371,Erika,Strong,Burkina Faso,395.842.7307x9473,caitlin40@example.org,2025-07-08
5372,Michael,Spencer,Belize,001-527-994-5025x817,hsanders@example.com,2020-01-15
5373,Patricia,Patterson,Monaco,001-290-431-8443,pgordon@example.org,2021-03-19
5374,Krista,Spears,Chile,+1-439-910-5683x21252,davidstark@example.net,2023-01-08
5375,Nicole,Hughes,Iran,(702)920-2274x931,brian52@example.com,2026-02-18
5376,Tami,Miranda,South Africa,(417)281-2733x5043,batestina@example.net,2020-12-22
5377,Christopher,Wilson,Niue,960.694.1424x197,gerald17@example.org,2025-03-01
5378,Alejandra,Coleman,Indonesia,(926)468-9518x9693,newmanjoshua@example.net,2020-01-13
5379,Michael,Oneill,Saint Kitts and Nevis,+1-937-802-7910x732,angelajoseph@example.org,2022-12-28
5380,Ryan,Jones,Czech Republic,+1-630-274-4046,hollowaymark@example.org,2022-02-06
5381,Victor,Ruiz,Morocco,912-516-5676,xharrison@example.net,2025-08-23
5382,Dominic,Reed,Turkey,514.785.4437x2956,miguelbenjamin@example.net,2024-08-18
5383,Carl,Hickman,Peru,(809)608-4524,watkinszachary@example.org,2022-10-28
5384,Christopher,Weaver,Tunisia,(482)776-6513x685,jramirez@example.net,2025-07-24
5385,Kristy,Perez,Timor-Leste,516.355.5292x5325,rcain@example.com,2022-01-06
5386,Daryl,Williams,Trinidad and Tobago,+1-567-652-2388x0028,williamsonmichael@example.org,2020-10-15
5387,Sharon,Rodriguez,Azerbaijan,(866)755-4301x7746,silvamary@example.net,2022-03-01
5388,Brian,Lopez,Iran,001-758-718-1892x4508,paul79@example.net,2021-01-30
5389,Robert,Hernandez,Montserrat,+1-655-637-5415,oblackwell@example.com,2024-04-27
5390,Taylor,Willis,Saint Martin,001-219-773-5559x66613,anthonycollins@example.com,2022-07-18
5391,Randall,Moore,Solomon Islands,915.251.3191,ujones@example.com,2021-11-21
5392,Danielle,Pennington,Canada,+1-531-620-4701x4738,thomasjames@example.net,2021-08-22
5393,Melissa,Nelson,United Kingdom,7192919810,samueljohnson@example.com,2020-07-17
5394,Jesse,Farley,Comoros,001-296-562-0294,sandovalcathy@example.com,2023-05-16
5395,Donna,Mueller,Christmas Island,001-415-982-6502x363,keithmcintyre@example.net,2021-04-29
5396,Phillip,Jackson,Tuvalu,587.308.1990x5890,vegaanne@example.org,2025-01-27
5397,Christopher,Parker,Indonesia,(866)335-5930x2326,nicoleluna@example.net,2024-01-17
5398,Brandi,Hunt,Iceland,229-768-8386x16609,andrewbush@example.com,2022-03-27
5399,Dustin,Barr,Saint Barthelemy,749-545-8060,amber16@example.net,2020-10-02
5400,Susan,Miller,Northern Mariana Islands,+1-636-976-6845,ugreen@example.org,2025-10-26
5401,Frederick,Scott,Somalia,001-597-981-2813x5603,christopherharris@example.com,2024-08-15
5402,Lindsey,Peterson,Benin,297-845-3680x99668,gutierrezkimberly@example.org,2025-08-30
5403,Seth,Williams,Papua New Guinea,+1-836-228-4959x12156,stephaniegarcia@example.org,2025-03-04
5404,James,Garcia,Pakistan,+1-372-494-9179x4944,randymeyer@example.com,2021-12-07
5405,Javier,Soto,Heard Island and McDonald Islands,9659734614,smithelizabeth@example.net,2023-09-22
5406,Danielle,Wilson,Saint Pierre and Miquelon,6417601309,owensholly@example.net,2021-05-26
5407,April,Cole,Vietnam,388.506.5009x094,stephensdavid@example.org,2024-11-25
5408,Michael,Nunez,Ukraine,(311)748-2583x9304,nbrown@example.org,2022-04-30
5409,Amy,Montoya,United Arab Emirates,001-355-646-5610x485,tylerdaniel@example.org,2023-10-18
5410,Jose,Duffy,Iceland,(838)666-0460x268,perkinsdonna@example.com,2023-08-12
5411,Cody,Hernandez,Sao Tome and Principe,(482)732-0816,burtonjillian@example.org,2022-06-22
5412,Alexander,Hernandez,Montenegro,692-805-5114x424,christopher27@example.net,2022-06-17
5413,Jessica,Harvey,Netherlands,410.866.4041,fitzgeraldscott@example.net,2024-10-16
5414,Gregory,Wallace,Tanzania,664.674.0907x7239,carriewilson@example.org,2024-08-08
5415,Kelsey,Brown,Slovakia (Slovak Republic),814.316.2682x6216,amanda67@example.com,2023-07-30
5416,Brian,Gibson,Cuba,(245)910-3955x820,michelleabbott@example.com,2020-01-03
5417,Emily,Mayo,Israel,001-441-730-3050x3183,adamskenneth@example.com,2023-10-13
5418,Kimberly,Thompson,Canada,(219)634-2835,ncallahan@example.com,2022-05-18
5419,Alice,Harrison,New Caledonia,963.474.8059,ashley79@example.com,2025-03-05
5420,Rose,Smith,Bolivia,601-532-6572,robinsonjeremy@example.org,2024-11-15
5421,Joshua,Stanley,United Arab Emirates,221.977.6962,david36@example.org,2023-04-26
5422,Jason,Rhodes,Eritrea,777-972-0343x614,aallen@example.net,2025-03-18
5423,John,Espinoza,Chad,+1-422-303-5894x2348,brendadonaldson@example.com,2025-01-31
5424,Stephanie,Blanchard,Serbia,225.869.1723x19906,jennifer92@example.org,2021-09-06
5425,Jacob,Armstrong,South Africa,001-963-893-1343,brianhayes@example.com,2024-11-11
5426,Angela,Herrera,Armenia,539.884.3145x03424,mwells@example.org,2025-11-20
5427,Eric,Harrison,Norway,310-853-6183,johnstonpaula@example.com,2025-02-08
5428,Mark,Williams,Greece,6768623147,gdudley@example.org,2021-10-18
5429,Tyler,Rose,Comoros,001-434-323-6908x75745,weaversarah@example.net,2022-05-24
5430,Andrew,Castillo,Bouvet Island (Bouvetoya),001-418-645-9338x653,tanyacollins@example.com,2022-12-27
5431,Eric,Taylor,Guinea,630-380-2776,troy53@example.net,2023-08-13
5432,Jenny,Perry,Cocos (Keeling) Islands,+1-479-895-8500x641,smithbrian@example.com,2024-09-13
5433,Anthony,Wells,Georgia,765.743.7532,edwin19@example.net,2021-06-17
5434,Melinda,Brown,Dominica,(957)825-5015x404,adam61@example.com,2021-10-27
5435,Walter,Brown,Brazil,348-803-8739,shermancatherine@example.org,2024-12-29
5436,Jack,Barajas,Italy,+1-296-733-1090x1246,thompsondaniel@example.com,2025-05-04
5437,Brandon,Mccann,British Virgin Islands,830.684.2258,camachopatty@example.net,2020-09-26
5438,Richard,Austin,Cuba,330.516.8597,ssmith@example.net,2020-12-11
5439,Christopher,Valenzuela,Korea,001-201-440-4011x56967,youngbrian@example.net,2025-12-27
5440,Nancy,Butler,Cambodia,989.447.8862x05551,hayescassandra@example.org,2020-04-23
5441,Spencer,Anderson,Belize,+1-879-883-6645x002,xsmith@example.com,2021-11-04
5442,Kathleen,Rose,Honduras,438.550.2734,robbinscarlos@example.org,2024-06-29
5443,Brandon,Patton,Jersey,+1-662-465-2105,obrienglenn@example.com,2024-12-04
5444,Natasha,Butler,Bulgaria,001-879-321-0937x76169,adamjones@example.com,2024-06-13
5445,Rachel,Ball,Guinea-Bissau,001-731-719-6181x613,malonechristopher@example.org,2021-02-13
5446,Barbara,Parker,Vietnam,+1-388-757-4715,james90@example.net,2021-12-21
5447,Eric,Bolton,Cayman Islands,874.676.9825x0025,michael84@example.com,2024-08-13
5448,Richard,Erickson,Guinea,+1-275-569-4751x7345,zcooke@example.org,2020-10-01
5449,James,Williams,Croatia,001-342-334-9611x8917,barnettjeffrey@example.net,2024-09-04
5450,Michael,Pena,Bangladesh,(722)693-0032,daniel95@example.com,2023-05-15
5451,Peter,Clark,Czech Republic,835.541.1082x78007,martinezmegan@example.org,2021-03-19
5452,Jennifer,Turner,Burkina Faso,895.788.4195x25928,christopher20@example.net,2022-04-17
5453,Jennifer,Davis,Serbia,676.479.5744x86410,sbennett@example.net,2025-01-23
5454,Jessica,Rodriguez,Bahrain,984.487.6803x26757,loriclark@example.com,2022-02-21
5455,Richard,Miller,French Southern Territories,979-762-0221x79264,hbond@example.org,2023-09-13
5456,Ashley,Lopez,North Macedonia,001-876-598-2388x1069,brownstephanie@example.net,2025-03-07
5457,Ann,Hernandez,Thailand,001-448-696-7641x43983,hendersonricky@example.net,2023-11-16
5458,Walter,Pruitt,Western Sahara,816.897.3153x848,veronica07@example.net,2024-12-09
5459,Phillip,Torres,Canada,868-531-0092,kristina48@example.com,2026-01-15
5460,Laura,Johnson,Anguilla,215.688.8464x206,vwright@example.net,2025-10-04
5461,James,Ward,Angola,+1-657-320-3067x1963,karen48@example.org,2025-10-17
5462,John,Jackson,Netherlands,(212)617-9385,debbie56@example.org,2024-11-12
5463,Amanda,Brown,Moldova,001-567-461-4918x42995,jpowers@example.com,2024-02-28
5464,Philip,King,Gabon,(281)632-9220x884,nashveronica@example.net,2021-08-11
5465,Lisa,Wolfe,Dominica,(568)699-1623x79469,rvasquez@example.net,2021-03-27
5466,John,Thompson,Mexico,421.693.0273x045,kevinwhite@example.com,2025-11-02
5467,Amanda,Osborne,San Marino,8295987239,bluna@example.org,2023-05-16
5468,Daniel,Lawrence,Lao People's Democratic Republic,+1-959-622-2556x9444,edward03@example.net,2025-02-10
5469,Steven,French,Sudan,568.779.0542x565,xday@example.org,2021-01-30
5470,Kristine,Sanchez,Marshall Islands,(916)754-0196,michelesmith@example.com,2022-04-30
5471,Dennis,Ashley,United States of America,788.613.4243,denise99@example.com,2021-04-01
5472,Alexandria,Porter,Norfolk Island,+1-727-411-7926x193,robertblack@example.net,2022-05-12
5473,Laurie,Sanchez,San Marino,+1-387-210-4560x481,watsondavid@example.net,2023-12-09
5474,Carol,Ortiz,North Macedonia,421-932-4447,kyle95@example.org,2024-02-26
5475,Kevin,Miles,Gambia,+1-435-838-1636x3537,riverajennifer@example.org,2022-12-27
5476,John,Jacobs,Nauru,727.881.3238,angela24@example.net,2021-04-18
5477,Linda,Pierce,Niue,862-454-7556x8989,nicoleday@example.org,2025-06-27
5478,David,Taylor,Malaysia,(910)901-5968x14003,lingail@example.net,2024-07-27
5479,Jason,Griffith,Guatemala,(461)203-4967x09430,shawnburns@example.org,2024-11-24
5480,Sabrina,Martinez,Benin,251-827-7505x58817,devinallen@example.org,2021-05-01
5481,David,Simmons,Hong Kong,(798)406-4980x6439,toddjenkins@example.com,2023-09-07
5482,Jason,Mayer,Papua New Guinea,(905)263-8475x8300,jillian67@example.net,2020-02-27
5483,Todd,Wolf,Panama,6564445944,lewisrichard@example.org,2021-06-20
5484,Shane,Jordan,Korea,(250)469-0477,scarpenter@example.com,2023-07-05
5485,Patricia,Luna,Micronesia,+1-994-387-4329x66480,briannaclayton@example.net,2023-02-20
5486,Cody,Powell,American Samoa,(514)994-1168x04020,gmitchell@example.com,2022-05-10
5487,David,Gillespie,Marshall Islands,+1-520-273-2240x4168,qbridges@example.net,2020-09-28
5488,Morgan,Lloyd,Myanmar,331-260-2981x837,smithalexander@example.org,2023-07-17
5489,Lori,Ellison,Cook Islands,7336082780,fmann@example.org,2020-10-27
5490,Brandi,Rojas,Madagascar,874-579-8192,jose71@example.com,2020-05-21
5491,Jay,Anderson,Sri Lanka,422.478.2681,donnaroberts@example.org,2022-07-07
5492,Melissa,Gomez,Libyan Arab Jamahiriya,761-722-2757x060,eprice@example.org,2025-04-05
5493,Edward,Cervantes,Thailand,200-505-2111x387,chaneykelly@example.net,2024-07-14
5494,Mary,Mayer,China,001-921-931-6388x32135,blawrence@example.net,2023-06-29
5495,Ronald,Patterson,Norfolk Island,001-750-528-5468x493,wilkinsonjaime@example.org,2021-01-01
5496,Joy,Combs,Latvia,(216)968-3687x818,mcoleman@example.com,2025-05-03
5497,Brandon,Daniels,Bhutan,(953)555-2923x962,alittle@example.org,2025-10-08
5498,Matthew,Collins,Reunion,440.448.0099,alexandratran@example.org,2024-03-08
5499,Laura,Valencia,Niue,+1-668-478-3766x929,meredith74@example.org,2022-11-18
5500,Tammy,Navarro,Oman,001-637-414-2736x2432,xmartin@example.net,2022-07-02
5501,Kathryn,Harmon,Cook Islands,664-739-6572x10818,amack@example.com,2025-02-19
5502,Brittany,Elliott,Cuba,810.596.0334x226,haley72@example.com,2021-05-29
5503,Wesley,Stark,United States of America,441-605-9642x701,jake12@example.com,2021-04-16
5504,Kristine,Smith,Sweden,(210)899-0535x15769,lindathomas@example.net,2020-06-10
5505,Donald,Macias,Guernsey,(289)556-3427,rstein@example.org,2023-07-09
5506,Andrea,Burnett,French Guiana,(992)952-5577x7175,ellishaley@example.org,2023-11-22
5507,Gary,Davis,United States Virgin Islands,(975)717-6734,walkernatasha@example.org,2021-09-25
5508,Ryan,Pruitt,Australia,8933945397,pattyrodriguez@example.org,2020-10-24
5509,Brandon,Hansen,Latvia,001-639-830-5297x3309,josephrodriguez@example.org,2022-10-25
5510,Tracy,Cook,Paraguay,721-923-4321x9979,colleen22@example.net,2024-12-25
5511,Melissa,Velasquez,Guadeloupe,5816133356,ifoley@example.net,2021-12-04
5512,David,Smith,Vietnam,737-455-3019x6489,johnsonmary@example.com,2020-05-25
5513,Mary,Rowe,Greenland,3664330582,tommygriffin@example.org,2022-05-08
5514,John,Cook,Belize,(461)720-4757x7120,jsmith@example.com,2021-07-20
5515,David,Foley,Korea,+1-398-503-1330x26971,victorcole@example.net,2024-11-14
5516,Deborah,Mendez,Georgia,570.231.7936x053,kimberly37@example.net,2024-11-29
5517,Diane,Roberts,Jordan,6719962979,jenniferbradley@example.org,2020-05-08
5518,Anna,Davis,Bouvet Island (Bouvetoya),9929484132,jasonstone@example.com,2024-10-30
5519,Melinda,Zimmerman,Uzbekistan,(494)984-2621,theresawilliams@example.com,2022-06-07
5520,Robert,Faulkner,Christmas Island,(634)771-4840,joe36@example.com,2022-07-15
5521,Richard,Duarte,Spain,(792)669-6839x6538,greenanna@example.com,2023-09-27
5522,Leah,Donovan,Venezuela,622.912.3738,alicia27@example.net,2023-04-20
5523,Stephen,Barron,Australia,001-668-905-2946,barrettshawn@example.net,2023-05-04
5524,Catherine,Cobb,Bermuda,+1-576-689-2196x5861,williamsjames@example.com,2021-03-25
5525,Amy,Lang,San Marino,(301)959-8388x8092,shannonchapman@example.com,2025-09-23
5526,Melinda,Perkins,Ghana,(916)257-2189x956,katiejohnson@example.net,2025-12-26
5527,Scott,Hall,United States Virgin Islands,(806)786-6368,janicepennington@example.org,2020-03-12
5528,David,Santana,France,(456)391-2815x05312,corey59@example.com,2025-03-12
5529,Harold,Hughes,Norway,001-322-409-3854,thomas28@example.net,2024-12-05
5530,Harry,Sosa,Jersey,001-358-504-5805x156,riveraraymond@example.org,2025-08-11
5531,Denise,Miller,Armenia,+1-722-466-5003,curryshelia@example.org,2021-01-08
5532,John,Hickman,Sweden,(425)840-1035x438,jramirez@example.org,2024-02-04
5533,Nicole,Jones,Belarus,525-277-2730x420,ashley39@example.org,2025-04-02
5534,Stephanie,Garcia,Congo,515-382-3046x363,davisrobert@example.net,2025-06-17
5535,Robert,Stephenson,Congo,541.896.1057x959,sean05@example.org,2021-08-06
5536,Steven,Jones,Costa Rica,(643)638-0214x863,alan63@example.org,2021-12-09
5537,Ryan,Alexander,Ireland,(494)682-0099,deborahwells@example.com,2022-10-07
5538,Joel,Wright,China,852-205-1853x864,burtonkayla@example.com,2021-02-16
5539,Emily,Nelson,Armenia,498.666.8590x592,susansilva@example.com,2022-03-12
5540,Debra,Preston,Grenada,+1-906-891-4983x14451,amydeleon@example.net,2023-10-06
5541,Melody,Norman,Tuvalu,346-674-5669x786,jamesdavis@example.org,2021-10-02
5542,Jeffrey,Henderson,Tajikistan,(404)420-8462,dward@example.org,2024-11-08
5543,Katherine,Hayes,Senegal,001-397-497-2249,willie73@example.com,2020-02-22
5544,Alicia,Curtis,Greece,+1-639-928-0413x182,dianadavidson@example.net,2020-09-04
5545,Karen,Schmidt,Ecuador,557-838-6951x07707,rcooper@example.com,2020-08-18
5546,Monica,Miles,Canada,549.826.9240,huntervillegas@example.com,2022-03-19
5547,Jennifer,Jenkins,United States of America,001-331-220-2805x868,ariastimothy@example.com,2023-08-25
5548,Tiffany,Webb,Svalbard & Jan Mayen Islands,(705)939-4252x0847,john27@example.net,2022-07-24
5549,Gregory,Fernandez,Timor-Leste,803.378.4622x62026,hollandstephanie@example.net,2022-06-11
5550,Eric,Dunlap,French Southern Territories,001-755-311-3139,eric89@example.net,2025-08-18
5551,Melody,Cain,Belgium,+1-783-926-1106,bushrichard@example.org,2024-10-08
5552,Michael,Barnes,Bouvet Island (Bouvetoya),374-755-2436x2766,andrew29@example.net,2022-12-13
5553,Emily,Brown,Colombia,585-489-2480x385,davispeggy@example.com,2026-02-28
5554,Jessica,Scott,Grenada,+1-631-623-4302x33795,marquezrenee@example.net,2021-03-16
5555,Cristian,Rowe,Saint Pierre and Miquelon,+1-707-639-7756,allenkayla@example.com,2022-07-12
5556,Nicole,Hamilton,Isle of Man,879.394.7166x73573,deankeith@example.com,2025-05-12
5557,Eric,Olson,Czech Republic,001-293-327-0284x6500,hlamb@example.net,2025-07-26
5558,Sarah,Glover,Malaysia,260-780-8159x458,wmay@example.net,2023-03-24
5559,Phillip,Pollard,Malawi,4226568038,owhite@example.com,2021-04-30
5560,Gabrielle,Valenzuela,Andorra,522.805.6917,djones@example.org,2024-03-28
5561,Beth,Morrow,Bolivia,927.588.3413x90679,osmith@example.com,2025-08-22
5562,Ronald,Whitaker,Saint Pierre and Miquelon,001-948-862-3905,christinaperez@example.net,2021-11-15
5563,Tiffany,Young,South Georgia and the South Sandwich Islands,532-243-9758x867,juliesanders@example.com,2021-07-05
5564,Linda,Mcdaniel,Netherlands,418.633.5467x81194,kmorris@example.com,2021-05-25
5565,Jason,Carter,Venezuela,789.545.9337,philipking@example.com,2024-02-06
5566,Leah,Garcia,Saint Lucia,823.798.2138,johnsongina@example.net,2023-06-20
5567,Rebecca,Green,Saint Barthelemy,(436)777-8100x8678,bchapman@example.com,2020-01-25
5568,Richard,Fowler,Kiribati,001-650-723-9149x761,brianholmes@example.com,2023-06-19
5569,Jose,Delgado,Solomon Islands,327.697.9417,hreese@example.com,2024-01-09
5570,Anthony,Chan,Turkmenistan,3075515107,john57@example.com,2023-01-25
5571,Richard,Villarreal,Marshall Islands,603.904.6311x49587,daniel07@example.com,2020-02-15
5572,Rebecca,Peters,Sierra Leone,499.771.6488,anna11@example.net,2022-02-10
5573,Melissa,Green,Eritrea,(491)863-4872x091,sarahgarza@example.org,2020-11-29
5574,Jonathan,Christensen,Estonia,926.449.3531x57071,erin51@example.org,2020-06-12
5575,Kristen,Davis,Ghana,001-629-490-2675x88720,hunterlarson@example.com,2024-05-08
5576,Mary,Guerra,Norfolk Island,725-421-6496,deborahlyons@example.com,2020-05-08
5577,Brittany,Johnson,Tajikistan,336.849.7557x14315,jeffrey90@example.org,2024-10-29
5578,Hailey,Jennings,Liberia,459.356.3571x7252,kimberly44@example.com,2020-02-09
5579,Tina,Harris,Benin,+1-383-862-9315x19569,francisgoodman@example.com,2026-01-09
5580,Monica,Chase,Moldova,877-220-7954,ygeorge@example.net,2025-11-15
5581,Michael,West,Paraguay,(871)330-1287x1782,brittany65@example.org,2024-07-08
5582,Gabriel,Briggs,Oman,607-275-4351x3890,tjohnson@example.org,2020-02-15
5583,Nancy,Wood,Nicaragua,001-889-387-0955,jeffrey47@example.org,2020-05-26
5584,Laurie,Franklin,Cook Islands,659-998-8174x2609,patelangela@example.org,2020-10-04
5585,Kevin,Martinez,Myanmar,9796547079,amandabailey@example.com,2022-06-08
5586,Robin,Hart,France,(833)695-1155x7401,xrussell@example.com,2022-12-14
5587,Joseph,Thornton,Tunisia,441-328-7313x9315,rebecca33@example.org,2020-06-20
5588,Alexander,Allen,Angola,+1-513-511-7002x53701,tyler05@example.org,2023-04-06
5589,Michelle,Smith,Jordan,(404)231-6632x425,tracy26@example.org,2025-07-31
5590,Kristopher,Harris,Sudan,+1-485-398-2821x23824,qgriffin@example.com,2023-11-17
5591,Lee,Huerta,Isle of Man,001-709-624-9893x2846,hmoreno@example.net,2022-11-30
5592,Cheryl,Vang,Andorra,528.415.2911x475,gamblenoah@example.org,2023-04-07
5593,Vanessa,Roberson,Niger,206-451-5969x534,rojascorey@example.net,2021-08-18
5594,Gene,Anderson,Belgium,+1-770-683-2379,dfrench@example.net,2025-03-29
5595,Devin,Figueroa,Myanmar,534.492.1826,nancyjones@example.com,2020-02-25
5596,Jeremy,Hale,Faroe Islands,438.736.9610x11507,crawfordjeffrey@example.com,2020-07-14
5597,Jennifer,Finley,Niger,001-934-797-7333x42698,nelsonstephanie@example.com,2023-05-06
5598,Katie,Espinoza,Turkey,(535)853-5574x9048,ostark@example.com,2021-10-24
5599,Rachel,James,Azerbaijan,9805367382,craig21@example.org,2024-08-18
5600,Riley,Woods,Andorra,241.741.3642x50766,tabithadavies@example.com,2020-02-01
5601,Scott,Nichols,Faroe Islands,001-677-748-1472x5475,rodriguezchristopher@example.com,2024-03-05
5602,Angelica,Murray,Suriname,655-818-1715,farrelljames@example.org,2024-08-22
5603,William,Obrien,Italy,(593)404-4509x2380,davidpatterson@example.org,2024-07-01
5604,Dakota,Rivas,Costa Rica,001-727-806-0259,rita09@example.net,2024-12-20
5605,Richard,Gonzales,Bhutan,559-486-5993x61770,mirandasmith@example.net,2020-04-03
5606,Charles,Butler,Morocco,840.826.1500x61112,morrisonkevin@example.com,2026-02-07
5607,Ryan,Ramos,Iraq,001-863-290-6100x0234,geraldschmitt@example.org,2022-11-22
5608,Eric,Allen,Panama,947.831.8390,joshua13@example.com,2021-09-24
5609,Juan,Garcia,Suriname,(203)290-4216x6760,devonsalazar@example.net,2023-03-20
5610,Gregory,Adams,Albania,(686)366-7565x913,jonathan69@example.net,2020-09-27
5611,Patrick,Boone,Palau,+1-477-693-0973,cindy29@example.net,2025-08-03
5612,Jason,Williams,Nepal,+1-768-240-5228,zthompson@example.net,2024-11-23
5613,Matthew,Miller,Ghana,001-398-918-1362x218,zbrown@example.net,2022-01-12
5614,Stephen,Dudley,Guatemala,392.220.0500,zwhite@example.com,2022-03-20
5615,Melissa,Taylor,Western Sahara,4164968684,uanderson@example.com,2024-10-01
5616,Shelly,Shepard,Ukraine,+1-655-206-7145,zachary33@example.net,2021-10-25
5617,Jessica,Todd,Indonesia,(854)967-5852x5333,wsanchez@example.org,2025-05-28
5618,Anita,Burton,Jamaica,+1-210-868-5036x43095,brian37@example.com,2020-10-16
5619,Billy,Levine,Cote d'Ivoire,743-375-4024,erica79@example.org,2022-03-04
5620,Darrell,Gonzalez,Antigua and Barbuda,990.364.5786x9489,jason60@example.net,2021-09-03
5621,Sarah,Davis,Guadeloupe,+1-783-800-2679x44803,mcbridemargaret@example.com,2020-04-08
5622,Benjamin,Hall,Panama,+1-696-694-6385x2666,gmathis@example.net,2025-03-31
5623,Andrea,Hubbard,Guadeloupe,(217)815-0098,schmidtmichael@example.org,2020-09-23
5624,Danielle,Robinson,Guinea-Bissau,001-337-548-2090,rdaniels@example.com,2024-09-04
5625,John,Casey,Djibouti,702.333.0989x3923,crawfordalexandra@example.net,2025-03-27
5626,Ethan,Adams,Oman,(805)844-5773x745,garciabrandon@example.com,2024-05-02
5627,Amber,Li,Bermuda,631-665-4791x936,bobbycruz@example.com,2023-11-25
5628,Ashley,Pruitt,Bosnia and Herzegovina,+1-748-297-5987,klinesamantha@example.org,2022-11-07
5629,James,Harper,Suriname,225.213.0510x83311,jasonhutchinson@example.com,2025-02-25
5630,James,Leonard,Puerto Rico,001-930-711-0063,kewing@example.org,2025-04-16
5631,Patricia,Fernandez,Argentina,+1-353-624-2155,turnersandra@example.com,2025-10-10
5632,Todd,Manning,Jersey,+1-980-742-0010,qyang@example.net,2024-09-17
5633,Heather,Ortiz,Romania,278-704-2517x9514,kennethmoore@example.org,2021-06-09
5634,Mark,Williams,Israel,(441)573-3701x61086,mark80@example.com,2024-06-11
5635,Jacob,Ramos,Cyprus,(848)444-3926x198,charlespark@example.net,2020-05-29
5636,David,Bell,Afghanistan,001-864-585-6802x428,jesse96@example.org,2020-08-03
5637,Stephen,Fowler,Tuvalu,001-409-488-6607x154,samanthaherrera@example.net,2023-06-30
5638,Nicole,Robbins,Maldives,(442)666-1666x098,dmorales@example.org,2022-11-28
5639,Charles,Johnson,Moldova,001-622-342-0415x016,jenniferrobertson@example.net,2020-12-25
5640,Janet,Castro,Iceland,001-301-756-1560x142,qlopez@example.com,2025-07-29
5641,Anthony,Mora,Palestinian Territory,+1-810-929-6971x287,richard85@example.net,2024-07-25
5642,Brandi,Reyes,Tuvalu,796-253-8097x9154,alfred44@example.com,2022-01-19
5643,Brittany,Stewart,Oman,(833)609-9097x0493,porterrobert@example.net,2020-07-26
5644,Tracey,Cook,Togo,282.561.9549x64013,elizabethrogers@example.com,2023-12-29
5645,Heidi,Bush,Bangladesh,455-269-8122x2883,omar28@example.net,2023-08-20
5646,Elizabeth,James,Uganda,001-469-557-5001x4988,joan95@example.org,2020-03-11
5647,Monica,Todd,Togo,798-360-7724x23119,tyler22@example.net,2022-08-21
5648,David,Schneider,Tajikistan,912-453-8008x61177,julia49@example.com,2022-07-23
5649,Elizabeth,Delacruz,Ireland,965-564-9273x938,lydiafuentes@example.org,2022-11-28
5650,Mark,Franklin,Turkmenistan,001-737-746-3135x90196,barry75@example.org,2025-09-10
5651,Angelica,Townsend,Svalbard & Jan Mayen Islands,7665166534,heather67@example.net,2020-09-05
5652,Megan,Rodriguez,Guyana,+1-624-773-1695x211,brendamcdaniel@example.com,2023-11-16
5653,Joseph,Martin,Moldova,694.970.0211x57589,dunnnatalie@example.net,2022-07-15
5654,Karla,Mills,Austria,4638805336,mullinslouis@example.org,2025-02-01
5655,Michael,Sampson,Australia,3946612645,hendersonmichelle@example.net,2021-10-12
5656,Donald,Vasquez,Kyrgyz Republic,8443346519,rebecca76@example.net,2022-07-10
5657,Alexandra,Bender,Bolivia,5615148493,kimberlyjones@example.net,2025-06-09
5658,Kathleen,Adams,Niue,001-817-892-4533x1710,valerie66@example.org,2022-12-18
5659,Willie,Mendoza,Cook Islands,651-560-6338,wuamy@example.net,2023-04-01
5660,Melissa,Alvarez,Martinique,642-746-2470,laurafarrell@example.com,2023-07-13
5661,Michael,Mitchell,Azerbaijan,+1-911-799-9101,terri31@example.org,2020-03-19
5662,Michael,Brewer,Marshall Islands,(831)340-0239,aliciafigueroa@example.net,2024-09-10
5663,Peter,Davis,Belgium,001-802-793-0812,coopermark@example.net,2025-12-30
5664,Samantha,Tate,Pitcairn Islands,001-334-931-8302,jacksontina@example.net,2020-08-11
5665,Anthony,Robles,San Marino,001-655-752-5575x47767,fishermichael@example.com,2022-11-27
5666,Rick,Davis,Eritrea,965-210-8031,raymond48@example.net,2020-12-13
5667,David,Johnson,Comoros,(245)900-3241x66921,hmiller@example.net,2023-07-15
5668,Brianna,Turner,Niger,8433948163,brandon90@example.com,2024-08-15
5669,Brandi,Miller,Guatemala,+1-729-338-2258x548,clarkesherry@example.org,2021-03-02
5670,Jonathan,Gilmore,United States of America,817-390-5090,waltersamy@example.com,2023-05-10
5671,Nicole,Clark,Vietnam,(589)709-7670x3502,kevin42@example.org,2021-07-07
5672,Shannon,Cox,Andorra,+1-926-340-5150x967,igray@example.org,2021-09-02
5673,Audrey,Davis,San Marino,9192264302,chelseahamilton@example.net,2020-02-22
5674,Susan,Smith,Iran,+1-504-809-0880x7582,brockaaron@example.net,2022-06-22
5675,Caroline,Thompson,Austria,(578)576-2578,vanessawallace@example.net,2020-12-22
5676,Sheila,Hurley,Greece,736.637.9487,mhorn@example.com,2021-10-27
5677,Peggy,Rocha,Netherlands Antilles,+1-443-921-6386x06760,craigcortez@example.net,2020-12-30
5678,Richard,Taylor,French Polynesia,+1-306-723-7799x9997,hannahdavis@example.com,2025-02-18
5679,Gordon,Mccann,Greece,923.794.2626x246,jeffrey32@example.com,2024-06-15
5680,Debbie,Robinson,Lithuania,(271)766-5037x8633,pwilliams@example.org,2024-11-08
5681,Brent,Daniels,Myanmar,+1-840-319-5134x859,becktammy@example.org,2022-07-25
5682,Lindsay,Aguilar,Niue,(648)793-2072x33594,kerrellen@example.org,2025-09-01
5683,Paula,Andrews,Turks and Caicos Islands,001-375-830-1656x8010,rushthomas@example.com,2023-05-12
5684,Samantha,Gallagher,Switzerland,809-704-3909x008,stephenrodriguez@example.com,2025-08-17
5685,Thomas,Huffman,Sao Tome and Principe,885.888.7627x2542,nmccormick@example.net,2023-10-31
5686,Matthew,Chapman,Guernsey,476-882-5472x873,harperrebecca@example.org,2021-08-26
5687,Stacey,Ballard,Palestinian Territory,275-266-3816x0299,zhernandez@example.org,2024-08-10
5688,Christopher,Hernandez,Uganda,(464)331-8956,danielcooper@example.org,2023-12-09
5689,John,Sullivan,Zimbabwe,001-496-329-4210x39949,bruce04@example.com,2020-06-14
5690,Samantha,Reynolds,Czech Republic,001-533-931-2445,katelynevans@example.com,2022-10-21
5691,Deborah,Gallagher,Saint Pierre and Miquelon,(921)915-0013x13250,hannah25@example.com,2022-07-15
5692,James,Hernandez,Zambia,700.654.0770x254,emily37@example.org,2021-03-12
5693,Rodney,Petersen,Netherlands,934-479-5716,cody00@example.net,2021-10-26
5694,Charles,Poole,Cote d'Ivoire,462-335-1748x54101,wagnersamantha@example.net,2023-02-26
5695,Kristine,Sullivan,Congo,+1-765-812-0706x17923,julie41@example.com,2022-10-05
5696,Ellen,Ward,Poland,690-435-9575,robertlogan@example.com,2020-09-13
5697,Michael,Morris,Tuvalu,782-492-3848,martinezbrian@example.net,2026-03-06
5698,Kathy,Sanchez,Cocos (Keeling) Islands,314-429-5909x646,christiandavis@example.org,2021-08-06
5699,David,Hodge,Congo,+1-427-708-4471x4659,ndawson@example.net,2022-07-23
5700,Kelly,Dixon,Jamaica,481.774.1115x89410,david27@example.org,2022-11-05
5701,Patrick,Stephenson,Bulgaria,+1-463-952-3255x07295,jlamb@example.net,2022-05-16
5702,Victoria,Brooks,Mozambique,2596989744,dsparks@example.org,2020-09-17
5703,Charles,Ayala,Sudan,657-948-7035x384,marykane@example.com,2021-08-01
5704,Debra,Booth,Burkina Faso,001-227-200-6925x76374,michael34@example.com,2023-10-22
5705,John,Griffin,Hong Kong,(922)415-6451,shelleymiller@example.org,2025-01-06
5706,Veronica,Ford,Heard Island and McDonald Islands,625.633.9104,parrishemily@example.net,2024-05-09
5707,Dorothy,Hebert,Cyprus,9425432912,kelly56@example.org,2024-05-14
5708,Robert,Dunn,Namibia,001-740-209-4312x5312,arthurwaters@example.net,2020-07-27
5709,Jackie,Frye,Palau,(280)555-0530x082,staceyhenderson@example.net,2023-10-10
5710,Timothy,Villarreal,San Marino,001-629-751-0154,kyledavis@example.net,2022-12-09
5711,Lucas,Reynolds,Hungary,001-744-622-5423x0883,thomasmichael@example.net,2021-07-13
5712,Danielle,Johnson,Austria,001-682-437-5121x849,ycarroll@example.com,2024-02-27
5713,Cindy,Flores,Suriname,2146355141,christine00@example.net,2020-12-08
5714,Eric,Gallagher,Egypt,(524)831-1801x9552,mbaldwin@example.net,2024-06-16
5715,Joshua,Morgan,Andorra,(688)449-0877,watkinsjerry@example.org,2023-10-04
5716,Lindsay,Franklin,Jordan,+1-349-800-9131x9450,kellypeter@example.org,2024-05-14
5717,Christy,Martinez,Moldova,481-879-0014x8241,shawnjimenez@example.org,2021-01-10
5718,Donna,Smith,Saint Lucia,+1-993-228-8822,jasonfowler@example.net,2025-10-27
5719,Kayla,King,Dominica,(548)594-9228x729,paul45@example.com,2021-10-18
5720,Ricky,Mercer,Suriname,(947)413-5422,benderkathy@example.net,2025-02-15
5721,Dustin,Cobb,Sao Tome and Principe,9688551681,lisa48@example.org,2022-12-28
5722,Cynthia,Moore,Niger,+1-693-762-3314x920,kdavis@example.org,2025-08-11
5723,Brendan,Smith,Belgium,+1-272-221-5975x62388,jritter@example.org,2023-06-21
5724,Toni,Weaver,Barbados,(223)963-4616x152,ewood@example.org,2025-11-17
5725,Melissa,Rosario,Palestinian Territory,203-621-3718,matthew71@example.net,2024-09-19
5726,Jessica,Chavez,Cyprus,860.229.9227,jimhoward@example.com,2023-09-20
5727,John,Long,Niue,685.580.3489,unewton@example.com,2023-03-02
5728,Patrick,Davis,Honduras,(406)512-2857x01854,donna27@example.net,2020-10-18
5729,Carrie,Barnes,Sierra Leone,811-854-9187x15698,torreskatelyn@example.org,2025-12-31
5730,Jessica,Leonard,Andorra,+1-812-748-7903x65085,cameronjonathan@example.com,2025-11-27
5731,David,Chandler,Samoa,(385)714-2580,fbaker@example.com,2025-08-14
5732,Peter,Kennedy,New Caledonia,001-653-461-2930x37891,garymartin@example.org,2021-04-12
5733,Erica,Werner,Saudi Arabia,541-819-6227x89723,martinezamber@example.org,2021-09-21
5734,David,Barr,Cook Islands,826-504-5673x30289,jnelson@example.net,2020-11-06
5735,Destiny,French,Indonesia,+1-257-731-4982x55296,zbond@example.com,2025-11-05
5736,Holly,Perez,United States Virgin Islands,931.212.6011,cbaxter@example.com,2024-06-23
5737,Vincent,Nguyen,Isle of Man,001-594-618-7167,scrane@example.org,2022-10-08
5738,Victoria,Johnson,Swaziland,(684)435-2502,vtravis@example.org,2024-09-12
5739,Rachel,Wilson,Guatemala,676-972-1249x38439,williamsjames@example.com,2022-04-28
5740,Tamara,Meyer,Faroe Islands,938.670.6914x171,hortonjennifer@example.org,2024-02-20
5741,Paul,Davis,Aruba,741.899.0780,jerrychavez@example.org,2024-01-03
5742,Anne,Lee,Palau,408-296-8818x128,coloneric@example.com,2023-05-04
5743,Barbara,Bell,Belize,924.367.8531x1157,tammy90@example.org,2021-02-16
5744,Rachel,Spears,Gabon,368.777.6373x879,kevintaylor@example.com,2021-10-22
5745,Peter,Montoya,Morocco,834-247-2084,elizabeth41@example.com,2021-05-22
5746,Micheal,Acosta,Moldova,535-901-1699x1056,iclark@example.net,2022-04-29
5747,Tiffany,Cook,Denmark,001-735-374-7216x8832,keith18@example.net,2025-04-19
5748,Adam,Lopez,Georgia,+1-443-739-0291,oreyes@example.org,2020-10-05
5749,Michelle,Phillips,Suriname,700.461.4326x62232,ryancrane@example.com,2024-12-27
5750,Anthony,Schmitt,Antarctica (the territory South of 60 deg S),(551)664-8757x75101,wrodriguez@example.com,2020-06-30
5751,Chad,Payne,Rwanda,748.459.6556,michelle82@example.org,2022-10-28
5752,John,Johnson,Myanmar,245-603-2086x7801,myerstiffany@example.net,2021-06-09
5753,Katherine,Taylor,Saint Pierre and Miquelon,(970)566-4344x4992,natalie50@example.org,2020-05-12
5754,Cheyenne,Hoffman,Guinea,504.207.0863x9233,jesus68@example.net,2020-09-10
5755,Joann,Lopez,British Indian Ocean Territory (Chagos Archipelago),2526878969,smithbrandy@example.com,2025-12-10
5756,Michael,Murray,Luxembourg,(656)722-9165x09395,fergusonluis@example.net,2025-06-17
5757,Melissa,Morrow,Egypt,793-568-7583,susan23@example.org,2024-11-28
5758,Sharon,Harris,Cambodia,001-501-724-4940x24107,rodriguezpatricia@example.net,2025-08-20
5759,Cheryl,Hayden,Turkmenistan,001-361-887-0097x3184,billyhughes@example.net,2025-09-06
5760,Clifford,Williams,United Kingdom,001-743-773-6348,cherylstein@example.org,2021-12-13
5761,Sara,Durham,Brazil,(946)461-5792,michaelpeck@example.net,2024-10-21
5762,Amanda,Thomas,Bhutan,518.446.2888x7283,fhines@example.com,2021-10-31
5763,Daniel,Young,Nigeria,(221)808-3408,kelsey41@example.org,2023-01-04
5764,Laura,Flores,Chad,(677)614-0227,susan43@example.net,2021-03-30
5765,Sarah,Barnes,Congo,001-861-780-3924x715,jgraham@example.net,2023-03-01
5766,Brenda,Mendez,Lithuania,761.341.5521x30431,deborahcampbell@example.com,2020-08-12
5767,Raymond,Dunn,Papua New Guinea,913-684-7999x78133,brandon69@example.com,2022-03-25
5768,Laura,Smith,Iraq,+1-254-683-2366x585,frankcowan@example.net,2023-11-10
5769,Rachel,Gonzalez,Ethiopia,+1-862-585-4499,collinswilliam@example.net,2026-01-08
5770,William,Bryant,Bahrain,253.728.5562x37920,alex46@example.com,2023-04-02
5771,Richard,Bates,Botswana,+1-784-274-7784x2707,hughessylvia@example.com,2022-10-10
5772,Jamie,Perry,Benin,2093225437,jeff45@example.net,2021-06-03
5773,Kelly,Harvey,Bahrain,281-445-1900,alan90@example.com,2020-01-19
5774,Joel,Morrow,Mali,(588)378-1715,harrisjeffrey@example.org,2020-01-27
5775,Cheyenne,Garcia,Tunisia,341-324-5815,ahill@example.com,2021-03-19
5776,Douglas,Rivera,Liberia,702.624.9359x315,osmith@example.com,2021-01-18
5777,Brian,Huerta,Liechtenstein,569.825.1677,jenniferhorn@example.com,2021-11-21
5778,John,Hill,Bahamas,+1-563-522-5119x25593,frosttonya@example.com,2020-05-01
5779,Keith,Buchanan,Guinea,5465172434,charlespamela@example.com,2022-08-22
5780,Scott,Molina,Korea,(633)445-8939x105,keithgreen@example.com,2024-02-03
5781,Brian,Henderson,Norfolk Island,655.600.7421,mckeejoel@example.org,2025-07-06
5782,Kenneth,Tapia,Falkland Islands (Malvinas),+1-249-271-8471x594,kkim@example.net,2020-02-13
5783,Zachary,Wong,Thailand,957-673-1029x822,ljohnson@example.org,2025-04-04
5784,Bryan,Clark,Somalia,6225498527,cdavis@example.org,2022-02-20
5785,Kristin,Wood,Cocos (Keeling) Islands,001-987-758-3907x04553,michaelward@example.org,2021-09-25
5786,Louis,Francis,Mauritania,001-843-741-2827x3518,rebeccagarrison@example.com,2024-10-19
5787,Christine,Lee,Bosnia and Herzegovina,001-955-646-6916x4007,steven39@example.org,2024-12-02
5788,Dale,Moss,Western Sahara,(452)981-6342,nicoleellis@example.org,2024-03-08
5789,Allison,Robinson,Aruba,878.404.1991,mariah05@example.net,2025-12-07
5790,Amber,Robinson,Brunei Darussalam,001-242-936-5489,rodney99@example.net,2021-03-24
5791,Susan,Rodriguez,Bermuda,+1-690-899-8828x97159,jeffery57@example.org,2023-06-30
5792,Alejandra,White,Haiti,+1-223-506-8385x38406,katie18@example.net,2023-11-30
5793,Ashley,Neal,Nicaragua,783-329-4326x3294,lyonschristopher@example.com,2023-09-02
5794,Christina,Mitchell,Holy See (Vatican City State),(706)594-9181x28760,coxkimberly@example.com,2021-11-20
5795,Felicia,Taylor,Czech Republic,+1-423-790-7013x2385,leahlane@example.org,2020-07-28
5796,Glen,Espinoza,Venezuela,764-648-1833x9518,carlsonlisa@example.net,2023-09-29
5797,Brett,Rodriguez,Slovenia,(652)734-0529x71195,tyler47@example.org,2023-10-08
5798,Dana,Martinez,Ethiopia,+1-975-336-5724x109,williamscraig@example.net,2024-01-06
5799,Jeffrey,Sanders,New Caledonia,(218)890-5606x66106,stephaniebuchanan@example.org,2022-11-08
5800,Robert,Wells,Nauru,+1-699-225-4018x5088,christopher17@example.org,2020-06-20
5801,Judith,Juarez,Benin,659.251.0398,josephdickerson@example.com,2022-09-06
5802,Joseph,Nelson,North Macedonia,8812243261,rkemp@example.net,2021-12-01
5803,Michael,Coleman,Angola,625.342.6471,robertphillips@example.com,2021-11-16
5804,Sandra,Morales,Malta,(599)418-1243,austinshannon@example.org,2021-03-03
5805,Melissa,Sims,Rwanda,+1-288-749-7158x92829,robertmills@example.org,2020-09-07
5806,Janice,Howe,Cote d'Ivoire,403-494-3139,morrowerik@example.net,2025-07-22
5807,Pedro,Barnes,United States Minor Outlying Islands,729-374-7741x946,cynthia32@example.com,2024-09-03
5808,Joshua,Burns,Ethiopia,2333334046,cturner@example.com,2023-04-14
5809,Jeffrey,Day,Guinea-Bissau,779.625.4583x2186,xbell@example.net,2025-04-20
5810,Allison,Butler,Croatia,744-849-0203x0376,khill@example.org,2021-03-30
5811,Melanie,Choi,Kenya,001-643-595-7874x8725,rodney94@example.net,2021-03-27
5812,Becky,Greer,Romania,+1-877-618-0451x53535,gonzalezemily@example.com,2021-09-15
5813,Mason,Sanchez,Tunisia,484-597-2106x39719,april77@example.org,2021-01-22
5814,Holly,Lane,Guyana,332.271.6233x3617,justin43@example.org,2024-12-30
5815,Peter,Salas,Botswana,(310)710-3271,colinhernandez@example.org,2023-07-24
5816,Tim,Davila,Western Sahara,5992104989,allisonfisher@example.org,2021-07-13
5817,James,George,Mongolia,+1-653-600-6036,rileyjoseph@example.com,2020-03-20
5818,Joshua,Thomas,Thailand,(821)242-3370x75798,wrightjennifer@example.com,2023-04-29
5819,Andrea,Watkins,Sweden,+1-240-682-4123x06393,gharding@example.net,2024-11-05
5820,Jennifer,Harmon,Norfolk Island,520.398.0285x001,nicolepatterson@example.com,2025-11-17
5821,Suzanne,Swanson,Western Sahara,897-689-2641,cperry@example.com,2024-12-26
5822,Ashley,Campbell,Solomon Islands,375.529.1594x0946,laurensmith@example.org,2020-08-07
5823,Danielle,Stark,Jamaica,405.625.5413x0044,sara18@example.net,2022-01-25
5824,Samantha,Jackson,Cameroon,001-629-960-1127x13142,hendersonlynn@example.com,2022-05-10
5825,Drew,Scott,Belize,(590)619-2465x18525,andersonashley@example.com,2024-05-25
5826,Michael,Cross,Czech Republic,001-766-269-7081x79101,jasonwhite@example.net,2022-11-17
5827,William,Allison,Myanmar,822.639.5676x1351,farmerjulie@example.org,2023-02-06
5828,Jessica,Kramer,Netherlands,001-805-388-2640x313,amy27@example.net,2025-08-29
5829,Joseph,Hicks,Switzerland,728-958-1576x508,christinepacheco@example.net,2022-08-25
5830,Rebecca,Thompson,China,217.586.9578,reyesalison@example.net,2024-01-27
5831,Erin,Johnson,Niue,270-626-8036,sherihernandez@example.org,2024-11-30
5832,Amy,Rodriguez,Sierra Leone,001-788-370-8304x260,michaelscott@example.com,2020-10-01
5833,Jeanette,Mccoy,Belarus,482-460-7779x957,christine39@example.com,2021-06-06
5834,Colleen,Ruiz,Cayman Islands,224-727-3280,kevintorres@example.com,2024-01-30
5835,Bryan,Bryant,Nigeria,(498)927-7603x48999,bryantanthony@example.org,2020-07-19
5836,Ronald,Elliott,Bulgaria,693.979.9982,carlystewart@example.net,2020-01-28
5837,Leah,Wallace,Tanzania,466-478-7174x4314,oalvarado@example.net,2020-07-19
5838,Katherine,White,Guyana,+1-407-231-2533x95156,vwilson@example.org,2021-03-13
5839,Cory,Zimmerman,Central African Republic,001-384-951-7825x9429,erose@example.com,2020-01-09
5840,Holly,Watkins,Guyana,7629530771,robertscott@example.net,2022-10-23
5841,Martin,Campbell,Guyana,(723)242-6880,emmaphillips@example.com,2024-10-05
5842,Felicia,Quinn,Mauritius,001-958-363-9228x75544,loritaylor@example.com,2020-08-01
5843,Joseph,Ortiz,Maldives,+1-711-461-4093x88260,erika71@example.com,2022-10-21
5844,Dana,Fitzgerald,Armenia,+1-339-536-3225x06734,nmcbride@example.org,2023-01-15
5845,Austin,Garcia,Samoa,(500)243-7455x8647,crawfordcassandra@example.net,2024-01-26
5846,Roy,Gonzalez,Yemen,(214)667-5435,kimberlyherman@example.net,2023-08-23
5847,Bryce,Garcia,Kuwait,(839)354-1452,heatherrodriguez@example.org,2022-12-25
5848,Samantha,Alvarez,Turkmenistan,+1-218-692-5065x30637,cford@example.net,2024-11-25
5849,Ashley,Ross,Macao,(381)882-8025,wayne63@example.net,2023-11-10
5850,Jacob,Chapman,Georgia,+1-765-372-6991x9126,michellemcdaniel@example.org,2022-08-25
5851,David,Gray,Norfolk Island,7659201400,sanchezrachel@example.net,2024-07-19
5852,Laura,Hernandez,United States of America,888.352.0935x7653,meganphillips@example.net,2020-07-24
5853,Lisa,Frank,Macao,976.803.9900x756,michael07@example.org,2020-02-03
5854,Debra,Brown,Martinique,275.973.3663,olsensarah@example.net,2021-04-16
5855,Abigail,Smith,Somalia,(397)991-8794,adamserica@example.com,2021-08-09
5856,Sherry,Murphy,Guinea-Bissau,(591)404-7953,williamskrystal@example.org,2020-01-31
5857,Meghan,White,Mongolia,+1-844-798-7941x837,esmith@example.com,2021-01-18
5858,Darrell,Beck,Saint Barthelemy,+1-682-218-0309x820,llucas@example.org,2020-09-25
5859,Desiree,Johnson,Ghana,727.512.6315x65583,travis38@example.org,2024-01-13
5860,Daniel,Vaughn,Bahamas,+1-488-423-7339,williamkirby@example.com,2025-09-06
5861,Penny,Henderson,Puerto Rico,499.523.2705,cjones@example.com,2024-12-30
5862,Ashley,Haynes,North Macedonia,001-994-986-2792x78995,oellis@example.org,2025-03-17
5863,Scott,Carroll,United States Virgin Islands,001-750-264-5623x41015,rosetravis@example.org,2026-03-01
5864,Mark,Anderson,Pitcairn Islands,269-518-6759,xjohnson@example.org,2025-01-18
5865,Katherine,Green,South Georgia and the South Sandwich Islands,+1-636-426-2261x6377,stephanie13@example.net,2023-08-29
5866,Mandy,Webb,Rwanda,994.582.8978x866,dorisadkins@example.net,2021-04-19
5867,Larry,Abbott,Japan,(422)800-0552x324,wweber@example.net,2021-02-17
5868,Colleen,Edwards,Gambia,914-285-3940,cwinters@example.net,2021-12-31
5869,Adam,Perez,Falkland Islands (Malvinas),001-781-241-3269x508,griffinpaula@example.org,2025-04-06
5870,Joseph,Brown,Central African Republic,(360)699-1108x73648,rebecca40@example.net,2024-01-12
5871,Kevin,Glover,Nepal,+1-564-713-3699x67399,ramirezbelinda@example.com,2025-03-17
5872,Stephanie,Gates,Uganda,001-783-502-1945x381,nealsierra@example.org,2023-03-14
5873,Sharon,King,Norway,7283336350,brian25@example.net,2021-09-04
5874,Megan,Hood,American Samoa,203-647-3083,alvarezkevin@example.org,2025-04-06
5875,Jeff,Rivera,Suriname,001-580-329-6828x7382,jessicaparker@example.net,2022-07-24
5876,Benjamin,Smith,Maldives,001-889-234-7701x359,larrycoleman@example.org,2025-03-08
5877,Karen,James,Barbados,942-411-7989x2920,duffyshannon@example.net,2022-08-16
5878,Jennifer,Brown,Saint Helena,627-568-8298,hlindsey@example.org,2023-12-12
5879,Jennifer,Herman,Bermuda,001-407-744-5430x18691,higginschelsey@example.org,2020-07-09
5880,Elizabeth,Lucas,Paraguay,517-860-7467x87186,benjaminmccoy@example.com,2025-05-16
5881,Kyle,Michael,Saint Pierre and Miquelon,555-343-4614x861,fsilva@example.org,2025-01-24
5882,Brent,Reeves,France,9158412916,brianpeterson@example.net,2022-05-29
5883,Aaron,Adams,Trinidad and Tobago,351-832-2253x159,george12@example.com,2022-08-26
5884,Nancy,Shannon,Solomon Islands,+1-957-480-4739x677,jeremyfischer@example.net,2021-01-11
5885,Jesse,Lowery,Croatia,492-709-7730x717,brockjennifer@example.net,2020-07-31
5886,Gary,Bass,Brazil,895.839.9637x95247,gsmith@example.net,2025-05-09
5887,Lauren,Gonzalez,Lebanon,(567)541-3551,scottadams@example.org,2024-11-05
5888,Jose,Garcia,Haiti,326.589.2826,ftanner@example.net,2023-07-08
5889,Kathy,Jacobs,Azerbaijan,001-264-832-2099x9962,moorebrittney@example.com,2020-10-03
5890,Nicholas,Barrett,Thailand,+1-978-588-2414x96254,emmalopez@example.net,2022-10-30
5891,Lisa,Moore,Equatorial Guinea,(241)311-9420x40790,brianagilbert@example.net,2023-11-15
5892,Jennifer,Reid,New Zealand,001-509-306-0796x7965,upeters@example.org,2023-06-04
5893,Eric,Hanna,Italy,7548674341,james03@example.net,2022-10-12
5894,Stacy,Miller,Colombia,809.345.5608x9126,nreese@example.net,2021-06-09
5895,Rachael,Freeman,South Georgia and the South Sandwich Islands,001-341-868-4905x3839,wallacedeanna@example.com,2020-08-01
5896,Teresa,Barker,Thailand,001-871-686-2017,pvalencia@example.org,2024-12-16
5897,David,Gonzalez,Saudi Arabia,(284)207-5244,latoya72@example.net,2023-02-15
5898,Crystal,Ward,Singapore,792-776-8465x67682,fbenjamin@example.org,2024-12-07
5899,Daniel,Gonzalez,Jordan,748.700.6825x22464,rick57@example.net,2020-09-14
5900,Shawn,Watkins,Qatar,(710)305-4016x3781,jamiepeters@example.net,2023-07-10
5901,Elizabeth,Hunt,Hungary,001-473-845-3715x723,tashaburch@example.com,2020-07-27
5902,Yvonne,Horton,Switzerland,001-361-343-9423x0919,jonathanmartin@example.org,2021-02-02
5903,Cynthia,Gregory,Malawi,297-547-1637x5027,abigail11@example.org,2022-07-03
5904,Lauren,Silva,Maldives,+1-588-750-8172,brandifletcher@example.org,2023-06-26
5905,Karen,Hammond,Bhutan,(734)767-2706,jacob67@example.com,2022-07-03
5906,Tonya,Garcia,South Georgia and the South Sandwich Islands,742-858-2704x0149,bsmith@example.net,2024-08-07
5907,Felicia,Hernandez,Saint Barthelemy,(225)961-1746x048,tuckerjesus@example.net,2021-11-05
5908,Robert,Lewis,Monaco,388-688-4315,brandi82@example.net,2020-06-21
5909,Joel,Martinez,Cuba,(966)919-9480x23674,collinssamuel@example.com,2022-03-26
5910,Kevin,Cooper,Cuba,2048661059,jenniferross@example.org,2025-02-16
5911,Christina,Vasquez,Spain,949.555.4231,twebb@example.com,2024-12-30
5912,Monique,Lyons,Greenland,(341)926-1901,mark10@example.org,2020-03-11
5913,Mary,Nelson,Myanmar,425.889.9869x8493,howardrobert@example.net,2023-12-30
5914,Theresa,Ramos,Canada,001-402-754-0634x541,christopherlopez@example.com,2022-01-02
5915,Thomas,Collins,Samoa,(802)363-2092,nicolesheppard@example.net,2025-12-27
5916,Justin,Combs,Turkmenistan,001-970-935-4191x04483,sandrajuarez@example.net,2022-06-16
5917,Michael,Garcia,Puerto Rico,001-914-403-3320x651,lewisjake@example.net,2025-07-08
5918,Mary,Barr,Lao People's Democratic Republic,783-498-7541x3654,murphyrickey@example.com,2025-08-09
5919,Benjamin,Preston,Qatar,517.338.0481x8996,fullerbrian@example.net,2024-02-18
5920,Christopher,Roberts,Guatemala,+1-241-335-0035,johnsonjoseph@example.org,2023-07-06
5921,Ronald,Bates,Guinea-Bissau,+1-819-396-3647,eileenrios@example.net,2024-01-05
5922,Jodi,Woods,Trinidad and Tobago,(726)866-7648,armstrongdeborah@example.org,2026-02-15
5923,Crystal,Delgado,Cameroon,001-378-774-7351x773,browndana@example.org,2025-02-10
5924,Natasha,Moore,Somalia,(493)710-2607x033,cynthianixon@example.net,2024-01-19
5925,Gregory,Whitaker,Ukraine,714.538.6490x6310,paulaferguson@example.org,2025-08-19
5926,Chelsea,Hart,Congo,(315)275-3842x88845,xmoore@example.net,2020-03-08
5927,Courtney,Simmons,Saint Pierre and Miquelon,537-712-0254x00534,ruben36@example.net,2023-12-13
5928,Elizabeth,Woods,Mongolia,357-560-5373x5256,kevin41@example.com,2025-06-18
5929,Brian,Oconnor,Qatar,001-853-329-2676x190,michaelpruitt@example.com,2021-12-28
5930,Lauren,Gates,Greece,313.457.9004x679,stacey31@example.com,2026-01-21
5931,Charles,Gibson,Nicaragua,875-969-5618x33504,andreawashington@example.com,2022-01-01
5932,Andrew,Martin,Andorra,(908)744-1794x26465,emcdonald@example.net,2023-06-10
5933,Frederick,Bean,Turkey,986-772-7013,penamarissa@example.org,2021-01-05
5934,Jessica,Salazar,Vietnam,242-665-5119x50915,stephanie28@example.net,2025-07-12
5935,Amy,Rodriguez,Jamaica,+1-446-987-2864x6253,juancampbell@example.com,2025-03-24
5936,Cynthia,Gutierrez,Korea,(297)878-1066x759,erodriguez@example.com,2022-09-21
5937,Nicholas,Green,Isle of Man,+1-378-360-3586,johnsonautumn@example.com,2021-07-13
5938,Kristina,Fleming,Cayman Islands,+1-842-404-4220x056,robert29@example.net,2020-11-02
5939,Stephen,Compton,Faroe Islands,+1-277-834-6868x92120,fguerra@example.net,2024-02-08
5940,Jessica,Palmer,Wallis and Futuna,+1-918-378-5286,dennisdaniels@example.org,2021-02-08
5941,Isaac,Herring,Brunei Darussalam,688.428.5657x135,victor89@example.org,2024-12-22
5942,Sandra,Cunningham,Samoa,225-482-6567,tammy49@example.org,2024-01-15
5943,Elizabeth,Sampson,Svalbard & Jan Mayen Islands,221.677.2397x419,tamaramiller@example.org,2021-06-29
5944,Yvonne,Santana,Saint Martin,(577)459-3771,conleymary@example.com,2024-08-12
5945,Gabrielle,Parker,Anguilla,(734)391-8567x24688,bchandler@example.com,2025-09-29
5946,Alan,Molina,New Zealand,653-982-4101x475,markjohnson@example.net,2020-03-16
5947,Nicholas,French,Gabon,506-455-3872x1973,hardinpamela@example.com,2023-12-09
5948,Robert,Wilson,Ghana,500.653.8196x595,wporter@example.net,2021-01-22
5949,Veronica,Johnson,San Marino,545.495.1939,rramirez@example.com,2021-08-26
5950,Taylor,Banks,Paraguay,492.341.5649,amanda90@example.org,2022-03-31
5951,Daniel,Sanders,Myanmar,704-581-5988x856,williamsjulie@example.com,2023-04-22
5952,Jon,Mitchell,Italy,365-664-8902x4724,sandersjennifer@example.com,2020-08-23
5953,Ian,Jones,British Indian Ocean Territory (Chagos Archipelago),714-982-5081x15483,robertsondavid@example.com,2023-06-12
5954,Austin,Johnson,South Africa,617.771.5548x39062,morseshane@example.net,2024-04-24
5955,Sharon,Cantu,Albania,+1-576-769-3838x98231,rzhang@example.org,2022-07-12
5956,Austin,Black,Puerto Rico,001-271-345-0311,carterchristina@example.org,2025-02-21
5957,Nicholas,Dean,Chile,(890)329-8823,kimberlyparker@example.org,2025-09-30
5958,Lisa,Fitzpatrick,Poland,523.815.7901x8606,angelalewis@example.org,2021-02-24
5959,Shaun,Jones,Mali,001-703-540-4676x2893,johnsondiane@example.org,2025-02-01
5960,Brendan,Davis,Namibia,001-807-693-2018,ibarramatthew@example.org,2022-10-24
5961,Michelle,Smith,Fiji,(912)311-5511,norma05@example.org,2021-10-26
5962,Janet,Hart,Marshall Islands,(518)382-4038x357,jonestammy@example.com,2021-07-26
5963,Susan,Smith,Uganda,(233)708-8757x4639,michael92@example.net,2023-03-22
5964,David,Miller,Albania,(691)887-9214x075,michaelparker@example.org,2022-12-09
5965,Katelyn,Smith,Austria,(313)796-9127x4910,bwagner@example.com,2022-03-10
5966,Shannon,Nelson,Korea,+1-338-821-8199,pdiaz@example.com,2020-06-15
5967,Emily,Wu,Cambodia,+1-815-911-0094x77338,vnichols@example.net,2022-01-27
5968,Brian,Barker,Slovakia (Slovak Republic),225.329.3735x124,xmolina@example.org,2023-01-09
5969,Michael,Jackson,Saint Martin,415-851-7508x024,christopher92@example.net,2025-05-18
5970,Rachel,Duffy,Luxembourg,224-726-3143x14306,michaela26@example.net,2021-06-02
5971,Jason,Carpenter,Turkey,(925)341-6552x8868,gmaldonado@example.com,2020-01-19
5972,Kelly,Horton,Papua New Guinea,384.476.7973x26425,leealyssa@example.net,2023-10-22
5973,Crystal,Stevenson,Pakistan,+1-490-528-4577,donaldray@example.org,2023-07-07
5974,Jennifer,Delacruz,Guam,+1-725-961-5380,amanda48@example.org,2020-07-14
5975,Joshua,Fletcher,Oman,(991)308-7697x8772,xcameron@example.net,2021-01-28
5976,Jessica,Simon,Bahamas,818-978-2645,michael02@example.net,2021-07-18
5977,Maria,Robinson,Togo,(615)895-1968x1678,umendoza@example.org,2021-06-08
5978,Andrea,Jackson,Equatorial Guinea,(914)473-7584,elizabethtorres@example.net,2021-04-28
5979,Spencer,Carroll,Sao Tome and Principe,(854)866-8018x3934,chasesylvia@example.com,2025-01-07
5980,Samantha,Cooper,Ethiopia,(472)356-5569,pscott@example.com,2022-06-10
5981,William,Molina,Jersey,+1-728-877-1251x7765,danielle69@example.org,2023-07-16
5982,Mary,Patterson,Saudi Arabia,676.207.5593,elopez@example.net,2021-02-17
5983,Vanessa,Mckee,Jordan,(697)518-1649x72555,kguerrero@example.org,2023-09-30
5984,Carrie,Jackson,Guernsey,356-743-4238x744,xvasquez@example.org,2025-10-13
5985,Elizabeth,Monroe,Liechtenstein,+1-384-469-6362,tiffany60@example.net,2024-11-05
5986,Amy,Thompson,Iran,653.227.5461,spencebetty@example.net,2024-05-16
5987,Sandra,Cervantes,Martinique,(954)598-2184x949,barbara36@example.org,2021-11-26
5988,Joseph,Petty,Guam,302-830-7678,nortontammy@example.com,2022-04-02
5989,Philip,Reed,San Marino,+1-299-837-7520x711,brettbradley@example.org,2025-04-22
5990,Cheryl,Evans,Saint Vincent and the Grenadines,3724831836,joseph60@example.com,2023-08-11
5991,William,Ibarra,Cyprus,+1-614-239-5485x526,brandycarr@example.com,2024-10-27
5992,Christina,Hernandez,Chile,001-380-651-2128x55174,qsullivan@example.org,2025-10-04
5993,Benjamin,Bradford,Indonesia,227-890-4621x2741,amandagraham@example.com,2024-12-17
5994,Thomas,Wright,Gabon,+1-358-616-7044x469,hernandezdenise@example.com,2022-03-20
5995,Lori,Edwards,Bolivia,6387276091,alejandro55@example.org,2022-08-12
5996,Julian,Johnson,Mali,412.715.6446,cgonzalez@example.com,2020-02-22
5997,Monica,Smith,Congo,281.692.6752,jamestran@example.net,2025-08-14
5998,Lynn,Harrison,Cuba,7795257178,dale97@example.com,2023-09-15
5999,Michael,Meadows,Saint Lucia,581-516-8204,rivasrebecca@example.net,2020-09-24
6000,Rebecca,Rogers,Nigeria,376.275.1923x56331,jacob02@example.com,2022-05-16
6001,Tyler,Johnson,Afghanistan,536-344-8490x14519,jameslucas@example.org,2023-06-29
6002,Karina,Rose,Somalia,2348157314,groberson@example.com,2021-12-27
6003,Tonya,Rodriguez,Svalbard & Jan Mayen Islands,260.488.1219x99371,cbrewer@example.net,2023-02-02
6004,Megan,Wilson,Marshall Islands,604.525.4060,williamlee@example.org,2024-10-16
6005,Helen,Martinez,Wallis and Futuna,001-360-379-6812x352,morganlevi@example.org,2023-05-10
6006,Dawn,Miller,Panama,001-937-741-8553x455,thompsonpeter@example.org,2020-01-01
6007,Jonathan,Jones,Iraq,344-550-5460x66950,williamssierra@example.com,2022-06-03
6008,Michelle,Anderson,Madagascar,(697)874-9101x1371,jhays@example.org,2024-02-18
6009,Kathy,Sosa,Anguilla,001-658-625-9054x0987,nancygarcia@example.com,2024-10-19
6010,Joseph,Stevens,Micronesia,446-500-3486,vincentmullins@example.net,2020-12-07
6011,Danielle,Estrada,Malta,+1-477-907-2367,cooperrenee@example.org,2024-03-19
6012,Shirley,Ingram,Saudi Arabia,344.530.5838x677,tiffanygutierrez@example.com,2021-10-04
6013,Thomas,Lee,Uganda,401.659.8591,catherinerodriguez@example.com,2022-12-02
6014,Gina,Moreno,Cape Verde,(328)520-5786,ericpark@example.com,2023-10-07
6015,Samantha,Hernandez,Somalia,701.851.9293x8490,kevin65@example.net,2024-03-28
6016,Charles,Hamilton,Panama,+1-582-212-9763,garciakimberly@example.com,2022-10-01
6017,Richard,Case,San Marino,(857)297-4289,alexanderlewis@example.net,2020-10-06
6018,Alan,Brown,Cameroon,947.367.1329x9431,gfaulkner@example.com,2025-05-09
6019,Lauren,Martinez,Cyprus,600.971.4991,zwood@example.com,2020-06-17
6020,Christopher,Jackson,Yemen,+1-295-722-0908x562,umoore@example.org,2023-11-06
6021,Brittany,Sanders,Netherlands Antilles,+1-881-402-8427,victor56@example.com,2026-02-13
6022,Thomas,Sullivan,San Marino,(881)457-2997x128,johnsonheather@example.org,2020-03-04
6023,Kathleen,Kelly,Congo,768-823-9332,martinamanda@example.org,2025-04-09
6024,Michael,Morse,Antarctica (the territory South of 60 deg S),+1-833-890-5655x6195,hmeyer@example.net,2025-08-09
6025,Tammy,Costa,Ghana,980-377-7335,priscillalopez@example.org,2024-08-01
6026,Timothy,Murphy,Oman,+1-897-651-8325x357,stephen94@example.net,2023-07-25
6027,Brenda,Combs,Wallis and Futuna,001-736-720-4672,bernarddavid@example.org,2023-03-25
6028,Michael,Johnson,Cambodia,351.554.2537,anthony20@example.net,2021-07-23
6029,Tyler,Martin,Mozambique,709-860-1944x19317,ashley65@example.net,2020-11-28
6030,April,Harrington,Congo,710.796.9023x2425,spencersarah@example.net,2021-11-21
6031,Amanda,Stevens,Georgia,+1-709-759-0447x89785,marcus72@example.net,2021-10-04
6032,Jenna,Herman,Zambia,968-627-5827,raven22@example.org,2022-07-02
6033,Regina,Williams,Belgium,(283)796-1512,justin45@example.com,2024-10-16
6034,Elizabeth,Walker,Solomon Islands,001-461-492-9116x47330,kimberly84@example.com,2022-11-09
6035,Kenneth,Pruitt,Belarus,(646)548-6180,nburton@example.com,2025-01-04
6036,Wesley,Gomez,Pitcairn Islands,553.962.7600,john32@example.com,2024-10-11
6037,Gregory,Bryant,Isle of Man,9626982250,butlercynthia@example.com,2023-07-30
6038,William,Walker,Niger,7665758110,dylankelly@example.net,2026-01-07
6039,Hannah,Clark,Pakistan,(705)969-4126x91479,katiemcdonald@example.net,2021-02-18
6040,Michelle,Smith,Cape Verde,+1-589-785-9362x43568,christopherperez@example.net,2023-08-22
6041,Jeanette,Michael,Samoa,001-911-776-2316,kberry@example.net,2025-02-17
6042,Tina,Brown,Czech Republic,893.441.1017,ian19@example.org,2024-02-26
6043,John,Gomez,Northern Mariana Islands,741-316-6343x6305,renee09@example.com,2020-06-20
6044,Daniel,Patton,Korea,546-986-1496x28122,salasmichael@example.org,2025-05-13
6045,Kristine,Warner,Pakistan,+1-491-788-4216x43651,patricia43@example.com,2020-06-05
6046,Meagan,Alvarado,Somalia,210.979.7916,eddie32@example.net,2024-11-11
6047,Kelly,Riley,Iraq,847.574.2402,terrimoss@example.org,2023-05-11
6048,David,Barnes,Poland,254-819-9815,sharris@example.com,2021-07-20
6049,Kimberly,Brewer,Dominica,001-788-709-6003x5768,jennifer62@example.com,2023-06-26
6050,Alisha,Horn,Cote d'Ivoire,313.581.4095,ktaylor@example.net,2025-02-09
6051,Jake,Strickland,Palestinian Territory,876.661.0379x2153,anthony37@example.net,2020-06-27
6052,Mark,Edwards,Tajikistan,298-405-0216x314,cathy17@example.net,2023-01-01
6053,Karen,Cook,Isle of Man,+1-911-734-9718x389,howealexander@example.com,2021-09-12
6054,Patrick,Wolfe,Isle of Man,+1-495-971-3858,stacey55@example.com,2023-06-12
6055,Tiffany,Richardson,Senegal,001-524-828-3400x84862,davidperry@example.net,2025-09-04
6056,Anthony,Hernandez,Australia,557-659-4522,stephanie50@example.com,2023-01-27
6057,Erin,Moore,Pitcairn Islands,338.979.1896,valeriehicks@example.net,2023-03-12
6058,Christine,Sanchez,Zimbabwe,761-638-0913x4539,patrickwilliams@example.org,2021-03-21
6059,Joseph,Anderson,Saint Vincent and the Grenadines,331-370-0202x065,melissa30@example.com,2025-03-05
6060,Teresa,Howell,Armenia,6294370109,erik13@example.net,2020-09-07
6061,William,Gutierrez,Brazil,326.298.4478,angela73@example.org,2025-04-09
6062,Tammy,Martinez,Burundi,979.488.1901,jason38@example.org,2022-12-26
6063,Robert,Torres,Georgia,682.913.7380x7997,paulasmith@example.org,2025-07-31
6064,Matthew,Barnett,Jamaica,4208985775,ismith@example.org,2020-01-07
6065,John,Navarro,Somalia,348-852-4123,sweeneyjacqueline@example.net,2025-01-11
6066,Paul,Hubbard,Montserrat,(498)675-6586,lauren17@example.net,2020-11-27
6067,Matthew,Orozco,Syrian Arab Republic,+1-242-862-9890,julielambert@example.com,2023-01-31
6068,Vincent,Jenkins,Burundi,996-435-2928x52221,tammynguyen@example.org,2022-02-27
6069,John,Williams,French Guiana,+1-580-906-2428x103,riley40@example.net,2025-01-04
6070,Javier,Shannon,El Salvador,606.409.4265x13529,romerobridget@example.com,2023-06-25
6071,Brenda,Russell,United States of America,5423622588,henryrobin@example.net,2023-12-11
6072,Justin,Brown,Comoros,(397)548-0332,romeronathan@example.org,2025-05-21
6073,Stephen,Martin,South Africa,3819061848,amber44@example.net,2025-01-07
6074,Joshua,Rodriguez,Uzbekistan,001-299-729-5290,pbass@example.com,2023-10-09
6075,Eric,Brown,Pitcairn Islands,570-321-9331x8123,johnsonkyle@example.org,2024-04-19
6076,Jonathan,Coleman,Angola,001-467-607-7937x3972,virginiaweaver@example.org,2025-12-02
6077,Jeffrey,Acevedo,Honduras,+1-980-430-5151,manderson@example.org,2022-03-10
6078,Tiffany,Blevins,Cocos (Keeling) Islands,001-620-929-4616x54893,leemichelle@example.com,2021-07-05
6079,Anthony,Bell,Oman,624.896.4794,murraykatherine@example.net,2021-05-01
6080,Charles,Ward,Korea,+1-972-945-5554x489,webbpatrick@example.com,2025-05-03
6081,Matthew,Cole,Mozambique,(742)634-3596,storres@example.net,2020-10-26
6082,April,Arellano,Guyana,956.255.8004x905,tsmith@example.org,2020-05-23
6083,Devon,Reed,El Salvador,371-757-7120,stevenkelly@example.com,2025-05-13
6084,Elizabeth,Henderson,Moldova,432.266.3802x32751,garciajeremy@example.com,2021-03-06
6085,Virginia,Price,Cape Verde,712.918.3037x093,robertsamanda@example.net,2025-01-20
6086,Brianna,Rodriguez,Equatorial Guinea,606.339.5945x1241,vflores@example.com,2020-06-23
6087,Catherine,Smith,Dominica,412-721-9204x8846,umiller@example.com,2020-12-09
6088,Cheryl,King,Germany,+1-459-779-7578x955,xjohnson@example.net,2021-02-25
6089,Christopher,Martinez,Swaziland,+1-981-969-7736x5583,shannon42@example.com,2024-05-14
6090,Michelle,Adams,Seychelles,997.516.4010x731,kelly67@example.org,2020-10-18
6091,Susan,Nelson,Mayotte,897.480.8151,rscott@example.net,2025-03-11
6092,Donald,Hammond,Turks and Caicos Islands,(402)361-0070x384,jamie40@example.org,2020-06-22
6093,Richard,Alexander,Fiji,(396)670-5025x407,egonzalez@example.com,2025-12-31
6094,Maria,Alvarado,Uruguay,270.894.8196,crichards@example.org,2023-08-07
6095,Courtney,Gordon,Angola,001-349-226-3756x790,riveraabigail@example.org,2022-12-11
6096,Jeffery,Tran,Georgia,001-824-596-5748x880,bridgetvasquez@example.com,2026-03-06
6097,Andrew,Ortiz,Heard Island and McDonald Islands,2649789449,ysampson@example.net,2024-09-16
6098,Stephanie,Hancock,Comoros,834.442.9855,robert66@example.com,2024-09-09
6099,Bridget,Dixon,Indonesia,789.938.0168,ashley41@example.net,2023-11-16
6100,Richard,Johnson,Swaziland,(557)975-7667x2685,davistimothy@example.net,2020-01-04
6101,Gary,Delgado,Sierra Leone,562-705-2837x814,ohill@example.net,2025-07-30
6102,Tina,Hanna,Nigeria,369-781-9410x260,collinsangela@example.com,2022-04-26
6103,Kaitlyn,Carson,Greenland,001-421-698-0612,reyescarmen@example.org,2020-04-02
6104,James,Walker,Brazil,(694)472-3887,nicolesaunders@example.com,2020-11-07
6105,Yesenia,Price,Tajikistan,275-489-9074x22412,macktimothy@example.org,2021-04-03
6106,Timothy,Gonzalez,New Caledonia,+1-689-597-4147x13178,richardskristine@example.org,2021-10-16
6107,Jeffery,Baker,Vietnam,344.875.2154,wilsonvictor@example.com,2023-02-21
6108,Ashley,Guerra,Guadeloupe,812-454-0483x6725,ryan59@example.org,2025-04-14
6109,Donald,Decker,Somalia,001-317-521-6290x56941,hurleykenneth@example.org,2024-10-09
6110,William,Alexander,Kuwait,273.229.1215,marshallshannon@example.org,2024-06-05
6111,Nicole,Abbott,Latvia,943.239.7456x85028,benjamingilbert@example.com,2022-10-10
6112,Scott,Murphy,Martinique,792-512-9900x84273,carlosnorris@example.net,2024-11-10
6113,Ruben,Richardson,Yemen,682-657-1252x14166,zgarcia@example.net,2023-12-13
6114,Jonathan,Harris,Uruguay,001-386-776-5269,craig10@example.org,2026-02-11
6115,Paul,Walton,Reunion,399-466-9086x4504,craig47@example.net,2022-03-29
6116,Amy,Martin,Swaziland,(906)617-3319,leahwright@example.com,2020-12-11
6117,Beth,Jensen,Comoros,+1-343-499-7860x08544,robertknight@example.net,2021-05-19
6118,Tina,Castro,Vietnam,395.577.9395,erica39@example.net,2024-10-06
6119,Angel,Sanchez,Montenegro,(391)845-9466,morganponce@example.com,2024-07-24
6120,David,Hanson,Myanmar,293-269-4751,gregory66@example.com,2024-09-10
6121,Oscar,Briggs,Taiwan,(263)818-2438,danielhawkins@example.com,2020-08-24
6122,Carol,Myers,Mauritius,001-314-339-2798x465,robertsteresa@example.org,2025-07-30
6123,Arthur,Nelson,Italy,001-390-552-9991,efrench@example.org,2021-02-15
6124,Jeremiah,Ingram,United States Minor Outlying Islands,(866)983-9381,jacquelineknight@example.net,2024-09-01
6125,Michael,Ashley,Papua New Guinea,650-927-8846,roygray@example.com,2023-01-10
6126,Bradley,Jackson,Hungary,579-738-2321,ddavidson@example.org,2025-08-19
6127,Lauren,Flores,Argentina,937-951-5318x2536,brent42@example.net,2021-03-20
6128,Kimberly,James,Montserrat,(309)587-2691,novakellen@example.org,2020-05-12
6129,Mark,Roberts,Korea,001-718-634-5406,mitchellphilip@example.org,2020-10-20
6130,Dawn,Mendoza,Ecuador,416.676.0948x4885,crawfordjames@example.org,2022-12-24
6131,Melissa,Hayes,Vanuatu,798.589.7720x84301,christina16@example.net,2024-11-29
6132,Adrienne,Robertson,Taiwan,872-430-2382x1398,lisa37@example.org,2023-08-28
6133,Jason,Bailey,Costa Rica,001-772-893-0103x910,douglas73@example.org,2023-04-30
6134,Robin,Mclean,Tonga,(599)298-7596x789,william29@example.org,2025-07-24
6135,William,Cohen,Chile,432-765-1260,fhall@example.org,2025-10-08
6136,Eugene,Garner,Western Sahara,778.347.0864,nsimon@example.org,2020-08-31
6137,Amanda,Arroyo,Monaco,413-215-7192,arnoldjohn@example.org,2024-01-22
6138,Diana,Gutierrez,French Guiana,484-244-0549x44041,tammy60@example.org,2021-04-25
6139,Jacob,Chan,Austria,+1-781-481-4581,orobinson@example.com,2023-03-13
6140,James,Carter,Mali,001-217-373-2638,michelle58@example.net,2023-03-07
6141,John,Thompson,New Zealand,(986)907-0340x0367,qhudson@example.net,2021-07-23
6142,Amber,Carrillo,Cyprus,6572400729,molinamichael@example.com,2020-08-27
6143,Bradley,Dixon,Saint Barthelemy,001-291-239-7257x988,jean14@example.com,2022-11-25
6144,Zachary,Pennington,United Kingdom,001-778-914-7228x20474,holmesbrian@example.org,2023-08-30
6145,Jeremy,Perez,Japan,7159698918,psmith@example.org,2021-12-18
6146,Michael,Dyer,San Marino,(658)402-9384x6782,davisbarbara@example.org,2024-11-19
6147,Ashley,Thompson,Seychelles,537-843-5346x8218,kurtpreston@example.com,2023-04-06
6148,Kayla,Price,Bouvet Island (Bouvetoya),+1-437-632-6057x279,dlin@example.org,2021-10-07
6149,Mark,Jones,Sri Lanka,259.356.5177x123,ljackson@example.org,2024-09-22
6150,Philip,Williams,United States of America,577.238.8626,phillipsabigail@example.net,2022-11-21
6151,Deborah,Petty,United States Minor Outlying Islands,414-789-9052,fhuynh@example.org,2020-05-04
6152,Thomas,Jackson,Bosnia and Herzegovina,726.969.0319,lucerojenny@example.com,2022-09-26
6153,Carly,Ferguson,Thailand,(676)257-8034,joseph12@example.com,2022-09-28
6154,John,Turner,Sierra Leone,(516)603-8616,selenajones@example.net,2022-03-14
6155,Brianna,Pineda,Aruba,3194268806,ashleygreene@example.net,2024-01-28
6156,Mary,Silva,Taiwan,3057118233,nhines@example.com,2025-12-03
6157,Debbie,Stephens,Christmas Island,+1-975-234-8070,fosterjennifer@example.org,2024-07-23
6158,Scott,Turner,Mozambique,256-570-0088x792,alexanderthomas@example.org,2025-09-03
6159,Zachary,Green,Slovenia,(527)575-4472,robinsonbrian@example.com,2021-08-27
6160,Elizabeth,Leach,Congo,7352775015,davidtaylor@example.com,2023-10-05
6161,Shannon,Medina,British Indian Ocean Territory (Chagos Archipelago),(321)281-5770x6195,ericanderson@example.net,2020-01-01
6162,Maria,Romero,New Zealand,+1-333-395-2458x21771,ohunter@example.com,2022-08-07
6163,Austin,Griffin,Palau,546-872-3416x7897,zrodriguez@example.com,2024-01-13
6164,Patricia,Yang,Ghana,001-988-473-1995x50071,william32@example.org,2024-03-07
6165,Julia,Tate,Saint Lucia,001-716-596-2319x79485,jeremylynch@example.net,2025-05-13
6166,Nicole,Myers,Latvia,398-284-3905x4264,mariaswanson@example.net,2024-11-17
6167,Daniel,Snyder,Swaziland,(388)733-0552,joanne60@example.org,2025-04-18
6168,Nicole,Moore,Benin,276.796.1723x94909,jeffrey90@example.org,2025-04-14
6169,Michelle,Ortiz,Gabon,(921)389-4688x6763,jbooker@example.com,2022-07-18
6170,Amanda,Pierce,Cyprus,(764)841-5704x9690,kochapril@example.com,2020-12-19
6171,Christopher,Graham,Togo,001-688-770-3616,mark79@example.org,2023-09-01
6172,Sean,Blanchard,Pitcairn Islands,5547313172,danielowen@example.net,2022-02-16
6173,Julie,Wilson,United Arab Emirates,930-292-0061x8978,dawnjenkins@example.com,2024-07-15
6174,Robin,Todd,Saint Helena,842-677-7148,sbean@example.net,2025-09-08
6175,James,Cunningham,Serbia,(864)391-1840,guerraeric@example.com,2022-11-15
6176,Barbara,Johnson,Thailand,(273)779-6009,russelllarson@example.net,2021-07-16
6177,Kristina,Campbell,Oman,810.347.4641x78245,ericksondaniel@example.org,2025-01-14
6178,Karen,Ramirez,Peru,(699)857-4575,christophergarcia@example.net,2020-11-29
6179,Patricia,Berry,Bulgaria,525-280-6414x0796,scottrangel@example.org,2021-09-17
6180,Alison,Zavala,Singapore,910.883.1320x1871,hendersonaudrey@example.com,2024-03-20
6181,Meghan,Johnson,Gibraltar,290.963.9457,kayla71@example.org,2022-09-01
6182,Donald,Ruiz,Seychelles,919-573-7427,pcook@example.com,2024-11-04
6183,Jonathan,Mann,Christmas Island,7656037879,martinezcynthia@example.org,2022-01-18
6184,Lawrence,Wong,Malta,+1-919-235-7881x22702,langchelsea@example.net,2023-04-12
6185,Sharon,Lewis,Barbados,913.837.9439,jonesdavid@example.com,2022-05-28
6186,Caleb,Long,Guatemala,+1-378-988-5286x15459,chadwhite@example.org,2022-08-17
6187,Stephen,Mendoza,Guinea-Bissau,+1-429-404-4234,gellis@example.net,2021-05-14
6188,John,Bautista,North Macedonia,(421)649-9852,matthewdunn@example.org,2024-04-17
6189,Christopher,Zamora,Gambia,(329)230-9515,hoffmanjennifer@example.org,2021-04-29
6190,James,Graham,Faroe Islands,3156793159,jeffreyjackson@example.com,2020-04-21
6191,Austin,Rios,Serbia,649.365.0001,megancook@example.net,2024-11-09
6192,Stephen,Alexander,Benin,771.813.4967x424,milleramy@example.com,2023-02-19
6193,Susan,Brown,Mexico,001-730-767-4401x4235,hahnsarah@example.com,2023-07-26
6194,Scott,Williams,Cote d'Ivoire,530.587.6388x71356,tpatel@example.net,2024-06-14
6195,Peter,Smith,United Kingdom,318-706-7318,pphillips@example.com,2023-06-22
6196,Melanie,Castaneda,French Southern Territories,001-316-573-1542x053,courtneyarroyo@example.net,2020-03-18
6197,Michael,Fuller,Moldova,568-347-6133,brittanypineda@example.net,2021-11-28
6198,Kevin,Maldonado,Guyana,243-942-3463,eric66@example.org,2021-08-07
6199,Charles,Vaughan,Jersey,898-600-2387,pchristensen@example.org,2023-09-13
6200,Eugene,Edwards,Bosnia and Herzegovina,(705)446-5348,crawfordshawna@example.org,2026-02-25
6201,Haley,Huang,Guatemala,+1-517-245-9370x16655,dale55@example.org,2021-11-26
6202,Evelyn,Soto,Trinidad and Tobago,+1-987-748-9480x68983,thomas98@example.net,2022-04-14
6203,George,Sanders,El Salvador,(736)389-5579x0937,cookantonio@example.com,2024-01-13
6204,Kristie,Lucero,Netherlands,818.770.2911,tammy06@example.org,2025-11-22
6205,Ashley,Thompson,Pakistan,001-377-302-5611x845,jennifermarshall@example.com,2025-10-09
6206,Anthony,Nguyen,Tanzania,416.284.8236x38692,smithveronica@example.net,2025-02-03
6207,Sara,Williams,United States Virgin Islands,(850)533-4778x6966,manuel05@example.com,2024-01-28
6208,Natalie,Lindsey,Nigeria,292.310.1601x3096,thompsonryan@example.net,2021-08-22
6209,Brian,Ewing,Saint Vincent and the Grenadines,(593)208-7611,ojohnson@example.com,2024-11-06
6210,Michael,Hall,Congo,(416)866-9545x0373,joshua19@example.com,2026-02-22
6211,Michael,Foley,Cambodia,555.576.0112x2924,whitekelly@example.org,2024-05-21
6212,Samantha,Page,Madagascar,891.359.3550x692,jamesatkinson@example.net,2022-10-06
6213,Vanessa,Fernandez,Trinidad and Tobago,001-203-772-1101,mathew74@example.org,2020-11-27
6214,Sarah,Vincent,Equatorial Guinea,001-846-965-4405x997,junderwood@example.net,2022-09-08
6215,Michelle,Hernandez,Comoros,773.839.7943x957,amanda36@example.org,2020-05-30
6216,David,Smith,Guyana,700.589.8576,kgomez@example.net,2025-04-06
6217,Nicholas,Livingston,Cote d'Ivoire,+1-822-561-5566x715,lchapman@example.net,2023-07-19
6218,Stephanie,Hayes,Gabon,551-895-1324,ericrobinson@example.com,2025-03-01
6219,Kelly,Schwartz,Nepal,(789)660-2091,asalinas@example.net,2025-10-18
6220,Leslie,Morgan,Lao People's Democratic Republic,8119080928,fkim@example.org,2020-05-12
6221,Angel,Garcia,Switzerland,(685)201-8721,singhdavid@example.com,2025-08-29
6222,Valerie,Ortiz,Hungary,(536)337-2680,rgriffin@example.net,2023-03-16
6223,Kathryn,Roth,Tokelau,6539496882,biancacoleman@example.org,2022-07-31
6224,Michelle,Mclaughlin,Brazil,778-353-0902x17348,wandersen@example.net,2025-01-23
6225,William,Hardy,Mongolia,001-927-245-5508x2029,andrew21@example.com,2024-02-17
6226,Melissa,Butler,Sierra Leone,929-654-0025,wileynicole@example.org,2020-09-20
6227,Alexis,Parker,Kazakhstan,774.739.6268x53602,kristinsoto@example.org,2025-06-06
6228,Victor,Olson,Tonga,001-866-711-7107x1265,lambtoni@example.net,2023-04-23
6229,Leslie,Romero,Guernsey,(439)457-5307x1330,madelinerogers@example.com,2023-12-31
6230,Steven,Fisher,Isle of Man,854-466-3935x192,rebeccahicks@example.com,2020-09-25
6231,Nathan,Ferguson,Georgia,350-941-0060x804,pamela96@example.org,2022-08-18
6232,Jessica,Stafford,Samoa,452-795-5552x143,kellywalter@example.org,2021-09-11
6233,Janice,Clark,United Kingdom,518.592.7535,cdowns@example.com,2021-10-31
6234,Jimmy,Marshall,Faroe Islands,001-839-678-6663x432,courtneyjones@example.com,2022-08-26
6235,Allison,Choi,Saudi Arabia,001-947-823-1494,herreraeric@example.org,2022-06-26
6236,Michelle,White,France,001-369-297-6644x45235,zrobles@example.net,2021-01-11
6237,Lisa,Chavez,Tajikistan,(886)522-3058,qmeyer@example.net,2025-01-30
6238,Allison,Lewis,Venezuela,+1-995-530-4408x048,john51@example.org,2025-10-16
6239,Riley,Robinson,Nepal,+1-300-830-3393x154,perkinsjoseph@example.com,2025-01-22
6240,Drew,West,Suriname,770.477.9281x38503,turnernicholas@example.net,2023-05-12
6241,Victoria,Evans,Estonia,001-970-830-1780x42272,robinsonandrew@example.com,2023-06-05
6242,Betty,Kelly,Malawi,639-479-9918,brenda50@example.net,2021-10-27
6243,Samuel,Haley,Seychelles,965.594.0086,bruce37@example.org,2022-09-02
6244,Darrell,Williams,Netherlands,001-648-623-7448x3463,woodsrobert@example.net,2022-03-04
6245,Tracy,Smith,Panama,+1-510-671-7544x6676,virginialee@example.net,2021-03-18
6246,Craig,Waters,Micronesia,257-536-7256,btucker@example.com,2023-11-01
6247,James,Cox,Maldives,+1-318-516-9590x067,joseph72@example.org,2023-01-24
6248,Rebecca,Evans,Zambia,+1-994-570-4803,stephaniemiller@example.net,2022-07-21
6249,Maria,Patrick,Montserrat,(244)840-0690x90258,michael57@example.net,2022-05-15
6250,James,Perez,Holy See (Vatican City State),3255343406,nataliesmith@example.org,2020-07-29
6251,Jessica,James,Latvia,995-570-1275x4096,jamesfleming@example.com,2022-02-25
6252,Jessica,Leach,North Macedonia,734-307-9041,jill48@example.com,2020-01-03
6253,Thomas,Holmes,Switzerland,489-209-4828,brandy04@example.org,2024-08-14
6254,Jeffrey,Green,Chad,5548776522,angela05@example.net,2024-11-04
6255,James,Maxwell,Denmark,862-386-3221x36824,laura03@example.org,2024-03-14
6256,Makayla,Owen,Greenland,(706)239-1346x1409,greggdaniels@example.net,2021-01-22
6257,Michael,Craig,Malawi,(374)763-1108x19940,jerry40@example.net,2025-05-30
6258,Joseph,Turner,Guyana,+1-921-577-4696x6242,lgreene@example.net,2025-01-26
6259,Andrew,Quinn,Korea,6714572352,brendavillarreal@example.com,2023-04-08
6260,Kayla,Townsend,Czech Republic,945-306-4185x47477,tonybarnett@example.net,2023-07-18
6261,Jeanne,Clark,Myanmar,001-793-399-1917x3949,rkennedy@example.com,2020-02-25
6262,Michael,Lane,Chile,552-886-2537x9159,jason60@example.org,2025-02-04
6263,Robin,Palmer,Croatia,610-296-3792x47025,dustin99@example.org,2023-06-21
6264,Brian,Small,Yemen,357-398-0479x1078,jhernandez@example.org,2025-01-28
6265,Nicholas,Henry,Syrian Arab Republic,+1-618-766-8938x38783,tammygutierrez@example.com,2024-08-31
6266,William,Hanson,Guadeloupe,(960)742-9704x63325,randallfox@example.net,2020-02-05
6267,Kathy,Morales,Chad,(240)577-6263x75591,birdwilliam@example.org,2021-01-08
6268,Kevin,Howard,Monaco,2355099454,uwade@example.org,2023-07-01
6269,Elizabeth,Brown,Guadeloupe,314.848.0117x112,christine25@example.com,2022-06-22
6270,Jacqueline,Jordan,Czech Republic,(412)639-2054x809,jamesjennifer@example.com,2025-05-03
6271,Joseph,Mathews,Benin,+1-564-559-8868x34217,annsexton@example.net,2026-01-17
6272,Jason,Davis,Madagascar,+1-315-367-8997x2925,scottthomas@example.org,2020-01-31
6273,Sarah,Campbell,Liechtenstein,001-495-292-9163,kevindavis@example.net,2025-08-03
6274,Mary,Christensen,Cote d'Ivoire,6584025663,saundershannah@example.com,2020-02-11
6275,Rachel,Dunn,Liechtenstein,(718)590-3417x52681,monique71@example.org,2025-02-24
6276,Chase,Matthews,French Southern Territories,(782)544-9203,lmanning@example.net,2022-01-12
6277,Dana,Ramos,Myanmar,+1-929-657-6933,kreed@example.com,2025-08-25
6278,Martha,Johnson,Kuwait,225.392.5740x4373,steven45@example.com,2025-06-23
6279,Jennifer,Jones,Congo,428.229.6505x8706,michellebentley@example.org,2021-09-13
6280,Sherri,Blake,Libyan Arab Jamahiriya,+1-296-219-2980x5864,paulchristie@example.org,2020-05-24
6281,Lacey,Ryan,Iceland,337.933.8292x896,kyle24@example.com,2021-05-18
6282,Stacy,Lopez,Gambia,001-853-778-6441x540,zacharyschmidt@example.net,2026-02-07
6283,Anne,Harris,Mauritania,(803)663-0857x8473,jeffrey04@example.com,2024-08-14
6284,Marcus,Wall,Chad,(890)727-7429x7059,amyoliver@example.net,2022-05-15
6285,Ruth,Walsh,Seychelles,+1-711-413-8661x002,whitestacey@example.com,2020-11-29
6286,Michael,Miller,Bangladesh,211.323.4521x92005,joseph72@example.org,2022-05-15
6287,Megan,Gibson,Eritrea,695-724-4563x741,harrisjessica@example.net,2025-10-14
6288,Virginia,Cook,Togo,630-223-7776x8805,armstrongchristopher@example.net,2022-08-09
6289,Amanda,Moore,El Salvador,580-286-0536x706,garrett21@example.com,2023-07-30
6290,Lynn,Flores,Holy See (Vatican City State),690.762.4532x2566,dylan22@example.org,2021-05-21
6291,Tamara,Montes,Austria,001-956-990-1024x347,danielslee@example.org,2024-05-12
6292,Timothy,Lopez,Zimbabwe,503-734-5856,fmitchell@example.com,2023-02-05
6293,Nicole,Jordan,Mauritius,(539)550-6791x774,cookstephen@example.com,2023-01-01
6294,Wendy,Doyle,Northern Mariana Islands,692.337.3015x1629,kimberly65@example.com,2025-06-19
6295,Jonathan,Harris,Tonga,+1-695-479-5368x54857,chelseadaniels@example.com,2022-07-03
6296,Charles,Gonzalez,Serbia,979.560.5579,flewis@example.com,2023-01-14
6297,Jared,Obrien,Anguilla,+1-408-721-7987,shannonweaver@example.com,2024-07-12
6298,Cindy,Smith,Turkmenistan,001-647-959-0197,leblancnathan@example.com,2021-07-16
6299,Debra,Lopez,Cameroon,893.507.2686x64371,juliefranklin@example.org,2024-09-06
6300,Lisa,Pugh,Dominican Republic,263-531-4665,lucas66@example.org,2020-03-01
6301,Frank,Leonard,Greece,(667)647-5292,jeremy71@example.com,2025-02-13
6302,Kaitlyn,Davis,Sierra Leone,894-705-2525,christophersanchez@example.org,2024-11-15
6303,Karen,Mcbride,Maldives,3535884339,michellepatterson@example.com,2025-10-15
6304,Marie,Barry,Bangladesh,001-488-303-1022x0968,davidzuniga@example.com,2022-12-11
6305,Kevin,Martinez,El Salvador,+1-966-902-2619x6393,ehouse@example.org,2024-05-01
6306,Miguel,Smith,Germany,400-865-4082x775,olsondakota@example.org,2024-05-07
6307,Adriana,Stout,Egypt,495.716.0343,derekgordon@example.net,2024-01-22
6308,Jessica,Lee,Suriname,+1-646-223-8295,nbell@example.com,2024-11-18
6309,Rick,Jones,Algeria,001-457-529-2085x358,carrolllisa@example.net,2022-03-05
6310,Matthew,Clarke,Ethiopia,361.241.5739x4722,paulgray@example.org,2024-09-01
6311,Tina,Henry,Venezuela,718.201.5008x92663,john52@example.com,2023-05-04
6312,Melissa,Brooks,Montenegro,313.515.6092,haleykennedy@example.net,2025-08-06
6313,Lisa,Jones,Greenland,365-261-8790x336,wilkersondanny@example.org,2020-04-25
6314,Cheryl,Best,Sudan,+1-772-549-4394x775,reyescarrie@example.net,2023-05-28
6315,Beth,Rose,Timor-Leste,289.985.2070,rachel82@example.com,2020-10-22
6316,Shannon,Serrano,Tunisia,001-650-296-6913x21270,myersgregory@example.com,2020-07-04
6317,Brittany,Cruz,Macao,706.621.6724x421,imoody@example.com,2023-05-02
6318,Charles,Jimenez,Kyrgyz Republic,+1-854-931-5317x1468,marquezbrian@example.com,2020-11-18
6319,Jonathan,Marshall,Pitcairn Islands,794.943.0228,christineberg@example.net,2020-06-01
6320,Derek,Reynolds,Guadeloupe,(367)917-2331x1545,johnsonerica@example.org,2022-09-09
6321,Andrew,Banks,Fiji,607-649-8553,cshields@example.net,2020-07-25
6322,Erica,Contreras,Nicaragua,7049021447,hlewis@example.org,2022-08-13
6323,Danielle,Blair,Myanmar,291-809-9181x826,evanjohnson@example.net,2025-03-06
6324,Erik,Foley,Australia,586-586-4186x730,jonathancruz@example.net,2021-09-23
6325,Erin,Davidson,Botswana,378-581-9363x69456,christopher02@example.org,2025-06-18
6326,Megan,Brown,Cyprus,001-395-351-4403,rdavenport@example.org,2021-05-11
6327,Joshua,Smith,Palestinian Territory,649.548.5706x451,joshuaclark@example.org,2023-06-17
6328,Bruce,Moore,Taiwan,(766)494-7487x4209,jeremy94@example.net,2025-01-18
6329,Alexandra,Hamilton,Mexico,826.201.0645x96004,laura17@example.net,2021-04-16
6330,Susan,Brewer,Afghanistan,(286)856-8314x47306,mlevine@example.com,2020-08-24
6331,Jessica,Howard,United Kingdom,319.437.7144,wroth@example.org,2022-02-09
6332,John,Smith,Antarctica (the territory South of 60 deg S),+1-431-728-8480,kristinahenry@example.org,2024-08-07
6333,Tara,Wheeler,Congo,001-941-661-1363x521,sheri01@example.org,2020-08-23
6334,Christian,Alvarado,Mexico,(265)599-8545x5453,reedstephanie@example.net,2023-10-14
6335,Sandra,Cruz,Fiji,(807)259-7203x926,lowekelly@example.com,2022-01-08
6336,Tony,Reyes,Saint Vincent and the Grenadines,554.578.6512,diana47@example.com,2021-06-29
6337,Courtney,Flowers,Belgium,927-517-1730x271,wjoyce@example.net,2021-10-16
6338,Robert,Sanchez,American Samoa,485-272-6075x85296,amberbarrett@example.net,2024-03-19
6339,Traci,Brown,Malaysia,(482)808-6191x1551,michaelcooke@example.com,2023-06-12
6340,Michael,Jordan,French Polynesia,988-795-8276,jfisher@example.net,2021-02-27
6341,Melissa,Valentine,Moldova,8582679836,sheltonvictoria@example.org,2021-01-18
6342,Jessica,Tucker,Russian Federation,001-617-787-1896,catherinejames@example.com,2020-11-19
6343,Kimberly,Brown,Grenada,726-400-6166x4059,gonzalezdaisy@example.org,2021-10-17
6344,Justin,Tyler,Luxembourg,+1-648-598-9683x3132,jessica59@example.com,2024-11-19
6345,Joseph,Jones,Tokelau,330.999.8330,ahopkins@example.org,2025-11-17
6346,Christopher,Hood,Belize,(373)980-6388x029,yhill@example.net,2020-08-09
6347,Jennifer,Roberts,Haiti,769-899-5310,josephmcconnell@example.org,2024-05-21
6348,Amy,Carter,French Southern Territories,001-702-352-7566x53426,murrayjoseph@example.net,2025-02-04
6349,Carla,Anderson,Samoa,(999)460-6332x397,heatherhodge@example.com,2023-04-08
6350,Melinda,Alexander,Saint Helena,(506)494-7618x42760,stevenhoward@example.org,2023-08-27
6351,Brandon,Jones,Korea,(290)849-7307x84025,wcollier@example.net,2020-08-15
6352,Cameron,Morales,Bahamas,001-320-637-3363x21110,ffitzgerald@example.com,2024-05-12
6353,David,Leblanc,Netherlands,(329)839-3114x3790,zhill@example.org,2025-07-07
6354,Kelly,Schroeder,Vanuatu,622-453-0026x567,williamjones@example.org,2024-03-07
6355,Michelle,Stone,Congo,+1-209-293-2669x2665,regina94@example.org,2021-01-15
6356,Michael,Steele,Central African Republic,+1-551-386-7957,jhughes@example.org,2021-01-23
6357,Chelsea,Hill,Iran,+1-215-516-4180x878,david78@example.com,2025-10-18
6358,Jennifer,Young,United States Virgin Islands,9693681206,alicia15@example.net,2021-03-14
6359,Stacy,Clay,Croatia,7582182501,savannahmcintyre@example.org,2020-03-21
6360,Teresa,Alvarez,Tuvalu,627.477.4731,leslieyoung@example.org,2024-11-29
6361,Michelle,Davis,Serbia,(503)649-5259x440,rfoster@example.com,2026-01-02
6362,Christopher,Salinas,Kuwait,629.592.1143x43756,steven63@example.net,2021-03-02
6363,Jimmy,Anderson,Maldives,+1-272-944-9232,wenglish@example.org,2020-02-25
6364,Joseph,Pierce,Comoros,308.376.0526x150,uhumphrey@example.org,2023-11-22
6365,Corey,Diaz,Pitcairn Islands,403.671.1166x898,kevin83@example.net,2026-03-04
6366,Jason,Mitchell,Northern Mariana Islands,4726834598,xrobinson@example.net,2024-04-11
6367,James,Hill,Svalbard & Jan Mayen Islands,(584)712-5761,beardmelanie@example.com,2020-02-04
6368,Brandon,Lawrence,Tanzania,001-243-816-9469,williamfry@example.org,2024-06-05
6369,Shannon,Riddle,Benin,(689)989-2479x6343,megan88@example.com,2025-03-22
6370,Dana,Frazier,Malta,+1-736-487-0264x9801,cherylmcmillan@example.com,2020-11-14
6371,Jeffrey,Barker,French Guiana,907.373.4341,tina50@example.com,2020-07-04
6372,Brandon,Mclean,Western Sahara,232.963.2875,moralesholly@example.net,2025-06-20
6373,Nicholas,Pena,Saint Vincent and the Grenadines,813-573-9671x2577,alan85@example.org,2026-02-06
6374,Christopher,Johnson,Chad,6765622446,mcdonalddavid@example.org,2023-07-09
6375,Kara,Grant,Macao,5525749881,diana45@example.com,2021-06-25
6376,Michael,Johnson,Burkina Faso,(831)294-1883x6353,meganflores@example.com,2022-02-26
6377,Anna,Cowan,Iceland,+1-328-631-7501x2053,stewartadam@example.org,2021-03-31
6378,Melissa,Sanchez,Latvia,001-269-723-0611,johnpalmer@example.org,2021-12-12
6379,Jacob,Hayes,Uzbekistan,9843070868,mrichard@example.net,2024-06-18
6380,Brandon,Welch,Vietnam,(415)645-3861x06752,john18@example.net,2021-07-14
6381,Bonnie,Edwards,Saint Lucia,+1-496-850-0402,mitchelljacob@example.com,2023-05-08
6382,Albert,Chapman,Central African Republic,+1-951-256-8319x2253,andrewhall@example.org,2023-09-08
6383,Wendy,Thomas,Panama,542-863-3628x84990,jeffreyhouston@example.org,2026-02-12
6384,Ashley,Jackson,El Salvador,549.790.6792x16551,utaylor@example.com,2025-09-23
6385,Lori,Lopez,Hungary,001-959-660-0749x230,lisamurphy@example.net,2020-03-04
6386,Sean,Cox,French Southern Territories,(972)953-2797,vholmes@example.com,2020-12-01
6387,Edward,Flynn,Liberia,+1-446-777-6512x78305,ptucker@example.org,2026-01-31
6388,Sheena,Hill,South Georgia and the South Sandwich Islands,9055691811,savannahbarker@example.net,2022-05-28
6389,Tyler,Hicks,Seychelles,001-917-682-2493x267,amywalters@example.net,2020-05-20
6390,Daniel,Kramer,Iceland,+1-540-709-0621x51994,millerrick@example.net,2020-09-19
6391,Walter,Graves,Iceland,915-218-0286x888,carlospatrick@example.org,2022-05-22
6392,Anna,Chapman,Fiji,7512780511,scottreid@example.com,2021-11-17
6393,Taylor,Murray,Guam,(277)712-5983x478,hsmith@example.net,2023-03-31
6394,Aaron,Humphrey,United Arab Emirates,+1-989-244-2485,evan81@example.org,2025-03-20
6395,Anna,Watson,Morocco,+1-245-367-4420,adkinslori@example.com,2025-04-12
6396,Michael,Boyer,Tuvalu,001-523-755-9952x093,tabbott@example.com,2024-01-05
6397,Brandon,Krueger,Greenland,(999)874-0254x7385,danafletcher@example.net,2023-01-03
6398,Hannah,Freeman,Yemen,740-470-4792,david87@example.net,2021-08-10
6399,Melissa,Howard,Sierra Leone,573-652-7669x040,loriparrish@example.net,2023-12-25
6400,Luke,Brown,Spain,707-518-1464x489,ksimmons@example.org,2022-04-10
6401,Joel,Wright,Sudan,777-749-5340x764,bradleylong@example.com,2022-08-06
6402,Rickey,Hampton,Peru,001-614-244-3278x266,reedrachel@example.org,2024-01-25
6403,Carl,James,Tanzania,001-778-319-7207x71023,julia31@example.org,2021-07-22
6404,Lori,King,Bahamas,(614)968-9849,ustone@example.com,2026-03-03
6405,Kim,Cervantes,Ghana,(648)548-0056,matthewmiles@example.net,2020-03-28
6406,Natalie,Kelly,Turkmenistan,846.305.0400x07759,riveranancy@example.com,2024-09-10
6407,Steven,Bonilla,Zambia,451.253.4228x53035,peteryoung@example.org,2023-03-16
6408,Amber,Brandt,Burundi,699-411-2264x9264,stephenstheresa@example.net,2021-11-15
6409,Glen,Carter,Guinea-Bissau,001-820-599-1185,michael94@example.org,2023-10-27
6410,Douglas,Bell,Djibouti,(657)892-5883x996,fshort@example.net,2026-03-03
6411,Adam,Vasquez,Madagascar,414-769-5213x27684,ivaldez@example.com,2021-10-07
6412,April,Hall,Bouvet Island (Bouvetoya),001-538-736-7250,rodney98@example.com,2022-09-04
6413,Christina,Patterson,Vanuatu,945-786-2517,ydavidson@example.com,2021-06-18
6414,Kathy,Salinas,Thailand,001-535-705-4142x8192,mccormicknancy@example.org,2024-05-20
6415,Robert,Cooke,Iraq,378.598.7766,jennifer81@example.net,2020-10-15
6416,Samantha,Castillo,Guinea,001-621-205-9743,timothydickson@example.com,2023-12-29
6417,Lindsay,Andersen,Greece,262.838.5868x359,rdeleon@example.com,2020-02-11
6418,David,Brown,Turks and Caicos Islands,495-786-6189x384,ysmall@example.net,2023-11-25
6419,Tim,Mcdonald,Senegal,+1-564-790-7498x562,jerry71@example.net,2026-01-02
6420,Paul,Mitchell,Bangladesh,951.814.9732x9050,burchrebecca@example.net,2021-07-01
6421,Joshua,Thornton,Lithuania,+1-557-240-0424x54026,amanda28@example.org,2021-10-29
6422,Stephanie,James,Azerbaijan,+1-818-440-8875,richard36@example.com,2022-02-08
6423,Nicholas,Rodriguez,Comoros,552-512-0617,edwardosborn@example.net,2023-01-27
6424,Lori,Randolph,Argentina,(648)290-4206,dodsonkathy@example.org,2022-07-30
6425,David,Hartman,Guyana,+1-664-277-8377x753,virginiadecker@example.net,2020-10-24
6426,Russell,Hughes,Swaziland,944-644-3973x070,rmurphy@example.com,2025-07-14
6427,Rachel,Morales,Guatemala,(375)383-6376x74461,hsmith@example.com,2024-07-15
6428,Nancy,Duncan,Niger,(335)303-5336,ysmith@example.org,2021-03-25
6429,Nathan,Duncan,Dominican Republic,(653)408-2780x53725,cmcconnell@example.com,2021-08-01
6430,Christina,Baker,Sri Lanka,(854)382-9495x1431,tjackson@example.org,2022-12-16
6431,William,Haney,Malawi,001-773-392-3118,christopher94@example.com,2025-07-26
6432,Kristin,Peters,Mauritius,321.687.8917x54392,rhall@example.net,2020-10-15
6433,Jeffrey,Roberts,Poland,001-252-741-8154x882,michaellane@example.net,2022-07-18
6434,Brandon,Hayes,Liberia,4973772237,hayeswillie@example.com,2021-09-07
6435,Regina,Anderson,Bhutan,885-965-2471x95361,ericatran@example.com,2023-06-26
6436,Jennifer,Ponce,Canada,+1-737-538-8206x50548,whitejames@example.com,2020-01-17
6437,Erin,Meyers,Nigeria,3796636684,yward@example.org,2025-02-02
6438,Caroline,Larsen,Rwanda,261-949-8684,haleykevin@example.net,2020-11-16
6439,Jon,Anderson,Pitcairn Islands,001-726-552-9854,christopher02@example.com,2022-11-27
6440,Alyssa,Porter,Senegal,001-232-289-3990x719,thenson@example.com,2022-06-27
6441,Michael,Gardner,Croatia,001-655-890-7895x5896,evelynjones@example.net,2020-07-30
6442,Judy,Burgess,Guam,447-594-1300x82784,kimberly90@example.org,2021-07-17
6443,Amy,Perkins,Kenya,001-685-295-9679,xjenkins@example.com,2025-03-24
6444,Whitney,Williams,Albania,9543730070,stephanie36@example.net,2023-10-08
6445,Ronald,Glover,Congo,(329)684-9212x379,mendozaamber@example.org,2020-12-31
6446,Kristin,Henry,Eritrea,577-869-2805x274,hawkinssydney@example.org,2022-03-06
6447,Laura,Garza,Venezuela,478.744.4367x757,curtis42@example.org,2021-04-30
6448,Tina,Phillips,Lithuania,(764)974-7733x311,ualexander@example.org,2023-04-13
6449,Elizabeth,Graves,Armenia,8827816156,gregbrowning@example.net,2020-06-24
6450,Gabriel,Malone,Slovakia (Slovak Republic),001-587-402-2564x470,cruzmichael@example.net,2020-08-13
6451,Felicia,Lozano,Trinidad and Tobago,001-336-456-7097x5985,paul05@example.com,2024-11-08
6452,Kathleen,Whitehead,Madagascar,358.791.0710x11055,hugheskarla@example.net,2023-06-28
6453,Joel,Williams,Nepal,3372372169,aliciamarshall@example.com,2020-04-23
6454,Tara,Edwards,Guinea,428.578.5449x653,gware@example.org,2021-06-28
6455,Yolanda,Smith,Switzerland,+1-674-760-5903x545,zcarey@example.com,2022-12-25
6456,Sabrina,White,Norfolk Island,885.628.7947,dmcintosh@example.net,2021-08-07
6457,Maria,Barnett,Uzbekistan,239-295-3047,christopherdonaldson@example.org,2023-12-23
6458,John,Dawson,Dominican Republic,001-619-399-8787,deannaday@example.net,2022-05-19
6459,Megan,Rasmussen,Kenya,+1-530-472-7720,cynthia72@example.net,2022-04-14
6460,Janice,Thompson,Slovakia (Slovak Republic),+1-343-421-2456x70214,bsalazar@example.com,2022-10-06
6461,Brandon,Smith,Namibia,(592)995-8921,nichole75@example.org,2022-11-03
6462,Kimberly,Long,Korea,+1-300-884-0852x399,staceypadilla@example.org,2024-01-20
6463,Adam,Green,Heard Island and McDonald Islands,+1-473-381-5363,prodriguez@example.net,2021-07-17
6464,Reginald,Wyatt,Kuwait,(629)795-8605,murphygina@example.net,2023-12-01
6465,Elizabeth,Robinson,Angola,(455)215-8607x56608,ronald23@example.com,2025-07-29
6466,Robin,Ellis,Belize,001-568-565-2560x744,smithjohn@example.net,2020-09-28
6467,Jason,Davis,Brazil,8818463728,bishopmichael@example.org,2020-11-05
6468,Christina,Sawyer,Samoa,(585)227-1675x42749,benjaminmendoza@example.org,2025-03-04
6469,Andrea,Cooper,Syrian Arab Republic,654.495.6301x34585,gonzalezadam@example.com,2023-09-24
6470,Leroy,Hess,Lao People's Democratic Republic,(589)283-4663x0717,kentgarcia@example.org,2023-10-14
6471,Melissa,Smith,Australia,+1-752-283-4952x3628,zacharywilliams@example.com,2023-09-26
6472,Joseph,Roberts,Mayotte,001-944-255-5076,rvincent@example.net,2021-09-29
6473,Victoria,Hoffman,Tajikistan,355.317.1060x21995,cody10@example.com,2022-08-11
6474,Emily,Barry,Puerto Rico,001-812-833-1102x38990,jamiebryant@example.com,2023-09-01
6475,Deanna,Sanders,Guyana,504.968.4004,rfrost@example.com,2023-05-11
6476,Jennifer,Gonzalez,India,(741)845-7615x4192,bbrown@example.net,2026-02-03
6477,Susan,Hill,Northern Mariana Islands,001-486-676-7039x1669,scottrobert@example.net,2025-03-06
6478,James,Baker,Mauritania,(295)493-5098,hancockdavid@example.org,2026-01-01
6479,Mallory,Allen,Panama,001-825-639-5138,jamesburns@example.net,2024-09-18
6480,Amber,Ruiz,Madagascar,(263)531-9357x545,obrown@example.org,2022-07-18
6481,Brian,Hines,Estonia,(899)538-8727x9411,fischerlynn@example.net,2021-02-22
6482,Amber,Brown,Malaysia,+1-755-392-7330x591,janderson@example.net,2024-11-21
6483,Ronald,Payne,Uruguay,(317)812-8541x86534,william53@example.org,2021-11-08
6484,Erica,Rogers,Spain,848.498.6598,pattersonjames@example.org,2025-09-15
6485,Stephanie,Burton,San Marino,302-806-9327x456,breannamorse@example.net,2025-06-19
6486,Justin,Myers,Solomon Islands,441-656-4588x17461,christopherfoster@example.com,2021-07-10
6487,Jon,Rhodes,Heard Island and McDonald Islands,988.831.4459x476,kenneth98@example.com,2025-05-05
6488,James,Williams,Swaziland,(835)733-2631,jacksonmary@example.org,2021-08-09
6489,Cassie,Evans,Sri Lanka,3502471097,dianestephens@example.org,2020-01-02
6490,Sandra,Harmon,Congo,702.689.9746x173,washingtondonna@example.net,2022-05-09
6491,Randall,Buchanan,Vietnam,+1-819-511-0582x846,lwilson@example.com,2024-01-30
6492,Michelle,Porter,Honduras,(932)688-7542,dustin53@example.com,2023-03-29
6493,Kelsey,Powers,Mali,902.279.4004x81880,jason43@example.org,2024-04-26
6494,Rose,Martin,Austria,(459)602-5133,qcain@example.net,2023-10-15
6495,Katie,Clark,Cape Verde,(565)815-9446x93695,natalie87@example.com,2024-04-18
6496,Michelle,Brown,Peru,001-687-907-3347x71984,sali@example.com,2022-10-13
6497,Jennifer,Bennett,Andorra,001-898-474-2229x9322,megan69@example.com,2025-10-26
6498,Victor,Sanchez,Croatia,(728)776-1457,yburke@example.net,2022-03-29
6499,Anthony,Ryan,Haiti,336.883.8559x019,sgreen@example.net,2021-02-26
6500,Cheryl,Reynolds,Austria,441-974-1452x2209,richardhanson@example.org,2022-03-11
6501,Robert,Price,Vanuatu,+1-690-385-4637x6729,thomasjennifer@example.com,2020-08-07
6502,Savannah,Shaw,South Africa,+1-998-611-0574x111,alexandra28@example.net,2023-05-03
6503,James,Smith,Eritrea,(449)702-2365x4488,brian98@example.com,2021-09-04
6504,Donna,Monroe,Tajikistan,436.765.8059x8462,savannahgonzalez@example.net,2021-07-07
6505,Donald,Lee,United States of America,+1-485-407-2670x425,hernandezearl@example.org,2021-04-03
6506,Brian,Knight,Saint Barthelemy,594-417-2427x26055,aprilrowe@example.org,2020-11-11
6507,Spencer,Greene,Mayotte,977.588.0501,burchchristopher@example.org,2023-12-31
6508,Megan,Li,Iceland,001-348-774-5280x5702,maxwellskinner@example.net,2023-08-01
6509,William,Dickson,Kuwait,001-973-411-5476x123,mpoole@example.org,2022-11-04
6510,Jessica,Morrison,Cambodia,001-287-369-8559x56646,shepherdjeffrey@example.org,2023-03-17
6511,Jeffrey,Hurley,New Zealand,935.631.4134x670,brenda64@example.org,2021-01-31
6512,William,Williams,Marshall Islands,(808)233-0476x34881,rogerstodd@example.org,2024-02-13
6513,William,Fields,Gabon,(818)348-9977x9809,kevin41@example.net,2024-10-23
6514,Lisa,Henry,Monaco,+1-254-292-7181x8469,eric33@example.org,2022-04-14
6515,Tammy,Mitchell,Togo,998.956.9401,beckywright@example.net,2025-06-25
6516,Felicia,Boyd,Japan,+1-641-561-5522x890,ashley17@example.net,2023-08-16
6517,Alyssa,Price,Yemen,829-324-5937,miguellamb@example.com,2023-11-29
6518,Tracey,Fuller,Nepal,(363)369-9524,aburton@example.net,2022-06-19
6519,Joy,Thompson,Falkland Islands (Malvinas),696-397-3307,jesserobinson@example.net,2024-01-03
6520,Amanda,Pittman,Saint Pierre and Miquelon,001-499-302-7275x330,linda64@example.org,2023-12-13
6521,Joshua,Perez,Cote d'Ivoire,638.535.3026,garzabrian@example.com,2020-04-27
6522,Brian,Reese,Dominican Republic,746.285.3431,freemankevin@example.net,2022-08-24
6523,Willie,Rodriguez,Brazil,(484)848-2174x678,mirandamark@example.org,2021-05-31
6524,Stephanie,Foster,Mongolia,+1-698-963-5214x5905,ggordon@example.com,2023-07-16
6525,Kathy,Day,French Polynesia,+1-274-883-9366x330,sgray@example.com,2021-12-15
6526,Christopher,Taylor,Guam,863-730-2613x798,parksemily@example.net,2023-06-22
6527,Kari,Miller,Portugal,001-685-503-7822,xmarsh@example.org,2024-05-14
6528,Gail,Carlson,Heard Island and McDonald Islands,630-322-0687x60495,rodriguezpaul@example.net,2022-05-14
6529,Amanda,Ramos,Azerbaijan,867.450.5698,victoria14@example.net,2021-01-26
6530,Denise,Hart,Belize,+1-658-697-3404x7250,marymiller@example.com,2024-01-01
6531,Sandra,Castillo,Sierra Leone,708.998.5912x287,gabriel55@example.net,2025-02-13
6532,Monique,Phillips,France,542.212.4031x124,carmenking@example.com,2023-11-05
6533,Theodore,Lopez,Dominican Republic,746-278-4892,ohayes@example.net,2020-09-09
6534,Jason,Swanson,Hong Kong,(774)806-9793,yfox@example.com,2024-05-03
6535,William,Wong,Iran,612.240.7551x738,sharon45@example.com,2024-10-12
6536,Trevor,Saunders,Dominica,206-350-2693x0184,angelabuchanan@example.org,2022-05-18
6537,Melissa,Richardson,Czech Republic,001-382-885-9024x234,matthew51@example.org,2020-11-28
6538,Zachary,Kelley,Korea,561-262-0659,abrock@example.com,2023-10-08
6539,William,Martin,Brazil,464-479-8033x4312,washingtondavid@example.net,2020-06-21
6540,Desiree,Walter,Jersey,887.728.9598x450,kristen87@example.org,2023-03-12
6541,Douglas,Burton,Bermuda,001-976-401-3368x854,ashley02@example.net,2026-01-29
6542,Kiara,Clark,New Caledonia,+1-928-634-1614x77992,thomascaldwell@example.com,2020-05-22
6543,Deborah,Collins,Panama,001-758-611-2945x975,brian08@example.net,2026-01-12
6544,Samuel,Taylor,Andorra,+1-992-979-3772x36641,millermiranda@example.org,2026-03-06
6545,Brittany,Baker,Pakistan,2787940115,christyfrederick@example.net,2024-12-09
6546,Lisa,Alexander,Lithuania,(861)650-2770x776,matthewsalexander@example.net,2025-12-16
6547,Lucas,Mccormick,Iraq,249-366-4525x4119,john88@example.org,2024-09-02
6548,Cynthia,Carpenter,Korea,715.656.1647x863,uscott@example.com,2022-12-14
6549,Kayla,Hale,Saint Helena,353.576.4084x464,phines@example.net,2024-05-11
6550,Michaela,Hayes,Gibraltar,419-458-1834x38503,ldavis@example.net,2023-04-13
6551,Joseph,Hull,Cape Verde,821-797-3104x35836,timothycabrera@example.org,2020-12-20
6552,Michael,Carter,Solomon Islands,9832516268,victoria10@example.com,2021-04-16
6553,Marcus,Perry,Panama,001-360-585-5243x87450,maria99@example.net,2025-09-26
6554,Paul,Ortega,Puerto Rico,470-418-2143x883,russellsalas@example.com,2025-12-29
6555,Melissa,Norris,Switzerland,434.404.9982,april44@example.org,2020-12-09
6556,Jeffrey,Olson,Saint Pierre and Miquelon,001-552-889-2723x81828,joshuapatrick@example.net,2020-02-20
6557,James,Johnson,Lao People's Democratic Republic,212-253-1910,lisahall@example.com,2025-10-31
6558,Jessica,Williams,Palestinian Territory,001-229-799-6299x4983,danielleanderson@example.net,2020-02-28
6559,Henry,Thomas,Fiji,919.692.3102,russelldaniel@example.com,2020-12-01
6560,Sheryl,Bond,Fiji,+1-771-753-3631,sharon01@example.net,2025-10-27
6561,Glenda,Frey,Monaco,626.220.6696x869,hollybrown@example.com,2024-01-11
6562,Craig,Khan,Puerto Rico,307-813-1241x02838,vanessalin@example.com,2021-07-19
6563,Claudia,Kelley,Taiwan,255.643.3935x834,ldyer@example.com,2020-07-14
6564,Brianna,Williams,Singapore,896-880-7654,kleindaniel@example.org,2020-09-20
6565,Tamara,Ferguson,Mali,282.241.7632x584,usingh@example.org,2020-01-30
6566,Allison,Cook,Algeria,+1-467-526-5804,jacksonmichael@example.com,2020-08-16
6567,Ashley,Avila,Djibouti,+1-667-703-4657x247,nicholasreed@example.net,2020-08-25
6568,Anna,Chan,Gambia,(295)221-6514,fosterjill@example.net,2024-09-04
6569,David,Mann,Angola,(332)718-5147x80522,williamnavarro@example.com,2023-05-13
6570,Stephanie,Conner,Somalia,701.286.5189,tammywong@example.net,2025-11-06
6571,Jasmine,Mcguire,Slovakia (Slovak Republic),(500)766-7935,allenchristine@example.com,2021-12-24
6572,Cheryl,Jones,Antarctica (the territory South of 60 deg S),951.824.5477,lawrence72@example.net,2025-09-17
6573,Francis,Torres,Malawi,541-253-0814x0384,onguyen@example.com,2020-05-15
6574,Jerome,Carter,Rwanda,+1-847-391-9103x99560,tsaunders@example.com,2024-04-10
6575,Pamela,Goodwin,Cook Islands,(403)967-4243x168,laurafrye@example.com,2023-10-07
6576,Martin,Schultz,Bouvet Island (Bouvetoya),387.644.7945,wujessica@example.com,2021-01-12
6577,Kelli,White,Rwanda,956-261-7092x74797,collinsdavid@example.org,2023-12-24
6578,David,Campbell,Albania,001-595-819-1041,smithmark@example.com,2022-10-10
6579,Alyssa,Vaughan,Guam,208-624-3562x36708,lauriewallace@example.com,2023-08-02
6580,Kristen,Hutchinson,Greece,392-438-0811,shaneramirez@example.org,2020-03-25
6581,Roger,Rodriguez,Ethiopia,+1-250-259-6339x284,sgoodman@example.com,2024-02-27
6582,Debra,Frederick,Cook Islands,(380)679-1091,boothpaul@example.org,2025-03-07
6583,Jason,Moore,Ukraine,001-212-239-5410,brooksshelby@example.com,2022-09-07
6584,Michael,Barnes,Malta,654.206.2133x8386,jacquelinehardy@example.org,2024-12-15
6585,Tina,Case,Uganda,(660)824-6265x447,jamesdecker@example.org,2021-12-10
6586,Maureen,Frey,Morocco,(658)903-8604x027,kelsey98@example.net,2020-01-07
6587,Kristine,Myers,Belize,001-481-576-6129x0529,dawnvelasquez@example.net,2023-01-24
6588,William,Ramos,Turkey,531-215-3967x636,diamonddunn@example.com,2020-01-17
6589,Rachel,Cole,Malaysia,463.448.1382x12395,qward@example.com,2021-01-23
6590,Dustin,Henry,Honduras,+1-277-824-5332x03379,fowlerdebbie@example.net,2024-11-30
6591,Tyler,Fletcher,Italy,(947)332-7225x0684,taylor36@example.com,2023-03-22
6592,Steven,Carney,Nicaragua,+1-394-399-0467x97198,amandamontoya@example.org,2024-11-25
6593,Jason,Blake,Portugal,590-405-9864x1991,angelabailey@example.net,2021-08-12
6594,Renee,White,Antigua and Barbuda,425.949.7464x64787,mcbridejames@example.com,2020-04-26
6595,Amy,Terrell,Netherlands,(726)577-4223x606,maldonadopamela@example.org,2023-02-04
6596,Melanie,Walter,Pitcairn Islands,702.735.7687x4311,mcampbell@example.com,2022-12-05
6597,Benjamin,Crane,Sierra Leone,+1-431-654-0094x2444,trevorkelly@example.org,2023-03-13
6598,Michael,Figueroa,Bahamas,+1-883-494-0441x18573,jamessilva@example.net,2025-06-24
6599,James,Moore,Luxembourg,001-996-238-5466,hernandezwilliam@example.org,2024-10-22
6600,Travis,Vega,Djibouti,(913)885-9099x51949,fjones@example.com,2020-03-13
6601,Kevin,Wells,Seychelles,3544777744,candace54@example.com,2020-12-11
6602,Sherry,Wilson,Belgium,613.269.0781x529,williampena@example.net,2021-07-05
6603,Juan,Gonzalez,Kuwait,447.245.0511x60674,ryanorr@example.com,2020-02-06
6604,Joel,Brennan,Congo,4037773796,kevindavis@example.org,2025-09-01
6605,Pamela,Edwards,Netherlands Antilles,+1-952-796-3043x42089,scottwayne@example.org,2021-08-10
6606,Mike,Potts,Dominican Republic,642-588-2642,carlahopkins@example.net,2020-04-17
6607,James,Hernandez,Saint Martin,830-861-9063,daisy35@example.org,2023-08-18
6608,Amanda,Bonilla,Hong Kong,358-609-0036x36749,anthonymeza@example.org,2020-09-03
6609,Daniel,Miller,Monaco,+1-767-919-4929,raydavid@example.com,2020-08-23
6610,Lisa,Swanson,Anguilla,969-385-9887,robertarmstrong@example.org,2025-01-06
6611,Marie,Wright,Netherlands Antilles,691.490.7771,moorenicholas@example.net,2020-09-09
6612,Larry,Ford,Trinidad and Tobago,(484)869-0506x277,michaeldeleon@example.net,2025-04-14
6613,Mary,Strong,Kazakhstan,+1-519-766-1549x30715,zevans@example.net,2022-10-09
6614,Penny,May,Oman,407.216.0411,ronniewilson@example.net,2024-04-13
6615,Nicholas,Francis,Bouvet Island (Bouvetoya),001-869-891-0448,esparzakatie@example.com,2020-04-20
6616,Laura,Ramos,Montserrat,924-402-1906,douglas13@example.net,2026-02-27
6617,Teresa,Guerrero,Uzbekistan,2776665397,shannon69@example.org,2025-09-10
6618,Sydney,Robinson,Solomon Islands,5934685517,rspence@example.org,2022-04-11
6619,Juan,Jackson,Yemen,001-550-722-8916x079,ndavies@example.net,2023-10-20
6620,Amber,Ellis,Antigua and Barbuda,001-606-920-1805x89837,rgarcia@example.net,2021-01-07
6621,Bradley,Weaver,Cambodia,458.972.0082x1756,taylorelizabeth@example.net,2024-08-01
6622,Mark,Parker,Korea,861-614-5028x605,elizabethjones@example.net,2025-12-25
6623,Michael,Dyer,Yemen,001-870-469-4152x17442,michellehanson@example.net,2021-07-26
6624,Jessica,Fleming,Ethiopia,001-554-513-3037x678,bwest@example.com,2021-01-14
6625,Raymond,Lynch,Mayotte,(296)293-6918x7725,skelly@example.com,2026-01-09
6626,Ryan,Carter,Liechtenstein,(983)276-2202x530,clintongarcia@example.org,2020-12-12
6627,Cassandra,Wall,Sweden,001-488-629-1686x28504,guerrerocrystal@example.org,2021-02-21
6628,Edgar,Griffin,Barbados,615.662.3468x2126,kimberly88@example.net,2020-09-12
6629,Linda,Murray,Yemen,(358)367-0603x88140,bassjoel@example.org,2020-07-17
6630,Haley,Hughes,Albania,225.556.8519,amanda73@example.org,2022-06-24
6631,Kimberly,Jennings,Nigeria,705.725.3717x47092,glamb@example.net,2021-10-05
6632,Ashley,Miller,Svalbard & Jan Mayen Islands,954-488-9939x5670,fmorgan@example.com,2021-11-15
6633,David,Gray,United States of America,680-944-0813x592,gonzalestheresa@example.com,2024-11-23
6634,Christopher,Ramirez,Sierra Leone,4824578609,ashlee89@example.org,2025-04-29
6635,Carlos,Ayers,Chad,(733)740-9455x2347,michaelwheeler@example.net,2020-06-10
6636,Sherry,Boyd,United Arab Emirates,+1-788-433-2582x941,xsmith@example.org,2021-07-25
6637,Joseph,Fisher,Thailand,670-703-8573,slowery@example.com,2025-06-25
6638,John,Elliott,Cocos (Keeling) Islands,001-950-951-7854x47906,kbradley@example.net,2020-01-21
6639,Daniel,Underwood,Martinique,001-937-312-4670,trevorblack@example.net,2020-04-01
6640,Rachel,Sullivan,Monaco,+1-699-845-7402x336,williamjohnson@example.org,2021-01-02
6641,Tony,Martin,Brazil,(936)706-5920,heidi43@example.com,2021-06-22
6642,Jeffrey,Fowler,Brazil,+1-641-451-2156x2283,renee70@example.net,2025-09-30
6643,Kenneth,Pratt,Lithuania,(229)887-7592,williamsjames@example.org,2023-09-30
6644,Kristen,Martinez,Palestinian Territory,3378989523,uanderson@example.com,2020-11-06
6645,Holly,Sanchez,United Arab Emirates,001-894-547-5662x845,lewisallison@example.com,2021-04-08
6646,Kelly,Santiago,Congo,710.737.4283,brownkevin@example.com,2021-12-21
6647,Todd,Armstrong,Guinea-Bissau,887-724-3335,johnpatton@example.net,2025-07-25
6648,Joseph,Riley,Tokelau,001-572-373-1980x9843,robrien@example.org,2024-03-08
6649,Richard,Peters,Sao Tome and Principe,(668)256-0101x010,mriley@example.com,2024-10-25
6650,Allen,Edwards,Slovenia,(440)800-5701x21830,lee28@example.net,2023-11-20
6651,Rebecca,Jones,British Virgin Islands,910.990.7797x10587,foxthomas@example.net,2023-11-12
6652,Sara,Clark,Sao Tome and Principe,874-524-0646,april10@example.net,2025-02-10
6653,Melanie,Miller,Cote d'Ivoire,+1-701-724-7237x356,cjames@example.com,2025-10-02
6654,James,Matthews,Jordan,563-272-4118x2076,nancy96@example.net,2022-05-11
6655,Dustin,Reilly,Syrian Arab Republic,+1-500-889-9867x8328,michael73@example.org,2023-07-26
6656,Luke,Davis,Greenland,482.906.9765x651,amanda25@example.org,2024-12-04
6657,Linda,Mckenzie,Panama,6052349258,shawn16@example.net,2022-07-07
6658,Nicholas,Buckley,Norway,+1-502-614-7182,dtran@example.net,2024-06-18
6659,Mark,Mejia,Sweden,231.866.7793,chill@example.net,2021-01-18
6660,Michael,Smith,Saint Martin,367.650.8306x5194,donald12@example.org,2022-03-06
6661,Daniel,Norris,Angola,878-652-7789x6344,gbishop@example.org,2025-01-30
6662,Samantha,Harris,Madagascar,(373)608-9512x53017,anthonyho@example.com,2022-02-07
6663,Michael,Peterson,Saint Lucia,(654)772-7591,zgordon@example.org,2020-06-09
6664,Brian,Freeman,Switzerland,001-211-489-2266x77037,scott95@example.net,2022-04-13
6665,George,Romero,Cameroon,527.435.0896,hortiz@example.com,2025-02-18
6666,Patrick,Phillips,Moldova,567.580.4604x7016,jimenezamber@example.com,2024-11-02
6667,James,Sanders,Turkmenistan,(463)561-2153x217,obaker@example.com,2022-09-16
6668,Patricia,Pugh,Belize,774.804.9782,lovetimothy@example.com,2020-11-18
6669,Patricia,Paul,Belize,523.241.4645,morenokaylee@example.net,2022-02-12
6670,Amber,Wood,Egypt,+1-216-910-9894x02045,upatterson@example.net,2020-01-25
6671,Tyler,Schultz,Malawi,(394)618-6074,crawfordjamie@example.org,2023-03-22
6672,Mark,Bentley,United States of America,(350)379-6271x61838,jeffdouglas@example.net,2023-03-25
6673,Destiny,Ryan,Spain,594-568-0728,dgutierrez@example.com,2020-06-19
6674,Bradley,Mccoy,Sierra Leone,(734)230-2270x67455,williamrichardson@example.net,2025-11-26
6675,Michael,Garcia,Saint Pierre and Miquelon,884.794.1470x51409,sarahibarra@example.net,2025-03-24
6676,Tony,Smith,Nicaragua,830-374-1942,josephavila@example.net,2024-01-15
6677,Kelly,Robertson,Argentina,+1-562-834-3236x77513,danny05@example.com,2023-08-31
6678,Christine,Bowen,South Georgia and the South Sandwich Islands,973-557-7602,lindsay28@example.net,2022-06-16
6679,David,Ramirez,Andorra,+1-719-753-0991x006,rileycharles@example.net,2025-03-06
6680,Cynthia,Mccall,Cocos (Keeling) Islands,419.300.0864x33026,calvarado@example.net,2022-06-06
6681,Gabriel,Smith,Saint Lucia,(592)290-5274,brownjessica@example.com,2025-06-10
6682,Amy,Vazquez,Papua New Guinea,001-258-776-7825x31226,markclark@example.net,2020-04-25
6683,Jessica,Crawford,Costa Rica,(764)736-7497x712,gjones@example.net,2021-01-05
6684,Gail,Henry,Greenland,279-887-9745,owillis@example.net,2023-10-04
6685,Jose,Mullen,Estonia,365.507.8321,shelby84@example.net,2023-11-10
6686,Micheal,Vazquez,Sri Lanka,902.573.9428,jjones@example.org,2025-01-22
6687,Raymond,Peterson,Cyprus,801.840.0481x39624,jonathan66@example.net,2020-08-06
6688,Mike,Munoz,Denmark,610-995-5242x2816,ryan56@example.com,2020-10-03
6689,Christine,Tran,Andorra,(656)724-1051x870,tommynelson@example.org,2022-01-06
6690,Jeffery,Pugh,Zimbabwe,5985814299,hodgesteven@example.net,2025-08-03
6691,Laurie,Evans,Iraq,275-365-7032,campbellnathaniel@example.com,2024-12-31
6692,Charles,Mcconnell,Moldova,(619)794-8155x2673,caseymichael@example.com,2022-04-14
6693,Lisa,Allen,French Polynesia,001-253-219-8700x786,lynnbob@example.com,2021-12-02
6694,David,Winters,Tonga,749.520.7713x407,andrew21@example.net,2020-09-12
6695,Sarah,Hernandez,Nauru,217.630.6528,jasonowens@example.com,2023-01-04
6696,Lisa,Stevenson,Madagascar,(811)918-9948,uwashington@example.org,2022-09-11
6697,Justin,Lee,Trinidad and Tobago,(633)924-8281x61422,kcarrillo@example.net,2022-06-16
6698,Amy,Scott,Guyana,+1-595-636-3553x884,brownmackenzie@example.org,2023-01-01
6699,Vincent,Ochoa,Morocco,781-814-7569,kmitchell@example.net,2020-10-04
6700,Brandi,Ramirez,Mauritius,001-719-546-1770,camposmonique@example.com,2021-08-02
6701,Stephanie,Griffin,Panama,+1-766-756-2754,dorothy21@example.net,2020-11-23
6702,William,Peterson,Gabon,001-954-883-0421x5745,brollins@example.net,2024-07-05
6703,Amanda,Mckenzie,Anguilla,(268)517-5935x3519,tjones@example.org,2025-08-03
6704,Matthew,Cooper,United States of America,583.783.2792x09167,michael71@example.com,2025-12-28
6705,Julie,Galvan,Bangladesh,275.559.0279x809,paul01@example.org,2022-12-29
6706,James,Brown,Kenya,(575)393-1141,xwhite@example.org,2021-07-29
6707,Stephanie,Lynch,Argentina,(767)615-9583x58970,youngandrea@example.com,2022-12-10
6708,Sara,Chase,Dominica,5884583163,gaineswilliam@example.com,2023-09-18
6709,Daniel,Parker,French Southern Territories,001-728-959-8636x09075,amandagonzalez@example.com,2025-08-23
6710,Mark,Martinez,Fiji,+1-683-670-9271x3767,hclark@example.net,2023-07-22
6711,Nathan,Dodson,Hong Kong,001-497-623-6114x3330,simmonschristina@example.net,2023-06-03
6712,Christine,Davis,Bosnia and Herzegovina,+1-643-456-2872x24394,ycarlson@example.org,2025-12-04
6713,John,Wade,Switzerland,001-734-771-4417,vmacias@example.org,2023-04-18
6714,Sarah,Vega,Andorra,(936)854-2708x409,sball@example.net,2022-01-24
6715,Christian,Torres,Lithuania,+1-211-653-7031x024,chrisperry@example.net,2020-06-09
6716,Cassie,Simpson,Dominican Republic,836-417-8091x1328,brandongutierrez@example.org,2025-07-19
6717,Michael,Lewis,Guinea,566-407-9387,david40@example.org,2024-02-27
6718,Nicholas,Sanchez,Barbados,336-949-6839x033,slarson@example.com,2022-10-23
6719,Cameron,Herrera,Congo,948.845.1175x34782,mcollins@example.org,2020-01-11
6720,Stephanie,Ramirez,Kyrgyz Republic,(845)469-1173x744,woodloretta@example.net,2022-06-26
6721,Laura,Moore,Syrian Arab Republic,342.616.8751x73224,justin27@example.org,2025-06-25
6722,Natasha,Cooke,Venezuela,(682)514-6157,amanda39@example.net,2025-08-04
6723,Kimberly,Delacruz,Malaysia,911.517.0853x933,brandttimothy@example.net,2023-08-05
6724,Shane,Miller,Palau,998.635.0523,carolcastro@example.com,2025-05-15
6725,Paul,Cohen,Antigua and Barbuda,(476)248-4004,christine83@example.com,2024-03-08
6726,Jennifer,Knox,Cyprus,(221)522-3752x10160,aandersen@example.org,2023-12-27
6727,Robert,Lynch,United Arab Emirates,543.311.9603x5949,aprilfritz@example.org,2025-04-19
6728,Jean,Allison,Iceland,001-642-706-2008x6437,wbecker@example.net,2020-06-17
6729,Leslie,Martin,Sweden,463-997-1769,yfisher@example.org,2022-10-22
6730,Samantha,Caldwell,Bouvet Island (Bouvetoya),671-996-9355x304,aholmes@example.com,2024-09-17
6731,David,Hunter,French Southern Territories,(436)925-5430,bakersheila@example.com,2022-06-23
6732,Kevin,Parker,Heard Island and McDonald Islands,+1-297-721-6205x1879,tammy08@example.net,2024-01-08
6733,Brittany,Day,Saint Martin,806-760-2117,josephmoore@example.org,2024-07-14
6734,Ryan,Bentley,Japan,(482)249-1755x633,shall@example.com,2022-08-24
6735,Alexis,Diaz,Iran,517.873.7147,rmarquez@example.org,2025-08-20
6736,Jeffrey,Cox,Lithuania,447-353-2026x5799,cannoneric@example.com,2025-12-25
6737,Curtis,Williams,Barbados,215.837.6257,angela55@example.net,2023-07-02
6738,Carla,Hogan,Bahrain,6878887270,david41@example.org,2020-07-14
6739,Brandi,Chapman,Uruguay,+1-778-217-3580,janetperez@example.com,2022-02-17
6740,Gregory,Torres,Equatorial Guinea,839-988-2235x677,josechandler@example.net,2021-07-11
6741,Kayla,Crosby,Andorra,382-406-4208x764,todd03@example.org,2025-11-30
6742,David,Spencer,China,222.405.6771,sheila05@example.org,2024-04-29
6743,Jennifer,Hart,Macao,(572)959-8016,jonathanwong@example.net,2023-04-15
6744,James,Rodriguez,Mauritania,618.319.8343x431,danielle65@example.org,2023-01-08
6745,Michael,Lee,Solomon Islands,001-675-647-9195,saraharris@example.org,2023-11-13
6746,Vincent,Rodriguez,Jordan,(479)539-4148,davidtanner@example.com,2025-09-20
6747,Heather,Thompson,Aruba,774.264.5580x107,henrylaura@example.com,2021-05-01
6748,Martha,Sparks,Indonesia,+1-247-806-4881x500,mary64@example.org,2020-07-06
6749,Spencer,Duran,Swaziland,4648640878,tiffany63@example.org,2021-08-07
6750,Jesse,Saunders,Reunion,263.895.2843x16886,lwalker@example.com,2020-09-28
6751,Pamela,Grimes,Hong Kong,001-943-992-0785x925,stephen59@example.com,2021-08-31
6752,Randall,Fitzgerald,Liechtenstein,001-550-977-3186x751,john09@example.com,2024-05-14
6753,Teresa,Maxwell,Singapore,001-995-354-8148x873,murphyrichard@example.org,2024-07-05
6754,Kevin,Owens,Benin,409.558.7216x1871,guerreroheather@example.org,2025-03-11
6755,John,Perez,Belgium,736-805-2602x3317,gardnerfrank@example.com,2026-02-06
6756,Angela,Mcknight,Saint Pierre and Miquelon,645.612.2849x28878,susan20@example.com,2020-03-29
6757,Steve,Williams,South Africa,571-537-0846x90761,bgarcia@example.com,2020-05-13
6758,Christopher,Hernandez,Saint Helena,867.354.3509,briangonzalez@example.net,2021-12-05
6759,Kimberly,Ferrell,Namibia,(954)239-8781x05723,wendy87@example.org,2021-03-26
6760,Lynn,Green,Benin,+1-988-735-7617,xwong@example.net,2021-09-07
6761,David,Jones,Liberia,+1-221-787-7227x3879,teresapalmer@example.com,2024-08-20
6762,Stephen,Williams,Swaziland,001-462-980-3903x73197,rhanson@example.com,2022-06-06
6763,Julie,Mueller,Lithuania,001-339-547-8130x748,christopherpark@example.com,2021-08-18
6764,Angela,Pacheco,Slovakia (Slovak Republic),208.734.0885x058,samueledwards@example.com,2020-02-21
6765,Dylan,Peterson,United States Minor Outlying Islands,(833)981-6214,wendy32@example.net,2025-04-09
6766,Micheal,Miller,Chad,931.315.3378,andrew82@example.com,2024-01-26
6767,Jeffrey,Barnett,Qatar,805-616-4364,tmartin@example.net,2020-05-19
6768,Brett,Coleman,Belarus,(846)845-5541,wigginsstacey@example.net,2021-10-26
6769,Fernando,Hicks,New Caledonia,(945)617-4805x788,stephanie91@example.com,2021-11-02
6770,Ian,Lyons,Finland,875.679.1215x999,dcamacho@example.com,2022-06-06
6771,Brian,Washington,United Arab Emirates,2217130540,ricardodurham@example.net,2021-10-22
6772,Rachel,Hernandez,Guyana,+1-574-393-2563x1927,afrench@example.net,2025-06-18
6773,Karen,Wiley,Nauru,001-265-403-2910x984,donaldthomas@example.com,2020-11-29
6774,Joseph,Lee,Myanmar,+1-323-787-8803x64881,amandagibson@example.net,2026-01-11
6775,Ashley,Cox,Colombia,792-719-9843x394,stevenalvarado@example.org,2025-09-02
6776,Jerome,Tate,Seychelles,001-708-787-3377,austin24@example.com,2021-01-30
6777,Susan,Brown,Burkina Faso,877.521.7519,garydavis@example.com,2020-09-16
6778,Jack,Shaw,Kuwait,557.316.8406x2607,leah00@example.com,2022-11-15
6779,Heather,Gilbert,Netherlands,+1-335-384-7381x74089,crystalgibbs@example.net,2025-07-08
6780,Jerry,Taylor,Fiji,926-652-7177,lwood@example.org,2025-08-22
6781,Ashley,Harris,Portugal,(831)941-9214x45145,samantha80@example.org,2025-07-10
6782,Sean,Sanchez,United Arab Emirates,661.884.4898,ronald39@example.com,2025-06-03
6783,Joseph,Freeman,Antigua and Barbuda,733-213-3740,lchambers@example.com,2022-03-09
6784,Victoria,Gutierrez,Namibia,479-241-3170,shannoncassandra@example.com,2022-07-20
6785,Brent,Foster,Luxembourg,+1-556-759-0897x69227,rmartin@example.org,2024-05-04
6786,James,Myers,Finland,288-352-0508x2766,troysanchez@example.com,2024-12-08
6787,Michael,Santiago,Niger,(923)261-0312,christopher43@example.org,2021-01-29
6788,Jamie,Riley,Barbados,001-760-235-1260x77526,loribrown@example.org,2022-07-18
6789,Maria,Atkins,Malawi,+1-935-796-5311x8036,jamesrivera@example.net,2024-12-15
6790,Kurt,Allison,Tajikistan,332.644.1994,morganjohnson@example.org,2022-03-14
6791,Samantha,Stewart,Micronesia,343.615.9118,pricemeredith@example.net,2023-01-09
6792,Robert,Sosa,Swaziland,(317)621-9098x1997,vwebb@example.com,2021-03-26
6793,Paul,Walker,Jersey,001-299-788-8912,jbrown@example.net,2020-08-17
6794,Mark,Gregory,Holy See (Vatican City State),(373)486-3159x9672,karen57@example.org,2020-01-10
6795,John,Smith,Belgium,4079246137,danmoore@example.net,2024-11-25
6796,Spencer,Barron,Togo,743.765.6717x808,sarahmitchell@example.org,2020-12-28
6797,Collin,Clarke,Solomon Islands,289.826.4842x498,dbrewer@example.org,2020-07-17
6798,Raymond,Jackson,Venezuela,347.740.2806x46873,hensleydiana@example.net,2020-08-05
6799,Andrew,Wilson,Mauritius,818.308.9031x6923,wmcclure@example.org,2021-10-07
6800,Stephen,Obrien,Sao Tome and Principe,+1-791-953-5100x5860,carrienelson@example.net,2022-06-30
6801,Timothy,Allen,Cambodia,414.826.4088,mark61@example.net,2025-01-16
6802,Sara,Jimenez,Namibia,226-501-2579x85896,ypatterson@example.com,2024-12-19
6803,Ricky,Ayala,Lithuania,(826)488-0017x6541,danielhill@example.org,2020-02-10
6804,Jacqueline,Daugherty,Switzerland,(670)580-3126x99829,maria35@example.net,2024-05-27
6805,Julie,Petersen,Togo,+1-502-725-1978x8699,oalvarado@example.com,2025-02-15
6806,Robert,Esparza,Guadeloupe,571-764-8501x498,jfoley@example.com,2022-01-14
6807,Carly,Kirby,Oman,(393)603-8329x552,ktownsend@example.org,2023-02-07
6808,Randy,Nelson,Haiti,512.616.4619,maxwell58@example.org,2025-02-08
6809,Elizabeth,Pacheco,Slovakia (Slovak Republic),764.675.5759x80403,rwalker@example.org,2023-11-25
6810,Frank,Garza,British Indian Ocean Territory (Chagos Archipelago),5668036406,tylerbailey@example.net,2021-04-30
6811,Eileen,Esparza,Singapore,(317)690-7002,maryward@example.com,2020-10-22
6812,Robert,Ferguson,Congo,526-251-7776,ijoseph@example.org,2025-06-29
6813,Betty,Wilson,Saint Lucia,5486718913,thorntonalexander@example.com,2023-10-05
6814,Marissa,Rojas,Micronesia,322-243-7655x11589,georgerichard@example.com,2022-08-22
6815,Rose,Fitzgerald,Russian Federation,001-229-269-7792x8077,richardsonreginald@example.org,2020-10-05
6816,Jill,Marshall,Saint Pierre and Miquelon,658.581.7316,brent91@example.com,2020-02-24
6817,Chad,Gonzalez,Sri Lanka,(886)201-8732,georgelara@example.org,2022-07-28
6818,Jesse,Mclean,Singapore,475.394.0433,melissadixon@example.com,2022-08-09
6819,Robert,Thomas,Montenegro,+1-923-757-9662x233,samanthajenkins@example.net,2022-02-06
6820,Charles,Smith,Slovakia (Slovak Republic),3943099878,johnsonjonathan@example.com,2026-01-22
6821,Carolyn,Nguyen,South Georgia and the South Sandwich Islands,(840)362-4192x4057,williamwilson@example.com,2021-08-02
6822,Colton,Logan,Gabon,6033407997,mmullins@example.net,2025-11-03
6823,Kevin,Randolph,Djibouti,6639585651,brent35@example.net,2022-02-17
6824,Richard,Molina,Armenia,001-276-932-8840,kristin07@example.org,2021-06-01
6825,Timothy,Banks,Guadeloupe,001-478-404-0616x694,leslie02@example.com,2021-08-09
6826,Jacqueline,Hurley,Switzerland,6425278199,zyoung@example.com,2023-01-22
6827,Sarah,Freeman,Saint Pierre and Miquelon,(320)355-4709x752,hannahpowers@example.net,2021-05-14
6828,William,Dunn,Jersey,722-209-5315,chanalexander@example.org,2020-10-31
6829,Gloria,Carroll,Denmark,+1-937-301-5643,tranpaula@example.com,2024-07-22
6830,Bryan,Perez,French Guiana,242.769.2114x23340,grace82@example.net,2024-06-14
6831,Christopher,Williams,United States Virgin Islands,886-337-0292x5771,karihernandez@example.org,2025-02-10
6832,Jacqueline,Lawson,Martinique,(353)349-5404,caldwellcynthia@example.com,2024-05-10
6833,Robert,Beasley,Venezuela,(809)992-6368x3890,boydgavin@example.net,2023-10-07
6834,Linda,Levy,Reunion,+1-838-646-5331x56916,christina42@example.org,2020-02-26
6835,Matthew,Mcdonald,Georgia,+1-621-389-7175x90096,dawnmills@example.org,2023-05-03
6836,Brian,Burke,Tanzania,6664591459,sheila68@example.com,2024-10-09
6837,Natalie,Solis,Cambodia,425.797.5478x7793,llee@example.com,2021-11-17
6838,Emily,Taylor,Nigeria,389.433.0697,deanturner@example.org,2022-03-04
6839,Jennifer,Sellers,Croatia,+1-440-410-6494x8855,nguyenadam@example.com,2024-06-13
6840,Brianna,Gonzalez,Saint Martin,7245814656,vegadustin@example.org,2022-12-11
6841,Katie,Gibbs,Kyrgyz Republic,(539)983-8460x9275,kathleenkirk@example.com,2025-12-29
6842,Kathryn,Fox,Fiji,+1-497-606-9661,rickygilmore@example.com,2022-11-22
6843,Brandy,Velez,Mayotte,(859)235-4435,wendyfox@example.org,2024-07-28
6844,Shawn,Rivera,Belgium,815.768.0217,swhite@example.net,2021-09-01
6845,Patrick,Ortiz,Nigeria,9483352546,richardellis@example.org,2021-07-04
6846,Kevin,Herman,Uruguay,001-616-826-9896x4353,jonathan73@example.com,2022-02-08
6847,Angela,Mccoy,American Samoa,001-469-596-7321,goneill@example.com,2021-12-10
6848,Lisa,Gonzalez,Saint Vincent and the Grenadines,773-381-4520,rcoleman@example.com,2020-03-04
6849,Marcus,Roberts,Peru,268.494.1582x9221,james44@example.org,2025-01-13
6850,Karen,Rodriguez,Congo,660.463.2881,joshua31@example.org,2021-06-16
6851,Michelle,Acevedo,Holy See (Vatican City State),6964998450,amy57@example.com,2020-07-17
6852,Melissa,Hall,Greenland,892.709.3945x80593,cruzautumn@example.com,2020-04-01
6853,Travis,French,Cuba,(855)813-1727,amoreno@example.net,2022-07-18
6854,Alison,Diaz,Burkina Faso,253-795-5552x784,petersontheresa@example.org,2020-06-27
6855,John,Richardson,Tokelau,420.283.4205,stephanie16@example.org,2022-03-05
6856,Paige,Jarvis,Monaco,689-784-9992,johnsonjennifer@example.org,2021-05-16
6857,Kyle,Hawkins,Reunion,(217)217-4142x831,dtucker@example.com,2023-05-07
6858,Jose,Johnson,Vietnam,+1-553-827-9956x698,carla89@example.org,2024-01-08
6859,Darrell,Brown,Zimbabwe,001-203-944-5222x0540,kimberlyjohnson@example.org,2022-09-18
6860,Mary,Wheeler,Northern Mariana Islands,001-398-854-3318x3256,michelle32@example.com,2023-04-13
6861,William,Ellison,Cook Islands,+1-649-568-5007x732,todd37@example.org,2021-02-22
6862,Brian,Lopez,Senegal,(432)880-0120x283,victoriabrown@example.com,2022-04-12
6863,Shawn,Young,Cape Verde,+1-456-319-9098x011,james59@example.net,2021-02-01
6864,Jeremiah,Jordan,Austria,224.547.2302x02926,vincent10@example.net,2020-03-11
6865,Brenda,Luna,New Zealand,001-960-844-2888x61901,lisa69@example.net,2023-01-07
6866,Nathan,King,Ethiopia,8532237641,victoriawilcox@example.org,2021-08-02
6867,Stephen,Bridges,Algeria,5905595363,margaret18@example.net,2020-02-02
6868,Tanya,Flores,Sweden,237.358.0630x54526,vasquezmary@example.org,2024-07-17
6869,Sergio,Chapman,Jersey,(691)745-4069,kingjoshua@example.net,2022-10-27
6870,Jacqueline,Mckay,India,810.884.9587,atkinsjennifer@example.org,2021-03-01
6871,Maria,Coffey,Kazakhstan,001-352-536-4340x391,obenitez@example.net,2023-12-21
6872,Miranda,Butler,Wallis and Futuna,(894)431-0499x1273,tiffany46@example.net,2020-09-11
6873,Jonathan,Grimes,Wallis and Futuna,8227801482,hunterdaniel@example.org,2025-08-20
6874,Chase,Torres,Indonesia,469.985.3098,mfitzgerald@example.org,2020-05-07
6875,Gregory,Peterson,Senegal,(787)692-9143x881,fayers@example.org,2021-08-17
6876,Evelyn,Curtis,Colombia,7205712159,qduncan@example.net,2023-12-23
6877,Michael,Ross,Swaziland,001-808-988-8547x852,chadlopez@example.net,2022-02-26
6878,Stephanie,King,Saudi Arabia,001-423-571-6995x74430,freykevin@example.com,2023-07-24
6879,Jorge,Davis,Burkina Faso,+1-365-923-6356x25929,dfreeman@example.net,2025-04-06
6880,Donna,Williams,Hong Kong,223-269-0311x635,samuelosborne@example.com,2024-05-28
6881,Karen,Hall,Malaysia,270-946-7445x5980,jessicaaguilar@example.org,2024-03-16
6882,Eric,Fletcher,United States Virgin Islands,+1-652-294-5375,lspencer@example.net,2023-08-20
6883,Jennifer,Mills,Venezuela,+1-699-318-0601x1340,kmcclain@example.net,2025-10-09
6884,Melissa,Fitzgerald,Albania,001-582-483-7701,darleneramirez@example.net,2021-02-05
6885,Gloria,Stevens,British Virgin Islands,815.368.0110x6951,michaelprice@example.net,2024-06-04
6886,Barbara,Koch,Botswana,+1-743-709-9210x50519,danielmontgomery@example.net,2023-07-04
6887,Jennifer,Johnson,Cyprus,445.632.3389x3296,cbrooks@example.org,2021-07-06
6888,Lisa,Roberts,Libyan Arab Jamahiriya,+1-562-513-4604,patrick40@example.net,2020-04-28
6889,Edgar,Johnson,Chile,(309)824-6628,matthew55@example.com,2024-07-17
6890,Joseph,Murphy,Reunion,2823565033,harrismatthew@example.com,2021-10-01
6891,Kelly,Sanchez,Latvia,+1-399-397-8519,johnsonjuan@example.org,2021-04-26
6892,Holly,Smith,Armenia,587.697.6735x94003,martinezemma@example.org,2026-02-07
6893,James,Alvarez,Trinidad and Tobago,402-794-1333,bwashington@example.net,2025-09-05
6894,Kimberly,White,Norway,(766)849-0568,brogers@example.net,2022-09-06
6895,Tammy,Summers,British Indian Ocean Territory (Chagos Archipelago),001-503-461-0430x9094,bradley83@example.net,2023-06-26
6896,Jennifer,Peck,Saint Vincent and the Grenadines,001-875-577-4545x16378,allenriddle@example.net,2023-02-22
6897,Cassandra,West,Saint Kitts and Nevis,001-821-898-0977x552,fosterwilliam@example.com,2021-10-31
6898,Andrew,Meyer,Greece,001-223-809-2732x28959,ogross@example.com,2021-01-25
6899,Randy,Vaughn,Iran,(435)220-0493,xcampbell@example.net,2023-06-24
6900,Alexandria,Walker,Tajikistan,(841)431-4030,daniel88@example.com,2021-09-30
6901,Amanda,Martinez,Holy See (Vatican City State),+1-641-423-5525x3870,brownchristie@example.com,2021-10-03
6902,Brenda,Duke,Korea,001-700-433-8001x1560,hugheswillie@example.org,2024-11-16
6903,Amy,Chavez,Djibouti,+1-509-552-0594x68904,nicolas76@example.com,2024-07-27
6904,Tricia,Roberts,Hong Kong,(688)375-6958,patrickmarshall@example.net,2022-05-15
6905,Peter,Willis,Cameroon,2529744927,ncook@example.org,2024-05-16
6906,Hector,West,Brazil,899.483.1684x373,davidcase@example.net,2021-05-03
6907,Tonya,Burnett,Aruba,+1-858-841-0415x9368,wcannon@example.org,2024-04-18
6908,Vanessa,Stewart,Romania,(800)430-3897x12894,jennifersanchez@example.com,2020-04-22
6909,Alexander,Kidd,Qatar,+1-859-586-9033x791,middletonchristopher@example.net,2020-10-06
6910,Mallory,Weiss,Mali,525-296-1220x192,alvarezamber@example.net,2025-08-11
6911,Kathy,Harper,Oman,(748)679-0960x8715,anita62@example.com,2023-02-23
6912,Debra,Knight,Kazakhstan,(243)908-0127,ryanbarrett@example.net,2022-01-31
6913,Brandon,Porter,Mauritania,611.810.5838,kellywashington@example.org,2021-01-26
6914,Kelly,Owens,Syrian Arab Republic,3477409355,acunningham@example.com,2024-04-30
6915,Alison,Case,Cuba,+1-369-516-6236x81720,rickey99@example.net,2021-02-06
6916,John,Hall,China,+1-669-482-7864x843,joneslinda@example.net,2024-03-07
6917,Jeffery,Bautista,Bulgaria,485.870.7341x704,contrerasamy@example.com,2023-07-12
6918,Misty,Livingston,Brazil,001-313-892-0275x80492,thomasbenjamin@example.net,2020-06-15
6919,Jeffrey,Hernandez,Cocos (Keeling) Islands,998.951.5660,smclaughlin@example.com,2023-04-12
6920,Christopher,Williams,China,222.353.4349,elizabeth88@example.net,2020-06-04
6921,April,Turner,Lesotho,692.601.8614x42611,danielle42@example.org,2025-04-13
6922,Laurie,Collins,Israel,+1-241-694-9638x736,lynchvicki@example.com,2021-08-02
6923,Elizabeth,Haynes,Lithuania,415-757-0586x26354,xweber@example.net,2020-05-17
6924,Kayla,Anderson,Denmark,9345502320,morenojoshua@example.net,2020-01-13
6925,Adrienne,Fields,Korea,234.920.6551x86120,lmiller@example.com,2023-02-02
6926,Lindsey,Robbins,Gibraltar,(971)859-9514,williegrant@example.org,2025-11-09
6927,Sarah,Barrett,Uganda,(436)268-0389,jeffrey64@example.org,2021-09-22
6928,Ruth,Stone,Malaysia,+1-703-778-0514x62565,tonyabrown@example.com,2025-03-29
6929,Brandi,Sweeney,Netherlands,(820)316-9669,garciachristopher@example.com,2024-03-10
6930,John,Martin,Saint Vincent and the Grenadines,+1-990-263-3385,keithrobertson@example.org,2025-04-02
6931,Rebecca,Fowler,Gambia,+1-569-992-9214,allison86@example.org,2025-12-27
6932,Steven,Rivera,Jordan,(777)868-8118x0368,james79@example.org,2022-09-09
6933,Stephanie,Henry,Serbia,+1-529-297-7421,perezvirginia@example.com,2024-06-26
6934,Patrick,Ballard,Turkey,001-859-977-8436,haley54@example.org,2020-12-17
6935,Nicole,Cox,Congo,858.494.9856,rmorrow@example.org,2021-03-29
6936,Michael,Johnson,Armenia,+1-923-473-8030x94921,kimberly22@example.org,2022-09-24
6937,Donna,Mcclure,Reunion,348-527-6818,kristenfreeman@example.com,2022-10-02
6938,Chad,Holder,Papua New Guinea,281.686.2689x379,ibrown@example.com,2025-01-20
6939,Amber,Booth,Slovakia (Slovak Republic),491.536.7199,jenniferenglish@example.net,2026-03-06
6940,Michael,Parker,Turkey,559.393.6630x37399,marquezrobert@example.net,2024-12-15
6941,Melissa,Jenkins,Korea,001-476-265-6923,rclark@example.org,2022-02-22
6942,Matthew,Lopez,Saint Kitts and Nevis,+1-617-846-8108,kellycox@example.org,2024-04-20
6943,Pamela,Wilson,Cambodia,(809)978-6888x635,transean@example.org,2023-10-14
6944,Daryl,Kelley,Gambia,+1-247-541-3701x522,jasonevans@example.com,2025-01-19
6945,Jessica,Parrish,Peru,960.952.7208x69392,natalie19@example.com,2025-07-02
6946,Isaac,Oliver,Lithuania,749-768-1798x4025,kellycook@example.org,2024-03-11
6947,Margaret,Kline,Colombia,833.523.6261,seanjohnson@example.net,2024-10-21
6948,Renee,Miller,Portugal,(901)374-8451x44179,thomassmith@example.com,2021-08-03
6949,Christina,Williams,Czech Republic,+1-579-422-3195x7178,calhountommy@example.net,2022-02-25
6950,Victor,Espinoza,Kenya,+1-616-829-9236,rwong@example.net,2025-01-26
6951,Marissa,Wyatt,Czech Republic,+1-895-961-1265x723,michael95@example.com,2023-04-29
6952,Rebekah,Frazier,Brunei Darussalam,(861)554-7909x23373,michael35@example.com,2021-09-30
6953,Karl,Osborne,Poland,368.758.8885x13203,maldonadohunter@example.net,2025-06-12
6954,Stephanie,Blevins,Niger,7105380024,pharris@example.net,2024-08-25
6955,Thomas,Davis,Azerbaijan,+1-421-939-6900x013,johnjohnson@example.net,2020-12-07
6956,Erik,Klein,Georgia,859.250.8606x626,kenneth59@example.net,2023-07-27
6957,Heather,Wang,Samoa,(406)790-1668,zrandolph@example.com,2024-08-29
6958,Wanda,Kennedy,Andorra,448-951-1528x89467,whitelisa@example.org,2022-11-06
6959,Noah,Carroll,Congo,(706)856-8981,mossrussell@example.com,2024-07-16
6960,John,Mitchell,American Samoa,001-616-855-0497,mooretristan@example.com,2024-10-06
6961,Anthony,Miller,Rwanda,(995)417-2687x93009,tonyataylor@example.com,2024-11-26
6962,David,Smith,Heard Island and McDonald Islands,+1-468-868-1770x7630,hortonlogan@example.org,2023-06-24
6963,Christopher,Booth,Spain,001-533-838-2865,tarachaney@example.com,2023-08-07
6964,Ross,White,Russian Federation,303.692.0622,ashleykeller@example.net,2024-12-19
6965,Teresa,Moore,Finland,001-927-806-7793x8970,mobrien@example.org,2021-01-12
6966,Pamela,Brown,Myanmar,(228)741-5375x880,gperez@example.net,2023-08-11
6967,Shane,Jones,Ireland,931.817.3631x8123,hahnmatthew@example.net,2022-07-05
6968,Jennifer,Nelson,Korea,333-663-3734,matthewfowler@example.org,2024-04-04
6969,Lauren,Jacobs,Uzbekistan,(319)814-2763x399,andreweaton@example.net,2021-08-19
6970,Chelsea,Hernandez,Indonesia,5479659988,rstrickland@example.net,2024-01-15
6971,Spencer,Lewis,Isle of Man,(288)389-5603x06446,jasminefowler@example.org,2021-11-03
6972,Kathleen,Fischer,China,(792)421-5466x73677,cgarcia@example.net,2023-05-14
6973,Sonya,Lewis,Bhutan,001-863-281-8250,burnsheather@example.net,2023-11-15
6974,Mary,Carson,Indonesia,635-903-3763,myersheather@example.com,2022-12-17
6975,Hector,Pena,Korea,224-428-3684,russellholly@example.net,2024-04-13
6976,Matthew,Lee,Niue,417.203.3857x57606,lauren55@example.org,2022-01-11
6977,Mike,Aguirre,Zimbabwe,629-801-8691,llane@example.net,2020-09-13
6978,Amber,Carroll,Antigua and Barbuda,001-948-895-7105x531,eperez@example.org,2025-10-21
6979,Elizabeth,Patel,Falkland Islands (Malvinas),(513)677-4452x545,umolina@example.com,2020-06-29
6980,Kim,Miller,United States Minor Outlying Islands,268.596.0449,dhill@example.com,2020-02-18
6981,Michael,Malone,Marshall Islands,+1-479-428-8500x53899,andrewhines@example.org,2024-07-02
6982,Lorraine,Hall,Thailand,001-822-986-3257x36184,nicholashamilton@example.com,2022-02-21
6983,Alicia,Olson,Turks and Caicos Islands,365.791.9282,mitchellcheryl@example.org,2021-08-14
6984,Cory,Nelson,Panama,914.334.8291x45276,courtneymorales@example.org,2020-06-06
6985,Philip,Price,Indonesia,375.610.6109x08107,stephenreyes@example.org,2024-07-28
6986,David,Scott,Congo,001-697-604-4947,castanedatheresa@example.com,2023-11-18
6987,Richard,Fitzpatrick,Tajikistan,570-347-1287,barbaralynn@example.com,2022-09-09
6988,Jason,Collins,Guadeloupe,455-373-3056,yfreeman@example.net,2021-06-08
6989,John,Butler,Sierra Leone,832-617-7356x89886,batesryan@example.net,2020-02-22
6990,Oscar,Davis,Antarctica (the territory South of 60 deg S),001-605-530-0571x82592,averybryan@example.org,2023-11-15
6991,Ronald,Hansen,Saudi Arabia,834.745.2903,wrightrichard@example.net,2022-12-03
6992,Brianna,Garza,Liberia,881-782-3816x32575,elizabethritter@example.net,2020-04-29
6993,Phillip,Burke,Latvia,(321)761-9437,ulutz@example.com,2022-05-13
6994,Savannah,Craig,American Samoa,+1-298-811-7056x547,williamsjoshua@example.net,2024-09-02
6995,Julia,Kirk,Bahamas,714-704-4525,egonzales@example.com,2023-07-12
6996,Edward,Leon,Tonga,+1-746-863-9446x870,bwilliams@example.org,2021-07-17
6997,Shaun,Becker,Chile,(929)947-3346x328,joshuaedwards@example.com,2024-09-04
6998,Dana,Thornton,Jersey,(585)625-1086x02601,sarah99@example.org,2020-04-19
6999,Gabriel,Martinez,Aruba,379-584-3363,astein@example.net,2025-05-29
7000,Brandon,Ward,Congo,446.232.6774x805,lhahn@example.org,2022-06-22
7001,Courtney,Wilson,Jamaica,(613)362-4214x53068,thompsonsteven@example.com,2021-09-23
7002,Michael,Hill,Guinea-Bissau,847.839.8260x1558,esmith@example.org,2024-06-04
7003,Peter,Ford,Iceland,275-220-0076,lmonroe@example.com,2025-09-13
7004,Kevin,Holder,Papua New Guinea,383-475-9593,donna13@example.org,2023-12-30
7005,Kristen,Gray,Liechtenstein,+1-564-431-4785,robert40@example.org,2023-07-05
7006,Leonard,Davis,Haiti,(528)697-1771,tyler11@example.net,2025-01-19
7007,Christopher,Skinner,Malta,001-721-393-4432,alexandriacook@example.com,2022-06-02
7008,Brian,Martin,Botswana,790.497.8033x2965,davidrichmond@example.net,2020-07-30
7009,Andrew,Silva,Uruguay,(223)479-2949,halljose@example.org,2025-02-13
7010,Nancy,Bush,Sierra Leone,+1-836-357-6784,bhartman@example.org,2021-04-19
7011,Robert,Gilmore,Cyprus,984.803.1468,vcoleman@example.com,2024-12-28
7012,Kelly,Branch,Taiwan,532.857.5552x74729,amber72@example.net,2024-02-27
7013,Misty,Carrillo,Egypt,(493)981-0749,njones@example.com,2023-09-14
7014,Jennifer,Webb,Bangladesh,965-927-0598,xryan@example.org,2022-09-11
7015,Renee,Martin,Timor-Leste,852-623-3528x35773,andersondennis@example.org,2022-07-18
7016,David,Jimenez,Uganda,406.411.4480,carlsongeorge@example.net,2022-02-13
7017,Misty,Solis,Liechtenstein,900-362-4661,martinezcassandra@example.org,2025-05-24
7018,Laura,Olsen,United Arab Emirates,(414)760-5602,egriffin@example.net,2024-07-28
7019,Peter,Cruz,Colombia,349-321-4702x46809,brooke30@example.com,2024-08-04
7020,Regina,Simmons,Saudi Arabia,500-433-8124x653,rebeccapatel@example.com,2021-09-05
7021,Susan,Anderson,Pitcairn Islands,878.920.5641x40210,perkinsharold@example.com,2022-02-05
7022,Vanessa,Smith,Liberia,767.487.1850x0974,logansimmons@example.net,2021-03-08
7023,Darren,Stevenson,Andorra,001-771-474-7416x698,walkerrandy@example.com,2020-01-07
7024,Jennifer,Boyer,Lebanon,001-612-726-8116,patty45@example.org,2026-01-13
7025,Nathan,Ellis,Singapore,(333)623-6959x58374,bstewart@example.net,2023-06-14
7026,Diana,Pearson,Zambia,001-819-755-8031,kenneth22@example.com,2022-05-08
7027,William,Jordan,Korea,369-298-0606x73487,osbornecheryl@example.com,2023-06-21
7028,Anna,Lawrence,Svalbard & Jan Mayen Islands,463.598.8845,jfrye@example.com,2022-04-07
7029,Stacey,Mercado,Chad,(271)672-8458x0330,traceyespinoza@example.net,2021-09-12
7030,Ian,Anderson,Qatar,805.686.6731x248,parsonskimberly@example.net,2020-07-04
7031,James,Barnes,Russian Federation,(390)263-0019x389,torreswilliam@example.org,2024-03-06
7032,Timothy,Douglas,Niue,(444)229-9805,marybrown@example.net,2021-08-10
7033,Christian,Bruce,Philippines,(615)546-2250,suzanne59@example.com,2020-10-01
7034,Thomas,Carney,Netherlands,820.522.0337x11529,waltermartin@example.org,2021-06-07
7035,Kimberly,Leonard,Belgium,+1-448-267-4705x48311,debramartinez@example.net,2023-03-16
7036,Dawn,Davis,Venezuela,001-966-298-4318x044,xhoover@example.org,2023-08-15
7037,Jessica,Rice,Reunion,405-894-7095x3900,garywood@example.net,2024-03-27
7038,Nicole,Morris,Cameroon,467-906-2319x62893,lorijones@example.com,2023-09-16
7039,Charles,Logan,Albania,963.503.0248,carolbrown@example.net,2024-02-05
7040,Shelby,Erickson,Djibouti,(270)741-1349x09790,laurenallison@example.org,2024-06-29
7041,Elizabeth,Rice,Latvia,+1-785-884-8829,russelldebra@example.net,2023-04-15
7042,Michelle,Adams,Benin,001-610-358-6346x6538,margaret11@example.net,2021-04-26
7043,Leslie,Mitchell,Australia,+1-951-501-9010x7265,crystalhunt@example.org,2021-06-10
7044,Daniel,Brown,Germany,(335)916-9232,roberto58@example.net,2021-12-28
7045,Lisa,Henderson,Korea,476-939-7703,eatkins@example.org,2023-07-23
7046,Jeffrey,Hale,Tunisia,(835)619-5605,greed@example.org,2021-10-14
7047,Jeanette,Scott,Mauritania,746-856-9891x865,lauren31@example.net,2023-05-22
7048,Carolyn,Morris,Paraguay,(409)574-5254x189,timothy02@example.net,2023-07-17
7049,Antonio,Walker,Croatia,500-604-2020x8445,nguyenshane@example.org,2023-04-30
7050,Gregory,Robinson,Cayman Islands,(704)205-9544x005,robbinsmariah@example.net,2023-08-22
7051,Amanda,Nixon,Northern Mariana Islands,+1-874-818-2485x733,douglassmith@example.com,2025-06-02
7052,Anthony,Collins,Mauritania,001-477-470-2743x0546,taraking@example.net,2020-03-12
7053,Terry,Carter,Finland,508.250.1995x77642,fallen@example.com,2021-01-27
7054,Jennifer,Rodriguez,Benin,249-806-4309x4115,johnsonjennifer@example.com,2020-03-06
7055,Sue,White,Hong Kong,(806)288-6593,jamiehudson@example.com,2025-01-01
7056,Martha,Pittman,Bahrain,425-527-0171,jonesjeremy@example.net,2025-10-19
7057,Alexandra,Martin,Cyprus,9072959803,peaton@example.org,2024-11-15
7058,Maria,Hernandez,Wallis and Futuna,842.647.2562x26379,kaitlin47@example.com,2020-06-03
7059,Michael,Stevenson,Turks and Caicos Islands,+1-624-712-7809,mcdonaldlindsay@example.com,2022-01-26
7060,Michael,Moses,Montserrat,+1-347-528-1051x8510,zsmith@example.org,2022-01-15
7061,Susan,Santana,Myanmar,310-560-0883x761,amanda06@example.net,2026-02-09
7062,James,Francis,Burundi,001-525-911-9893x179,jgriffin@example.com,2025-01-29
7063,Brenda,Guerrero,Puerto Rico,859.648.8701,jennifergreen@example.net,2020-03-20
7064,Dale,Richard,Guatemala,613-243-4671,peterevans@example.com,2022-03-05
7065,Douglas,Williams,Cyprus,893-713-6084,bryanteresa@example.com,2021-07-06
7066,Kristen,Shields,Mayotte,(648)940-7922,mollyjohnson@example.net,2020-02-13
7067,Benjamin,Williams,Tuvalu,+1-974-933-5635x43565,samanthaayers@example.com,2021-07-03
7068,Derek,Cole,Guernsey,001-953-965-6357x49587,mclaughlingarrett@example.net,2023-01-23
7069,Randy,Jackson,New Zealand,+1-839-651-3442x96812,jamesbailey@example.net,2025-11-08
7070,Karen,Gibbs,Bermuda,679.451.7987x587,tiffanygross@example.net,2024-03-23
7071,Kelly,Miller,Anguilla,228.588.4779x0344,wilsonkaren@example.net,2020-07-06
7072,Michael,Zavala,New Caledonia,(628)711-9175x8963,lewispeter@example.net,2021-08-12
7073,Julie,Lee,Namibia,001-414-866-8379x4062,dyerstacey@example.com,2020-06-18
7074,Lauren,Herman,Heard Island and McDonald Islands,834.597.9935x06003,hernandezjeffrey@example.org,2020-11-22
7075,Mark,Kim,Azerbaijan,751.289.2922,woodsdennis@example.net,2022-09-01
7076,Scott,Hernandez,Italy,(973)512-1868x717,whitemary@example.net,2023-11-21
7077,Anthony,Williams,Gibraltar,491.657.8640x5181,silvanathaniel@example.net,2023-05-22
7078,Linda,Harrison,British Indian Ocean Territory (Chagos Archipelago),682-235-2062x4948,bwalker@example.net,2020-08-14
7079,Steven,Kelly,Korea,8427441310,mccannmichael@example.org,2025-01-12
7080,Jordan,Phillips,Czech Republic,484-474-9762,sheena48@example.net,2024-07-05
7081,Jeremy,Lyons,Guyana,720.848.0841x24230,vincent02@example.com,2024-06-06
7082,Ryan,Conway,Guernsey,001-444-577-8448,rguerrero@example.com,2020-06-24
7083,William,Black,Niger,+1-508-852-0878x15251,allison86@example.net,2021-02-01
7084,Paul,Elliott,Botswana,(418)888-1688x89216,johnsonshirley@example.com,2024-12-27
7085,Peter,Bradshaw,Heard Island and McDonald Islands,(252)842-4961x238,jschneider@example.net,2021-10-21
7086,Willie,Watson,Cook Islands,+1-707-418-5447x18255,oduncan@example.com,2023-02-03
7087,Leah,Landry,Congo,001-475-564-0867,lfranco@example.com,2023-08-15
7088,Beth,Rowland,Morocco,(830)615-5238x79877,parkertiffany@example.com,2025-06-08
7089,Nathan,Richard,Hungary,785-229-1844x336,jennydaugherty@example.net,2021-07-18
7090,Alexandra,Sherman,North Macedonia,920-498-5582,charlesjohnson@example.com,2024-04-17
7091,Shelley,Doyle,Cote d'Ivoire,001-741-602-3236x8960,craigmann@example.net,2021-05-06
7092,Marissa,Mercer,Cote d'Ivoire,+1-422-826-4183x990,harrisholly@example.net,2025-10-08
7093,Andrew,Taylor,Afghanistan,+1-691-535-0579x765,danieljenkins@example.com,2026-01-18
7094,Chelsea,Moore,Kazakhstan,628-936-5185,wbarnett@example.net,2022-11-02
7095,Scott,Young,Nepal,(764)922-9319x118,jamie44@example.org,2022-10-15
7096,Daniel,Berry,Kuwait,372-911-5827x93435,alexander60@example.com,2021-09-21
7097,Robert,Ross,Ukraine,001-563-215-0229x177,adam14@example.org,2022-01-04
7098,Sandra,Berry,Andorra,851-310-6887x952,dbell@example.com,2023-08-11
7099,Erica,Robertson,Malta,325-388-3952,keynoah@example.org,2023-11-08
7100,Tanya,Garcia,Aruba,(202)981-0121x8158,melaniedavila@example.com,2022-02-23
7101,Jason,Miller,Australia,+1-424-338-3007x92787,dawn74@example.org,2026-02-11
7102,Christian,Anderson,Micronesia,001-898-624-1953x654,hendersonrhonda@example.com,2021-09-17
7103,Pedro,Rhodes,Liechtenstein,001-691-439-7064x63935,lesterandre@example.org,2025-09-28
7104,Abigail,White,Palestinian Territory,205-914-4361x42850,vincentfields@example.net,2020-04-16
7105,Andrea,Smith,Mexico,+1-752-606-6599,bryantdaniel@example.org,2024-09-29
7106,James,Rich,Falkland Islands (Malvinas),+1-761-410-3422x73461,mckinneycassandra@example.org,2021-02-16
7107,Christopher,Robinson,Saint Kitts and Nevis,(857)847-3869x06865,antonioballard@example.net,2024-09-10
7108,Morgan,Wheeler,British Virgin Islands,378.222.1090x8778,hbell@example.com,2022-06-26
7109,Jacqueline,Brady,Philippines,(728)428-3491x425,elijahtaylor@example.com,2024-10-22
7110,Michael,Rush,San Marino,742.830.9149x679,shannontaylor@example.org,2021-11-26
7111,Adrian,Lewis,Niger,255.337.9639,duncanchristy@example.org,2026-02-01
7112,Brian,Stuart,Saint Barthelemy,001-602-719-6026x8055,david12@example.com,2025-02-22
7113,Geoffrey,Wood,France,774-414-8473x28999,lisa51@example.org,2025-06-25
7114,Daniel,Bruce,Guatemala,+1-263-762-9007x4530,david60@example.net,2024-07-27
7115,Carmen,Crawford,Iceland,001-948-471-5049x9175,xallen@example.com,2020-11-27
7116,Rachel,Mason,Saint Kitts and Nevis,404-642-2616,kcarrillo@example.com,2023-12-27
7117,Elizabeth,Baker,Uzbekistan,+1-628-259-8979x919,myersjohn@example.org,2020-09-07
7118,Maria,Morales,French Southern Territories,423-845-2678x421,ujordan@example.net,2020-01-20
7119,Mike,Gardner,Barbados,(482)943-8876,diazalexandra@example.net,2025-04-23
7120,Brian,Campbell,Eritrea,830-800-4176x8751,gmorrow@example.org,2023-07-11
7121,Bryan,Thomas,Sudan,(641)330-5023x06105,ayalanancy@example.org,2022-06-14
7122,Robin,Townsend,Qatar,877-535-0009,lesliemonroe@example.org,2021-10-28
7123,Jeffrey,Blackwell,France,(584)200-4902x373,orozcojennifer@example.org,2022-02-17
7124,Jonathan,Flores,Congo,745.785.9851x3808,jamie14@example.net,2023-11-24
7125,Jessica,Ray,Samoa,(901)454-4046,lcaldwell@example.net,2024-05-22
7126,Dustin,Smith,Germany,497-647-8083x4162,floresdouglas@example.net,2020-01-22
7127,Elizabeth,Casey,Palestinian Territory,731.518.4742x58214,eduardoparker@example.com,2023-03-23
7128,Brandon,Kelly,Bangladesh,(751)365-2486x60091,sheilamartinez@example.net,2023-09-09
7129,Joshua,Smith,Belarus,781.253.4521x1129,stephanie81@example.net,2024-02-08
7130,Janice,Benitez,Korea,5184303554,anita99@example.org,2025-05-13
7131,Christian,Brown,Mozambique,+1-317-640-2364,bushdanny@example.net,2025-12-25
7132,Jessica,Ramirez,Nauru,+1-660-481-5267x54369,douglascarpenter@example.net,2025-08-14
7133,Stacy,Schmidt,Oman,459.302.8251x070,anthony42@example.com,2025-07-29
7134,Danielle,Higgins,Mongolia,(770)982-1741,amysalinas@example.com,2020-05-06
7135,Misty,Montgomery,Greece,+1-689-304-6949,ystone@example.org,2025-09-08
7136,Michelle,Frederick,Mauritania,001-316-951-1725x205,kimjessica@example.org,2020-11-16
7137,Alyssa,Hodge,Papua New Guinea,+1-800-425-2924x25261,marshnicholas@example.org,2023-11-24
7138,Robert,Wheeler,Cote d'Ivoire,(574)658-9261,lanemichaela@example.com,2021-11-17
7139,Lisa,Mason,Cuba,235.299.7970,john11@example.net,2025-07-29
7140,Anna,Cummings,Kuwait,(931)305-8762x777,christopherbrown@example.net,2021-06-03
7141,Brooke,Clark,Netherlands,710.262.6344,anita07@example.com,2025-11-16
7142,Rick,Horton,Aruba,568.651.5336x52755,joshuaalexander@example.com,2021-07-22
7143,Susan,Ross,Egypt,001-941-763-4153x4312,ayoung@example.org,2021-05-31
7144,Stacy,Chavez,Moldova,001-213-225-6293x3985,daniel31@example.net,2022-07-05
7145,Jason,Jackson,Papua New Guinea,001-887-718-2922x9819,brittanymartin@example.com,2025-10-30
7146,Danielle,Williams,Jersey,231.353.6917x7669,ydavis@example.com,2024-11-01
7147,Christopher,Anderson,Puerto Rico,001-332-783-4042,marissa27@example.net,2024-09-23
7148,Daniel,Roberts,Iraq,749.293.7352x2162,zacharygreen@example.org,2023-02-05
7149,Nathan,Rodriguez,India,+1-395-854-6827x11789,nelsoncarl@example.com,2025-10-05
7150,Jason,Shaffer,Belize,(983)616-5328x964,daniellambert@example.org,2020-06-05
7151,Ashley,Hayes,Cape Verde,(376)764-9138x855,jonathanwolfe@example.net,2024-05-24
7152,David,Butler,Western Sahara,630-785-8173x19290,scottjason@example.org,2024-12-10
7153,Eric,Carpenter,American Samoa,(511)714-6277x886,ksmith@example.net,2025-08-19
7154,Tanya,Bell,Austria,547.677.9550,joshua21@example.net,2026-02-27
7155,Patricia,Tran,Sao Tome and Principe,237.728.4390x57430,john56@example.net,2023-12-27
7156,Heather,Johnson,Pakistan,+1-485-864-4309x4385,payneandre@example.com,2020-05-27
7157,Susan,Jones,Eritrea,764.646.3975,megan53@example.com,2024-04-03
7158,Monica,Gordon,Serbia,707-886-9289x59630,pamelakeller@example.net,2021-12-04
7159,Michael,Romero,Saint Lucia,(768)490-2197x15189,alexander77@example.net,2022-08-31
7160,Brett,Cummings,Palestinian Territory,465-572-8796x67547,yolandabrock@example.org,2022-08-15
7161,Henry,Rivera,Montserrat,+1-443-827-0279x21017,jeffrey32@example.net,2021-02-26
7162,Matthew,Richards,Somalia,751.359.6369x3002,anna02@example.net,2023-08-06
7163,Heidi,Meyer,Croatia,001-522-813-7170x4335,garnerangela@example.com,2022-10-08
7164,Timothy,Fox,Canada,682-755-7522x50262,avaldez@example.net,2020-04-19
7165,Christine,Bush,Saint Barthelemy,001-686-212-5314,todd02@example.net,2025-08-27
7166,Ruben,Mullen,Canada,001-649-655-5188,kim20@example.org,2021-06-08
7167,Katherine,Hunt,Pakistan,(778)893-3662x788,kevinjones@example.net,2020-08-08
7168,Carolyn,Johnson,Nicaragua,325-588-3027x11652,william56@example.org,2021-07-20
7169,Dean,Sosa,Bahrain,(857)979-9716x24251,austinfoster@example.com,2025-04-28
7170,Robert,Dean,Japan,718.798.6218x241,jonathanmartinez@example.net,2022-07-23
7171,Jessica,Franco,Malaysia,+1-792-605-0938x122,kellihernandez@example.net,2025-10-14
7172,Nathan,Adkins,New Caledonia,442.857.1645,kennethmontes@example.com,2024-02-18
7173,Chelsea,Park,Cameroon,737.530.0683x3680,aadams@example.org,2025-02-10
7174,Michael,Ramirez,Costa Rica,(434)334-9681,thomastyler@example.net,2022-11-01
7175,Craig,Brown,Kazakhstan,001-789-833-5360x85774,marissahaynes@example.org,2022-07-09
7176,Alicia,Stewart,Uganda,(317)866-6266x15730,odomtammy@example.com,2025-05-05
7177,Adriana,Santiago,Libyan Arab Jamahiriya,213.851.0804,iwilliams@example.org,2022-03-22
7178,Karen,Reilly,Rwanda,530.461.5383x8919,lindaroberts@example.net,2025-02-17
7179,Jennifer,Martinez,Gabon,+1-710-948-7318,wgonzalez@example.org,2023-08-19
7180,Brett,Goodman,El Salvador,+1-281-989-4544,smccarthy@example.com,2022-07-07
7181,Regina,Beltran,Wallis and Futuna,2587028584,mullinsanthony@example.net,2020-02-02
7182,Donald,Flores,Ethiopia,001-937-615-2977x018,tblack@example.org,2025-10-07
7183,Erika,Trujillo,Pitcairn Islands,001-241-214-0259x119,uhunt@example.net,2025-02-04
7184,Yolanda,Pacheco,Belgium,(848)988-9361x4704,tammymartinez@example.com,2020-12-08
7185,Christopher,York,Gibraltar,8264542255,smithadam@example.com,2025-04-02
7186,Andrea,Neal,Antigua and Barbuda,793.934.0067x967,brandondavis@example.com,2020-06-11
7187,Anthony,Jackson,Djibouti,336-869-5197,washingtonvalerie@example.org,2022-10-23
7188,Roger,Lynch,Tuvalu,+1-487-400-9552x01279,zachary96@example.com,2021-08-22
7189,Taylor,Scott,Brunei Darussalam,001-643-968-4604,kingandrew@example.org,2021-01-27
7190,Christopher,Forbes,Palau,+1-580-760-2606x145,esmith@example.net,2024-10-05
7191,Autumn,Steele,British Indian Ocean Territory (Chagos Archipelago),3737832720,johnsonbob@example.net,2022-10-09
7192,Colleen,Baker,Pakistan,428-535-0470x9118,jgreene@example.net,2025-12-19
7193,Scott,Young,Greenland,939-291-5950x027,andersonjohn@example.org,2020-09-30
7194,Karina,Noble,Dominican Republic,709.355.3064,oneallouis@example.org,2020-11-24
7195,Francisco,Mendoza,Slovakia (Slovak Republic),498-850-6500x929,thompsonchristopher@example.net,2025-09-22
7196,James,Roberts,Tuvalu,001-971-720-6830,jacobhayes@example.org,2020-10-15
7197,Matthew,Collins,American Samoa,+1-879-957-5642x0879,shane76@example.org,2024-08-21
7198,Sandra,Chang,Spain,456-652-9241x031,smithpedro@example.com,2025-05-01
7199,Hannah,Castro,Palestinian Territory,(253)609-7063,christina72@example.org,2020-11-28
7200,Jeremy,Knight,Fiji,7563495292,williamvance@example.com,2025-07-04
7201,Tanya,Dawson,Palau,(845)324-7641,miranda66@example.net,2022-12-22
7202,Laura,Smith,Eritrea,001-349-871-4876x17552,mcdanielsarah@example.org,2020-08-31
7203,Catherine,Gomez,Uruguay,277-639-0384,brian79@example.net,2021-05-15
7204,David,Powell,Kiribati,+1-227-382-1758x341,john19@example.com,2022-05-18
7205,Sherry,Gray,Sierra Leone,6525087737,warrenmichelle@example.net,2026-01-21
7206,Erica,Patton,Hong Kong,(871)718-1755x16732,paulaharris@example.net,2021-08-06
7207,Diana,Roberts,Tunisia,785-584-5840x625,kcarroll@example.com,2024-07-20
7208,Joshua,Ray,Greenland,001-244-780-4520,allenchristopher@example.org,2022-03-15
7209,Henry,Klein,Congo,(863)717-6913x025,ericjones@example.org,2022-12-21
7210,Chris,Scott,Latvia,001-879-394-2060x154,ugibson@example.com,2021-08-08
7211,Daniel,Larson,Tuvalu,843-990-0751x6441,brownjerry@example.org,2020-07-27
7212,Amy,Schneider,Brazil,+1-588-587-4020x90710,kingjon@example.com,2025-03-10
7213,Kristen,Brown,Serbia,864-939-0346,dyersylvia@example.org,2020-11-25
7214,Alex,Smith,France,359-615-7080x914,diane43@example.net,2024-04-18
7215,Blake,Stanley,Lebanon,740-224-1416x446,tallen@example.com,2020-01-28
7216,Gabriel,Cannon,Jamaica,(703)866-0646,armstrongeugene@example.org,2023-12-06
7217,Shawn,Adams,Sweden,384-233-2981x60015,mwhitney@example.com,2023-02-18
7218,Danny,Montoya,Marshall Islands,001-355-487-1139x92848,lmcdowell@example.org,2020-09-09
7219,Michael,Nelson,Uruguay,431-769-4545x566,dolson@example.com,2020-09-11
7220,Michael,Woods,Gambia,001-596-984-8459,thomaslewis@example.org,2023-12-05
7221,Robert,Moore,Japan,(876)486-6283,alibeth@example.com,2021-12-17
7222,Anthony,Conner,Iceland,999.827.5801,hobbsphilip@example.org,2022-02-19
7223,Kimberly,Walker,Macao,883-894-8193,ncollier@example.net,2023-02-12
7224,Tina,Williams,Bahrain,624-214-7727,eflowers@example.com,2020-06-29
7225,Dawn,Stone,Peru,432-835-2595x4145,murrayjanice@example.com,2020-03-11
7226,Jason,Guzman,Comoros,577.890.2380,joseph17@example.net,2024-11-05
7227,Robert,Spencer,Algeria,(845)902-4326x38246,smithanthony@example.com,2020-04-13
7228,Richard,Thomas,Venezuela,4256483486,cwilliams@example.org,2021-12-18
7229,Destiny,Munoz,Tunisia,444-772-3651x857,iyork@example.org,2025-12-01
7230,Scott,Guerra,Belgium,+1-748-598-1199x952,harriskimberly@example.net,2025-12-10
7231,Mitchell,Adams,Cote d'Ivoire,(363)213-7368x0021,ddiaz@example.org,2024-08-05
7232,Marcus,Simpson,Congo,(221)417-2587x307,bryan87@example.net,2021-02-10
7233,Corey,Wagner,British Indian Ocean Territory (Chagos Archipelago),648.547.2841x732,karina93@example.org,2020-09-03
7234,Daniel,Diaz,Swaziland,(838)726-9008x959,anthony67@example.com,2020-12-01
7235,Taylor,Jones,Marshall Islands,3099495675,ukennedy@example.org,2024-10-26
7236,Christopher,Morales,Iran,+1-348-239-3447,timothy63@example.org,2026-01-08
7237,Rachel,House,Bermuda,727-969-0725,natasha90@example.net,2025-10-23
7238,Brandon,Matthews,Gibraltar,001-313-748-0372x237,kelly29@example.org,2022-06-05
7239,Shannon,Jones,Marshall Islands,001-775-816-6235x37480,darren11@example.com,2022-06-08
7240,John,Martinez,Malawi,3637925116,paulwilliams@example.com,2021-09-01
7241,Rachel,Schmidt,Netherlands Antilles,001-754-302-2618x2383,davidedwards@example.org,2020-05-04
7242,Aaron,Ortiz,Lao People's Democratic Republic,+1-260-562-2560x977,kristina15@example.org,2024-01-24
7243,Felicia,Stevens,Djibouti,(425)616-4925x4561,hwarren@example.com,2026-02-20
7244,David,Quinn,Algeria,001-582-250-1304x2707,donaldburke@example.net,2023-08-30
7245,Jonathan,Hall,Albania,+1-209-660-4401x24307,elizabeth86@example.org,2020-12-02
7246,Kathy,Johnson,Lithuania,+1-557-475-0077x7114,uruiz@example.org,2023-01-04
7247,Christopher,Clark,Luxembourg,241.376.0621,qlong@example.com,2020-06-04
7248,Russell,Williams,Congo,(629)958-4205,harringtonjustin@example.net,2021-06-11
7249,Phillip,Thomas,Bouvet Island (Bouvetoya),001-380-458-9897,mdavis@example.net,2023-08-06
7250,Jesse,Murphy,Svalbard & Jan Mayen Islands,297.844.3846,james19@example.org,2021-12-13
7251,Renee,Smith,Maldives,(506)542-8434,agarner@example.com,2022-01-01
7252,Nathan,Peterson,France,001-794-709-1286x819,frank51@example.net,2022-09-19
7253,Ashley,Scott,Bhutan,001-387-894-4575x3433,maryowens@example.org,2020-03-11
7254,Rebecca,Dodson,Philippines,+1-571-541-9459x9144,collinsanthony@example.net,2025-04-04
7255,Raymond,Holden,Bouvet Island (Bouvetoya),+1-738-278-8949,harriserin@example.com,2021-03-30
7256,Amanda,Salas,British Indian Ocean Territory (Chagos Archipelago),+1-691-487-0021x46576,madelinereese@example.org,2023-05-27
7257,Jared,Norris,South Georgia and the South Sandwich Islands,+1-837-840-5387x4169,mcarson@example.net,2024-02-08
7258,Stephanie,Benitez,United States of America,(697)235-7178,donnamarsh@example.org,2025-07-09
7259,Joanna,Powell,Christmas Island,980-815-2656x85192,kimjustin@example.com,2026-03-05
7260,Brandy,Bennett,Holy See (Vatican City State),+1-773-393-5447,tyler04@example.net,2021-12-18
7261,Dana,Santos,Antarctica (the territory South of 60 deg S),981.688.4951,warrendavid@example.com,2023-09-20
7262,Elizabeth,Foster,Saint Martin,(947)612-5593x158,fmartinez@example.org,2025-12-22
7263,Michael,Morris,Slovakia (Slovak Republic),+1-822-575-2828x4445,mark28@example.net,2021-10-16
7264,Kimberly,Lewis,Uruguay,3468805681,deandaniel@example.org,2020-04-23
7265,Tanner,Brandt,Sao Tome and Principe,668.671.5553x4197,deborahcrawford@example.net,2021-02-21
7266,Timothy,Rice,Grenada,(624)408-3390x49015,hbeck@example.com,2020-06-24
7267,Joshua,Scott,Australia,+1-313-659-7846x3452,cmerritt@example.org,2025-12-10
7268,Angel,Morrison,Burundi,001-586-363-1027x83674,eowens@example.net,2025-09-26
7269,Stacey,Pope,Vanuatu,213-217-3853,mccormickcynthia@example.net,2023-02-24
7270,Gina,Walker,Papua New Guinea,270-570-9197,kevinwallace@example.org,2023-08-02
7271,Katherine,Morales,Lebanon,434-468-8082x31349,williamswilliam@example.org,2020-10-09
7272,Teresa,Huffman,Honduras,764.533.6037,garrisonrichard@example.com,2024-04-12
7273,Patrick,Valentine,Holy See (Vatican City State),(399)237-5836,elizabethwilson@example.net,2026-02-04
7274,Sabrina,Maxwell,Bosnia and Herzegovina,001-309-748-3251x528,tamarasimmons@example.net,2022-09-10
7275,Jonathan,Martinez,Norway,(932)951-7257x414,fuenteskimberly@example.com,2023-05-28
7276,Tracey,Walton,Afghanistan,755-475-6440x45276,youngemily@example.org,2020-01-15
7277,Jacqueline,Kemp,Latvia,+1-844-325-4550,ericjones@example.com,2021-04-02
7278,Matthew,Osborn,Trinidad and Tobago,001-549-330-8802,hawkinspaula@example.com,2024-09-26
7279,Christopher,Cooper,Costa Rica,814-529-4079x92190,bhaynes@example.net,2020-10-22
7280,Karen,Mccormick,Switzerland,(962)892-3657,oshields@example.net,2020-07-31
7281,Brian,West,Nicaragua,439-488-5152,michaelhill@example.org,2022-10-05
7282,Gary,Bryan,Japan,511.748.1215x25322,jeremy04@example.net,2023-09-27
7283,Bryan,Hernandez,Puerto Rico,(271)858-8759x3108,millercarolyn@example.net,2020-06-27
7284,Paul,Harmon,Turks and Caicos Islands,8567948496,patrick57@example.org,2021-12-07
7285,Brian,Rogers,Niger,(296)580-6581,brian93@example.org,2025-11-03
7286,James,Davis,Saint Helena,001-524-473-0523x245,nicole81@example.com,2021-02-10
7287,Roy,Bell,Luxembourg,614.527.1736,dannyjackson@example.com,2022-02-27
7288,Rita,Hall,Morocco,001-761-930-8746x6768,wrodriguez@example.com,2025-04-10
7289,Maxwell,Hampton,Panama,001-537-758-6011x9299,snyderdavid@example.org,2023-04-19
7290,Rachel,Nunez,Aruba,+1-693-880-7035x12642,yowens@example.com,2022-10-22
7291,Veronica,Kline,Tokelau,+1-938-589-4721x48176,andersonkenneth@example.com,2022-04-21
7292,Connor,Davis,Comoros,432-282-0279x28492,smithdaniel@example.net,2020-11-14
7293,Cindy,Adams,Togo,977.457.3530,ybarber@example.com,2020-10-16
7294,Jimmy,Gilmore,Iceland,941-228-2868,lawrence13@example.net,2021-11-15
7295,John,Allen,Peru,(627)529-3574,reneecarlson@example.net,2025-11-23
7296,Tina,Davis,Syrian Arab Republic,936.318.7016,olivia25@example.org,2024-04-22
7297,Robert,Moran,Finland,+1-877-971-0602,wlee@example.org,2021-08-02
7298,Cheryl,Brown,Monaco,(674)211-6702x304,reedjohn@example.net,2023-09-27
7299,Samuel,Page,Madagascar,849.620.7062x34835,howelladam@example.com,2021-05-22
7300,Joe,Perry,Saint Pierre and Miquelon,001-961-702-6376x820,taylorwilson@example.org,2022-11-30
7301,Jasmine,Robinson,Germany,001-511-701-1381x901,cochrangregory@example.org,2025-12-02
7302,Helen,Chavez,Dominican Republic,985.380.0831x348,jhill@example.com,2022-03-27
7303,Peter,Evans,Vanuatu,820.400.2856x491,bakerjohn@example.net,2025-05-24
7304,Rachel,Allen,Jamaica,947.255.8535x501,lisacarter@example.net,2025-12-04
7305,Holly,Gilmore,Western Sahara,785-509-7355x4385,matthewfernandez@example.com,2022-04-13
7306,Craig,Wilson,Puerto Rico,253-331-0274,jordan67@example.org,2024-10-16
7307,Patrick,Chen,Afghanistan,(559)468-4663x70853,angelawalsh@example.net,2021-09-04
7308,Tina,Shaw,Cook Islands,(277)753-9643,joshuaperez@example.com,2024-07-09
7309,Matthew,Owens,Honduras,(616)389-2798,alucas@example.com,2020-11-05
7310,Harold,Smith,Bolivia,(207)681-6579x71692,hpatel@example.com,2022-05-30
7311,Keith,Jarvis,Cameroon,319.571.3490x61345,calvinbarnes@example.net,2021-01-31
7312,Amber,Wilson,Sao Tome and Principe,(648)585-9270,nicole79@example.net,2022-01-06
7313,Brian,Bell,Puerto Rico,(551)941-7662,dstein@example.com,2022-02-14
7314,Christopher,Fischer,Sri Lanka,001-965-440-0794x6253,aaronpena@example.org,2022-03-17
7315,Christina,Nolan,Sao Tome and Principe,(404)903-3497x606,john80@example.com,2020-12-12
7316,Gilbert,Blackburn,Philippines,+1-890-567-1654x484,qanderson@example.net,2021-06-30
7317,Autumn,Miller,Kiribati,555.402.4388x9100,lori62@example.net,2020-05-02
7318,Colleen,Kelly,Australia,001-750-296-6964x395,melissaroberts@example.com,2020-02-29
7319,Lori,Hicks,Saint Martin,461-361-9618x129,carl10@example.net,2023-05-29
7320,Richard,Adams,Nauru,268.331.5423x5352,awillis@example.org,2025-02-19
7321,Thomas,Allen,Reunion,7108617835,michele03@example.org,2024-12-26
7322,Diane,Flowers,United Kingdom,(389)446-6220,manningmartin@example.net,2020-07-15
7323,Luke,Murray,El Salvador,(724)808-1003x35630,vthompson@example.org,2023-12-12
7324,Victoria,Ward,Belarus,891-493-0385x3465,rberry@example.org,2020-08-18
7325,Gary,Walker,Sudan,(509)637-3663x99216,mbrown@example.com,2024-01-02
7326,Michele,Zuniga,Netherlands,+1-484-893-9632x2076,richardblack@example.net,2021-03-11
7327,Mary,Sanchez,Philippines,792.474.4384x491,jbrown@example.net,2021-12-31
7328,Amanda,French,Saint Pierre and Miquelon,+1-597-854-4080x8523,dustinsweeney@example.com,2021-10-17
7329,Fred,Petty,Namibia,927.641.6132,terryterri@example.com,2025-06-04
7330,Jonathan,Sanders,Uzbekistan,001-703-814-6374x607,mark32@example.com,2026-02-16
7331,Steven,Mora,Lao People's Democratic Republic,949-903-2086x4867,twilson@example.net,2025-06-22
7332,Robert,Sampson,Solomon Islands,4868093896,zjackson@example.net,2021-06-18
7333,Jerry,Tran,Hong Kong,001-438-752-1791x3646,sarah87@example.net,2023-02-03
7334,Elizabeth,Richardson,French Guiana,+1-747-659-4936x7743,edwardscandace@example.com,2022-02-01
7335,Savannah,Morrow,Holy See (Vatican City State),001-829-484-6938x0887,shannon75@example.net,2021-05-20
7336,Christina,Rodriguez,India,715.716.9222x07470,alanward@example.net,2024-01-04
7337,Gregory,Newman,Namibia,858-414-5941x10533,brownnicholas@example.net,2020-08-22
7338,Alexandra,Evans,Bahamas,9507354196,trobinson@example.org,2024-04-17
7339,Brent,Valdez,Costa Rica,001-330-880-1858x60587,zdelacruz@example.net,2024-10-06
7340,Brooke,Gonzalez,Singapore,2595242409,loribryant@example.net,2023-05-31
7341,Anthony,Collins,Kenya,+1-843-884-6138x06608,aking@example.org,2022-02-03
7342,Ian,Elliott,Egypt,001-368-940-2636,carterlori@example.net,2021-10-03
7343,Dakota,Warner,Angola,209-459-5503x58048,robertharris@example.org,2023-11-30
7344,Ryan,Campbell,Comoros,001-403-684-9030,jeanettechen@example.org,2023-09-09
7345,Maureen,Ortiz,Guatemala,(387)574-1843x93503,lwilson@example.org,2020-07-14
7346,Ronald,Bush,Pakistan,001-416-252-6186x356,patricia54@example.com,2022-06-11
7347,Bonnie,Schmidt,Cyprus,(660)760-8442x287,stephanienicholson@example.net,2024-09-24
7348,Joseph,Greer,Andorra,838.242.9486x2880,mendozasamuel@example.net,2022-03-19
7349,Lisa,Miller,Cayman Islands,4917181750,curtisbest@example.com,2025-10-09
7350,Kelly,Dominguez,Serbia,(253)414-4644x3085,hernandezmarcus@example.net,2021-04-14
7351,Jennifer,Boone,Germany,6835218328,rbarnes@example.net,2020-04-21
7352,Jaime,Craig,Uganda,+1-924-608-1873x29636,timothy34@example.com,2024-03-04
7353,Adrienne,Escobar,Ethiopia,595-580-2904x096,brenda80@example.com,2021-12-26
7354,Elizabeth,Rodriguez,Antigua and Barbuda,+1-287-702-4593x64706,rdavis@example.com,2020-09-09
7355,Steve,Saunders,Syrian Arab Republic,001-945-707-0653x4332,jasminefigueroa@example.com,2023-01-28
7356,Wendy,Turner,Australia,+1-304-276-4963x11011,dcastaneda@example.com,2024-07-07
7357,Juan,Strickland,Cyprus,(544)705-1378,mhoward@example.org,2020-09-17
7358,Richard,Gardner,Uganda,(810)721-1399,woodangela@example.net,2020-09-01
7359,David,Lee,Papua New Guinea,579.519.1224,hgonzales@example.net,2021-01-16
7360,Matthew,Leonard,Latvia,569.606.0901,julianchan@example.net,2024-08-28
7361,Whitney,Coleman,Gabon,+1-475-966-3004x20061,ericksondanielle@example.org,2024-07-03
7362,Craig,Lee,Honduras,9849411594,prosales@example.com,2024-08-16
7363,Timothy,Hoffman,Saint Barthelemy,(688)631-8926,ogarrett@example.com,2022-07-03
7364,Sandra,Taylor,Brunei Darussalam,9794536975,smithryan@example.net,2020-05-18
7365,Cody,Jones,Malaysia,+1-253-565-0830x743,charlesmelissa@example.com,2022-04-29
7366,Sarah,Huffman,Andorra,(988)409-7423,timothygolden@example.com,2021-07-17
7367,Samantha,Browning,Turkmenistan,899.847.0584,karen54@example.com,2024-10-06
7368,Jordan,Tucker,Honduras,454-569-7405x91134,freemandenise@example.com,2023-01-09
7369,Justin,Warner,Austria,262-651-6942,wtorres@example.org,2022-02-28
7370,Oscar,Stewart,Japan,(516)984-0288x21024,ronnie83@example.org,2026-02-03
7371,Kaitlyn,Nguyen,Austria,(564)464-0631x999,smatthews@example.com,2023-07-24
7372,Richard,Chandler,Norway,001-512-711-1306x5148,jessicaward@example.org,2025-03-16
7373,Jay,Morris,United States Minor Outlying Islands,450.975.9198,nicolerogers@example.com,2022-05-28
7374,Angela,Woodward,Ukraine,204.906.4755x370,emilypitts@example.com,2021-12-22
7375,Michael,King,Macao,(449)773-6840,mary03@example.com,2025-03-07
7376,Jonathan,Mckinney,Turkmenistan,494-882-0525x017,campbellmichael@example.net,2024-02-28
7377,Matthew,Williams,Trinidad and Tobago,8994299969,ismith@example.com,2023-11-29
7378,Brittany,Evans,Russian Federation,(929)359-2317x62123,kelli86@example.com,2023-12-07
7379,Brandon,Harper,Philippines,(373)931-0109x925,ghayes@example.com,2020-08-25
7380,Brian,Ryan,Isle of Man,(781)469-2448x4996,marc01@example.net,2021-02-28
7381,Donald,Martinez,Martinique,543.754.9677x63005,williamscrystal@example.org,2021-08-20
7382,Nathan,Landry,Palau,001-436-676-6069x61918,ujones@example.net,2025-04-04
7383,Maria,Chang,Armenia,450-339-5028x54297,johnsonjames@example.com,2025-02-22
7384,Stephen,Ellis,Sao Tome and Principe,+1-973-585-6382,charles85@example.org,2020-07-16
7385,Brittany,Bowers,Dominica,3778332196,richard61@example.com,2023-09-03
7386,Stacey,Lambert,Barbados,(763)618-5428x095,davidbyrd@example.com,2020-07-17
7387,Stacy,Hernandez,Congo,479.266.3329x788,jeffreytaylor@example.org,2024-12-07
7388,Travis,Brown,Mayotte,859-681-9641,nancymoore@example.org,2021-04-29
7389,Andrew,Cline,Kazakhstan,492-215-2752x18235,egarcia@example.net,2024-02-07
7390,Rebecca,Diaz,Iraq,001-420-326-7702x623,jeffreythornton@example.org,2020-09-29
7391,Eric,Wilson,Solomon Islands,+1-909-902-6757x664,cookematthew@example.com,2023-07-21
7392,Kevin,Boyle,Jersey,640.815.2933,sherry49@example.com,2024-01-06
7393,Jessica,Smith,Gabon,(720)480-6053x9830,ndavis@example.net,2020-03-11
7394,Jesse,Vance,Hungary,001-539-393-8494x150,robert08@example.net,2022-12-17
7395,Tony,Gonzalez,Kenya,818.261.0335x53105,andreathomas@example.net,2022-07-15
7396,Michelle,Rose,Cuba,510.449.2972,stephen20@example.com,2025-11-17
7397,Daniel,King,Central African Republic,+1-538-611-1279x3288,sandra06@example.net,2025-01-07
7398,Katelyn,Lopez,Congo,316-987-0913x4143,lindsey13@example.net,2022-09-20
7399,Suzanne,Rogers,Kuwait,(877)879-7050x41507,kbryant@example.org,2020-09-18
7400,Theresa,Smith,Japan,315.875.8026,timothyberry@example.net,2023-04-02
7401,Michael,Adams,Guadeloupe,273-987-7421,hhines@example.org,2025-12-17
7402,Nicole,Bridges,Norway,848.640.6412x561,tsims@example.com,2023-05-21
7403,Morgan,Massey,Nicaragua,630.290.8864,pwalker@example.com,2020-10-21
7404,Debbie,Ferguson,American Samoa,+1-700-748-3109,lanewilliam@example.net,2024-07-07
7405,Heather,Simmons,Papua New Guinea,001-636-292-3207,goodkeith@example.net,2024-12-30
7406,Sarah,Tucker,Niue,296.572.3028x4153,jennifer71@example.net,2023-05-26
7407,Jacqueline,Reed,Falkland Islands (Malvinas),401-446-8006x101,jamesalex@example.net,2023-03-28
7408,Jorge,Lam,Congo,912-543-4990x9101,jennifergarner@example.com,2021-11-14
7409,Jonathan,Strickland,Canada,(209)462-5634x05272,xallison@example.com,2025-03-09
7410,Mario,Holt,Rwanda,+1-970-312-9662x76293,matthew45@example.net,2024-10-02
7411,Kelsey,Sullivan,French Guiana,5333035195,richardcochran@example.net,2024-11-18
7412,Michael,Vasquez,Kyrgyz Republic,+1-783-419-3307x1359,amyjuarez@example.com,2025-07-22
7413,Christine,Smith,Lebanon,307-574-3448,ingramrebecca@example.net,2024-04-27
7414,Gina,Warren,Romania,(405)228-8289,andersonmark@example.net,2024-02-08
7415,Breanna,Perez,American Samoa,770.639.0672,paulhernandez@example.net,2023-03-06
7416,Renee,Chaney,Bahrain,990-523-0659,ellencantrell@example.net,2025-12-30
7417,Judy,Hobbs,Mexico,323-272-1582,yangamy@example.net,2020-11-15
7418,Ian,Henry,United States of America,(220)432-9300x42688,paguilar@example.net,2020-03-07
7419,Ellen,Wade,Saint Pierre and Miquelon,5788245396,bneal@example.com,2022-01-24
7420,Morgan,Love,Peru,554.400.9374x40331,melissa28@example.net,2024-04-06
7421,Juan,Riley,Central African Republic,(553)989-5421x52919,amorgan@example.org,2021-04-17
7422,Mark,Herring,Ukraine,001-631-784-1728x4351,laurierussell@example.net,2020-10-01
7423,Michelle,Gomez,Afghanistan,001-252-574-8715x7930,taylor40@example.net,2022-09-24
7424,Andre,Hanson,Ireland,547.817.4506x92484,johnsonmichael@example.net,2024-06-11
7425,Abigail,Meyers,Cyprus,(964)623-4694x3212,willishannah@example.net,2020-02-05
7426,James,Bennett,Romania,+1-322-266-0940x83083,ryanjohnson@example.net,2022-11-10
7427,Arthur,Bennett,Honduras,+1-399-344-2680x47439,justinjohnson@example.org,2023-03-18
7428,Steven,Thomas,Liechtenstein,746-282-2887x8637,rogerbryant@example.com,2025-03-26
7429,Tracey,Day,Reunion,2967442355,blane@example.org,2023-03-06
7430,Joshua,Davis,United States of America,426-205-6337,nicholas58@example.org,2021-06-02
7431,Kimberly,Taylor,Cambodia,001-892-733-3209x85636,jessica23@example.com,2024-09-27
7432,Brenda,Kelly,Lebanon,472-752-0233x592,halldavid@example.org,2025-03-19
7433,Ashley,Hicks,Niue,+1-480-646-0397x19410,iconner@example.net,2020-12-11
7434,Nicholas,Baker,Cocos (Keeling) Islands,306.518.5016x32807,hartdavid@example.org,2025-10-19
7435,Scott,Cooper,Jamaica,357-454-1596x0458,william81@example.net,2026-01-03
7436,Victoria,Garcia,French Guiana,794.486.3565x47963,nicole19@example.org,2023-12-13
7437,Darren,Winters,Fiji,566-311-3514,rgraham@example.com,2022-09-26
7438,Jenny,Park,Bouvet Island (Bouvetoya),001-436-419-0630,ericramos@example.com,2022-03-16
7439,Brandy,Clayton,Hungary,+1-513-900-5377x5940,davisjanet@example.com,2024-01-19
7440,Angela,Wilson,Bhutan,698.295.8640,alejandroboyd@example.org,2020-11-09
7441,Frederick,Johnson,Luxembourg,(455)959-3107x71632,dunlapcameron@example.net,2023-12-12
7442,Jacob,Warren,Malaysia,(401)950-8721x7134,elizabeth08@example.net,2023-01-16
7443,Angela,Brandt,Netherlands Antilles,(555)208-2519x9859,xgriffith@example.net,2024-02-22
7444,Jeffrey,Stephens,Singapore,373-429-6442x88203,nmoore@example.org,2025-03-28
7445,John,Davis,India,927.792.4066,ltravis@example.net,2023-05-07
7446,Matthew,Ferguson,Sri Lanka,(459)375-7333,johnsongabriel@example.com,2025-04-21
7447,Mark,White,Yemen,001-920-273-8732x8034,cassandrafarmer@example.net,2023-11-13
7448,Rachel,Everett,Haiti,(867)237-3466,frank62@example.org,2020-12-05
7449,Donald,Gonzalez,Afghanistan,415.383.2254x938,williamsonnicholas@example.net,2022-11-14
7450,Brian,Henderson,Italy,+1-562-489-0714x449,banksalyssa@example.net,2020-08-23
7451,Timothy,Lopez,Gibraltar,718.390.9615,geoffrey58@example.net,2024-09-08
7452,Monica,Price,Tajikistan,407.595.0718x78422,brandon42@example.net,2025-07-09
7453,Matthew,Nguyen,Zambia,001-365-756-4910x59020,tjohnson@example.net,2020-12-30
7454,Ronald,Elliott,Saint Martin,524-984-8940,justin84@example.com,2024-03-02
7455,Stephanie,Gregory,Hong Kong,+1-993-409-1784x2295,rcampbell@example.com,2025-11-06
7456,Debra,Hull,Andorra,+1-975-804-1963x9410,thurst@example.org,2022-02-19
7457,Garrett,Vasquez,Western Sahara,+1-575-918-2559,freemanbryan@example.com,2022-03-26
7458,Rachel,Rosales,Mali,230.617.7301x686,bwright@example.com,2020-11-19
7459,Felicia,Kennedy,Argentina,3906733918,amedina@example.com,2024-10-02
7460,Jackie,Montgomery,Cuba,001-540-804-5647x204,hansenleah@example.org,2022-01-19
7461,Yvonne,Ball,Belize,(888)522-4452x399,bwilliams@example.org,2025-04-10
7462,Patrick,Clayton,Gabon,227-656-5587x7917,jacksonmichael@example.com,2022-04-26
7463,Tiffany,Stewart,Bermuda,570.869.2751x559,joseph36@example.org,2020-07-06
7464,Jennifer,Lewis,Norway,904.669.7877x8656,trodriguez@example.net,2021-10-31
7465,Tiffany,Owen,Saint Kitts and Nevis,+1-324-677-2061x08153,stevenallen@example.org,2025-05-11
7466,David,Patterson,Botswana,(712)305-1197x233,turnersteven@example.org,2024-08-09
7467,Brian,Rodgers,Somalia,(547)969-7141x077,wturner@example.org,2022-07-11
7468,Kathryn,Kim,British Virgin Islands,846.372.9902,twilliams@example.org,2025-11-21
7469,Jason,Hansen,Uzbekistan,502.828.6541x9311,eadams@example.net,2024-05-11
7470,Ethan,Mcmahon,Turkey,740.795.1299x8770,steve79@example.com,2025-07-26
7471,Samuel,Mccarthy,Kuwait,001-803-846-9402,jadehartman@example.net,2025-02-24
7472,Bruce,Rodriguez,Pakistan,001-569-577-0151x8737,lee30@example.org,2025-03-04
7473,Kristen,Davis,United Arab Emirates,(795)266-8953x60666,todd45@example.net,2023-02-13
7474,Crystal,Brown,Nicaragua,(280)275-7446x108,carpenterpatrick@example.com,2026-02-19
7475,Kathleen,Abbott,Pakistan,959-678-1871x2284,russellrobert@example.com,2023-04-22
7476,Deborah,Valenzuela,Iran,001-426-421-5217x955,waynebaker@example.com,2022-11-27
7477,Melissa,Hogan,Trinidad and Tobago,+1-511-879-2176,hurstnicole@example.org,2020-08-19
7478,Justin,Rodriguez,Hungary,414.679.2209x84780,sherifernandez@example.org,2024-06-05
7479,Stephanie,Fields,Sudan,+1-943-875-8225x59188,mark65@example.org,2025-08-21
7480,Brandi,Scott,Turkey,286-402-3266x807,amarsh@example.org,2023-04-24
7481,Alexander,Gardner,Oman,+1-682-977-7198x6288,michaelperez@example.net,2026-01-23
7482,Howard,Bryant,Romania,001-897-546-4646,danieljohnson@example.net,2024-04-14
7483,Marissa,Mack,Sao Tome and Principe,207-598-3639x3617,lboyd@example.org,2024-04-13
7484,James,Duncan,Niue,7696819377,wilcoxnathan@example.com,2020-03-30
7485,Hannah,Perry,Saint Martin,+1-975-876-8072x3445,brenda86@example.org,2021-10-19
7486,Theresa,Carrillo,Uzbekistan,+1-603-847-9766x8470,shannon86@example.org,2022-01-05
7487,Shawn,Sampson,Iran,2363127644,vthomas@example.com,2021-08-17
7488,Howard,Galvan,United Kingdom,759-899-3667x0036,egoodman@example.net,2025-05-13
7489,Jonathon,Carlson,Bahrain,+1-770-679-1650x0474,smithhoward@example.com,2023-02-06
7490,Brian,Thomas,Egypt,911.492.9453x2252,derrick97@example.com,2025-12-17
7491,Michael,Jones,Mongolia,(305)384-2450,gibsonpaul@example.org,2023-09-04
7492,Rebecca,Torres,Kuwait,(486)726-2205x40738,keithramsey@example.net,2026-02-15
7493,Debbie,Pearson,Cambodia,(284)529-2504x96098,vmacdonald@example.net,2023-03-06
7494,Monica,Myers,Burundi,001-308-748-3235x9180,ialvarez@example.org,2025-04-24
7495,Christina,Lane,Dominica,+1-482-460-8904x0337,respinoza@example.net,2023-04-25
7496,Heidi,Mcdaniel,Myanmar,(998)263-7621x3615,whitechristopher@example.net,2021-06-12
7497,Raven,Luna,Kyrgyz Republic,812-896-6856x5100,rivassamuel@example.org,2023-11-17
7498,Jackson,Jones,Mexico,207-815-2615x114,xwright@example.net,2025-06-21
7499,Shelly,Stephenson,Libyan Arab Jamahiriya,+1-684-206-8758x40242,sharonbrown@example.net,2020-09-20
7500,Wendy,Todd,Senegal,(303)323-0744x36855,qlong@example.net,2023-01-29
7501,Melissa,Graham,Chile,(550)989-4253x5279,katherine84@example.net,2023-08-24
7502,Charles,Lee,Qatar,001-315-484-1350,stephanie48@example.com,2025-11-21
7503,Brandon,Cisneros,Holy See (Vatican City State),296-345-9514x2606,holdenjessica@example.org,2022-06-10
7504,Joshua,Hughes,Serbia,+1-897-367-7421x63097,welchjoshua@example.com,2022-01-11
7505,Rebekah,Wallace,Antarctica (the territory South of 60 deg S),533-756-4475x7109,keith16@example.org,2021-09-17
7506,Bradley,Williams,Rwanda,001-385-425-4299x65992,zgaines@example.org,2024-12-28
7507,Kathleen,Shaffer,Liberia,896.316.2262x253,ericksonclifford@example.net,2023-01-19
7508,Diane,Kent,Togo,923.818.7664,gregory16@example.com,2023-01-14
7509,James,Benson,Brunei Darussalam,408-204-2806x9645,bgentry@example.org,2024-01-03
7510,Kimberly,Rollins,Tokelau,237.507.2253,john48@example.net,2021-01-21
7511,Jennifer,Lopez,Chile,(764)573-5143x80470,johnschroeder@example.org,2022-01-06
7512,Sean,Peters,Puerto Rico,+1-531-530-0349x43061,patriciaphillips@example.net,2025-04-21
7513,Melissa,Weber,Uruguay,001-320-940-7967,sarahbenson@example.net,2025-08-24
7514,Holly,Sutton,Sierra Leone,(855)270-1563x694,matthewdixon@example.net,2021-10-10
7515,John,Johnson,Palestinian Territory,001-734-330-7492,donna91@example.org,2021-01-07
7516,Brandon,Rodriguez,Ethiopia,(981)523-6755,qmcguire@example.org,2025-05-12
7517,Willie,Ward,Montserrat,566.456.2167x468,halldaniel@example.org,2021-05-27
7518,Mary,Johnston,Bouvet Island (Bouvetoya),(260)432-9157x4364,thomasshelton@example.net,2025-08-13
7519,Vanessa,Robinson,Tanzania,249.689.6923x467,wonglisa@example.net,2023-10-28
7520,Steven,Smith,Mauritania,529-512-6314,ismith@example.com,2022-12-05
7521,Joseph,Chambers,Denmark,+1-399-350-1156x06457,dspencer@example.org,2020-03-13
7522,Jonathan,Blankenship,Nicaragua,001-941-570-0843,alejandra02@example.net,2024-03-21
7523,Elizabeth,Taylor,Korea,(617)915-0130,nelsonchad@example.com,2023-06-21
7524,Mark,Hensley,Guam,545-359-0618x591,ajohnson@example.com,2024-09-11
7525,William,Hunter,Portugal,+1-928-735-2187x2532,robinthomas@example.net,2026-02-22
7526,Christine,Bailey,Romania,(895)980-8034x014,edavila@example.com,2023-12-15
7527,Tyler,Gonzalez,Liechtenstein,304-963-2965x04307,bbrown@example.org,2022-08-12
7528,Laurie,Morris,Costa Rica,552.249.6291x68359,fshaw@example.net,2020-02-12
7529,Sarah,Andrews,Uganda,3199851304,jose34@example.com,2023-02-23
7530,Alexis,Martin,Portugal,+1-471-867-3377x491,utucker@example.net,2021-03-05
7531,Melissa,Roberts,Bosnia and Herzegovina,962.571.3155,courtneyjoyce@example.com,2022-03-06
7532,Alan,Williams,Slovenia,(833)200-0672x119,benjaminlloyd@example.com,2025-10-02
7533,Rachel,Martinez,Guyana,001-757-945-9158x0644,yhughes@example.com,2022-08-23
7534,David,Spencer,Papua New Guinea,(302)470-7944,teresahays@example.com,2020-07-28
7535,Kelsey,Cherry,Turkey,529.754.7262x7028,scottdixon@example.net,2023-07-24
7536,Brent,Boyd,Djibouti,449-546-3088x87597,phudson@example.net,2025-09-05
7537,Roberto,Brown,Denmark,5062268402,matthew85@example.net,2021-06-14
7538,Elizabeth,Lloyd,Seychelles,920.229.2196x7253,jill97@example.net,2026-03-07
7539,Jamie,Welch,Seychelles,(226)680-0742x59222,iwilliams@example.org,2020-10-21
7540,Anthony,Estes,Mauritius,340.634.3669,erika61@example.org,2024-11-03
7541,Jared,Rosales,Timor-Leste,632-918-8779,hopkinsdanielle@example.org,2022-02-09
7542,Kathryn,Brown,Austria,627.587.5160x2520,richard34@example.org,2020-11-10
7543,James,Hunter,Wallis and Futuna,(991)592-9687x359,stephanie58@example.org,2023-05-31
7544,George,Perez,Saint Barthelemy,439.742.6093,wluna@example.com,2024-09-06
7545,Karen,Carr,Falkland Islands (Malvinas),934-374-5740,coryday@example.org,2021-02-03
7546,Michelle,Taylor,Andorra,859-365-4118x2901,gregory65@example.net,2024-01-02
7547,Matthew,Pearson,American Samoa,512.467.0950x74877,mpowell@example.net,2023-01-21
7548,Devin,Wilson,Andorra,900-940-0305,pharris@example.org,2024-01-17
7549,Paul,Ramos,Tonga,338-691-3116,cody45@example.net,2021-02-20
7550,Sabrina,Jackson,Liechtenstein,001-531-763-0106x043,weavershawn@example.com,2020-08-04
7551,Perry,Patterson,Fiji,+1-366-315-8563x24014,fullerrandy@example.com,2025-12-20
7552,Tommy,Heath,Denmark,(479)946-1968x614,david67@example.com,2024-09-20
7553,Daniel,Rodriguez,Niger,8539659318,susangoodwin@example.net,2022-09-11
7554,Erin,Wilson,Eritrea,001-944-583-9448,icarroll@example.com,2021-09-17
7555,Rickey,Nielsen,Uzbekistan,638.485.0552x686,katherineshaw@example.com,2024-02-13
7556,Derrick,Mckay,Norway,562.253.5613x03610,hhiggins@example.org,2020-09-20
7557,Lauren,Olson,Papua New Guinea,(669)624-4481x60687,nguyenfelicia@example.org,2021-06-18
7558,Michael,Leach,Namibia,+1-616-661-0100x90332,zdaniels@example.org,2021-01-02
7559,Michael,Lopez,Saint Barthelemy,371.432.5685x03444,valenzuelamarissa@example.org,2024-01-02
7560,Tina,Stewart,New Caledonia,332-590-0175x07773,orrcameron@example.net,2023-03-28
7561,Morgan,Cain,Morocco,471-893-7691x36913,wcastro@example.com,2023-08-11
7562,Melissa,Robertson,China,(982)345-7603x7585,harperchristopher@example.net,2020-08-03
7563,Steven,Stevens,Belarus,992.232.6554x1152,jennifergarcia@example.net,2020-07-08
7564,James,Dennis,Saint Helena,524-778-5696x9418,charlenerangel@example.net,2022-11-20
7565,Daryl,Welch,Turkey,+1-448-441-1777,mikebarnes@example.net,2022-08-08
7566,Jesus,Knight,Ghana,616-368-6676,martinezmichelle@example.org,2022-03-25
7567,Matthew,Watkins,Eritrea,(340)400-5127x68179,heidi19@example.org,2025-12-16
7568,Michael,Ford,Fiji,(497)686-0193x216,kcarter@example.org,2022-06-18
7569,Derrick,Ruiz,French Polynesia,2382177772,johnny99@example.com,2025-04-11
7570,Tina,Dennis,Nigeria,807-773-0749x00483,kathy85@example.net,2023-10-17
7571,Ashley,Thomas,Austria,654-741-0817x011,bartoncristian@example.net,2020-11-23
7572,Marc,Hill,Madagascar,267-226-3969,andreahuber@example.net,2020-08-20
7573,Teresa,Underwood,Nepal,5718818482,donnasmith@example.net,2020-09-22
7574,Ashley,Lopez,Guatemala,(988)617-5650,james33@example.org,2024-09-27
7575,Kimberly,Banks,Kuwait,+1-345-847-2227,mollygibson@example.net,2020-02-22
7576,Jillian,Smith,Malawi,409.257.2690x065,jeannevasquez@example.net,2025-11-09
7577,Paige,Figueroa,Pakistan,870.736.7978x3621,dawnhaney@example.com,2024-01-01
7578,Victoria,Nichols,Cuba,001-782-243-7719x0212,barbarabradley@example.net,2022-06-15
7579,Robin,Hopkins,Eritrea,001-879-543-2658x914,wernerlisa@example.org,2022-05-03
7580,Jay,Rogers,Martinique,(553)779-9677x30764,chloe41@example.net,2025-10-03
7581,Robert,Martinez,Albania,+1-865-597-2108,adixon@example.com,2023-04-02
7582,Debra,Leon,San Marino,+1-210-774-1468x3251,cartermelissa@example.com,2022-11-10
7583,Laura,Bowers,Colombia,599.288.5486x299,alexandra32@example.com,2023-02-27
7584,Laura,Mason,Bouvet Island (Bouvetoya),+1-736-295-1405x98159,grayjoseph@example.com,2024-03-06
7585,Teresa,Whitaker,Bouvet Island (Bouvetoya),+1-267-922-8775x47175,twoodard@example.net,2021-01-29
7586,Adam,Johnson,Monaco,001-661-434-6522x5461,yscott@example.org,2021-07-09
7587,Crystal,Marquez,Turks and Caicos Islands,(217)662-8847x640,patrickgray@example.net,2022-12-20
7588,Pamela,Estes,New Zealand,782.805.7304x216,dgonzales@example.com,2021-07-25
7589,Kenneth,Wolfe,Azerbaijan,8939041238,jefferypalmer@example.org,2022-01-15
7590,Pamela,Montgomery,Marshall Islands,9219690199,mray@example.org,2022-10-10
7591,Lindsey,Wright,Belarus,(875)247-9249,deborah46@example.com,2025-02-23
7592,Jorge,Hammond,Seychelles,773-506-7881,wagnerjason@example.net,2025-12-19
7593,Jessica,Edwards,Cote d'Ivoire,536.710.6557x6690,tracyperez@example.net,2026-01-29
7594,Kayla,Murray,Aruba,+1-204-822-3681x0881,johnbaker@example.com,2023-09-25
7595,Kristy,Haley,Mexico,202.340.2962,joshuacarter@example.com,2024-01-02
7596,Richard,Flores,Turkmenistan,590-322-5219,ychristensen@example.org,2026-02-28
7597,Christopher,Watson,Guinea-Bissau,(771)560-9144,kennethodonnell@example.org,2025-03-27
7598,Eric,Green,Uruguay,731-621-3819,veronica13@example.net,2020-03-09
7599,Jessica,Harris,Cuba,+1-415-761-4791x44854,chaneyryan@example.com,2021-05-28
7600,Tara,Brown,Venezuela,+1-472-950-7077,ksmith@example.com,2023-06-07
7601,Rebecca,Reynolds,Estonia,+1-848-951-6012x55120,hawkinsgail@example.net,2024-08-01
7602,Victoria,Edwards,Malaysia,(298)915-8398,candacerobinson@example.net,2024-03-27
7603,Tammy,Owens,Colombia,8966237799,ssingh@example.net,2022-04-02
7604,Savannah,Fisher,Zimbabwe,001-433-516-0201x35793,steven70@example.net,2023-05-12
7605,Jason,Richardson,Panama,001-785-294-9445x52189,elizabethmartinez@example.com,2022-07-12
7606,Matthew,Austin,Timor-Leste,937.560.8070x10110,christopher69@example.com,2026-01-30
7607,Scott,Nelson,Venezuela,+1-418-573-6624x83135,whiteamanda@example.net,2022-03-03
7608,Brian,Olsen,Tanzania,(962)893-3621x02388,mccoyannette@example.com,2020-11-01
7609,David,Benton,Tanzania,462.949.5473x9361,phillipsjanet@example.net,2023-11-15
7610,Christopher,White,Jamaica,368-922-9811x425,schneiderrichard@example.org,2021-11-27
7611,Carla,Velasquez,Antigua and Barbuda,6847164339,jason09@example.net,2020-10-26
7612,Anthony,Patton,India,001-914-597-7603,rebecca51@example.net,2022-10-06
7613,Melissa,Hamilton,Algeria,496-314-3247x643,gloriaadams@example.com,2023-08-18
7614,Jeff,Thomas,Mexico,+1-526-746-2234x5433,tjoyce@example.com,2021-12-31
7615,Vincent,Morgan,Uzbekistan,741.422.3167x74333,jesseyork@example.org,2022-10-14
7616,Robert,Harrington,Spain,001-428-875-2284,kmolina@example.com,2025-11-21
7617,James,Lewis,French Southern Territories,378.570.9303,samanthabell@example.com,2025-04-18
7618,Brittney,Berry,Netherlands,(395)992-5423x51909,guerreroholly@example.com,2021-06-18
7619,Jennifer,Brown,Belarus,(842)955-5059x484,wpayne@example.net,2023-12-14
7620,Amy,Anderson,Qatar,519.933.6798,steven25@example.net,2021-06-18
7621,Felicia,Ballard,Lao People's Democratic Republic,(889)598-4752x52300,lflowers@example.org,2021-12-23
7622,Laura,Burgess,Isle of Man,557-853-8750x690,friggs@example.org,2024-08-19
7623,Kevin,Fisher,Bangladesh,5724134952,rodriguezjon@example.com,2022-08-12
7624,Timothy,Christensen,Luxembourg,570.609.8001x34204,julia47@example.com,2021-11-03
7625,Ruth,Mason,British Virgin Islands,(832)510-2487,jacksonreed@example.net,2021-08-14
7626,Kim,Keith,Falkland Islands (Malvinas),4789655998,oprince@example.com,2020-08-01
7627,Javier,Clark,Djibouti,(709)931-5493,melissagomez@example.org,2021-06-20
7628,Lisa,Aguilar,Jamaica,001-323-708-1209x8037,wmiller@example.com,2025-02-16
7629,Luke,Weeks,Namibia,353.503.4044x5481,teresa94@example.net,2020-12-21
7630,Michelle,Forbes,Mauritius,450-946-5722x6406,tammy22@example.org,2023-02-17
7631,Tony,Butler,Belgium,(807)684-0909x27265,bennettdaniel@example.com,2024-04-09
7632,Kathryn,Ferrell,Reunion,+1-876-717-3143x626,cmoore@example.net,2025-05-04
7633,Diane,Anderson,Ukraine,(413)265-0048,smithandrew@example.com,2025-12-07
7634,Charlene,Marsh,Iceland,001-399-340-3971x6101,jacob96@example.org,2021-01-19
7635,Meagan,Gonzalez,Mozambique,001-333-862-1840x3366,cindymatthews@example.org,2020-03-05
7636,Michele,Odonnell,New Zealand,001-702-996-9980,braunvirginia@example.com,2024-05-17
7637,Marc,Cowan,United Kingdom,001-747-713-4142x9670,april32@example.net,2025-05-03
7638,Julie,Garcia,Isle of Man,636.920.9135x2428,jguzman@example.net,2021-04-14
7639,Jose,Miller,Thailand,001-573-925-0003x4110,russellrollins@example.net,2025-01-06
7640,Brenda,Wheeler,Western Sahara,5566880917,draketimothy@example.net,2020-01-22
7641,Jimmy,Hubbard,Austria,001-965-239-0832x0699,michelegomez@example.net,2025-08-08
7642,Zachary,Hull,Gambia,4413860461,leebobby@example.net,2021-11-07
7643,Brenda,Beard,Fiji,+1-915-632-6738x24321,jose54@example.com,2023-03-08
7644,Dennis,Buchanan,Indonesia,655.489.6874x1314,julie05@example.org,2021-09-14
7645,Grace,Dodson,Haiti,(658)463-5776x1055,james00@example.net,2022-08-21
7646,Beth,Evans,Lithuania,349.572.2559x868,spencelaura@example.org,2020-08-16
7647,Nichole,Mitchell,Northern Mariana Islands,790.660.1952x0964,collinsdavid@example.org,2020-02-22
7648,Paul,Davis,Namibia,992.591.1736,jjohnson@example.com,2023-11-12
7649,Danielle,Jackson,Sierra Leone,(980)865-5642x8647,leachgina@example.org,2020-06-14
7650,Leonard,Henry,Antarctica (the territory South of 60 deg S),698.487.9651x619,gregorylowe@example.org,2021-05-23
7651,Isaiah,Woods,British Indian Ocean Territory (Chagos Archipelago),+1-236-435-4176x419,meganbell@example.com,2021-12-04
7652,James,Flynn,Pitcairn Islands,8344677808,brownleslie@example.net,2021-08-07
7653,Manuel,Hamilton,Cayman Islands,5846879362,blopez@example.org,2022-02-23
7654,Joseph,Dickerson,Germany,001-932-637-6508x0884,jacobochoa@example.net,2025-06-12
7655,Melissa,Griffin,Saint Vincent and the Grenadines,238.333.4967x33441,nbrown@example.net,2020-06-09
7656,Kyle,Lewis,Wallis and Futuna,(577)879-5068,bberry@example.org,2023-06-17
7657,Robert,Nielsen,Panama,897.917.2501,fishertaylor@example.org,2024-10-29
7658,William,Davis,Georgia,574.389.8358x614,sabrina73@example.com,2024-10-16
7659,Evan,Gonzalez,French Southern Territories,001-492-401-5938,joanne49@example.org,2026-02-13
7660,Jennifer,Clayton,Georgia,310-896-0547x50791,jason58@example.com,2021-09-14
7661,Sarah,Campbell,Bahamas,279-861-4613x8611,summersgeorge@example.com,2023-09-17
7662,Valerie,Martin,Netherlands Antilles,(359)453-1031,shelly36@example.net,2025-10-02
7663,Stephanie,Stevens,Myanmar,(946)524-9700x39033,hunterkristen@example.net,2022-12-21
7664,Joseph,Whitehead,Burundi,8464109313,stephanie83@example.net,2020-01-29
7665,Mark,Roberts,Belarus,001-235-539-1039,biancabarnes@example.com,2025-05-11
7666,Angela,Edwards,Uganda,(604)678-3384x877,pnixon@example.org,2021-05-22
7667,Michelle,Dickerson,San Marino,411.812.3210,perrydawn@example.org,2023-12-21
7668,Angela,Ortiz,Saint Lucia,001-381-530-8979,htaylor@example.net,2023-07-12
7669,Mary,Hill,Tanzania,+1-328-749-8950x71715,ryan46@example.net,2021-11-21
7670,Kimberly,Thompson,Guinea,9687700054,zimmermananna@example.org,2023-01-05
7671,Melissa,Morris,Tuvalu,(501)939-9583,gphillips@example.com,2023-09-11
7672,Kathy,Sanders,Burundi,(331)947-9705x34165,hickslauren@example.net,2025-07-21
7673,Mary,Frazier,Bahrain,801.788.8379x14644,miguel41@example.net,2025-07-08
7674,Billy,Brown,Kyrgyz Republic,001-547-550-0607x4122,sarahbrown@example.org,2025-01-03
7675,William,Herrera,Senegal,001-261-579-7236x66193,wilsonjoseph@example.org,2020-08-07
7676,Daniel,Howe,Saint Helena,001-534-786-6873x39507,nmeadows@example.com,2020-06-16
7677,Ronald,White,Jamaica,898-741-6810x19829,lgreen@example.com,2024-09-30
7678,Dillon,Cooper,Guam,784.849.3886x78678,xwells@example.org,2021-08-23
7679,Sharon,Chavez,Bolivia,381-548-3355,craigtara@example.com,2022-03-04
7680,Wesley,Rodriguez,Guernsey,001-206-350-2050x7446,pyoung@example.org,2026-02-21
7681,Dana,Bailey,Guinea-Bissau,+1-476-797-0518x91966,qschmidt@example.com,2025-10-11
7682,Ashley,Martinez,Nauru,5099604837,sarah02@example.org,2025-06-12
7683,Joseph,Robinson,Heard Island and McDonald Islands,887-469-0094x948,carrollholly@example.com,2024-02-13
7684,Jennifer,Patton,Ireland,(291)550-6866,ybarrett@example.com,2020-02-17
7685,Joy,Delacruz,Finland,811-588-7460,erichard@example.com,2025-08-07
7686,Melissa,Fuller,Lao People's Democratic Republic,(863)536-8618,kim88@example.com,2025-08-02
7687,Peter,Torres,Samoa,(432)474-8307x9282,stevenmueller@example.net,2022-10-06
7688,Justin,Swanson,Latvia,8986046631,ethancastillo@example.com,2020-12-04
7689,Carla,Davis,British Virgin Islands,3225962410,dramos@example.org,2020-04-07
7690,Christian,Mason,Chile,001-350-847-5641,grimesjennifer@example.org,2020-07-23
7691,Robert,Moore,Cote d'Ivoire,334-805-9636,spowell@example.net,2020-03-02
7692,Michael,Hansen,Dominica,(663)375-6240,michael68@example.net,2021-10-28
7693,Jennifer,Marshall,Uganda,+1-923-403-5492x0998,umcmahon@example.net,2023-03-21
7694,Brandy,Gonzalez,Russian Federation,2776200033,sarahdavis@example.net,2024-08-28
7695,Alexis,Proctor,Ethiopia,+1-777-436-5180x2822,bpatterson@example.net,2020-01-05
7696,Stacy,Padilla,Saint Kitts and Nevis,001-711-388-9288x06031,randallblake@example.org,2026-03-01
7697,Joshua,Ross,Swaziland,+1-392-249-1351x746,jamesmiller@example.net,2020-11-17
7698,Lindsay,Estes,Benin,468-222-7724x906,turnerstephanie@example.org,2021-10-17
7699,Debbie,Martinez,Lithuania,920-755-3826,alexandervictor@example.net,2023-08-13
7700,Douglas,Webb,Nauru,534.690.4060x390,james33@example.net,2023-06-27
7701,Julie,Fleming,Uruguay,+1-384-780-9605x142,jonharris@example.org,2020-08-11
7702,Mary,Smith,Montenegro,+1-828-545-5655,brooke95@example.org,2022-07-15
7703,Kurt,Garcia,Tajikistan,+1-952-401-2649x26361,coryfrancis@example.com,2022-12-05
7704,John,Schaefer,Djibouti,+1-803-502-3969x9840,owelch@example.net,2025-09-20
7705,Christian,Bryant,Haiti,245.824.6025x66362,collin76@example.net,2024-10-24
7706,William,Miller,Slovenia,(467)680-6181,davidrogers@example.com,2025-10-10
7707,Andrew,Marshall,Sri Lanka,3988901511,lucassusan@example.net,2024-01-19
7708,Austin,Jordan,Guyana,+1-601-604-2650x06326,rubiokelly@example.org,2022-09-21
7709,William,Frazier,Kenya,+1-211-421-1243,sabrinalane@example.org,2026-02-09
7710,Daniel,Nunez,United States Minor Outlying Islands,542.280.1666x211,usalazar@example.org,2023-02-03
7711,Alison,Mitchell,British Indian Ocean Territory (Chagos Archipelago),259.509.6922,ttorres@example.net,2022-04-11
7712,Melissa,Lewis,Netherlands Antilles,(981)342-0200,dmorrison@example.net,2023-07-19
7713,Ricky,Hayes,Ukraine,943.903.1007,douglas98@example.com,2023-01-01
7714,Cheryl,Martinez,South Africa,+1-739-627-3687x57533,jasonphillips@example.net,2023-03-24
7715,Sarah,Rose,Bangladesh,(276)321-3876x2823,sortiz@example.net,2024-05-01
7716,Elizabeth,Frost,Kuwait,(241)298-7242,briandavis@example.net,2023-06-07
7717,Jonathan,Gates,Grenada,747-212-1425x53439,belltina@example.net,2022-01-19
7718,Pamela,Wolfe,Aruba,590-684-2666,iburke@example.com,2020-10-16
7719,Emily,Pitts,Senegal,(809)418-7875,rebeccabutler@example.org,2021-04-10
7720,Meghan,Santiago,Puerto Rico,848.276.3463x98023,dholder@example.net,2025-12-04
7721,Stanley,Brown,Northern Mariana Islands,001-617-596-1756x1194,courtney21@example.net,2023-11-12
7722,Angel,Guzman,Dominica,3455295214,marciamcgrath@example.net,2025-09-25
7723,Andrew,Collins,New Caledonia,423-987-2435x8083,maryharmon@example.org,2024-04-16
7724,Amy,Mora,Central African Republic,(694)211-3292,rking@example.net,2020-02-07
7725,Sarah,Burke,Turks and Caicos Islands,001-800-321-7253x1681,hulldennis@example.org,2020-06-25
7726,Donna,Bailey,Korea,5129945401,dillontracy@example.org,2023-03-28
7727,Willie,Allen,Gambia,9197905159,mmartin@example.org,2020-06-26
7728,Melissa,Yang,Mauritania,(665)372-0490,chaneyjose@example.com,2023-08-02
7729,Michelle,Burke,Korea,(860)766-0662,david88@example.net,2023-02-01
7730,Alex,Martin,Lithuania,385-264-6207x5924,anthony25@example.org,2023-05-29
7731,Priscilla,Christensen,Cambodia,001-243-962-9764,brittanyshepherd@example.com,2020-03-05
7732,William,Beck,Pakistan,9538637902,itaylor@example.com,2022-10-21
7733,Terri,Stein,New Caledonia,001-810-677-0296x7300,lawrence67@example.com,2021-04-14
7734,Elizabeth,Bowen,Northern Mariana Islands,001-916-815-3876x11031,tstephens@example.com,2024-07-09
7735,Isaac,Rodriguez,Kyrgyz Republic,929.950.0145x63193,nelsonmichael@example.org,2023-08-10
7736,Joseph,Evans,Monaco,001-313-433-7706x539,laurenramirez@example.org,2020-04-18
7737,Ann,Vargas,Kenya,+1-427-993-8021x36561,julieyoung@example.org,2024-11-10
7738,Mary,Cole,Belgium,773.372.5340,timothy67@example.com,2021-04-22
7739,Tyler,Molina,Korea,001-227-455-0016x805,nicole22@example.com,2020-02-19
7740,Andrea,Lopez,Zimbabwe,843-842-7343x54940,elyons@example.com,2020-08-25
7741,Jeffery,Frye,Guinea-Bissau,202.414.9356x023,kathryn34@example.com,2020-05-27
7742,Lorraine,Smith,Guinea-Bissau,(393)735-4495,johnsonderrick@example.com,2026-01-27
7743,Richard,Buchanan,French Guiana,277.418.5119x377,mfernandez@example.net,2023-09-23
7744,Dana,Lee,Guatemala,332-558-6184x340,rburgess@example.org,2023-12-03
7745,David,Stokes,Fiji,290-810-6375,kentandrew@example.org,2021-09-25
7746,Richard,Patterson,Suriname,603.296.3849x93921,rachelclark@example.com,2025-07-26
7747,Jessica,Peters,Equatorial Guinea,001-443-962-5307,tonyagomez@example.net,2025-11-16
7748,Crystal,Barrett,India,001-227-790-6023x18419,jimenezwilliam@example.com,2023-10-01
7749,Lisa,Stewart,Congo,751.804.6692,irollins@example.org,2025-08-28
7750,Daniel,Henderson,Morocco,395-219-6456x7142,owalker@example.org,2021-03-04
7751,Alexander,Gonzalez,Saint Lucia,711-711-9247x642,janice52@example.com,2020-12-31
7752,Danny,Alvarez,Thailand,7954819426,donna45@example.com,2021-09-06
7753,Veronica,Silva,Gabon,001-971-283-1963x8113,cthornton@example.org,2021-05-26
7754,Michael,Cook,Pitcairn Islands,+1-393-917-7729x637,leonardthomas@example.org,2020-05-18
7755,Peter,Martinez,Egypt,431-731-0172,william08@example.com,2025-07-13
7756,Steven,Jones,Belgium,912.396.3831x8792,plee@example.net,2024-07-23
7757,Taylor,Hartman,Kuwait,(736)377-9621,kennethanderson@example.com,2022-12-19
7758,Joel,Curtis,Korea,760.415.2391x72482,ymitchell@example.org,2021-01-28
7759,Angel,Wilson,French Southern Territories,+1-532-315-0576,devin31@example.com,2025-01-15
7760,Christopher,Huerta,Peru,245-529-8575x3603,wrightshannon@example.org,2024-02-11
7761,Lisa,Cooley,Solomon Islands,6872314109,martinezcharles@example.net,2025-09-24
7762,Austin,Young,Nigeria,827.723.8578x056,jessica33@example.com,2023-09-21
7763,Patty,Williams,Gambia,001-432-339-9480,yhart@example.com,2021-10-22
7764,John,Martin,Saint Vincent and the Grenadines,001-519-989-4526x2111,megantucker@example.net,2021-05-05
7765,Wesley,Moreno,Canada,+1-341-224-7453x2642,joshuagreen@example.com,2025-06-09
7766,Alexander,Williamson,British Virgin Islands,001-379-364-8234,rileyjulia@example.org,2023-03-27
7767,Sara,Perry,Palestinian Territory,616-934-4704x0649,barronkathleen@example.com,2021-09-27
7768,Stefanie,Edwards,Niger,(602)884-7714x338,hamiltontammy@example.com,2025-04-08
7769,Susan,Williams,Korea,435.963.6083x363,clifford24@example.org,2025-07-04
7770,Marcus,Jackson,Jordan,(464)839-5041,rbruce@example.net,2024-10-12
7771,Bailey,Bates,Argentina,7039205568,dmorgan@example.net,2024-03-07
7772,Benjamin,Contreras,Anguilla,489.397.4514x8027,fuentesjason@example.org,2025-05-04
7773,Allen,Moore,Swaziland,(865)820-8094,hartlarry@example.com,2022-02-03
7774,Dalton,Shelton,Libyan Arab Jamahiriya,001-247-573-1960x03496,charlesyoung@example.org,2024-06-11
7775,Travis,Burton,Pakistan,3175653931,armstrongelizabeth@example.org,2022-02-26
7776,Jessica,Wilson,Bermuda,(495)660-0202x848,heatherperkins@example.org,2020-04-04
7777,Michael,Thomas,Greenland,714.488.4443x2132,wdavis@example.net,2021-11-19
7778,Kylie,Browning,Costa Rica,410.209.3825x53806,caleb40@example.org,2024-05-27
7779,Nichole,Boyd,Eritrea,+1-498-228-1155,edwardmurray@example.org,2023-11-21
7780,Scott,Weber,Brunei Darussalam,(936)462-8749,pattersonroger@example.org,2025-05-11
7781,Joel,Williams,United Arab Emirates,+1-809-938-1742,garymendoza@example.com,2025-04-05
7782,Colleen,Graham,Estonia,630.544.7647,louisfrench@example.org,2024-08-09
7783,Michael,Thomas,Latvia,437-986-4245,lozanostephanie@example.org,2022-12-17
7784,Scott,Meza,Lebanon,(245)735-3913,meltonjoshua@example.net,2023-05-12
7785,Jonathan,Andrews,Timor-Leste,001-305-953-4801x4827,williamsnoah@example.com,2021-06-18
7786,Deborah,Black,Bouvet Island (Bouvetoya),+1-590-543-6184,victor91@example.org,2020-10-23
7787,Heather,Williams,Rwanda,741.630.4187x6416,manuel66@example.com,2023-04-28
7788,Lindsay,Blackwell,Comoros,(798)336-0898,david74@example.org,2020-07-14
7789,Linda,Hendrix,Gibraltar,768.244.1985x93514,moorejames@example.net,2025-01-14
7790,Jessica,Prince,Afghanistan,001-458-965-7067x1151,adkinsdoris@example.net,2023-06-25
7791,Penny,Elliott,Morocco,+1-504-389-3723x4900,lindaadams@example.org,2024-02-25
7792,Raymond,Grant,Cambodia,+1-509-381-5674x724,lisadunn@example.org,2022-05-30
7793,Sharon,Hughes,Cuba,244-431-7152,sullivantheresa@example.org,2020-05-04
7794,Alec,Dominguez,Sierra Leone,776-985-9802x2009,melissafoster@example.org,2020-08-17
7795,David,Beck,Cape Verde,289-905-5681x33275,melissalopez@example.net,2024-12-21
7796,Brian,Ball,Honduras,001-302-989-3256x61538,daviskevin@example.com,2023-06-30
7797,Patrick,Mitchell,British Indian Ocean Territory (Chagos Archipelago),001-815-648-6808x000,lwashington@example.com,2022-06-13
7798,Lauren,Keith,Bahamas,3528476501,petersondeborah@example.net,2020-11-11
7799,Anthony,Mendoza,Cameroon,912.691.6346,narnold@example.com,2020-12-21
7800,Erik,Martin,Tuvalu,751.663.4725x606,josephsmith@example.net,2021-07-25
7801,Scott,Bowen,Ethiopia,9652205752,uwebster@example.org,2021-06-16
7802,Sandra,Ortega,Denmark,6247222741,powellchristopher@example.org,2025-05-18
7803,Nancy,Martinez,Swaziland,001-595-407-8662x85449,nspencer@example.org,2022-12-02
7804,Debra,Gomez,Dominican Republic,552.404.1681x39639,jpotter@example.net,2023-01-13
7805,Robert,Singleton,Antarctica (the territory South of 60 deg S),+1-433-774-8333,brendaanderson@example.com,2024-08-30
7806,Michelle,Rich,Northern Mariana Islands,(574)734-8817x6415,dfernandez@example.org,2025-10-12
7807,Sara,Burnett,North Macedonia,(203)596-0399x505,meltonrobert@example.com,2024-12-09
7808,Christopher,Hawkins,Heard Island and McDonald Islands,769-269-1447,robertbowman@example.com,2022-02-25
7809,Kenneth,Freeman,Mozambique,(662)923-0012x68449,tmorris@example.com,2023-09-12
7810,Jeffrey,Richardson,Heard Island and McDonald Islands,001-547-410-4368x30258,dweber@example.org,2025-10-14
7811,James,Little,Malta,(240)584-2552,greenjoyce@example.org,2020-03-30
7812,Sandra,Cox,Micronesia,(926)673-0316x272,mollyramirez@example.org,2020-05-27
7813,Jennifer,Ball,Aruba,+1-661-902-4500x909,haleyrosario@example.net,2021-05-19
7814,Lisa,Hall,San Marino,350.843.9372,jeffrey09@example.com,2021-02-19
7815,Diane,Thomas,Cuba,(931)844-5327x7481,ncarter@example.org,2023-04-16
7816,Keith,Manning,Russian Federation,(573)651-6232,cameronschwartz@example.org,2020-09-27
7817,William,Cohen,Isle of Man,975.576.8846x4523,william09@example.com,2025-07-20
7818,Amy,Lewis,Sweden,001-540-662-1793x43519,howardgonzalez@example.com,2020-09-05
7819,Jose,Brock,Swaziland,322.325.0136,robert81@example.com,2024-03-24
7820,Robert,Stone,Christmas Island,+1-957-304-6152x1699,parkerlisa@example.net,2021-11-06
7821,Janice,Martinez,Pakistan,+1-200-330-7434x2050,douglas50@example.com,2020-03-18
7822,Keith,Kelly,Palau,358-465-7735x38830,starkcraig@example.com,2021-09-15
7823,Benjamin,Harris,Antarctica (the territory South of 60 deg S),679.258.9723x75917,pdavis@example.net,2023-09-11
7824,Alexander,Martinez,Guam,457-373-3888,whitechristopher@example.com,2020-03-01
7825,Scott,Collins,Singapore,6526196406,millerangela@example.org,2026-02-08
7826,Latasha,Harris,Italy,458.642.2420x19779,martinfranklin@example.org,2025-11-07
7827,Barbara,Oneill,China,382-308-6850x609,sara97@example.org,2022-10-16
7828,Crystal,Miller,Guatemala,001-222-885-5007x321,harrisjared@example.org,2025-10-05
7829,Dana,Lewis,Czech Republic,809-756-0965,richardsonrebecca@example.com,2023-10-12
7830,Julia,Delgado,Canada,(223)476-4376x8346,fsandoval@example.net,2026-01-13
7831,Jason,Liu,Morocco,5952353119,raymond18@example.org,2023-07-18
7832,Ashley,Medina,Bhutan,+1-952-219-2148,lreyes@example.com,2020-07-09
7833,Tara,Baker,Niger,6214704617,meyererin@example.net,2025-11-10
7834,Jose,Krause,French Polynesia,327-371-6584x6625,rubenherrera@example.com,2021-07-04
7835,Henry,Bright,Belgium,+1-470-835-0871x46447,gracebrooks@example.com,2021-06-28
7836,Jesse,Hunter,Ecuador,432-928-9758x1160,alexandraward@example.com,2020-10-03
7837,Rachel,Liu,Tanzania,508-886-5888x01522,michaelsimpson@example.com,2020-05-14
7838,Kevin,Glover,Barbados,001-311-359-3784,anelson@example.com,2020-06-10
7839,Jessica,Wilson,Libyan Arab Jamahiriya,+1-965-850-8853x201,ltorres@example.org,2022-12-31
7840,Kevin,Levy,Monaco,001-977-389-0327x5107,ykane@example.org,2024-04-14
7841,Teresa,Phelps,Singapore,384-380-6820,colemanjennifer@example.org,2022-12-30
7842,Jennifer,Lopez,Guadeloupe,(987)701-3006x4266,david43@example.net,2021-03-04
7843,Jennifer,Rios,Turkmenistan,(796)561-5028x5035,edwardsveronica@example.net,2020-09-29
7844,Brittany,Sanchez,Armenia,+1-331-948-2949x4526,patricia67@example.org,2024-08-29
7845,Jennifer,Lewis,Slovenia,+1-767-514-7517x1707,xstephens@example.com,2024-06-06
7846,Steven,Farmer,Jordan,001-551-927-9305,powersolivia@example.org,2025-03-03
7847,Christopher,Wolfe,Philippines,2332619106,wkent@example.com,2023-10-16
7848,Kimberly,Johnson,Holy See (Vatican City State),(233)216-8183,meredith84@example.org,2020-08-15
7849,Stephanie,Miller,Suriname,240-992-1337,clarkdaniel@example.net,2021-12-18
7850,Thomas,Lopez,Pitcairn Islands,001-594-703-8853x3310,panthony@example.org,2026-02-16
7851,Edward,Smith,Tuvalu,9368514851,qcochran@example.net,2024-12-20
7852,John,Hicks,Jordan,363-762-5624x730,murphydenise@example.org,2021-04-08
7853,Michael,Forbes,Mayotte,401.502.3534x17446,charlesjones@example.net,2023-02-02
7854,Janet,Hester,Tuvalu,001-203-363-0248,ashley69@example.org,2022-06-09
7855,Gabriella,Hanson,Tuvalu,236-507-7183,margaret07@example.org,2024-02-19
7856,Raymond,Johnson,Sudan,+1-297-287-0496x92268,stevemoyer@example.net,2020-03-02
7857,Brian,Porter,Moldova,221-650-9253x72952,sharon13@example.com,2020-06-08
7858,Cody,Mclean,Norfolk Island,690.598.2981x92120,ogomez@example.com,2022-07-28
7859,Jose,Wyatt,Brazil,(503)529-1135x4661,ssutton@example.org,2023-10-05
7860,Elizabeth,Parker,Benin,288-402-0171x1740,justinwarren@example.com,2022-02-09
7861,Holly,Rowe,Yemen,604.865.7144,hannah99@example.com,2022-05-03
7862,Jesse,Sullivan,Latvia,+1-232-957-7324x12606,daniellepreston@example.com,2021-12-19
7863,Harry,Johnson,Korea,(808)698-8134x21051,mejiaellen@example.com,2023-07-01
7864,Joseph,Ortiz,Namibia,(236)344-1969,rparker@example.com,2025-01-03
7865,Charles,Crawford,Estonia,+1-671-616-2721x90137,alexander85@example.net,2024-03-14
7866,Michael,Morales,Argentina,(554)381-3916,nmedina@example.com,2025-07-05
7867,Joann,Duncan,Comoros,(916)696-6221x277,lisa92@example.org,2021-09-24
7868,Natalie,Garcia,Papua New Guinea,001-220-767-2899x18072,gdunn@example.com,2025-10-06
7869,Cynthia,Goodwin,Norfolk Island,2409884194,ysanders@example.org,2020-09-07
7870,Joshua,Harrell,Nicaragua,790-506-4600x66904,usmith@example.net,2021-09-13
7871,Alexander,Jennings,French Polynesia,(594)512-0179,janice52@example.com,2025-06-24
7872,Alexander,David,Saint Helena,768-675-7922x0029,qgonzales@example.org,2022-05-06
7873,Jerry,Murphy,Djibouti,+1-282-897-1139x3710,courtneysmith@example.org,2022-02-06
7874,John,Taylor,Burundi,(795)305-0569,kimberly73@example.net,2020-12-11
7875,Lindsey,Lewis,Zimbabwe,001-666-680-9828x08324,erinesparza@example.com,2020-06-12
7876,Anthony,Guzman,Serbia,557-721-8472,kellyryan@example.net,2020-10-08
7877,Shawn,Goodwin,Ireland,3056620006,theresa43@example.org,2022-08-27
7878,Vickie,Smith,Micronesia,+1-420-692-1610,rwilliams@example.net,2023-08-17
7879,Tyler,Young,Guinea,5777898679,fhiggins@example.net,2026-02-27
7880,Veronica,French,American Samoa,620-623-2458x3453,cthornton@example.net,2024-05-05
7881,Debra,Barber,Kiribati,866-912-3425,erin71@example.org,2021-03-05
7882,Wendy,Edwards,Heard Island and McDonald Islands,(326)926-4948x43251,brettbrowning@example.net,2021-03-26
7883,David,Patel,Cook Islands,582.562.5968,ashleycain@example.net,2022-01-06
7884,Melissa,Rivera,Norfolk Island,001-258-912-2702x65873,hmorris@example.net,2023-10-28
7885,Robert,Robinson,Mauritius,692.639.3895,kristengarcia@example.org,2023-04-22
7886,Crystal,Carpenter,Guam,727-209-6666,poconnor@example.org,2026-02-02
7887,Joseph,Bass,Togo,+1-616-924-2618x52448,adrian49@example.org,2022-02-18
7888,Sheila,Obrien,Honduras,524.331.7570x7333,bschneider@example.org,2022-06-06
7889,Amy,Holmes,Argentina,508.548.9081x131,douglasjones@example.net,2023-06-28
7890,John,Johnson,Malaysia,627.659.0790x157,ryanmiller@example.com,2024-09-24
7891,Justin,Cooper,Japan,(675)893-6484x6720,ptorres@example.com,2021-12-19
7892,Michael,Glenn,French Polynesia,790.343.0433,joannesmith@example.net,2025-05-01
7893,Brandon,Phillips,New Caledonia,001-971-252-2269x505,ramirezkelly@example.org,2021-06-16
7894,Heather,Crane,Zimbabwe,845-559-6650,amandajackson@example.com,2020-09-08
7895,Patrick,Lloyd,United Arab Emirates,+1-329-803-7644x14407,keithwilson@example.net,2020-06-28
7896,Natalie,Ruiz,Greece,990.699.4423,yfranklin@example.com,2026-01-09
7897,Kevin,Love,Tuvalu,276-222-0822,jennifer43@example.org,2023-09-25
7898,Joseph,Smith,Bolivia,399-557-4501x54910,deborahfuller@example.com,2021-04-19
7899,Anthony,Flowers,Indonesia,912-524-2669x475,fstewart@example.org,2020-08-02
7900,Wanda,Weiss,Canada,+1-330-252-9891x0643,xwalker@example.org,2022-04-17
7901,Larry,Sanders,Bouvet Island (Bouvetoya),001-625-730-3488x702,justin62@example.net,2021-03-18
7902,Natalie,Brown,Sudan,7294778513,travis83@example.org,2023-10-24
7903,Chelsey,Lewis,Russian Federation,223-961-0940x556,tiffany06@example.org,2025-09-18
7904,Cheryl,Foster,Aruba,392-643-1337,jeffrey10@example.com,2023-10-19
7905,Marcus,Haynes,Poland,613.855.1658x43019,ledeanna@example.org,2021-02-05
7906,Aaron,Santana,French Guiana,783.706.1886,hoffmanmegan@example.com,2022-07-17
7907,Catherine,Reeves,Taiwan,+1-615-815-2026x67645,russell01@example.com,2021-06-06
7908,Karen,Hernandez,Bahrain,(582)579-7721x05616,iphillips@example.org,2022-03-31
7909,Jennifer,Smith,Micronesia,+1-630-209-0087x08437,nicholascosta@example.com,2022-07-14
7910,Joseph,Smith,Grenada,(203)628-5553,bruiz@example.net,2022-06-25
7911,Mark,Bennett,Nigeria,3336906288,thomasmoore@example.net,2026-01-12
7912,Daniel,Jacobs,Puerto Rico,+1-564-333-7114,marcus96@example.org,2020-07-01
7913,Anthony,Walker,Denmark,+1-892-711-1037x62486,william43@example.com,2025-06-13
7914,James,Bolton,British Virgin Islands,973-505-9476x44374,robertramsey@example.com,2023-05-24
7915,Barbara,Roman,Greece,256.956.6580x87561,qclark@example.org,2022-07-11
7916,Stephanie,Griffin,Norway,428-558-1763,vcarson@example.com,2022-09-26
7917,Elizabeth,Dawson,Lithuania,681-651-4827,jennifer20@example.net,2021-04-25
7918,Desiree,Nixon,Sao Tome and Principe,001-986-655-8511x7412,kayla11@example.org,2020-08-04
7919,Michael,Cunningham,Ethiopia,699.382.3281x32720,brownjoanna@example.org,2022-01-24
7920,Debra,Anderson,Azerbaijan,(848)855-8743x435,kenneth67@example.org,2023-10-28
7921,Kendra,Stephenson,Vanuatu,+1-858-329-2222x5237,uyoung@example.org,2021-12-26
7922,Clifford,Tapia,Norway,584-364-2081x685,bellshannon@example.org,2024-09-03
7923,Felicia,Jones,Swaziland,001-238-993-2843,keith41@example.com,2022-11-14
7924,Kayla,Park,Oman,001-392-484-7624x07256,terrellkayla@example.org,2024-09-18
7925,Christy,Davis,Serbia,270.241.8909x9895,gabriella41@example.org,2020-12-26
7926,Randy,Alvarado,Argentina,568.919.0270,stevenmolina@example.com,2022-03-18
7927,Wendy,Perez,Jersey,763.882.5273x64992,belljoshua@example.org,2024-04-12
7928,James,Peterson,French Polynesia,001-521-649-4624x0674,robertsnicole@example.com,2022-03-27
7929,John,Cabrera,Uruguay,690.402.5041x715,boonemichael@example.com,2020-06-02
7930,Jessica,Daniel,New Zealand,001-766-420-9354x738,hickstaylor@example.org,2022-08-22
7931,James,Riley,Samoa,001-668-278-1097x77074,briansalinas@example.net,2022-06-06
7932,Alejandro,Hardy,United States of America,001-809-861-7517x8669,stacey05@example.com,2022-10-19
7933,Matthew,Peterson,Russian Federation,920-216-0615x5217,adriennesolis@example.org,2024-10-23
7934,Russell,Brooks,Libyan Arab Jamahiriya,447.942.6878,taylor57@example.net,2021-02-26
7935,Brenda,Murphy,Bangladesh,616.409.8702x980,frostsherry@example.net,2026-01-19
7936,Ronald,Martin,Martinique,001-965-289-7944x184,scottlopez@example.org,2022-10-24
7937,Andrew,Williams,Micronesia,7774831467,sandracarroll@example.net,2024-12-02
7938,Joshua,Durham,Kyrgyz Republic,4835905258,stephen36@example.org,2025-09-24
7939,Steve,Miller,Haiti,419-635-2832x51135,daniel02@example.com,2021-03-27
7940,Janet,Shaffer,Christmas Island,530.227.7410,elizabethmiller@example.net,2023-02-10
7941,Helen,Hill,Hong Kong,536-627-3002x90939,kathryn12@example.net,2024-07-02
7942,Tonya,Williams,Algeria,7938709372,jenniferhicks@example.net,2021-01-30
7943,Jennifer,Turner,Russian Federation,469.675.1078x7870,websterjacqueline@example.net,2024-10-22
7944,James,Allen,Guernsey,(685)576-4669,anthonyfry@example.com,2025-10-09
7945,John,Walker,Bermuda,001-366-878-1840x07248,elizabethvance@example.net,2021-06-09
7946,April,Osborn,Hong Kong,846-255-0767x4430,dana00@example.net,2024-06-05
7947,Jason,Reed,Belize,2812140683,michaela69@example.com,2022-03-20
7948,Angela,Blackburn,Mayotte,393-286-5025x08269,melanie59@example.com,2020-04-15
7949,Kelly,Padilla,Albania,(686)502-9643x97060,brianahaney@example.org,2024-02-28
7950,Kim,Sharp,Montserrat,+1-807-467-7121,llong@example.net,2023-06-16
7951,Bethany,Beck,Cote d'Ivoire,001-889-906-4771,michellejones@example.net,2020-04-23
7952,Timothy,Weber,Greece,001-254-437-1262,james52@example.com,2024-08-21
7953,Kenneth,Miller,Mozambique,001-470-380-0305,clarkkevin@example.net,2024-10-17
7954,Dana,White,Belize,+1-701-812-6287x94464,markpowers@example.org,2024-06-24
7955,Cynthia,Moreno,British Indian Ocean Territory (Chagos Archipelago),001-327-451-4296x2201,tonymartinez@example.net,2024-06-19
7956,Lisa,Turner,Brunei Darussalam,001-747-332-7051x784,brandonleblanc@example.net,2022-12-01
7957,Casey,Spencer,Paraguay,(212)984-5205x3664,curtissheila@example.org,2021-07-23
7958,Andrea,Thomas,United Kingdom,+1-430-368-0463,santosamber@example.net,2022-10-30
7959,Paul,Rhodes,France,+1-244-522-1246x1944,vbauer@example.com,2021-02-28
7960,Pamela,House,Turks and Caicos Islands,222-541-9751x1953,martinelizabeth@example.com,2025-10-26
7961,Douglas,King,Nigeria,+1-860-381-3728,thomas81@example.net,2022-12-10
7962,Andrew,Newton,Barbados,(535)396-8933,richard16@example.com,2022-08-25
7963,Catherine,Collins,Morocco,+1-457-555-5411,jamieedwards@example.com,2022-01-11
7964,Kevin,Warner,Angola,875.563.9237x0040,jerryjohnson@example.net,2022-10-12
7965,Beth,Mendez,Belgium,001-959-862-8322x21667,danielwilliams@example.org,2026-02-26
7966,Lynn,Davis,Tuvalu,(773)728-9744x91823,jasontaylor@example.com,2020-01-11
7967,Hayley,Dawson,South Africa,8485170076,simmonsmorgan@example.com,2025-11-13
7968,Alexis,Mcdonald,Senegal,+1-923-868-7842x15801,brandonkennedy@example.net,2021-04-22
7969,Nichole,Paul,Burundi,(460)636-3766,krich@example.net,2023-08-12
7970,Lance,Butler,Guinea-Bissau,(493)694-0042x6331,tonya09@example.org,2020-04-22
7971,Renee,Thomas,New Caledonia,276-904-1750,kimfleming@example.com,2022-02-05
7972,James,Chen,South Africa,+1-512-797-2891,anita05@example.net,2020-12-17
7973,Stephen,Hansen,Pitcairn Islands,+1-710-674-4393,christian99@example.net,2021-01-20
7974,Laura,Edwards,Cambodia,804.550.0556,istephens@example.org,2024-08-27
7975,Nicole,Campbell,Nauru,7074940573,whitetimothy@example.com,2025-10-10
7976,Phillip,Welch,Botswana,+1-419-368-3182,traci66@example.net,2025-12-01
7977,Andrew,Ross,Czech Republic,(453)723-7276x60835,wendy04@example.org,2024-04-29
7978,Christy,Allison,Ireland,322.920.2233,sheriellis@example.com,2024-07-06
7979,Heather,Johnson,Lesotho,219.783.0274,akrueger@example.com,2021-01-05
7980,Julie,Miller,Greece,814-543-9324,hernandezjames@example.com,2020-08-06
7981,Zachary,Smith,Tokelau,633-223-2057x6851,jerryharding@example.org,2020-04-02
7982,Melanie,Fisher,Paraguay,+1-610-425-5767x12119,rachelbradley@example.org,2024-07-09
7983,Jeffery,Munoz,Spain,(278)970-2629x5677,dianeallen@example.org,2021-01-05
7984,Juan,Carney,Bulgaria,338.497.2068,dhuff@example.net,2021-05-01
7985,Kara,Stone,Brunei Darussalam,(515)509-1905,steven26@example.com,2023-01-03
7986,Susan,Thompson,North Macedonia,383-719-1781,michael64@example.com,2025-09-24
7987,Anthony,Fuller,Lithuania,641.317.1136x059,hdougherty@example.org,2025-07-08
7988,Matthew,Lopez,Benin,(235)729-1040x060,masonnicole@example.org,2023-12-10
7989,Robert,Gonzales,Northern Mariana Islands,(425)606-7970,mooregerald@example.org,2026-02-15
7990,Victoria,Craig,Israel,743.901.7279x72225,ingrammichael@example.org,2024-08-18
7991,Michael,Allen,Mauritius,332-587-6600x98061,laurenleon@example.org,2021-02-24
7992,Brandon,Robinson,Northern Mariana Islands,764.405.5922x3555,nvance@example.com,2022-04-01
7993,Richard,Frazier,Dominica,6826959352,bmartin@example.org,2023-05-03
7994,Joshua,Ford,San Marino,3573747465,andrewmoreno@example.org,2025-05-12
7995,Mathew,Crane,Mozambique,(416)476-1577x62362,amandaramos@example.net,2022-05-31
7996,Heather,Romero,Sudan,739-327-1028,apriladams@example.net,2020-11-20
7997,Nathan,Mcdowell,Syrian Arab Republic,361-430-4779x665,shawn72@example.net,2021-01-21
7998,Jesus,Stone,Hungary,981.977.3925x276,jennifer36@example.org,2023-09-07
7999,Alejandro,Holt,Jamaica,615-284-9650x69306,reedpaula@example.net,2022-10-12
8000,Scott,Gomez,Taiwan,+1-227-807-8388x9576,christopher54@example.com,2025-03-04
8001,Vanessa,Willis,Puerto Rico,+1-970-813-6241x8430,heidifleming@example.com,2023-04-02
8002,Joseph,Douglas,Greece,750.545.7760,daniel62@example.com,2023-10-20
8003,Cheryl,Baker,Equatorial Guinea,(899)636-4611,lweber@example.com,2025-05-01
8004,Dwayne,Hughes,Mongolia,(454)368-8842x5937,dustin18@example.org,2020-01-05
8005,Karen,King,Czech Republic,577-846-8659x711,stevencantrell@example.org,2023-12-20
8006,Anthony,Jones,Andorra,001-685-799-2471x432,masonsteven@example.net,2023-12-01
8007,Diana,Carter,Tonga,001-838-640-7108x324,wendy01@example.net,2021-05-01
8008,Lauren,Bender,Grenada,001-831-520-0594,hughesjennifer@example.org,2025-10-31
8009,Robin,Mays,Cuba,001-879-946-7837,nathanielphelps@example.com,2025-03-25
8010,Emily,White,Bahamas,+1-988-217-3648x692,zvaughn@example.com,2021-08-19
8011,William,Padilla,Wallis and Futuna,634-393-8253,richard86@example.org,2026-01-27
8012,Rita,Wolf,Korea,672.545.8245,dhouse@example.org,2021-12-05
8013,Sarah,Stone,Chile,839.281.9436x5478,helenli@example.org,2025-08-25
8014,Robert,Torres,Solomon Islands,+1-620-749-3172x003,ashleybennett@example.org,2026-01-02
8015,Ann,Johnson,New Caledonia,+1-511-409-4764,beverlyrodriguez@example.org,2021-12-07
8016,Shelby,Anderson,Venezuela,(567)730-9424x40979,autumnduran@example.org,2022-09-04
8017,Eric,Baker,Reunion,(556)372-9154,greenlisa@example.org,2020-04-27
8018,Ruth,Mahoney,Canada,(985)383-5278,michaelmccarty@example.org,2024-11-12
8019,Sarah,Morris,Indonesia,(507)554-9607x0156,martinezlaura@example.net,2021-06-10
8020,Mark,Sherman,Canada,846.351.2595x139,carterelizabeth@example.com,2022-10-04
8021,Todd,Velasquez,Bolivia,(445)958-6473x370,wosborne@example.net,2023-12-02
8022,Robert,Buchanan,Gibraltar,+1-999-406-4145x60439,gwilson@example.org,2021-04-28
8023,Daniel,Davis,Haiti,665-707-8353x08073,drussell@example.com,2023-10-20
8024,David,Stevens,Cambodia,(627)654-2194x9691,christine60@example.net,2024-04-26
8025,Henry,Jones,Serbia,451-624-1439x6762,tdawson@example.net,2023-06-23
8026,Aaron,Lyons,Niger,(810)882-8781,eugene36@example.org,2021-04-21
8027,Sharon,Jackson,Mauritius,774.951.3363x361,brandon97@example.net,2021-12-17
8028,Scott,Schmidt,Saint Pierre and Miquelon,429.206.4721,millschris@example.net,2021-11-27
8029,Lisa,Jones,Pakistan,(690)447-7904,bpowell@example.net,2025-12-12
8030,Beth,Willis,Ethiopia,(959)252-1248,zbryant@example.com,2024-06-06
8031,Kevin,Wilson,Chile,967-404-8777,gburke@example.org,2023-12-16
8032,Candice,Hoffman,Malawi,(517)978-0621x1652,mayjames@example.net,2023-02-02
8033,Brandon,Johnson,Kuwait,(459)724-4394,ryanconley@example.net,2021-05-26
8034,Felicia,Walker,Ukraine,838.419.9003x27542,gomezalexander@example.org,2023-09-20
8035,Travis,Burgess,Jersey,(897)266-9338x830,mcintoshroberta@example.com,2025-03-24
8036,Charles,Atkins,Christmas Island,001-455-924-5627x4488,james99@example.org,2024-07-12
8037,Ashley,Gilmore,Albania,+1-806-850-3628x32595,ronald58@example.com,2022-08-24
8038,John,Sanchez,Burkina Faso,+1-711-964-8790x50535,davidguerra@example.com,2023-10-06
8039,Jonathan,Wiggins,Lesotho,+1-701-966-1346x44001,laurie11@example.net,2024-08-07
8040,Brian,Anderson,Cape Verde,4396458497,mmendoza@example.org,2020-07-24
8041,Nathaniel,Cummings,South Georgia and the South Sandwich Islands,6229601939,vmartinez@example.com,2024-12-07
8042,Catherine,Hernandez,Heard Island and McDonald Islands,(644)912-4979x184,rnielsen@example.com,2025-03-14
8043,Antonio,Taylor,Cuba,3799281853,walshjoe@example.org,2024-10-05
8044,Lisa,Fleming,Malawi,001-662-266-9013,uholmes@example.com,2022-10-02
8045,Carolyn,Chapman,Jordan,(988)367-0234,jackson92@example.org,2020-07-25
8046,Alexis,Moreno,French Southern Territories,5037062517,samanthablackburn@example.org,2022-04-04
8047,Natalie,Phillips,Belarus,379.310.1121,moorejames@example.net,2025-05-27
8048,Antonio,Martinez,Saint Barthelemy,+1-661-410-9558,bryantmichael@example.org,2026-02-26
8049,James,Smith,Finland,458-377-8829x05907,ryanrice@example.net,2021-10-14
8050,Meagan,Simon,United States Minor Outlying Islands,(516)865-5043,pgomez@example.org,2021-12-03
8051,Nancy,Williams,Malta,(801)262-0841x26633,amoody@example.org,2024-09-01
8052,Paige,Kramer,Guinea-Bissau,+1-549-222-7052,leonvictor@example.org,2021-10-11
8053,Kayla,Ewing,Saint Barthelemy,514.677.9437x596,omarsh@example.com,2024-06-02
8054,Michelle,Tucker,French Guiana,522-720-0821,haleydougherty@example.net,2025-12-02
8055,Jennifer,Mann,Lebanon,+1-380-337-2228x825,allenalicia@example.com,2025-11-05
8056,Heather,Moran,Italy,4752921416,craigcook@example.com,2020-08-24
8057,Melissa,Johnson,Fiji,(234)249-5283,johnsondaniel@example.com,2022-06-21
8058,Ashley,Andrews,Egypt,+1-912-313-4789x56637,amandajohnson@example.com,2022-03-11
8059,Melissa,Dalton,Marshall Islands,(999)242-9405x877,uallen@example.net,2023-07-06
8060,Lori,Davis,Japan,001-225-781-8146x04631,ucruz@example.org,2020-04-19
8061,Vickie,Dixon,French Guiana,+1-215-854-1147x80010,morrismichael@example.org,2020-10-02
8062,Nicholas,Peterson,El Salvador,001-298-886-7741x8867,sellersnicholas@example.org,2022-02-19
8063,Laurie,Banks,Taiwan,794-325-0389x381,elliottrenee@example.com,2021-06-23
8064,Michael,Griffith,Nicaragua,(252)374-0704,cgay@example.org,2025-02-22
8065,Alice,Williams,Guernsey,001-897-868-2996x96245,arose@example.org,2020-10-26
8066,Teresa,Guerra,Zambia,(319)252-7598x7663,david08@example.org,2022-08-23
8067,Jaime,Miller,Bangladesh,(992)557-9964,michael18@example.com,2020-08-27
8068,Tony,Nguyen,Norfolk Island,3159875104,dlewis@example.net,2022-05-14
8069,Christina,Steele,Bosnia and Herzegovina,8809326182,philipmiller@example.org,2023-04-17
8070,Gail,Lawson,Croatia,001-684-920-2566x7854,davidbarajas@example.net,2025-08-26
8071,Christopher,Jones,France,(995)459-8907,sotomark@example.net,2023-10-17
8072,Megan,Collins,Denmark,(692)309-5994,brandon24@example.net,2020-11-18
8073,Shannon,Wilson,Slovakia (Slovak Republic),(411)538-4886,proctorelizabeth@example.org,2021-09-15
8074,Matthew,Bowers,New Zealand,3358043752,blakereyes@example.net,2025-07-07
8075,Chelsea,Newton,Czech Republic,407-622-2477x5368,ashley38@example.net,2025-08-22
8076,Anna,Lewis,Mayotte,486.279.8671x1280,pearsonstephen@example.com,2020-11-25
8077,Katie,Wilson,Peru,(350)267-0980,simpsondonna@example.com,2023-08-07
8078,Eddie,Cook,Christmas Island,809-603-9895,craig79@example.com,2021-04-17
8079,Bryan,Sanders,San Marino,+1-901-589-4468x927,rtaylor@example.com,2025-06-08
8080,Austin,Jennings,Tokelau,+1-790-437-2724x4906,dustin57@example.net,2020-07-29
8081,Evan,Flores,Papua New Guinea,001-365-854-4211x559,nkelly@example.org,2024-03-24
8082,Jason,Watkins,Colombia,001-968-367-8541x290,whitakercaitlin@example.net,2024-07-17
8083,Scott,Cooper,Israel,(901)244-1970,georgeshepard@example.org,2023-07-29
8084,Michael,Anderson,Oman,+1-565-934-7036x2373,jennifergarcia@example.org,2022-11-06
8085,John,Jackson,Belize,+1-259-217-0802x6194,christopher97@example.com,2021-05-21
8086,Miranda,Kelly,Tonga,(959)660-6830x746,warnold@example.com,2023-02-08
8087,Scott,Vazquez,Tajikistan,(487)937-1346x168,leslie73@example.com,2022-11-10
8088,Jade,Gamble,Chad,(388)299-7732x05227,jessicaporter@example.org,2020-06-04
8089,Justin,Hernandez,Somalia,(535)217-4738x6133,enelson@example.net,2022-01-14
8090,Krystal,Mullins,Estonia,(976)857-1146x0615,wbrewer@example.net,2022-11-16
8091,Heather,Lopez,Netherlands Antilles,+1-883-712-9762,kathy75@example.org,2024-11-08
8092,William,Estrada,Bhutan,896.965.1060,william69@example.org,2022-06-09
8093,Jeffrey,Williams,Benin,+1-719-329-3340x0807,leslie60@example.org,2022-06-24
8094,Philip,Butler,Iraq,(903)830-1141x023,parkerbonnie@example.net,2020-11-11
8095,Anne,Simmons,New Zealand,(363)409-5023x28872,hendersonjohn@example.com,2023-07-08
8096,Kathryn,Williams,Holy See (Vatican City State),001-452-542-3898x300,reesedonald@example.org,2024-09-03
8097,Erin,Gray,Burundi,775-384-7818x1948,ereese@example.org,2025-11-08
8098,Abigail,Bartlett,Solomon Islands,+1-914-505-4222,codyrivera@example.org,2020-08-02
8099,Taylor,Owens,Iceland,+1-775-332-7971x7077,matthew77@example.org,2021-10-24
8100,Anthony,Gomez,Iraq,+1-225-273-6599x6580,brittneybarton@example.com,2024-08-21
8101,Ellen,Thompson,Sierra Leone,001-221-273-1807x7270,jrodriguez@example.com,2020-10-30
8102,Jason,Johnson,Guatemala,983.236.1797x713,tiffany57@example.com,2023-11-26
8103,Ronald,Oneill,Malta,(389)213-9396,mmunoz@example.com,2021-01-11
8104,Nicole,Campbell,Switzerland,413-536-2145,margaretturner@example.org,2024-01-14
8105,Leah,Murphy,Niue,530-278-7663x2403,murphykaitlyn@example.com,2023-07-23
8106,Jenna,Valenzuela,Algeria,211.677.1282x8974,dawnjones@example.net,2024-08-25
8107,Dana,Bennett,Sierra Leone,468-277-4554x1178,znguyen@example.com,2023-09-07
8108,Jonathan,Phillips,Guyana,333-710-5014,pthompson@example.com,2021-09-03
8109,Catherine,Cooper,Rwanda,+1-359-696-2618,kelly85@example.net,2021-06-15
8110,Maria,Wilkerson,Peru,001-466-431-9504,guerrerojoseph@example.net,2021-02-18
8111,Lisa,Marsh,Bahrain,001-537-957-9350x8690,gbarnes@example.org,2024-12-03
8112,Autumn,Wyatt,Iceland,238-380-6556x615,veronicarosales@example.com,2021-01-12
8113,Jeffrey,Winters,Greenland,659.342.1938x997,pamelatorres@example.org,2022-10-20
8114,Eric,Thomas,Montenegro,720.961.8099x32908,megan41@example.org,2023-05-15
8115,Daniel,Butler,Colombia,+1-722-697-3015x399,sharonharris@example.net,2025-04-20
8116,Michael,Arnold,Bolivia,(259)420-1313x7715,waderodney@example.net,2020-09-07
8117,Sarah,Saunders,Brunei Darussalam,001-267-343-4140x861,haguirre@example.net,2020-07-14
8118,Michael,Peterson,Ireland,669.998.7832,kellywoods@example.net,2022-04-22
8119,Micheal,Kennedy,Djibouti,(254)966-7007,woodjean@example.org,2022-11-05
8120,Kayla,Lynch,Cambodia,569.319.9443,dcole@example.com,2021-06-21
8121,Juan,Lowe,Sudan,+1-403-244-7656x24870,alleningram@example.com,2023-12-24
8122,Whitney,Hill,Sudan,764-395-8923x458,kscott@example.net,2021-01-28
8123,Kathy,Johnson,Niue,(793)488-7851,chaneymarissa@example.net,2022-02-23
8124,Cynthia,Mckenzie,Belgium,252-983-5752x016,ashley45@example.com,2020-02-14
8125,Stephen,Davis,Bahamas,001-858-586-6203x82280,lawrence28@example.com,2020-12-14
8126,James,Park,Jordan,762.248.8086x5603,bmarsh@example.com,2024-08-10
8127,Cody,Fuller,United States Minor Outlying Islands,(625)289-8422x9659,gonzalescharles@example.org,2024-06-30
8128,Danielle,Davis,Heard Island and McDonald Islands,001-260-501-0661x73592,xduran@example.com,2023-12-13
8129,William,Richard,Albania,716.297.9045x673,cheryl82@example.net,2025-04-10
8130,James,Villegas,Tonga,3775370413,sgarcia@example.net,2025-09-12
8131,Joseph,Evans,Netherlands Antilles,(466)653-7777x89920,zbradley@example.net,2021-03-01
8132,John,Mays,Greenland,858.647.2483x789,jacksonalicia@example.net,2025-08-14
8133,Barbara,Mcclain,Bahrain,446.442.4663x1210,truiz@example.net,2022-04-05
8134,Cynthia,Martinez,Denmark,+1-304-623-6929x8821,johnsonchristopher@example.com,2021-02-15
8135,Melissa,Ellis,Swaziland,+1-965-341-1777,katherine39@example.net,2020-10-15
8136,Raymond,Morris,United States of America,4272233078,gavinfrank@example.com,2020-11-11
8137,Corey,Jones,Korea,+1-784-981-2772x757,foxcathy@example.org,2021-06-09
8138,Jason,Smith,Nauru,541.283.4515,alexcox@example.net,2023-10-08
8139,Laurie,Bennett,Turkmenistan,001-389-996-4693,hrobinson@example.org,2021-08-18
8140,Melanie,Strickland,Azerbaijan,501-470-7786x98568,xwilliams@example.net,2025-08-01
8141,Jennifer,Sanchez,Macao,445-955-5460,kathleenwilliams@example.org,2020-12-13
8142,Maria,Andrews,Bangladesh,992-489-1121,amber23@example.org,2024-02-04
8143,Earl,Nelson,Togo,+1-329-231-5184,wilkinslorraine@example.com,2024-01-01
8144,Jessica,Robertson,Guyana,001-382-734-8519x05188,tylerli@example.net,2020-05-29
8145,Brandy,Hicks,Latvia,604-369-5324x261,pettymelissa@example.net,2023-05-24
8146,Jacob,Davis,Argentina,001-602-461-3039x8113,john06@example.net,2023-08-03
8147,Leonard,Hill,Palau,4993937559,pjohnson@example.net,2021-02-16
8148,Lisa,Miranda,Philippines,231-771-0001x4356,nmartinez@example.com,2023-10-16
8149,Holly,Abbott,San Marino,001-279-713-8635x61121,vasquezmichael@example.net,2023-01-13
8150,Ashley,Conway,Tanzania,367-301-7202x30447,michaelkirk@example.org,2021-10-02
8151,Brian,Clark,Vanuatu,347.818.5724x55930,jessica12@example.org,2021-07-04
8152,Jennifer,Vasquez,Gabon,+1-336-595-0516x767,bryanallen@example.org,2023-10-06
8153,Elizabeth,Nunez,Tunisia,+1-484-374-9806x01910,ronald35@example.com,2023-11-08
8154,Leslie,Williams,El Salvador,(645)256-1944,priceolivia@example.net,2020-12-12
8155,Cheryl,Martinez,Antarctica (the territory South of 60 deg S),238.335.4399x342,penny57@example.net,2024-01-07
8156,Alicia,Johnston,Suriname,+1-401-432-1649,pcase@example.org,2020-07-21
8157,Victoria,Gilbert,Brunei Darussalam,+1-573-284-1468x1637,robert32@example.com,2020-08-20
8158,Jennifer,Burgess,Spain,801.435.8142x10710,wigginsveronica@example.net,2021-02-17
8159,Kevin,Bright,China,728.834.6191,stephenskaitlyn@example.org,2021-03-22
8160,Samantha,Young,Poland,(399)429-7088,kimberly29@example.net,2022-04-04
8161,Andrew,Guzman,Dominica,691-376-4055,stewartjacob@example.com,2023-03-08
8162,Anthony,Taylor,Liberia,854.352.3273,xcummings@example.org,2022-03-20
8163,John,Scott,Greece,742.564.4093x237,marthalyons@example.com,2025-03-08
8164,Amy,Hamilton,Guinea,001-468-991-0515x42896,zachary41@example.net,2025-06-01
8165,John,Rodriguez,Vanuatu,(429)708-5285,xgonzalez@example.net,2022-03-18
8166,Lauren,Gonzalez,Malawi,(231)468-6855x538,blake90@example.org,2021-01-02
8167,Alexandra,Lee,San Marino,708-803-0920,joneslisa@example.net,2025-10-08
8168,Kenneth,Kirk,Tonga,(597)233-9441,michael45@example.net,2021-03-31
8169,Jennifer,Morse,Antarctica (the territory South of 60 deg S),983-208-8366,vanessa56@example.com,2021-08-27
8170,Jeremy,Raymond,Bhutan,001-621-886-5257x497,lori18@example.net,2024-01-19
8171,Sharon,Lynch,Luxembourg,+1-634-844-9096,jasonstrong@example.net,2020-09-11
8172,David,Cooper,Bermuda,604.479.9483x070,gnicholson@example.net,2023-06-21
8173,Mary,Thomas,Panama,001-393-232-4737x27919,ellenadams@example.com,2022-07-08
8174,Jeremiah,Stewart,Saint Lucia,(287)762-3848x3961,arthurjones@example.net,2020-03-25
8175,Walter,Edwards,Oman,806-950-4509x20187,kimberly47@example.org,2020-04-27
8176,Virginia,Silva,Australia,752-304-4271x57082,thompsonbrent@example.com,2020-11-21
8177,Michael,Sanchez,Niue,777-514-5680,lisamyers@example.net,2020-10-24
8178,Jose,Becker,Italy,250-985-2031x23984,timothywilson@example.net,2020-04-05
8179,Timothy,Singleton,Monaco,(211)311-3412x3838,anthonyturner@example.org,2023-12-10
8180,Deborah,Morales,Bouvet Island (Bouvetoya),001-497-843-0383x58622,martinezdavid@example.org,2022-09-20
8181,Brian,Rodriguez,Kazakhstan,227-764-0334,lisaberger@example.com,2021-05-31
8182,Andrea,Edwards,Croatia,+1-955-922-5603x33562,thompsonchristian@example.com,2021-09-24
8183,Maria,Davis,Tanzania,578.751.2878x3565,juan36@example.org,2020-12-05
8184,Christine,Green,Niger,(546)952-1969,rryan@example.com,2022-08-23
8185,Jeff,Allen,Macao,9918494679,mark18@example.net,2024-09-17
8186,Robert,Roberson,Luxembourg,374.637.8966,luke16@example.net,2023-09-15
8187,James,Gordon,Saint Lucia,572.513.1832,brownmichael@example.com,2025-09-17
8188,Jared,Moody,Peru,975-276-5938,creyes@example.net,2025-11-15
8189,Michael,Martinez,French Southern Territories,(837)345-9601,katrinawilson@example.com,2024-10-02
8190,Andrew,Alvarez,Guinea,001-602-379-9990x8620,cummingsdaniel@example.net,2020-03-17
8191,Jennifer,Snyder,Guyana,+1-769-545-5934,jennifermartin@example.com,2023-11-14
8192,Lori,Peck,Bermuda,001-373-235-3606x143,olsonkatie@example.org,2024-11-18
8193,Robyn,Herrera,Burundi,988.600.1817,smithtiffany@example.com,2022-05-04
8194,Caitlin,Williams,Saint Barthelemy,4575437293,michaeledwards@example.com,2020-10-17
8195,Joshua,Johnson,Antigua and Barbuda,+1-277-218-2955x248,iphillips@example.org,2022-01-08
8196,Clifford,Mccall,Christmas Island,001-712-246-7752,johnsonrachel@example.com,2025-03-14
8197,Vicki,Oliver,Serbia,+1-223-832-5509,umurphy@example.org,2022-07-28
8198,Rodney,Kirby,Antigua and Barbuda,+1-976-370-4729x872,stacy65@example.net,2024-03-25
8199,Oscar,Kelley,Malaysia,(515)354-2341,louisalexander@example.org,2024-02-22
8200,Derrick,Mitchell,Greece,820-375-6483x2198,hernandezjennifer@example.net,2025-10-18
8201,Carol,Johnson,Jamaica,(782)693-2479x56610,yaguirre@example.org,2023-03-12
8202,Allen,Pace,Nigeria,+1-883-867-5208,herrerapamela@example.net,2023-03-17
8203,Natalie,Wells,Saint Lucia,001-624-728-0107x720,cynthiawilson@example.com,2023-11-20
8204,Maria,Jones,Bahrain,+1-522-223-8890x4766,catherine81@example.org,2024-05-24
8205,Olivia,Brewer,Guinea-Bissau,427-726-7793x57697,iharrison@example.com,2024-04-06
8206,Robert,Clark,United States Minor Outlying Islands,325.923.3082x1271,tamaraturner@example.net,2022-07-29
8207,Allen,Dixon,Reunion,633.924.3636x54113,tgrimes@example.org,2025-09-20
8208,Mark,Cooper,Palestinian Territory,(563)996-9056,judy79@example.org,2020-07-12
8209,Carla,Snyder,Jordan,779-615-2547x257,qadams@example.org,2023-01-22
8210,Dawn,Flynn,Uruguay,6953506896,reynoldsmichael@example.org,2020-12-07
8211,Glenn,Lowe,Uzbekistan,691.518.1189x46320,hjohnson@example.org,2022-07-30
8212,Walter,Smith,Guernsey,+1-418-239-7080x1611,robin05@example.com,2020-04-05
8213,David,Lee,Russian Federation,(349)855-2667,tjones@example.net,2022-04-05
8214,Nicholas,Graham,Paraguay,336-825-1691x4697,cjohnson@example.com,2020-04-01
8215,Shirley,Brown,Holy See (Vatican City State),415.626.2748x271,smithmelissa@example.com,2026-01-12
8216,Janice,Roy,Netherlands,(279)530-0476,hreyes@example.net,2025-07-23
8217,Gary,Hodges,Saint Pierre and Miquelon,(320)360-3887x932,cohenjohn@example.net,2020-12-25
8218,Stephen,Wilcox,Latvia,+1-338-480-7291x65430,jenniferruiz@example.org,2023-07-14
8219,James,Miller,Tokelau,384.623.6545x45929,gallagherjohnny@example.org,2024-12-03
8220,George,Cooper,Belize,(871)340-7968,kenneth78@example.com,2022-12-12
8221,Janet,Wade,Swaziland,001-618-637-3054x0004,nbyrd@example.net,2024-10-22
8222,Michael,Lam,Norway,703-521-4298,christina15@example.org,2020-05-05
8223,Timothy,Bennett,Kazakhstan,001-902-688-1165x633,meganmunoz@example.com,2023-10-28
8224,James,Green,Kyrgyz Republic,001-502-996-0463x06974,tanya94@example.org,2020-11-23
8225,Jennifer,Hernandez,Guinea,+1-866-269-4084x33032,justinwood@example.com,2021-06-05
8226,Manuel,Watson,Tonga,+1-882-370-1670x77580,dwaynecalhoun@example.com,2023-08-18
8227,Garrett,Young,Argentina,+1-541-594-5916x9893,paulaharris@example.net,2020-04-08
8228,Micheal,Morgan,Martinique,728-448-1193,heather24@example.org,2020-05-26
8229,Rachel,Olson,French Guiana,+1-695-763-2261x76638,larryharris@example.org,2020-01-10
8230,Kelsey,Cooper,Guatemala,+1-224-489-2133x367,lkaiser@example.com,2020-12-09
8231,Suzanne,Brooks,Cameroon,922.625.1756x0225,skelley@example.org,2022-03-10
8232,Vincent,Turner,Tanzania,001-846-974-8634x770,jennifermartinez@example.com,2021-07-22
8233,Hailey,White,Albania,536.337.5047,heidiochoa@example.net,2022-10-03
8234,Michele,Lewis,Ukraine,468.944.4010x9410,garciaandrea@example.org,2026-01-08
8235,Erin,Hayes,Tonga,001-634-332-4877x497,davidblack@example.com,2025-03-28
8236,Lori,Smith,Saint Kitts and Nevis,836.280.2950,eddiekey@example.org,2021-03-02
8237,Brandon,Gomez,Australia,228.901.6861x4236,stephanie13@example.org,2021-12-12
8238,Michael,Rice,Guyana,(808)401-1710x124,robyn16@example.net,2024-05-16
8239,Karen,May,Kazakhstan,001-587-491-2109x6953,campbellbarbara@example.net,2025-06-02
8240,Edward,Lawrence,Martinique,345.524.4567x9054,sharongarcia@example.net,2025-12-13
8241,Lori,Smith,Kiribati,(970)312-3487x076,goodmichael@example.net,2020-04-27
8242,Shannon,Pace,Guam,001-969-782-3360,silvasheila@example.com,2022-08-27
8243,Melissa,Bates,Belgium,001-857-320-7467x837,kblack@example.org,2025-08-13
8244,Lisa,Lin,Malta,(776)290-5931,ipatel@example.com,2021-01-14
8245,Kelly,Schmidt,Martinique,984.818.4186x2390,michele77@example.net,2022-12-23
8246,David,Barr,North Macedonia,5355332372,ljackson@example.org,2022-05-19
8247,Steven,Cantu,United States Minor Outlying Islands,320.794.7424,aaron72@example.org,2025-10-27
8248,Mary,Walker,Ecuador,+1-323-986-3098x77086,benjamin42@example.com,2022-05-19
8249,Kristin,Brown,Malawi,308-725-6147,hallamanda@example.net,2025-07-13
8250,Heather,Norris,Singapore,(239)827-6272x84152,daviskimberly@example.net,2024-07-12
8251,Doris,Miller,Bhutan,6517332772,shelby87@example.com,2022-06-03
8252,Michael,Garcia,Cook Islands,559-815-1943x76783,mitchellpatricia@example.org,2025-07-17
8253,Jacqueline,Johnson,Bosnia and Herzegovina,5609922780,ortegaeric@example.net,2020-09-12
8254,Emily,Lopez,Estonia,889-941-1444,joseph95@example.org,2022-06-09
8255,Ronald,Smith,Zimbabwe,234.222.5001,olivia19@example.com,2023-04-29
8256,Mark,Patterson,Tonga,230.240.1694,joseph42@example.org,2025-01-19
8257,Daniel,Curry,Costa Rica,001-551-397-7559x043,trevor95@example.com,2022-05-22
8258,Kayla,Smith,China,(287)634-6898x15629,amanda31@example.org,2022-01-24
8259,John,Peterson,Sweden,304.997.8717,zwalker@example.com,2022-08-20
8260,Megan,Fitzpatrick,Denmark,453.941.0905,michaeldavis@example.org,2022-07-09
8261,Crystal,Schmidt,Czech Republic,001-771-613-0040x3249,ybecker@example.org,2024-11-21
8262,Shane,Walsh,Lithuania,786.242.8958x53222,kathleen11@example.com,2024-01-27
8263,Jessica,Leonard,Costa Rica,(602)602-9140x404,rachael97@example.net,2024-08-08
8264,Curtis,Russell,Mali,+1-332-519-1890,swhite@example.org,2021-04-18
8265,Latoya,Gates,Rwanda,(861)302-4570x0125,gamblekatie@example.org,2025-05-13
8266,Lisa,Snyder,Montserrat,+1-654-910-9143x4738,cross@example.org,2025-07-26
8267,Michael,Stevens,Russian Federation,260-665-7039x39174,fishercheryl@example.org,2024-11-24
8268,Gregory,Martinez,Bahrain,7433561804,ernestpierce@example.org,2024-03-21
8269,Darius,Davis,Syrian Arab Republic,846-451-3741,dfrench@example.org,2020-08-31
8270,James,Murphy,Saint Vincent and the Grenadines,+1-286-475-3194x41781,kirsten02@example.com,2020-06-26
8271,Roy,Mills,Antarctica (the territory South of 60 deg S),(610)549-5001x1862,emilydavis@example.net,2024-06-16
8272,James,Lambert,Macao,213-317-7398x2899,fchaney@example.org,2024-06-10
8273,Rhonda,Meyer,Sierra Leone,(951)622-2475,pattonthomas@example.org,2020-10-16
8274,Ethan,Obrien,Armenia,001-530-839-5096x1601,torressara@example.net,2021-03-11
8275,Brenda,Green,Turkey,(259)389-1107x649,mayala@example.com,2025-11-12
8276,Jamie,Walker,France,993-339-4830,briankelley@example.org,2026-02-26
8277,Juan,Kerr,Czech Republic,+1-385-871-5272,christophergonzalez@example.com,2022-12-28
8278,Karen,Harris,Liberia,548-592-0530x607,susan72@example.com,2020-10-05
8279,Heidi,Bauer,Montenegro,001-877-988-2862,robertrodriguez@example.org,2024-08-12
8280,Denise,Dougherty,Ukraine,523-542-9258,ronaldgarrett@example.com,2021-07-18
8281,Jennifer,Mills,New Caledonia,365-806-4577x44449,williamsmark@example.net,2020-09-05
8282,Ryan,Murphy,Cape Verde,988-649-0697x1793,qhansen@example.org,2021-06-03
8283,Brian,Sampson,Iraq,988.767.4753x258,robert95@example.org,2024-01-26
8284,Ashley,Allen,Bahrain,001-445-709-5304x86603,stantontammy@example.org,2023-05-15
8285,Allison,Orr,United States of America,(557)461-3250x28799,katherinerivera@example.net,2021-01-26
8286,William,Carlson,Austria,001-826-869-0133x319,pwelch@example.com,2020-01-24
8287,Charles,Powell,Tunisia,001-448-666-2529x30755,lindsaysimon@example.com,2025-03-26
8288,Catherine,Robinson,Namibia,001-506-626-2321x56285,rmeyer@example.com,2025-09-10
8289,Paul,Brooks,Svalbard & Jan Mayen Islands,(646)287-2421,ywilliams@example.com,2025-12-15
8290,Robert,Long,Cayman Islands,824.537.7205x6785,richmondsamantha@example.org,2020-02-08
8291,Nancy,Scott,Palau,452.400.4657x143,lhayes@example.net,2023-03-01
8292,Kimberly,Gutierrez,Dominican Republic,242.505.1807x1831,amy90@example.org,2020-09-20
8293,Jacqueline,Wade,Singapore,755-990-6188x72483,ckelly@example.org,2025-09-05
8294,Nancy,Smith,Norway,001-532-690-2545x304,deborahneal@example.net,2021-01-24
8295,Bobby,Wiggins,Haiti,798-779-5911,hannahgould@example.net,2025-02-12
8296,Joshua,Harrington,Belarus,+1-692-851-7906x01853,thompsonkenneth@example.org,2026-01-18
8297,Phillip,Diaz,Benin,667-842-4311,donna15@example.net,2024-02-08
8298,Brenda,Atkinson,United Kingdom,001-873-444-8832x439,denisejohnson@example.org,2023-02-21
8299,George,Garcia,Portugal,(893)511-4670,latoyakhan@example.com,2020-07-25
8300,Sandra,Wilson,Holy See (Vatican City State),367-847-3295,williamsdiamond@example.net,2024-10-01
8301,Lisa,Miller,Malta,+1-521-350-1284x315,okline@example.org,2024-01-01
8302,Stacy,Spencer,Comoros,(536)288-6132x05728,garciajennifer@example.org,2022-05-14
8303,Megan,Bowen,Saint Martin,640.366.0531,lawrencegamble@example.net,2024-12-24
8304,Anna,Collins,Senegal,(297)855-3291,tamara80@example.com,2021-03-05
8305,Lisa,Nielsen,Yemen,209-229-1040,spencer46@example.org,2020-12-28
8306,Jeffrey,Dickerson,Comoros,591.576.8956x1191,isabelvillegas@example.com,2021-02-08
8307,Daniel,Marshall,Saint Kitts and Nevis,7135867726,christopherdouglas@example.com,2021-05-05
8308,Brandon,Ellis,Puerto Rico,(747)738-4376x25646,kelsey91@example.com,2020-09-18
8309,Kevin,Malone,Saint Vincent and the Grenadines,(345)234-9229,edaniel@example.com,2024-11-20
8310,David,Garcia,Wallis and Futuna,338-323-9811x772,kathyharvey@example.net,2025-06-24
8311,Christine,Johnson,Trinidad and Tobago,530-774-5837,debra07@example.com,2025-08-02
8312,Jason,Adams,Romania,+1-311-655-0857x071,gharris@example.com,2022-06-08
8313,Joshua,Greene,Jersey,+1-358-987-2564x28305,hsingh@example.net,2025-03-05
8314,Bobby,Molina,Cape Verde,338.888.5395x7827,eallen@example.org,2025-01-22
8315,Scott,Smith,Western Sahara,+1-797-966-2299,davidhunt@example.net,2023-11-26
8316,Michael,Jackson,Argentina,(206)719-8332x6126,wilsonmark@example.org,2025-11-28
8317,Phillip,Smith,Liechtenstein,992-591-3713x092,jpeterson@example.net,2024-10-27
8318,Craig,Adkins,Guadeloupe,788.797.9953x18607,chelsea94@example.org,2020-06-03
8319,Dawn,Cline,Belize,361-455-1713,reyesscott@example.org,2023-07-04
8320,Jasmine,Johnson,Tunisia,598-725-5726x682,wilkinsanthony@example.com,2024-01-20
8321,Kathy,Johnson,Maldives,985-934-0749x3415,kellywilson@example.net,2022-05-09
8322,Erika,Harrington,Nauru,+1-861-812-1672x60661,fdecker@example.org,2023-03-01
8323,Elizabeth,Steele,Nepal,(392)254-5577x96988,whitemichaela@example.com,2021-05-22
8324,Angela,Brady,Singapore,867.632.0293x711,chris28@example.net,2023-08-11
8325,Jeffrey,Hernandez,Mauritius,823-567-8526,kyle85@example.com,2023-01-04
8326,Tony,Murray,Saint Barthelemy,591-827-1356x346,brookevargas@example.org,2022-02-17
8327,John,Watkins,Niue,001-926-894-5359x92944,robert26@example.net,2022-02-07
8328,Kimberly,Walker,Pitcairn Islands,637.331.9986x73000,catkins@example.org,2023-08-25
8329,Nathaniel,Andrade,Iceland,001-506-724-8968x1900,richardbrown@example.org,2026-03-08
8330,Rachel,Kline,Japan,359.486.3994x112,chandlerandrew@example.org,2022-07-10
8331,Robert,Brown,Chad,934-630-7194x34739,rachel90@example.com,2021-01-12
8332,Wendy,Trujillo,Algeria,222-250-4567x29893,diazmegan@example.org,2025-08-19
8333,Ryan,Gray,Luxembourg,(836)815-6134x48548,awilliams@example.com,2022-06-18
8334,Elizabeth,James,Costa Rica,001-507-208-0167x9035,mark42@example.net,2021-07-19
8335,Charlotte,Smith,Cyprus,532.949.9972x81908,webersheri@example.org,2022-03-01
8336,Claudia,Sawyer,Lesotho,326-534-2233x5528,claire35@example.com,2020-04-28
8337,Aaron,Fletcher,Singapore,9419365682,emcdaniel@example.com,2023-01-08
8338,Dana,Rogers,Malaysia,001-841-772-1797x252,stewartnatalie@example.com,2023-10-17
8339,Amy,Moss,Burkina Faso,(880)889-0008x342,floyddennis@example.net,2020-06-17
8340,Nicholas,Miller,Anguilla,+1-590-790-6965x37284,hernandezcarlos@example.com,2025-01-23
8341,William,Mitchell,Dominica,538.642.7827x64000,emilyfisher@example.com,2020-07-02
8342,Ethan,Brown,Iraq,959.919.6985x62588,lrichardson@example.com,2022-11-26
8343,Timothy,Dean,Djibouti,509.216.2370,xbrown@example.net,2021-05-06
8344,Mason,Osborne,Japan,527-548-6647x8547,zachary38@example.org,2022-10-22
8345,Crystal,Neal,Sweden,605.973.7647x08878,lukemason@example.com,2020-02-02
8346,Jessica,Smith,Algeria,(866)227-6410,reyeschristopher@example.org,2022-02-16
8347,Arthur,Osborn,Guernsey,+1-985-990-7704x4138,jwhite@example.org,2021-03-03
8348,Jeanne,Ferguson,Mayotte,001-627-400-3837,jdaniels@example.com,2025-09-20
8349,Shelly,Williams,Egypt,001-468-494-5661x4464,joeltorres@example.org,2021-09-10
8350,Heather,Miller,Montenegro,001-402-639-1037x616,rebecca03@example.com,2023-01-14
8351,Anthony,Gonzalez,New Caledonia,001-772-281-5457x106,oweber@example.net,2024-03-11
8352,Ashley,Santos,American Samoa,251-327-3507x48763,lisa00@example.com,2022-04-09
8353,John,Gonzales,Seychelles,307.393.8374x8524,benjamin29@example.net,2021-04-11
8354,James,Reyes,Greenland,781-701-9871,mkelly@example.net,2020-01-08
8355,Yolanda,Salazar,Saint Vincent and the Grenadines,+1-638-200-9751x43922,erin39@example.org,2025-10-20
8356,April,Jarvis,Suriname,+1-285-631-5461x18234,jacob97@example.org,2020-10-18
8357,Gary,Adams,Somalia,206-709-2939x8612,andrewwilson@example.org,2025-02-11
8358,Thomas,Brown,Tonga,6934350277,meganthompson@example.com,2021-10-20
8359,David,Anderson,San Marino,283.966.1548,nward@example.net,2023-05-23
8360,Nicole,Anderson,Ghana,643.868.1599x9390,xmartinez@example.com,2021-11-23
8361,Amy,Gardner,Namibia,(794)628-5435,perezsamantha@example.com,2024-12-09
8362,Joshua,Strickland,French Southern Territories,+1-350-912-0892x2450,stewartcharles@example.com,2020-04-29
8363,Marc,Edwards,Palau,9585218708,brandonortiz@example.org,2023-07-25
8364,Emily,Greene,Montenegro,533.813.4200,carteranthony@example.com,2023-03-24
8365,Aaron,Duke,Solomon Islands,909-715-8818,williamsjulie@example.org,2024-08-05
8366,Nathan,Nelson,British Indian Ocean Territory (Chagos Archipelago),5625542911,stewartcarlos@example.net,2023-06-11
8367,Robert,Coleman,Equatorial Guinea,001-899-510-9749x954,karencoleman@example.net,2024-06-19
8368,Cynthia,Diaz,Pitcairn Islands,+1-627-824-7810x0410,johnstone@example.org,2021-08-06
8369,Elizabeth,Bell,Honduras,904.214.5042x8759,gsmith@example.com,2021-10-23
8370,Daniel,James,Falkland Islands (Malvinas),+1-878-624-3535x114,ltaylor@example.com,2021-12-17
8371,Kristin,Marshall,Armenia,820.582.0952,lopezmichael@example.com,2025-09-01
8372,John,Velasquez,Jordan,(627)976-9782,msmith@example.com,2022-07-12
8373,Cheryl,Gonzalez,Honduras,981-925-6464x341,dlloyd@example.com,2024-09-07
8374,Kenneth,Schaefer,Seychelles,(601)646-0237x0880,helencharles@example.org,2021-05-12
8375,Kaitlyn,Peterson,Niue,001-949-528-0813,paulbaker@example.net,2020-08-14
8376,James,Mitchell,Kuwait,2084004250,abigailedwards@example.net,2025-07-25
8377,James,Duncan,Sudan,716.879.0044x5710,emma07@example.com,2022-11-24
8378,Shannon,Coleman,Switzerland,446.865.3214,matthew26@example.net,2022-04-26
8379,Paul,Johnson,French Guiana,+1-235-905-0062x05479,bergmelissa@example.net,2023-02-01
8380,Alexis,Mccarty,Luxembourg,+1-558-679-3065x425,geoffrey96@example.org,2025-03-08
8381,Peter,Snyder,Romania,404.789.7438,hannah89@example.com,2025-02-07
8382,Juan,Wilson,Jordan,624-887-8394x79169,wongalexander@example.net,2025-01-19
8383,Jessica,Blair,Cambodia,679.376.5392,moodykeith@example.com,2020-09-08
8384,Hannah,Johnson,French Southern Territories,(858)501-3895x86468,hmartin@example.com,2026-03-04
8385,Erin,Spears,Bahamas,587.304.1525x5742,wolfgabriela@example.com,2021-01-29
8386,Alicia,Rodriguez,Algeria,001-686-965-6745x599,hayesamanda@example.org,2020-11-04
8387,Deborah,Griffin,Maldives,944-708-9349x4194,jesusthomas@example.net,2024-07-11
8388,Sheena,Brennan,French Southern Territories,9316846708,fdavis@example.com,2025-11-04
8389,Steven,Chapman,Slovakia (Slovak Republic),736.431.2014x1758,rweber@example.org,2025-04-12
8390,Marcia,White,Chile,001-936-357-2495x962,meganrobbins@example.org,2025-08-07
8391,Brian,Oconnell,United States Virgin Islands,656-241-8661,nancy36@example.org,2026-03-02
8392,Kimberly,Stewart,Guernsey,243.282.8313x75911,dawn05@example.org,2020-05-03
8393,Matthew,Bryant,Reunion,471-805-6861x5119,dunnkimberly@example.org,2022-11-25
8394,Lisa,Mathis,Philippines,(291)595-0751,kaylaneal@example.net,2023-06-03
8395,Russell,Cochran,Kazakhstan,204.965.9703x15889,wmcdaniel@example.net,2022-04-23
8396,Joseph,Rowe,Trinidad and Tobago,+1-201-885-8822,iwilson@example.org,2020-06-29
8397,Samuel,Atkins,Bangladesh,(419)514-9837x541,michael82@example.com,2023-07-30
8398,Virginia,Terry,Saint Pierre and Miquelon,001-940-502-9546x551,wigginsgeorge@example.org,2021-06-02
8399,Oscar,Browning,Nicaragua,(731)495-7520x6598,christopher66@example.com,2023-12-04
8400,Jeremiah,Meyer,Puerto Rico,230-666-1688x423,michael12@example.com,2025-04-01
8401,Timothy,Kim,Sudan,001-238-522-4034x9809,thomasstanley@example.org,2026-01-10
8402,Carrie,Marsh,Zimbabwe,001-423-562-1396x68781,aortiz@example.com,2024-09-11
8403,Dustin,Martinez,Timor-Leste,+1-827-727-7948x70201,wmoore@example.com,2022-07-01
8404,William,Leonard,Luxembourg,678-582-9618x15487,diane32@example.net,2022-04-28
8405,Howard,Brooks,Malawi,265.545.7915x5126,phenderson@example.net,2022-04-18
8406,Sheila,Kelly,South Africa,(289)761-9741x4653,hughesmorgan@example.net,2023-11-24
8407,Diana,Adams,Ireland,(640)262-5096,angelaallison@example.org,2022-07-14
8408,Tina,Montgomery,Tokelau,+1-316-981-9912x1591,debbiejackson@example.net,2020-07-31
8409,Danielle,Hoffman,Equatorial Guinea,+1-681-833-5154x777,wjenkins@example.com,2025-06-08
8410,Thomas,Whitaker,Madagascar,279.307.3209,riveraalicia@example.org,2025-06-12
8411,Victoria,Watson,Libyan Arab Jamahiriya,501-672-6882,lmorales@example.net,2025-02-07
8412,Tammy,Salazar,Brunei Darussalam,(609)484-8469,joann40@example.org,2023-03-01
8413,Jonathon,Ewing,Puerto Rico,001-655-479-5549x78674,maldonadotimothy@example.org,2026-02-01
8414,Wendy,Smith,Reunion,001-250-203-6709,barry58@example.net,2025-12-09
8415,Angela,Smith,Nigeria,2625732989,wdiaz@example.org,2023-10-29
8416,Brian,Phillips,Cape Verde,520-927-3172x74886,foleyjackie@example.net,2022-03-01
8417,Marissa,Miller,Mayotte,916.763.7274x6864,marie39@example.net,2024-03-16
8418,Justin,Grant,Cayman Islands,(692)864-5445x1250,martinrodriguez@example.org,2021-07-02
8419,Nicole,Morris,India,001-423-737-0940x7734,dryan@example.com,2026-01-19
8420,Jennifer,Moore,Tonga,001-222-774-0779x137,karen25@example.net,2023-08-27
8421,Dawn,Miller,Gibraltar,205-430-5910,terry21@example.net,2021-05-20
8422,Brandon,Johnson,France,+1-276-870-8279x74002,lisaanderson@example.com,2022-02-04
8423,Keith,Turner,Slovakia (Slovak Republic),512-391-5691,michelle17@example.com,2025-07-22
8424,Karen,Perry,Italy,910-850-0211,youngjorge@example.com,2020-04-09
8425,Tonya,Fuller,Taiwan,+1-201-994-5495x3542,donna13@example.org,2025-03-05
8426,Julia,Reynolds,Mexico,2493286737,samuel87@example.com,2021-07-07
8427,Zachary,Tucker,Argentina,991.270.2275x5200,cannonjessica@example.net,2025-12-09
8428,Kayla,Norris,Macao,465.775.2083,hickmandebra@example.org,2020-07-22
8429,Philip,Wright,Poland,+1-964-242-3816,andreasawyer@example.org,2020-04-09
8430,Johnny,Williams,Togo,001-836-516-5302x49708,hollypowers@example.net,2020-07-19
8431,Amanda,Sims,Guyana,932.386.0615x4361,james59@example.net,2023-11-30
8432,Carmen,Roberts,Jordan,+1-878-220-3812x054,kingchristopher@example.com,2021-12-01
8433,Judith,Malone,Fiji,001-997-609-6057x6424,erikyang@example.net,2021-09-06
8434,Joshua,Johnson,Serbia,8237274759,williamsmichael@example.com,2023-03-17
8435,Christopher,Myers,Saint Pierre and Miquelon,001-655-575-8334x91830,harrisanita@example.org,2023-07-09
8436,Christina,Sanchez,Antarctica (the territory South of 60 deg S),(496)304-0379,williamsjames@example.org,2023-07-02
8437,Jennifer,Mcgee,Martinique,(437)855-1150x4594,caroline77@example.com,2025-04-05
8438,Jessica,Nelson,Lesotho,827-464-3540x0922,kennedymonica@example.org,2021-08-16
8439,Julie,Tran,Bangladesh,+1-523-291-3869,rodriguezrachel@example.net,2020-02-05
8440,Kaitlyn,Wilkerson,United Arab Emirates,736.876.9732,michelle21@example.net,2023-12-28
8441,Sabrina,Henderson,Nauru,9337741087,mcphersonsandra@example.org,2021-02-21
8442,Joseph,Garcia,Australia,913-453-5043x55686,suzanne45@example.org,2025-05-03
8443,Paul,Sanchez,Armenia,+1-755-331-5660x20511,erin06@example.net,2021-07-13
8444,Elizabeth,Hayes,Guatemala,966.845.9438x650,murraythomas@example.com,2022-08-26
8445,Kimberly,House,Hungary,817-517-6271x7851,joneskurt@example.org,2024-08-21
8446,Eric,Castro,France,001-443-308-1263,kgardner@example.org,2023-07-14
8447,Kristin,Hicks,Sao Tome and Principe,656-652-3661x06390,aaron37@example.org,2020-12-14
8448,Johnny,Chavez,Chile,+1-473-893-0968x9871,sara26@example.org,2022-11-06
8449,Tara,Larsen,Cuba,001-534-930-6336x455,jonathan13@example.org,2020-10-23
8450,Norman,Trujillo,Saint Martin,573-707-2809x97503,xsmith@example.com,2022-05-31
8451,Brenda,Knight,British Indian Ocean Territory (Chagos Archipelago),(338)968-0860,tylerjones@example.net,2021-11-10
8452,Donald,Alvarado,Cameroon,(600)769-0140x91079,richard44@example.org,2023-08-07
8453,Tiffany,Gonzalez,Jamaica,8366974741,harrisonkimberly@example.org,2020-08-10
8454,Tracy,Waller,Suriname,001-891-669-3839x92429,fishersteven@example.com,2024-04-14
8455,Alejandro,Reeves,Guernsey,(310)240-7312x2924,michaelsmith@example.com,2025-06-29
8456,Kayla,Parker,Benin,538.785.1800,donaldsutton@example.org,2020-11-11
8457,Brian,Ramirez,Martinique,219.677.3028x35026,steven50@example.org,2023-02-21
8458,Dawn,Rodriguez,Palau,605.762.6797,jenniferjoseph@example.com,2021-08-10
8459,Jason,Tapia,Seychelles,5558106381,ehoffman@example.org,2026-02-13
8460,Danielle,Knight,Cook Islands,(261)689-9756,phall@example.org,2021-04-26
8461,Michael,Williams,Comoros,+1-888-479-3149x574,micheleholmes@example.net,2022-10-25
8462,Julie,Torres,Zimbabwe,399.311.5179x48982,rkirby@example.org,2022-05-30
8463,Frank,Larsen,Guyana,632.885.7689x3017,millstim@example.org,2021-03-06
8464,Miguel,Young,Botswana,4572922933,garrettkelly@example.com,2025-08-24
8465,Kathleen,Odonnell,Nauru,001-971-327-1651,dmoon@example.com,2020-03-05
8466,Ashley,King,Venezuela,829.352.1693x874,angelajackson@example.org,2026-01-30
8467,Dawn,Snow,Venezuela,(904)903-8930x41591,greenemonica@example.com,2022-05-08
8468,Lynn,Miller,Afghanistan,521.518.0333x567,brittneysnyder@example.net,2025-08-20
8469,Sara,Fuller,Guatemala,(550)543-5612,emilyroman@example.org,2025-08-03
8470,Lindsey,Campbell,Cameroon,977-675-0301x74138,mpotter@example.com,2022-05-03
8471,Anthony,Hernandez,Papua New Guinea,+1-683-361-0887x901,nclark@example.net,2025-05-17
8472,Carolyn,Ward,Gabon,001-757-769-8535x348,heathbeth@example.org,2021-05-06
8473,Marc,Lowery,Pitcairn Islands,+1-857-609-4501,alfred77@example.org,2021-01-31
8474,Randall,Jackson,Bhutan,+1-919-919-6316x46319,kanderson@example.net,2025-09-08
8475,Melinda,Bell,Tunisia,+1-295-731-4406x3930,lrice@example.net,2025-09-11
8476,Matthew,Grant,Lithuania,001-908-553-6515x271,jonesjames@example.com,2024-06-01
8477,Jessica,Wilkins,Jersey,+1-274-891-1958,uparsons@example.org,2021-05-25
8478,David,Byrd,Turkey,442-925-9650x274,donna83@example.com,2023-10-08
8479,Eric,Torres,Heard Island and McDonald Islands,+1-777-527-9854x0504,holly12@example.com,2023-07-21
8480,Michael,Villegas,Guernsey,3644220360,fpatrick@example.net,2020-04-07
8481,Kristen,Valdez,Guinea-Bissau,856.501.3520x948,lindsay45@example.org,2025-08-25
8482,Julie,Wheeler,Madagascar,+1-704-252-7471x11456,cynthia98@example.net,2020-10-01
8483,Megan,Rhodes,Belgium,380.279.8456,hnichols@example.com,2020-10-27
8484,Matthew,Padilla,Slovenia,+1-385-464-2345x596,vickianderson@example.net,2021-03-24
8485,Ryan,Wright,Ghana,543-284-1845,qterry@example.net,2021-04-11
8486,Abigail,Torres,French Guiana,208-468-1191x56659,traceytorres@example.com,2021-11-08
8487,Nicole,Higgins,Grenada,569.670.9978x6737,kimberlywalsh@example.org,2020-01-11
8488,Sara,Mosley,Malta,(296)234-8881x031,edwardpeterson@example.net,2025-01-09
8489,Eric,Page,Montenegro,9957905577,miguel70@example.com,2023-05-24
8490,Lisa,Knight,Puerto Rico,837-256-8378x5125,washingtonjon@example.org,2024-05-01
8491,James,Jones,Taiwan,001-460-774-1400x71959,drakenicholas@example.net,2024-08-17
8492,Lynn,Wallace,Monaco,001-452-564-4667,kenneth07@example.com,2023-02-05
8493,David,Scott,Costa Rica,796-345-9610,calebmartinez@example.net,2024-07-05
8494,Julia,Hernandez,Timor-Leste,001-774-864-4939,gregory60@example.net,2020-09-17
8495,Juan,Robinson,Congo,380-902-1128,pearsondonna@example.net,2025-03-15
8496,Patricia,Cooper,Luxembourg,(546)514-2481,sarahheath@example.com,2023-11-07
8497,Randy,Torres,Gambia,(355)295-6592x2937,jeromeanderson@example.org,2021-06-18
8498,Daniel,Roberts,French Polynesia,(708)597-2058x4083,erik02@example.org,2022-11-30
8499,Phillip,Patterson,Paraguay,537.367.3384,tyler43@example.net,2025-12-06
8500,Michael,Williams,Bahamas,814-827-8511x2995,christopherwilliams@example.net,2024-09-03
8501,Brenda,Klein,Saint Lucia,402-865-0133x46355,alexander84@example.com,2025-02-04
8502,Lindsay,Houston,Haiti,(443)716-1192x991,kenneth41@example.org,2025-05-23
8503,Brittney,Howell,Falkland Islands (Malvinas),(748)527-1315x724,williamsalyssa@example.com,2023-08-20
8504,Joseph,Castillo,Peru,855.889.1667,fischerphilip@example.net,2024-09-28
8505,Bobby,Ramirez,Cuba,(386)861-5597x3441,thomas64@example.net,2025-05-29
8506,Julie,Gay,Belarus,(630)466-4597x31873,melissa08@example.net,2024-08-19
8507,Chad,George,Sri Lanka,299-730-2382x8435,fpittman@example.net,2021-04-10
8508,Kevin,Silva,Haiti,554.230.8764,scott91@example.net,2025-02-23
8509,Ashley,Smith,Greece,643.320.2995x984,robert33@example.net,2024-02-14
8510,Kevin,Garrett,Saudi Arabia,277-330-2176,arnoldemily@example.com,2023-04-03
8511,Tyler,Woods,Serbia,715-338-9825x14163,sheliajones@example.org,2022-03-19
8512,Natalie,Jones,Georgia,749.769.4216,eballard@example.net,2022-01-30
8513,David,Grimes,Korea,799.908.3656x297,marvin16@example.net,2024-04-05
8514,Diane,Weaver,American Samoa,931-252-5180,singhshirley@example.net,2024-02-07
8515,Jennifer,Freeman,Niue,(816)970-1565x76082,greenchris@example.com,2023-06-05
8516,Megan,Caldwell,United States Virgin Islands,(635)337-0772,christopherrodriguez@example.com,2025-03-17
8517,Shawn,Smith,Hong Kong,684-957-5446x57007,sharon05@example.net,2023-01-12
8518,Daniel,Orr,Nauru,7207331493,marthamills@example.net,2025-02-09
8519,Angelica,Jones,Brazil,5775711141,lawrenceandrew@example.com,2021-04-02
8520,Jessica,Bell,Tanzania,261.742.0734x13051,bbeck@example.net,2021-03-31
8521,Daniel,Roberts,Myanmar,001-561-892-4802,fryjustin@example.com,2022-11-27
8522,Rachel,Alvarado,Georgia,9924520443,ryangreer@example.org,2021-03-17
8523,Ashley,Smith,Christmas Island,(862)329-8234x07461,fdougherty@example.org,2020-03-01
8524,Elizabeth,Murray,Canada,(557)961-5816x75762,ericksonelizabeth@example.org,2020-08-01
8525,Krista,Adams,Ireland,781.596.2849x48875,williamfarrell@example.org,2023-04-14
8526,Denise,Carroll,Austria,+1-541-668-6398x9123,carlajohnson@example.net,2021-09-25
8527,John,Ellis,Germany,550.650.6143,allen80@example.org,2024-10-08
8528,Jonathan,Lester,Peru,(826)869-2622,williamsanchez@example.net,2025-04-23
8529,Matthew,Newman,Tajikistan,856.611.2853x0597,anawoodward@example.com,2020-11-20
8530,Vicki,Prince,Greece,804-838-3823,leonlynch@example.net,2020-07-14
8531,Edward,Smith,Belize,+1-659-691-0700x79969,thomas50@example.net,2024-06-05
8532,Alexandra,Johnson,Denmark,001-305-378-2592x23963,hensleymichael@example.net,2022-10-07
8533,Heather,Daniel,Peru,(353)886-9180,gscott@example.org,2026-01-09
8534,Shannon,Flores,Togo,001-339-627-8321x4590,brittanyjarvis@example.net,2022-11-03
8535,Michael,Smith,Anguilla,001-423-471-6531x227,hardynathan@example.org,2026-01-26
8536,Alicia,Carpenter,Saint Vincent and the Grenadines,704-722-1578x47169,xbishop@example.com,2025-05-01
8537,Carolyn,Richardson,Guinea,001-292-493-9674,gregoryvelasquez@example.org,2025-11-20
8538,David,Anderson,Greece,9997437726,xbrooks@example.org,2020-09-25
8539,Christopher,Allen,Argentina,950-249-6200,williamslori@example.net,2022-06-15
8540,Jennifer,Carter,Gibraltar,589.550.1327,laura72@example.net,2020-05-07
8541,Mary,Neal,Martinique,761-950-7123x2966,garrisonmonica@example.com,2020-01-07
8542,Christopher,Kelly,Nicaragua,+1-605-629-4384,williamstracy@example.net,2021-12-13
8543,Ryan,Hernandez,Burkina Faso,850.664.0976,elijah12@example.net,2020-01-15
8544,Teresa,Flores,Georgia,001-409-393-0679,woodstonya@example.net,2023-04-13
8545,Christopher,Chambers,Chile,361-890-1702x462,justinwright@example.org,2025-05-03
8546,Brian,Myers,Saint Lucia,(902)724-5227x7701,molinabeth@example.org,2023-08-24
8547,Melanie,Johnson,French Southern Territories,001-355-715-7950,richard61@example.org,2021-07-27
8548,Crystal,Lynch,Tajikistan,601-393-9926,longadam@example.net,2025-11-02
8549,Christopher,Benton,Hungary,907.965.0690,bennettkristina@example.net,2026-01-09
8550,Sydney,Palmer,Cook Islands,237.418.0900,kimberlyhall@example.net,2020-12-19
8551,Andrew,Elliott,Colombia,209.815.0246,dominique22@example.com,2020-04-11
8552,Joseph,Harris,San Marino,+1-931-424-4922x495,matthew80@example.net,2021-02-14
8553,Dennis,Kaufman,Kiribati,578.922.4131x421,gcross@example.com,2026-02-10
8554,Kimberly,Walker,Guyana,901.347.2230,sarahanderson@example.org,2023-08-09
8555,George,Walsh,Armenia,+1-868-473-7786,jonlloyd@example.com,2023-04-28
8556,Amy,Walters,Iraq,001-685-425-4660x483,amy83@example.com,2023-11-15
8557,Heather,Villarreal,Gambia,9214519744,walkerchristine@example.org,2025-02-06
8558,Jennifer,Cook,Liechtenstein,363.929.8212x72017,dmorales@example.com,2024-08-30
8559,Robert,Rose,Saint Helena,513-374-2311,rothdaniel@example.com,2021-10-14
8560,Eric,Bryan,Senegal,001-917-678-6524x8978,lisa52@example.org,2022-01-02
8561,Tyler,Boyle,Bulgaria,(260)861-4251x54226,caitlin68@example.org,2020-02-18
8562,Adrian,Garcia,Malaysia,317.888.4191,vpierce@example.com,2025-08-17
8563,Corey,Jenkins,Puerto Rico,+1-459-524-4897x18130,masonemma@example.org,2023-07-13
8564,Julia,Nguyen,American Samoa,453.584.9808,xallen@example.org,2023-11-08
8565,Megan,Smith,Rwanda,768-523-4984,alejandro67@example.org,2025-12-06
8566,Ronald,Greene,Holy See (Vatican City State),967.532.4707,tstewart@example.net,2024-12-20
8567,Mark,Larson,Benin,001-321-595-3279x4324,hjohnson@example.net,2022-06-07
8568,Joseph,Garcia,El Salvador,(400)484-3166,caseycynthia@example.net,2025-12-11
8569,Charles,Howell,Lithuania,001-502-631-9174x92049,bcollins@example.net,2025-10-27
8570,Toni,Mcintosh,Argentina,451.699.7852x3553,gregorygarrison@example.org,2024-08-14
8571,William,Williamson,Czech Republic,+1-952-619-0755x62521,jessica43@example.net,2023-03-17
8572,Jason,Moore,Gambia,370.720.0661x578,joshua38@example.net,2021-11-25
8573,Nathan,Howe,San Marino,+1-359-413-7824x764,briansaunders@example.net,2024-04-05
8574,Jeremy,Reed,Chile,(684)221-0278,maureenmonroe@example.org,2023-09-03
8575,Scott,Walker,Faroe Islands,507-339-9261x8997,snelson@example.org,2023-05-28
8576,Jose,West,Malaysia,(709)989-4801x35505,jose11@example.net,2022-09-07
8577,William,Wilson,China,+1-644-288-3747x4743,christopher29@example.com,2023-10-20
8578,Robert,Pearson,Burkina Faso,+1-391-820-4657x4901,dsmith@example.org,2023-08-15
8579,Amy,George,Cape Verde,365.622.1529x7197,hayesjennifer@example.org,2024-11-25
8580,Erin,Martinez,Nepal,921-698-6404,jacqueline18@example.org,2025-04-15
8581,Jessica,Brown,Ireland,688.377.8418x660,michelledixon@example.net,2026-03-06
8582,Alexis,Lewis,Botswana,+1-355-740-4022,wilkinsmegan@example.net,2023-10-11
8583,Michael,Alexander,Korea,001-635-955-6832x460,zimmermanmiranda@example.net,2021-11-02
8584,Gregory,Gomez,Congo,001-728-641-6243x92536,nealcathy@example.org,2024-01-28
8585,Joshua,Mclaughlin,Burkina Faso,874.494.5870x399,sonya28@example.com,2021-05-28
8586,Theresa,Powell,North Macedonia,(504)275-4591x1387,ifisher@example.org,2024-08-30
8587,Andrew,Joseph,Jamaica,822.346.5508x36552,benjamin46@example.net,2022-01-20
8588,Cassidy,Bird,Iceland,001-610-931-9227x274,tiffany29@example.net,2022-07-25
8589,Nicole,Nelson,French Guiana,5265726015,cameronhawkins@example.com,2020-06-23
8590,Alexis,Oliver,Tuvalu,388.752.0772x52172,johnbrennan@example.com,2022-04-16
8591,Brian,Holland,Montserrat,846.621.0983x904,lisaarmstrong@example.org,2023-06-21
8592,Melissa,Smith,Malawi,+1-457-220-3661,crosssandra@example.org,2022-12-21
8593,Emily,Stephens,British Indian Ocean Territory (Chagos Archipelago),001-661-587-4726,naguilar@example.org,2025-10-10
8594,Adrian,Marsh,Macao,001-802-886-8729x615,ufoster@example.com,2024-09-14
8595,Lance,Barnes,Samoa,(383)771-0489x019,brentmarks@example.org,2026-01-04
8596,Maria,Smith,Poland,(272)942-2960x217,rthompson@example.org,2020-06-26
8597,Sara,Rivera,Monaco,(926)735-0774,kellydavis@example.org,2024-02-29
8598,Jesus,Rodriguez,Egypt,790-296-7526x00281,jonesjasmine@example.net,2025-11-10
8599,Michael,Morales,New Caledonia,(895)871-3553,alawrence@example.com,2023-03-30
8600,Samantha,Ward,Mayotte,6128521882,vharper@example.com,2023-09-07
8601,Glenn,Fowler,Brunei Darussalam,(839)806-1936x858,ephelps@example.net,2025-12-23
8602,Autumn,Jackson,Montserrat,270.242.3166x25319,bstark@example.org,2024-09-25
8603,Adrian,Miller,Italy,778-747-6151,sclark@example.com,2023-06-22
8604,Nicole,Mendez,Brazil,980.553.7684,pittssamuel@example.org,2024-02-06
8605,Sherry,Woods,India,(613)311-5653x23077,lee03@example.com,2022-03-21
8606,Kimberly,Peterson,Brunei Darussalam,(521)867-6850x1719,ericamorgan@example.org,2023-01-16
8607,Jason,Herrera,Cook Islands,5037889802,jhowell@example.com,2022-12-23
8608,Matthew,Weaver,Sri Lanka,310.778.3028,michelle47@example.org,2022-12-07
8609,Joseph,Larson,British Virgin Islands,+1-360-910-9343x287,sullivanheather@example.com,2021-09-21
8610,Jessica,Lutz,Czech Republic,001-394-335-8878x761,maria12@example.com,2021-01-02
8611,Andrew,Taylor,Congo,+1-432-411-3010,taylorrobinson@example.org,2021-10-01
8612,John,Shea,San Marino,466.730.8572x16168,jonesjordan@example.org,2024-05-21
8613,Daniel,Jones,Ireland,414.568.7800x3355,harrisedward@example.org,2026-02-25
8614,Karen,Schmitt,Myanmar,(210)761-5857,zsimmons@example.net,2023-02-28
8615,Chloe,Diaz,Sri Lanka,+1-817-592-8852x43723,apeterson@example.com,2023-10-26
8616,Mary,Harris,China,814-589-2518x3447,reyesronald@example.org,2022-03-03
8617,Timothy,Griffin,Lesotho,834.950.8163x5950,pperez@example.net,2024-04-20
8618,Elizabeth,Lewis,Belgium,504.361.4555x955,wellskelly@example.net,2026-01-02
8619,Donna,Thomas,Aruba,961.793.8894x035,dvelazquez@example.com,2020-05-26
8620,Samantha,King,Uganda,435-304-1335,cruzbrittany@example.com,2022-02-16
8621,Sarah,Hogan,Saint Helena,(329)521-1535,guzmansophia@example.net,2024-12-07
8622,Cathy,Rangel,Canada,(216)996-2614x214,yorkricky@example.net,2021-09-24
8623,Jason,Brown,Estonia,371-421-1412x54606,chenzachary@example.net,2020-11-19
8624,Felicia,Chambers,El Salvador,+1-387-992-3992x859,nathanielharris@example.com,2024-10-18
8625,Luis,Ibarra,Ghana,001-784-820-7504x28073,drew87@example.net,2021-01-19
8626,Kenneth,Pearson,Yemen,225.818.3356,josephsandoval@example.net,2022-02-06
8627,Michael,Grant,Micronesia,+1-819-255-6914x58847,hedwards@example.net,2022-11-23
8628,Ashley,Gentry,Estonia,735.286.4703x85231,carl03@example.org,2023-09-15
8629,Jean,Schultz,Samoa,001-608-639-6083x22409,xlane@example.org,2023-10-17
8630,Elizabeth,Roberson,British Indian Ocean Territory (Chagos Archipelago),510.580.7904x92687,tony52@example.org,2020-05-08
8631,James,Marsh,Ethiopia,+1-557-675-7564,shane57@example.net,2020-08-01
8632,Jacqueline,Wallace,Aruba,+1-762-924-0265x20632,wmclaughlin@example.net,2022-12-04
8633,William,Romero,Mexico,001-756-556-3997,petersonjames@example.org,2024-09-23
8634,Philip,Dyer,Indonesia,(608)508-6491x3058,brownmatthew@example.net,2023-01-21
8635,Amanda,Ali,Germany,001-619-535-7869x225,john84@example.net,2022-07-01
8636,Heather,Cooper,Saint Vincent and the Grenadines,+1-669-298-4446x3332,christopherwhite@example.org,2020-06-18
8637,Emily,Mcconnell,Holy See (Vatican City State),+1-306-740-1793,stewartkathy@example.net,2023-05-27
8638,Katelyn,Rogers,Djibouti,001-761-308-6906,dsaunders@example.net,2024-10-10
8639,Tamara,Sutton,Saint Barthelemy,534.803.2508x30285,davidherrera@example.com,2025-02-07
8640,Kaitlyn,Lopez,Oman,+1-766-607-6709x12587,elizabeth09@example.net,2024-07-08
8641,Andrew,Rivera,Lao People's Democratic Republic,001-497-849-0983x7147,yjimenez@example.org,2023-06-26
8642,Jacob,Willis,Monaco,001-941-874-7930x7082,ryantimothy@example.com,2022-03-20
8643,Ralph,Walls,Papua New Guinea,+1-914-533-7174,ginamyers@example.com,2020-06-20
8644,Stephanie,Trujillo,South Africa,001-585-283-1294x81463,marybrown@example.com,2022-12-25
8645,Sean,Montoya,Maldives,651.676.2539,rogersmadison@example.org,2025-01-15
8646,April,Brown,Belgium,(250)239-9712x259,wilsonamber@example.com,2022-07-24
8647,Elizabeth,Hall,Saint Pierre and Miquelon,+1-348-799-8311x7767,hguerrero@example.com,2022-03-20
8648,Bradley,Ramos,Guadeloupe,(403)641-0686,alexa25@example.net,2026-01-10
8649,Shelley,Choi,Bouvet Island (Bouvetoya),570-523-5564x22924,littlejennifer@example.org,2020-02-08
8650,Michael,Anderson,Maldives,001-384-210-2632x9690,morgangross@example.net,2020-09-20
8651,Jennifer,Clark,Saint Vincent and the Grenadines,751-570-3460,bishopallen@example.org,2022-08-09
8652,Jennifer,Mills,Vietnam,771.715.3504,lisagonzalez@example.com,2026-01-22
8653,Robert,Lane,Austria,9067847538,perezemily@example.com,2022-03-15
8654,James,Phillips,Guatemala,(372)907-8955,tdowns@example.net,2020-11-10
8655,Joseph,Combs,Armenia,563-467-4450x03996,danielwiley@example.com,2021-08-11
8656,Amanda,Oliver,Lesotho,434.553.5188x319,charles56@example.net,2021-11-12
8657,Angela,Kim,Mongolia,5172090514,judyrhodes@example.com,2021-06-02
8658,Thomas,Hughes,Chile,(846)893-6198,scottjordan@example.net,2024-08-19
8659,Nathan,Dennis,Taiwan,001-649-983-2157x793,ariel53@example.com,2025-12-29
8660,Justin,Barron,Serbia,574.798.0766x7460,leemichelle@example.com,2022-06-29
8661,Toni,Suarez,French Polynesia,(465)287-8569x62218,krystal80@example.org,2025-10-12
8662,Virginia,Casey,Congo,328-284-9828x0573,bryanthompson@example.com,2020-08-05
8663,Christopher,Jones,Jamaica,001-701-257-4662x0098,shelley81@example.org,2020-07-10
8664,Lawrence,Austin,Canada,9539484888,franklin69@example.org,2024-11-09
8665,Deborah,Townsend,Lebanon,(563)215-7768x3163,qbuchanan@example.org,2025-01-09
8666,Samuel,Cox,Mauritania,432-937-8616,smithjillian@example.net,2023-02-13
8667,Erin,Moran,Saint Pierre and Miquelon,(242)835-2051x5800,erin82@example.net,2023-06-05
8668,Kellie,Gonzalez,Poland,(977)492-4913,james08@example.net,2025-12-24
8669,Stacey,Bowen,San Marino,001-390-431-7849,maytammy@example.net,2020-11-26
8670,Kevin,Cruz,Cambodia,983.497.5796x71915,combspedro@example.net,2020-03-03
8671,Thomas,Curtis,Iceland,283.531.9146x34907,caseynichols@example.net,2025-01-31
8672,Mary,Phillips,Palau,588.972.0034x5138,pfields@example.net,2020-01-09
8673,Michael,Bryant,Liberia,(577)255-2101,yangedward@example.net,2020-07-14
8674,Roberto,Patterson,Mauritius,203-555-8954x0262,michael71@example.net,2024-08-30
8675,James,Nash,Sao Tome and Principe,001-493-644-7380x885,beanjack@example.com,2021-03-06
8676,Pamela,Baker,Guadeloupe,001-661-365-4929,paynejessica@example.com,2022-06-02
8677,Kevin,Gray,United Arab Emirates,(739)400-1282x25272,pjohnson@example.com,2020-11-01
8678,Jennifer,Sanchez,Cocos (Keeling) Islands,327.514.7248,jeffrey25@example.org,2021-09-03
8679,Dawn,Kerr,Taiwan,393-886-1855,mooremelanie@example.com,2022-07-08
8680,James,Mathews,Bermuda,+1-611-867-6504x488,jameschristian@example.net,2025-08-30
8681,Gary,Myers,Bermuda,001-459-791-0322x5589,hwilliams@example.net,2021-01-30
8682,Alejandro,Ritter,Zimbabwe,001-713-517-4449,tonynash@example.net,2020-08-18
8683,Lisa,Garcia,Jamaica,335.268.9554,andrewparks@example.org,2026-01-13
8684,Stacy,Henderson,Antigua and Barbuda,001-280-967-7920x9708,jennifershaw@example.com,2020-07-12
8685,Kristin,Romero,Christmas Island,370.497.9904,powersandrew@example.org,2022-01-16
8686,Victoria,Alvarez,Aruba,879.709.5632,dillon59@example.com,2022-06-09
8687,Amy,Rogers,Cuba,828.791.4728x40665,gschmidt@example.net,2025-01-17
8688,Jessica,Powell,Lesotho,001-236-832-7185,nbenton@example.com,2022-07-19
8689,Kevin,Mills,Ukraine,(698)547-4269x61405,qrasmussen@example.net,2024-01-10
8690,Ashley,Stewart,Luxembourg,422-907-0016,hmontgomery@example.org,2020-03-09
8691,Gerald,Galloway,Japan,(430)476-3793,jeffrey48@example.org,2024-02-23
8692,Keith,Drake,Netherlands,+1-531-669-1119,etyler@example.org,2025-02-14
8693,Joe,Fox,Grenada,2943601113,catherine30@example.net,2021-03-23
8694,Denise,Bradley,American Samoa,001-899-786-9887x579,kenneth30@example.org,2025-10-18
8695,Heather,Golden,Saudi Arabia,(545)595-4396,jack58@example.net,2025-11-01
8696,Thomas,Logan,Fiji,841-371-6397,beardjose@example.org,2024-09-20
8697,John,Fitzgerald,Solomon Islands,001-475-375-8172,gwallace@example.org,2025-02-11
8698,Mary,Ewing,Bahrain,551.975.0566x03223,jadams@example.net,2022-02-13
8699,Brandon,Scott,Mongolia,(889)936-5375x81276,madison51@example.net,2020-07-10
8700,Calvin,Clements,Turkmenistan,(669)235-4173x3132,alan61@example.org,2022-01-10
8701,Caitlin,Walker,Greece,218-209-3013x789,gsalas@example.com,2026-01-12
8702,Kyle,Wilson,Marshall Islands,9408900669,carolhawkins@example.com,2020-07-20
8703,Cheryl,Cameron,Mauritania,459-912-7403x3904,uhoffman@example.com,2025-04-05
8704,Paula,Smith,Slovakia (Slovak Republic),246-458-2740,odomtammy@example.com,2020-05-11
8705,Steven,Duncan,Bosnia and Herzegovina,7934577222,james39@example.com,2020-07-19
8706,Lauren,Morris,Grenada,274-988-5328,gward@example.org,2023-05-22
8707,Valerie,Shelton,Solomon Islands,001-578-863-4979x53991,carolynpena@example.com,2022-10-16
8708,Dillon,Shaw,Seychelles,001-693-529-0356,noliver@example.net,2025-06-01
8709,Sharon,Bennett,Panama,(413)396-7602x63459,vincentdiaz@example.com,2025-07-11
8710,Michelle,Brown,Papua New Guinea,381.518.1498x306,michaelbrown@example.net,2024-09-10
8711,Barbara,Jensen,Malawi,001-968-493-4524,terri79@example.net,2025-10-08
8712,Bill,Pittman,Grenada,+1-311-547-8790x24478,rlopez@example.net,2022-02-02
8713,Rhonda,Jackson,Canada,+1-699-216-9298x1134,jason60@example.com,2025-06-03
8714,Adam,Hernandez,Bahrain,001-232-246-4843x5041,kfarmer@example.org,2022-09-04
8715,Jacob,Brown,Latvia,663.560.8992x2164,jeffrey18@example.org,2025-05-25
8716,Christopher,Chandler,Mongolia,874-958-9000,whitefaith@example.org,2024-06-06
8717,Michelle,Reilly,Dominica,(376)916-8836,briangarcia@example.org,2020-08-20
8718,Joe,Richardson,Cameroon,706.367.6933,amandahill@example.com,2021-07-23
8719,Michael,Reyes,Saint Lucia,001-524-571-1457x674,melissalarson@example.com,2023-12-07
8720,Kenneth,Johnson,Guyana,(510)978-5334x2814,chandlercrystal@example.net,2024-03-24
8721,Joan,Fuentes,Montenegro,2929760188,palexander@example.net,2022-11-15
8722,Matthew,Moreno,Latvia,001-814-672-3310x506,vsloan@example.net,2020-11-21
8723,William,Patterson,Monaco,(235)819-0795x95339,brittanyprince@example.com,2020-03-22
8724,Mary,Young,Vanuatu,7682348189,sduncan@example.com,2022-10-26
8725,Elizabeth,Lee,Niue,364-624-6567,pricekenneth@example.net,2021-09-08
8726,Charles,Walker,Isle of Man,461-725-4207x98509,randybuck@example.com,2024-09-18
8727,Jacob,Walker,Cayman Islands,(216)372-1498x1881,stephanie93@example.com,2025-04-10
8728,Frank,Melton,Suriname,633.661.0676,gharris@example.com,2023-07-13
8729,Carmen,Johnson,Romania,(501)200-1747,michael13@example.net,2024-04-07
8730,Angela,Brown,Czech Republic,907.246.3597,jacksonsamantha@example.com,2025-10-06
8731,Mitchell,Payne,Timor-Leste,840-432-7492,morgancarlos@example.net,2023-01-22
8732,Sandra,Gray,Togo,+1-704-889-9985,hansonshelley@example.net,2023-03-30
8733,Jacob,Bryant,Somalia,327.368.2360x14953,mcdonalddavid@example.org,2021-10-06
8734,Sheila,Tucker,United Arab Emirates,571.512.0713x02214,zmcclure@example.org,2021-11-04
8735,Michelle,Arnold,India,5036003622,fraziertina@example.net,2021-05-29
8736,Sheila,Williamson,Korea,550.461.3760x6645,erin78@example.org,2022-03-28
8737,Richard,Smith,Chile,2554509880,corybriggs@example.org,2025-04-11
8738,Jared,Mills,Isle of Man,729-880-9162x6729,wpham@example.org,2022-09-09
8739,Aaron,Buchanan,Myanmar,(783)631-8281x1770,colleen70@example.org,2023-11-12
8740,Mary,Fisher,United States Virgin Islands,720-730-3819x56102,allisonnguyen@example.org,2020-10-22
8741,Toni,Harris,Monaco,901.643.4137x6030,pcook@example.org,2025-05-19
8742,Mary,Melton,Equatorial Guinea,(950)226-1512x40567,beardashley@example.net,2025-10-08
8743,Carla,Mercer,Venezuela,552.542.6168x274,richardsdennis@example.net,2024-11-04
8744,Wanda,Campbell,French Polynesia,562-339-3479x06318,patrickmorris@example.com,2020-01-29
8745,Katie,Butler,Mongolia,466-793-0321x9925,kwells@example.com,2025-08-23
8746,Jeffrey,Rhodes,Turkmenistan,814.376.4012,shawna88@example.com,2024-12-25
8747,Kimberly,Case,Ukraine,001-825-297-6380x46472,htrevino@example.com,2022-09-26
8748,Jane,Daniel,Aruba,358.970.6382x0787,pateljason@example.org,2022-05-21
8749,Walter,Munoz,Moldova,472-535-5962,mcdonaldelizabeth@example.net,2022-09-03
8750,Alyssa,Fitzpatrick,Poland,461.986.0676x3135,adam52@example.net,2025-03-26
8751,David,Ortega,Switzerland,+1-635-678-0617x727,kaylabecker@example.net,2021-01-12
8752,Gary,Petersen,Bosnia and Herzegovina,(450)666-8507x63295,vrichards@example.org,2022-07-22
8753,Debra,Hendricks,United Kingdom,+1-707-769-9820x0131,xlindsey@example.net,2023-01-29
8754,Christopher,Garcia,Seychelles,466.250.4328x37059,dperez@example.com,2024-01-23
8755,Sarah,Bryant,Hungary,(512)850-2624x2814,deniseshaw@example.net,2024-07-04
8756,Michael,Smith,Netherlands Antilles,(972)653-0350,vroberts@example.com,2020-12-24
8757,Abigail,Stone,Seychelles,+1-698-424-2189,martha18@example.org,2020-12-28
8758,Damon,King,Dominican Republic,399-936-5658x29699,amymcgee@example.net,2025-03-25
8759,Megan,Mcmahon,Mauritius,578-209-3686x62871,gdaniel@example.net,2022-02-07
8760,Meghan,Skinner,Guinea-Bissau,001-848-280-0740x7519,kevin06@example.org,2021-02-27
8761,Jeffrey,Woods,Turks and Caicos Islands,001-462-543-1242x50499,armstrongamanda@example.com,2022-04-21
8762,Natalie,Savage,Turkey,786.768.4543,mjohnson@example.org,2024-04-24
8763,Kelly,Johns,Tunisia,+1-760-734-0201x37435,suzanne79@example.com,2020-02-26
8764,Beth,Foley,Niue,(233)762-6607,mthomas@example.org,2023-09-07
8765,Tyler,Stevenson,Honduras,(681)909-2832x34099,davidsondaniel@example.net,2021-02-22
8766,Laura,Harvey,Lesotho,+1-489-866-5581,jroberts@example.com,2020-07-01
8767,Alice,Hess,Korea,(733)880-8203,edwardnorton@example.net,2025-01-28
8768,Sherri,Good,United States of America,3369834178,stephen12@example.net,2025-09-04
8769,Jeremy,Smith,Czech Republic,(517)942-1970,lware@example.net,2020-06-26
8770,Brett,Austin,Malaysia,(268)650-5632,ryan08@example.com,2022-08-27
8771,Curtis,Lee,Tunisia,001-301-675-2032x509,travisanderson@example.net,2025-10-31
8772,Christopher,Mcdonald,China,(596)217-2142x5239,lauren29@example.com,2021-11-02
8773,Shawn,Garza,Mauritania,+1-694-773-9921,yjohnson@example.org,2020-06-16
8774,Nancy,Caldwell,Haiti,468.243.0491x4553,chaney@example.com,2020-06-26
8775,Ashley,Wilkerson,French Polynesia,7956316650,wlewis@example.org,2023-07-08
8776,Valerie,Hernandez,Panama,240-713-4088,candice32@example.org,2025-12-21
8777,Lisa,Adams,Indonesia,+1-755-833-5306x493,diane73@example.net,2025-12-06
8778,Robert,Martin,Latvia,(390)900-8214x00786,marvin21@example.com,2022-05-30
8779,Natasha,Chambers,Swaziland,7338483832,john43@example.org,2025-09-18
8780,Christopher,Robinson,Cayman Islands,+1-586-267-9760,edwardperkins@example.org,2022-07-31
8781,Matthew,Robinson,French Guiana,7208644862,susankaufman@example.net,2024-01-01
8782,Lori,Myers,Turkmenistan,940-769-5056x1201,jennifer74@example.com,2026-03-07
8783,Diane,Hill,Zimbabwe,(421)402-1417,jeremy13@example.com,2022-11-26
8784,David,Johnson,Solomon Islands,286-355-8820x68168,yhall@example.net,2022-06-10
8785,Mary,Gonzalez,Hungary,001-646-496-9890x516,eric20@example.com,2025-04-29
8786,Andrew,Clements,American Samoa,(966)902-5192x2296,andreastrickland@example.org,2022-09-26
8787,Mary,Mayo,Haiti,985-922-3988x71766,john40@example.net,2026-03-01
8788,Leslie,Figueroa,French Polynesia,(489)649-7164x702,xharris@example.org,2023-04-28
8789,John,Frederick,Kuwait,001-880-518-2641x542,youngkelly@example.org,2021-01-13
8790,Mackenzie,Medina,Malta,904.368.5953x66725,diazjuan@example.org,2024-10-14
8791,Daniel,Tate,French Guiana,(334)786-1442x24660,brookeosborne@example.com,2021-01-20
8792,Jodi,Valenzuela,Peru,001-369-929-0280x80177,susan07@example.org,2021-07-08
8793,Erik,Anderson,Bhutan,930-887-5956x640,richardwarren@example.com,2020-01-22
8794,Daniel,Baker,Vietnam,8239176212,tracyramos@example.com,2023-05-14
8795,Sarah,Lopez,Egypt,352.840.2833,crossmatthew@example.org,2020-06-15
8796,John,Goodwin,Indonesia,001-547-365-0650x359,hillchristy@example.net,2021-02-23
8797,Molly,Madden,Sao Tome and Principe,399-225-2021x710,vleonard@example.net,2023-08-13
8798,Timothy,Davidson,Ireland,280-331-1323x5735,xsmith@example.org,2020-12-05
8799,Alison,Hodges,Portugal,883.507.6519x7721,timothybrown@example.com,2020-02-07
8800,Joseph,Stevens,Bosnia and Herzegovina,001-946-277-3976,nicholserin@example.org,2025-07-21
8801,Gina,George,British Indian Ocean Territory (Chagos Archipelago),2866564608,icox@example.com,2021-11-13
8802,George,Weber,Timor-Leste,573-347-2301,patrickrandall@example.com,2022-01-18
8803,Kayla,Warner,Georgia,758.533.3417x766,davismichael@example.net,2021-12-17
8804,Gail,Sanchez,New Caledonia,658-313-0350x753,ericroberts@example.org,2021-10-03
8805,Nicole,Stevens,Croatia,001-950-810-8177x0645,sarahrios@example.com,2022-08-16
8806,Colin,Herrera,British Virgin Islands,001-493-228-5788x5741,brianaclark@example.net,2023-07-16
8807,Alexa,Garcia,Saint Martin,6844255693,sean98@example.com,2023-11-16
8808,Maria,Hayes,Guyana,383-913-5210,james41@example.org,2021-07-29
8809,Megan,Evans,Montenegro,+1-557-801-0972,nancy18@example.org,2020-09-26
8810,Megan,Martin,Mali,(438)982-9717x6047,mendozabarbara@example.org,2024-04-14
8811,Michael,Dixon,United Arab Emirates,001-390-442-8434x958,gregorylaura@example.net,2022-08-28
8812,Kimberly,Williams,Korea,2392726853,rojasbrittney@example.org,2023-05-03
8813,Dustin,Murray,Somalia,(353)413-1197,ycurtis@example.com,2021-12-29
8814,Phillip,Riley,Grenada,+1-679-274-4756x977,william80@example.com,2020-04-12
8815,Mark,Blankenship,Saudi Arabia,+1-650-254-7512x1813,ashleydawn@example.net,2025-09-15
8816,Kevin,Rubio,Norway,614.854.6089x891,christopherweber@example.com,2025-01-25
8817,Allen,Taylor,Eritrea,001-841-549-6689x404,sgreen@example.org,2020-05-10
8818,John,Wilcox,Bangladesh,+1-599-805-0962x324,xwagner@example.org,2021-04-29
8819,Justin,Watson,Morocco,+1-540-399-6279x617,smithjordan@example.net,2024-06-04
8820,Roberto,Grant,Yemen,(245)383-3512x502,williamjones@example.com,2026-03-05
8821,Michelle,Martin,Finland,423.864.9429x489,smithsheryl@example.org,2025-07-27
8822,Tiffany,Hull,Oman,742-724-6385x8033,eatonamber@example.com,2025-10-23
8823,Karen,Guerra,Uganda,330-206-0989x5247,gsimmons@example.org,2024-10-01
8824,Helen,Smith,Turkey,7848523811,xruiz@example.net,2026-02-22
8825,Gregory,Peck,Mali,001-398-820-2732,cindyfritz@example.org,2024-10-02
8826,Dawn,Washington,Mayotte,7212348562,stevenmora@example.net,2023-08-17
8827,James,Garcia,Palestinian Territory,001-574-791-8151x9877,wolferyan@example.com,2022-08-18
8828,Alyssa,Morris,Faroe Islands,001-447-822-3693,lewismichele@example.org,2024-04-05
8829,Jamie,Cook,Russian Federation,001-815-890-5846x575,jenniferfaulkner@example.com,2021-07-17
8830,Julie,Haney,Anguilla,(939)374-9841x262,gmiller@example.com,2025-08-09
8831,Harry,Jones,Cocos (Keeling) Islands,579-615-9255,qcrane@example.org,2024-05-03
8832,Samuel,Rodriguez,Botswana,394-298-4883x7417,loganthornton@example.net,2021-12-12
8833,Nathaniel,Rivera,Honduras,001-853-522-8216x80970,hendricksjessica@example.org,2020-07-12
8834,Roy,Fuller,Papua New Guinea,402.712.2100x6930,taylorwood@example.net,2025-10-25
8835,Emily,Smith,Sweden,(568)841-9050,thomasbenjamin@example.org,2020-06-04
8836,Mary,Park,Sudan,594-309-3735,wturner@example.org,2021-04-11
8837,Andrew,Novak,Cook Islands,001-250-518-1412x6516,carterwayne@example.org,2022-07-10
8838,Adam,Sellers,Fiji,688.865.6780x26585,madisonschaefer@example.com,2023-08-26
8839,Eric,Long,Yemen,(632)779-9654x830,kevin07@example.net,2025-03-15
8840,Jason,Rubio,Botswana,883-628-3269,bensonvanessa@example.net,2023-08-01
8841,Maureen,Schwartz,Guyana,4159693377,tonybaker@example.com,2021-02-12
8842,Maria,Mason,Bouvet Island (Bouvetoya),(565)916-9911x0213,xtran@example.net,2021-10-20
8843,John,Arnold,Venezuela,948-514-8133x135,hendersoncarlos@example.com,2022-03-06
8844,Cody,Gonzalez,Cayman Islands,524.576.6149,bpowell@example.org,2023-04-01
8845,Melanie,Walker,South Georgia and the South Sandwich Islands,001-958-828-6507,qrivera@example.net,2021-08-26
8846,Marie,Russell,United Kingdom,+1-956-395-3758x1384,nancybass@example.org,2024-06-28
8847,Shelia,Lopez,Montserrat,(885)574-2328,leebrett@example.net,2020-06-12
8848,Steven,Lopez,Netherlands Antilles,+1-769-712-6098,sperez@example.com,2021-02-16
8849,Stephanie,Bush,Thailand,001-599-809-3505x724,jessica50@example.org,2024-06-29
8850,Becky,Turner,Greece,001-952-415-0698,hjones@example.org,2021-12-09
8851,Kyle,Howard,Tanzania,660-343-9794x812,vickietaylor@example.com,2020-11-01
8852,Kimberly,Braun,Sierra Leone,001-719-409-1719x02248,wilsonlee@example.net,2025-03-21
8853,Jason,Arnold,Monaco,7698926660,joel60@example.org,2020-07-29
8854,Aaron,Smith,Liberia,909.950.7728x1799,karenpatterson@example.net,2024-01-23
8855,Jamie,Hunter,Zambia,556-802-8674x37234,silvaamy@example.com,2023-09-09
8856,Tara,Vasquez,Mozambique,556.980.0192,walkermary@example.net,2023-05-26
8857,Cassandra,Atkinson,Chile,+1-812-494-7040x600,danarice@example.net,2023-05-20
8858,Terri,Sanders,Spain,8455184932,mitchellmichael@example.net,2023-09-23
8859,Emily,Ross,Seychelles,246-659-5805,shoover@example.org,2022-06-08
8860,Gary,Krause,United States of America,001-401-948-0359x469,nwalls@example.com,2023-11-04
8861,David,Chavez,Ukraine,(380)404-0815x95611,johnholloway@example.org,2020-06-14
8862,James,Rollins,Haiti,+1-836-894-9525x5984,jkane@example.com,2023-04-22
8863,Robert,Pham,Italy,340-371-7712x9907,morrisdean@example.org,2024-02-07
8864,Martha,Ray,Western Sahara,(233)424-2707x22713,wrodgers@example.org,2025-12-04
8865,Margaret,Maynard,Christmas Island,7955222469,karen38@example.net,2023-04-29
8866,Charles,Turner,France,+1-739-266-5811x15506,zbradshaw@example.net,2022-05-05
8867,Trevor,Villegas,Tunisia,860.477.9212x2283,christopherfoster@example.net,2025-03-03
8868,Kevin,Baker,Papua New Guinea,653-249-2053x632,nancy32@example.net,2022-07-25
8869,Lisa,Hawkins,Turkmenistan,+1-605-371-1528x82102,lisa30@example.org,2025-02-18
8870,David,Odonnell,Bouvet Island (Bouvetoya),001-557-478-9386x4635,makaylaking@example.com,2024-03-31
8871,Tony,Luna,Portugal,(564)756-9771,brandon58@example.org,2023-08-02
8872,Jeanette,Shepherd,Russian Federation,231-812-2412x1871,aking@example.org,2024-09-28
8873,Bryce,Weiss,Sierra Leone,+1-515-225-7460,aharmon@example.net,2020-11-25
8874,Adam,Sweeney,Congo,760-983-6325x244,chensley@example.org,2020-07-07
8875,Jessica,Bass,Sudan,933.720.8139x363,gonzalezjennifer@example.org,2021-05-27
8876,Caroline,Wilkerson,Burkina Faso,001-430-261-5647,icoleman@example.com,2022-03-25
8877,Raymond,Gonzales,Yemen,+1-789-755-9873x48075,joseph23@example.org,2021-08-04
8878,Ryan,Miller,Czech Republic,001-331-247-2410x46200,ksullivan@example.org,2020-11-22
8879,Eileen,Contreras,Lesotho,(658)726-9900x45637,paulorozco@example.com,2020-06-04
8880,Vanessa,Hamilton,Turkey,(583)996-7853x1450,mary34@example.com,2020-02-18
8881,Justin,Haley,Saint Vincent and the Grenadines,001-939-372-2205x98140,matthew81@example.com,2022-01-04
8882,Michael,Wright,United Arab Emirates,230-395-4876x614,rodriguezjulia@example.net,2020-10-09
8883,Gabriela,Jackson,Syrian Arab Republic,(976)551-5080x1621,frankchavez@example.com,2023-03-12
8884,Martin,Brady,Antigua and Barbuda,(977)712-6921x987,imeza@example.org,2022-08-18
8885,Peter,Wheeler,Azerbaijan,+1-444-343-9428x3915,kevinroberts@example.com,2025-01-26
8886,Heather,Allison,Switzerland,001-984-276-1475x255,anthonynguyen@example.net,2024-10-15
8887,Jennifer,Fields,Saint Pierre and Miquelon,+1-265-823-7956x56563,mcdonaldjade@example.net,2022-10-05
8888,Jeffrey,Bates,Wallis and Futuna,4346650508,cameron07@example.com,2021-03-27
8889,Tyler,Rodriguez,Bouvet Island (Bouvetoya),+1-242-785-7326x2851,tricia25@example.net,2025-03-08
8890,Anthony,Hooper,France,538-375-6039x740,twoods@example.org,2021-10-12
8891,Walter,Pena,Nauru,001-358-895-2182x6934,herrerasandra@example.org,2024-10-07
8892,Mitchell,Kramer,Turkey,001-850-749-8161x817,sierraobrien@example.org,2021-09-13
8893,Kimberly,Nelson,Benin,401.974.6681x3350,whitetonya@example.org,2025-01-26
8894,Angela,Chambers,Sao Tome and Principe,(277)389-7994,ashley22@example.net,2021-04-12
8895,Crystal,Weaver,Martinique,721-266-6067x5088,evan12@example.org,2022-04-15
8896,Daniel,Jackson,Mozambique,466.655.8594x908,martinbrandon@example.com,2022-08-13
8897,Stephen,Harrell,Taiwan,+1-760-878-4636x8538,jdavis@example.net,2022-12-13
8898,Steven,Keller,Denmark,+1-908-234-3344,johnsonstacy@example.com,2020-10-02
8899,Douglas,Dean,Lesotho,(858)811-2938,hmoore@example.net,2023-07-22
8900,Amber,Guzman,Angola,(217)502-3656x373,brosales@example.net,2026-01-21
8901,Gina,Gomez,Mayotte,747-952-8233,ambermoreno@example.net,2021-04-30
8902,Danielle,Duke,Anguilla,+1-649-647-7485x653,brianreed@example.org,2023-05-26
8903,Anthony,Murray,Malaysia,562-278-1522x79926,eduardoweaver@example.org,2023-11-04
8904,Justin,Proctor,Uganda,372.924.7475x1297,wisesandra@example.org,2021-12-18
8905,Joseph,Bailey,Sweden,6152775465,ellisdanielle@example.org,2021-12-27
8906,Aaron,Hayes,Swaziland,(613)591-8487x49988,connor44@example.net,2024-03-17
8907,Sharon,Holland,El Salvador,731-476-9092x212,posborn@example.com,2023-01-31
8908,Joshua,Osborn,Oman,613-917-7262,wisepatricia@example.net,2021-02-09
8909,Gabrielle,Myers,Oman,001-984-730-8159x62066,kristy74@example.org,2025-02-01
8910,Elizabeth,Buchanan,Zambia,247-406-4075,wharris@example.org,2021-05-29
8911,Pamela,Williams,Heard Island and McDonald Islands,7324033043,cstrong@example.com,2024-03-29
8912,Walter,Warren,Hungary,001-971-382-7432,fhuerta@example.net,2023-06-04
8913,Wanda,Walker,Western Sahara,218.241.3670,perezkristen@example.org,2020-03-14
8914,Kevin,Wood,Israel,915.423.1413x17584,coopereugene@example.org,2022-02-03
8915,Jonathan,Williams,Pakistan,(984)915-4820x18495,ashley10@example.org,2020-12-06
8916,Joshua,Osborn,Zimbabwe,001-884-438-6845x9232,donnasmith@example.net,2021-03-21
8917,Lindsey,Lopez,New Zealand,+1-365-333-8543x682,gmorris@example.org,2020-12-17
8918,Amanda,Wilson,Algeria,293-575-4047x637,christophercompton@example.net,2020-02-10
8919,Sheena,Robinson,Bouvet Island (Bouvetoya),001-414-306-0413x78897,robert10@example.net,2023-07-22
8920,Catherine,Becker,Hungary,+1-922-388-9512x714,amandabaker@example.org,2023-07-25
8921,Megan,Harris,Ethiopia,941.787.4527,karihall@example.net,2025-02-10
8922,Kristopher,Morris,Burundi,319-886-4344x537,susangarza@example.com,2020-10-12
8923,Christopher,Maddox,Norway,357.796.7611x961,smithnathan@example.org,2023-03-07
8924,Darlene,Murray,Bermuda,4079995509,fullerjames@example.net,2020-10-10
8925,Catherine,Farrell,Bahrain,+1-303-615-8598x246,icain@example.org,2021-10-24
8926,Joseph,Green,Guinea,2792610468,meyerjessica@example.net,2021-05-13
8927,Derek,Nelson,Bhutan,894.787.3185x6809,munozryan@example.org,2025-02-03
8928,Leslie,Haynes,Holy See (Vatican City State),938-512-3136x6536,orozcoronald@example.net,2024-04-07
8929,Catherine,Stevens,Malawi,339.475.0956,tclark@example.org,2025-12-17
8930,Andrew,James,Dominican Republic,(858)485-2594x754,stewartashley@example.org,2024-12-30
8931,Kathy,Valentine,Trinidad and Tobago,262.723.0300,danielsrachel@example.org,2022-02-08
8932,Tammy,Berg,Palau,(351)823-4848,ninajones@example.org,2020-02-17
8933,Brian,Vargas,Romania,(756)390-1361,xmason@example.net,2020-03-21
8934,Courtney,King,Micronesia,+1-272-799-8670x3353,xschultz@example.com,2021-11-13
8935,Jonathan,King,Macao,(652)556-7583x83831,swilliams@example.com,2025-04-01
8936,Donald,Henderson,Vietnam,001-897-813-0826x8273,rmccullough@example.net,2022-11-22
8937,Emily,White,Kuwait,(914)581-8650x5694,barryjackson@example.com,2024-11-26
8938,Joshua,Martin,Uzbekistan,001-669-825-2407x387,hbeard@example.org,2023-03-02
8939,Lindsey,Gonzalez,Zimbabwe,001-728-407-4462x51593,ahess@example.org,2025-09-26
8940,Emily,Jones,Armenia,+1-817-631-3327x15091,lwillis@example.com,2024-04-20
8941,Cheyenne,Jennings,Bermuda,775.838.0216x6451,smithdean@example.net,2025-06-15
8942,Ashley,Sweeney,Argentina,001-888-281-0618x36143,dblair@example.org,2023-10-06
8943,Laura,Mooney,Montenegro,001-968-722-5500x64969,lpowell@example.net,2021-06-04
8944,Emily,Sanchez,Madagascar,+1-630-834-4097,robertwalker@example.org,2021-11-23
8945,Robert,Rogers,Kyrgyz Republic,(845)715-1593x9250,barrerajennifer@example.net,2022-11-05
8946,Savannah,Brooks,British Virgin Islands,(784)381-0306x7178,raymond90@example.org,2025-06-22
8947,John,Smith,Brazil,(819)375-4732,hwhite@example.net,2020-02-09
8948,Kristen,Olson,Benin,(484)579-2040x40484,gabrielle30@example.org,2025-08-20
8949,Scott,Montgomery,Kazakhstan,(846)219-2555,adamscraig@example.com,2026-01-11
8950,Shelly,Marshall,Belize,(690)861-4368,ryan60@example.com,2024-07-03
8951,Andrea,Hughes,Central African Republic,+1-325-208-3301x138,jasonscott@example.net,2025-02-15
8952,Sean,Barry,Nepal,4088126152,valeriemendoza@example.org,2020-08-22
8953,Alicia,Rodriguez,Korea,2119012537,xlee@example.net,2021-11-08
8954,Donna,Yang,Cayman Islands,001-481-664-6754x4979,kdavis@example.net,2025-09-18
8955,Michael,Flores,Holy See (Vatican City State),837-948-4416x73940,bbaker@example.net,2022-09-06
8956,Gregory,Martinez,Switzerland,2415218094,clarklaura@example.com,2020-05-24
8957,Sarah,Clark,Zambia,+1-523-595-4195x700,cookbarry@example.org,2020-01-04
8958,Victoria,Rogers,Saint Vincent and the Grenadines,(468)667-0660x71389,danaballard@example.net,2023-03-20
8959,Robert,Guerrero,Kenya,608-501-4533,jcook@example.org,2026-03-03
8960,Craig,Gardner,Qatar,+1-872-294-9678x02866,slopez@example.org,2025-10-11
8961,Kristin,Brown,Slovenia,426-487-0528,sthompson@example.org,2025-11-30
8962,Robert,Higgins,Syrian Arab Republic,695.722.7849,garciajohn@example.com,2024-04-22
8963,Traci,Archer,Palestinian Territory,683.904.9281x85113,tbowers@example.net,2025-11-24
8964,Stephanie,Freeman,Azerbaijan,448.585.2012x73415,matthewstanner@example.org,2025-01-15
8965,Leslie,Hall,Bahrain,960.545.2666x084,jberger@example.com,2021-12-03
8966,Lindsey,Coleman,Portugal,281-439-7675x5182,kgreen@example.net,2020-03-01
8967,Christopher,Vega,Cook Islands,001-625-855-1547x24886,samanthalong@example.org,2020-06-15
8968,Tara,Walter,Brunei Darussalam,(892)363-2446x43574,cochrankathy@example.com,2021-02-02
8969,Chad,Harrington,Montserrat,521-427-4274x06799,amyrogers@example.com,2025-06-06
8970,Kevin,Maxwell,Aruba,2884602653,christina66@example.com,2024-05-01
8971,Katherine,Lewis,Lao People's Democratic Republic,(962)553-2817,gail67@example.com,2021-11-25
8972,Luis,Charles,Cote d'Ivoire,9172639435,ricardobrown@example.com,2026-02-19
8973,David,Castillo,Kuwait,900.496.8002,amandamartinez@example.com,2020-09-11
8974,Gene,Mitchell,Burundi,913.286.0589x20398,ngibson@example.com,2025-10-21
8975,Barbara,Evans,Australia,280-821-9974x58436,brian64@example.net,2025-09-12
8976,Stephanie,Gillespie,Syrian Arab Republic,648.360.8900x2658,christopher16@example.net,2023-06-29
8977,Debra,Mckenzie,Seychelles,8028887158,glin@example.net,2026-01-01
8978,Jessica,Hester,Hungary,001-849-642-2907x6991,bgolden@example.com,2022-01-25
8979,Steven,Santos,Sierra Leone,246.530.0110x52539,douglas17@example.com,2021-11-28
8980,Stephanie,Mills,New Zealand,001-434-264-6534x008,glopez@example.org,2026-01-22
8981,Danny,Barrett,Bahamas,001-782-936-6448,fitzgeraldjonathan@example.com,2024-09-14
8982,Jean,Wilkerson,Falkland Islands (Malvinas),(263)641-4600x422,tiffany82@example.org,2022-06-24
8983,Travis,Welch,Finland,+1-950-823-6610,christopher92@example.org,2020-08-04
8984,Jamie,Vincent,Belarus,001-853-391-9440,davisjodi@example.org,2024-04-27
8985,Timothy,Jordan,Korea,(531)835-5493x807,robert66@example.com,2022-06-20
8986,Dawn,Hoffman,Faroe Islands,771.921.0091x908,gordonjacob@example.org,2022-06-01
8987,Felicia,Graham,Mongolia,+1-361-514-1579x5879,ysmith@example.org,2025-02-26
8988,James,Wilson,Bangladesh,+1-959-879-2831x766,alexandriarios@example.org,2023-03-31
8989,Elizabeth,Dalton,Turks and Caicos Islands,001-201-412-5025x254,matthewsamy@example.org,2020-06-04
8990,Nicholas,Mccoy,Gambia,001-206-691-6432x466,ofreeman@example.org,2026-03-02
8991,Cathy,Hamilton,Netherlands Antilles,+1-876-990-9572x55939,michael02@example.net,2023-04-22
8992,Spencer,Moyer,British Virgin Islands,864.755.1256x11672,bbutler@example.net,2020-10-06
8993,Kimberly,Evans,Nepal,974-921-6444x3437,villabobby@example.org,2025-02-14
8994,Paul,Johnson,French Guiana,646.563.1756x39630,steinkimberly@example.net,2021-05-03
8995,James,Wagner,Tonga,3984249889,walkertommy@example.net,2025-04-21
8996,Donna,Beck,Sao Tome and Principe,+1-699-654-5788x2547,fzamora@example.com,2022-01-23
8997,Amanda,Cook,Myanmar,(397)995-6374,gregory05@example.net,2025-06-26
8998,Glenn,Cantrell,Lebanon,535-368-2770x6518,hrodriguez@example.com,2025-11-07
8999,Michael,Jackson,Rwanda,(507)214-8560x06921,hickspaul@example.com,2021-01-02
9000,Jerry,Hancock,Moldova,832-299-0696,charleshamilton@example.com,2020-09-05
9001,Alan,Martin,Iran,+1-366-915-5532x2774,michael40@example.com,2025-04-23
9002,Amber,Shaw,French Southern Territories,(955)668-3088,jporter@example.com,2023-11-10
9003,Nicole,Brown,Equatorial Guinea,(586)777-4255,nancy63@example.net,2024-09-23
9004,Alicia,Conner,Western Sahara,001-847-517-1288,desiree49@example.com,2023-11-01
9005,Taylor,Hughes,Uganda,5718153068,thernandez@example.org,2021-08-22
9006,Michael,Lee,Mexico,001-554-663-3271x479,ksmith@example.org,2020-09-08
9007,David,Ramirez,New Caledonia,815.873.9907x0243,michaelmurray@example.net,2021-02-18
9008,Andres,Bradford,Marshall Islands,001-204-378-6422x727,rdiaz@example.org,2020-06-21
9009,Ana,Kennedy,Mayotte,+1-961-750-0336x2741,valenzuelacraig@example.org,2020-08-13
9010,Elaine,Conley,Cambodia,(691)448-5762,imartin@example.net,2024-10-26
9011,Julie,Black,Vietnam,(900)398-9305x793,kmaxwell@example.com,2025-03-27
9012,Janet,Munoz,Panama,(837)964-4920,renee05@example.net,2022-05-31
9013,Amy,Erickson,Seychelles,726-537-4901,jordan69@example.com,2022-02-08
9014,Kevin,Snyder,Saint Martin,+1-869-887-4173,lmartin@example.org,2022-01-12
9015,Morgan,Wells,Saint Martin,001-285-333-8627x057,ccastaneda@example.com,2023-12-25
9016,Shannon,Parker,Guinea,722-313-4854,john39@example.net,2024-03-13
9017,Rachel,Huff,Ghana,001-694-458-6121x03769,powellmelissa@example.net,2022-07-30
9018,Curtis,Hicks,Morocco,782.971.1003x01655,marcushunter@example.net,2020-09-16
9019,Kevin,Hubbard,Iran,985-524-5589x3324,howelldiana@example.net,2023-09-29
9020,Kathleen,Ward,Martinique,659.584.6921x66505,peterfreeman@example.net,2022-01-14
9021,Dana,Schultz,Afghanistan,+1-580-767-4981x6380,kyle16@example.org,2020-03-15
9022,Tamara,Hudson,Greenland,407.749.9064,christineglenn@example.org,2024-01-17
9023,Carol,Mathis,Mali,001-203-627-7989x974,nicolemckinney@example.org,2023-05-24
9024,Ryan,Fry,Ecuador,209.888.9993x44598,egates@example.com,2024-07-29
9025,Steven,Levine,Cuba,676.839.1905x13723,travisthomas@example.org,2026-01-14
9026,Michael,Woods,Poland,7459779754,owilson@example.net,2023-12-15
9027,Erik,Crawford,Moldova,392-869-9874x0271,andersonroberta@example.net,2024-08-09
9028,Gary,Huerta,Guernsey,+1-705-736-1542,johnharvey@example.com,2026-02-22
9029,Brandon,Cisneros,Andorra,(428)582-7992,maryhunter@example.com,2021-08-11
9030,Richard,Ryan,Israel,237.767.2903,lopezdennis@example.net,2023-04-05
9031,Natalie,Patel,United States of America,831.463.6814,cpalmer@example.com,2021-01-07
9032,Jeff,Williams,Timor-Leste,409-952-5844,gcruz@example.org,2020-10-25
9033,Brittany,White,Ukraine,898.769.3048,holly61@example.net,2022-10-13
9034,Steven,Bradford,China,+1-371-402-7161,adriansalazar@example.com,2025-04-30
9035,Linda,Brandt,Guam,001-216-802-8883x96472,thompsonchristopher@example.com,2022-05-24
9036,Marcus,Watson,Switzerland,+1-847-329-2228x0906,mbrown@example.com,2020-03-01
9037,Edwin,Schwartz,Central African Republic,+1-850-251-5099x206,david25@example.net,2023-09-16
9038,Jennifer,Carr,Saint Helena,(644)401-0450x8795,debrabender@example.org,2024-04-15
9039,Michelle,Jackson,Fiji,424.859.4913x7349,larryolson@example.com,2023-11-10
9040,Arthur,Austin,Syrian Arab Republic,(533)959-9358x5062,xburton@example.net,2024-06-01
9041,Anthony,Gilbert,Tajikistan,001-564-352-1001x1299,hperez@example.com,2024-02-27
9042,Henry,Fuentes,Guinea-Bissau,914-464-1122x93743,xlarson@example.net,2025-12-24
9043,Jennifer,Gray,Indonesia,(964)754-8349,lparker@example.net,2021-04-03
9044,Aaron,Petersen,Egypt,952.548.7192x97062,truiz@example.net,2021-08-09
9045,Ronald,Crawford,Micronesia,(713)848-9004x93407,valenzuelatimothy@example.com,2021-09-30
9046,Megan,Booth,Kiribati,940-240-5146x6717,sydney97@example.org,2024-04-03
9047,Andre,Barr,Ethiopia,(476)368-9102x0909,justin78@example.org,2023-09-22
9048,Jake,Brown,Oman,(338)479-0614x310,andrew98@example.net,2022-10-02
9049,Phillip,Stewart,Marshall Islands,586.260.2692,wdavis@example.net,2025-10-15
9050,Nicole,Wells,United States Minor Outlying Islands,(202)580-0274,wilkinsonjoshua@example.net,2024-07-04
9051,Brian,Wright,Burundi,+1-854-433-3983x620,gknapp@example.com,2023-11-12
9052,Judy,Walters,Gibraltar,+1-842-372-8598x0903,chenmary@example.net,2025-09-22
9053,Cassandra,Mendoza,Portugal,418-545-0105x78135,coffeyanthony@example.net,2021-10-05
9054,David,Nelson,Sao Tome and Principe,471.785.5373x239,pricejuan@example.org,2021-10-26
9055,Briana,Grant,Cayman Islands,001-866-888-4877x50151,ljohnson@example.net,2021-02-07
9056,Lacey,Moore,China,(279)533-5655,alexanderthompson@example.org,2026-03-02
9057,Tracy,Spencer,Tonga,767-230-9595,ortizmiranda@example.net,2022-09-25
9058,Kaitlin,Garza,Maldives,(955)321-1468,justin58@example.org,2021-03-08
9059,Jenny,Davis,Belgium,001-582-377-5411,ehenderson@example.com,2024-02-16
9060,Jesse,Rivera,Korea,+1-930-373-2027x25420,jpalmer@example.com,2024-06-28
9061,Timothy,Thomas,Croatia,682-848-7034,paularogers@example.net,2020-03-11
9062,Angela,Morris,Mauritania,(911)412-6799,yolandasmith@example.net,2021-04-29
9063,Cynthia,Ford,Saint Kitts and Nevis,668.885.2017x83054,robert96@example.org,2022-12-30
9064,Maria,Davis,Lao People's Democratic Republic,564-958-8927,sromero@example.org,2020-07-26
9065,Samuel,Rodgers,Argentina,8844301945,vhill@example.net,2025-04-18
9066,Kayla,Brooks,Ethiopia,(631)876-6054,crystal81@example.com,2022-07-15
9067,Sean,Thompson,Saint Pierre and Miquelon,(813)985-9651x48244,abarber@example.net,2025-05-08
9068,Billy,Robinson,Cape Verde,+1-491-921-7379x135,sross@example.net,2023-05-28
9069,Penny,Campbell,Burkina Faso,884-874-8515,john77@example.org,2024-10-11
9070,John,Hartman,Azerbaijan,+1-991-422-7868x78242,amanda64@example.com,2021-12-22
9071,John,Harper,Maldives,+1-664-911-6747x1711,christopher96@example.com,2023-08-30
9072,Jane,Mcdonald,Japan,(587)638-0608x695,nicholas76@example.org,2022-08-07
9073,Zachary,Bennett,Philippines,645-401-7860,seth48@example.com,2025-07-09
9074,April,Barr,Bahamas,994.416.0274x59983,dli@example.net,2022-09-09
9075,Carlos,Lopez,United States Minor Outlying Islands,246-263-1617x07220,susan92@example.com,2025-12-11
9076,Devin,Martin,Uruguay,(239)637-9988x839,joseph36@example.net,2020-04-22
9077,Todd,Sims,Japan,(278)716-7756x70822,michaelturner@example.com,2020-08-09
9078,Jodi,Carrillo,Panama,523.704.0141x69230,kirkjones@example.org,2020-08-21
9079,Christie,Anderson,Tunisia,001-421-599-4729x254,ojackson@example.org,2020-10-19
9080,Jennifer,Ford,Kenya,(509)511-9424x316,julie77@example.org,2022-11-25
9081,Debbie,Wheeler,Central African Republic,+1-492-800-9466x192,keithward@example.com,2023-04-24
9082,Lawrence,Medina,Madagascar,(684)840-0146x597,nmoran@example.net,2021-07-25
9083,Bryan,Nguyen,Egypt,953-433-8689,nicholas71@example.net,2024-11-19
9084,Lori,Pierce,Syrian Arab Republic,279.891.0030x59735,waltonmary@example.net,2025-04-02
9085,Jonathan,Allen,Aruba,+1-380-826-4108x38571,patrick43@example.org,2020-08-03
9086,Patricia,Gonzalez,Sierra Leone,360.568.3574x83002,robert89@example.net,2022-07-26
9087,Karen,Coleman,Iceland,+1-460-815-2299x0277,shahwilliam@example.com,2025-01-29
9088,Erin,Patterson,Haiti,308.355.6868x154,jcoleman@example.net,2022-05-13
9089,Brittany,Werner,Argentina,989.972.5076x669,cynthiaguzman@example.org,2024-01-04
9090,Bruce,Williams,Saudi Arabia,+1-996-740-4322x3389,justin59@example.net,2025-10-29
9091,Wendy,Delacruz,Austria,(233)892-2918x79883,fernandeznathan@example.net,2024-02-26
9092,Kathy,Stark,Oman,701.722.9725,thomaswerner@example.org,2020-02-19
9093,Melanie,Richard,Iceland,(323)715-8193x83481,erica38@example.com,2022-07-22
9094,Christopher,Thomas,Russian Federation,801-848-9535x842,michelle23@example.org,2025-09-29
9095,Sandra,Brown,Saint Martin,3787251600,calderonsusan@example.com,2022-02-20
9096,Steven,Gonzales,Australia,001-488-762-0512x9921,wadejames@example.com,2021-03-29
9097,Ashley,Lozano,Taiwan,+1-831-265-5491x074,jkerr@example.com,2020-02-11
9098,Alexander,Bartlett,Panama,580-863-9294,ljohnson@example.org,2020-08-03
9099,Elizabeth,Davis,Panama,9834064319,jill31@example.net,2020-11-26
9100,Carl,Baker,Pakistan,(880)906-9774,ganderson@example.com,2021-02-26
9101,Robert,Pena,Slovakia (Slovak Republic),315.569.0773x83661,ewilliams@example.org,2024-04-05
9102,Jennifer,Patel,British Virgin Islands,(523)533-3180x99890,mary80@example.net,2023-05-09
9103,Richard,Fisher,Malaysia,737.858.3696x200,juan29@example.org,2022-03-04
9104,Jessica,Jones,Portugal,852-301-1384x121,creeves@example.net,2024-10-27
9105,Daniel,Jones,Jamaica,+1-712-556-4294x95245,schmidtandrew@example.net,2020-06-20
9106,Julia,Chase,Liberia,+1-782-712-2301,christine49@example.com,2021-06-21
9107,Benjamin,Leonard,Belize,813.627.2722x492,brandonboone@example.org,2023-12-12
9108,Amy,Waters,Honduras,001-840-656-3785x7787,mariah41@example.org,2022-02-14
9109,Bonnie,Flores,Tunisia,001-638-616-2564x30194,psantana@example.com,2021-03-14
9110,Cole,Crane,Saint Lucia,001-284-899-8095,cscott@example.net,2023-02-16
9111,Robert,Anderson,India,(908)586-1256,oscar11@example.com,2025-03-14
9112,Carol,Stone,Azerbaijan,001-686-386-1830x44429,jonathan20@example.com,2020-08-03
9113,Richard,Vazquez,Albania,832-442-3590x87606,williamskimberly@example.com,2024-04-27
9114,Darren,Lane,Grenada,(790)701-3601,xbrewer@example.org,2020-04-02
9115,Brianna,Velasquez,Bangladesh,+1-260-685-2242x613,michael69@example.net,2022-03-21
9116,Joseph,Hawkins,Mayotte,4963726381,michael35@example.com,2022-04-01
9117,Ashley,Myers,Guinea-Bissau,780.301.2085,sabrina11@example.org,2022-06-08
9118,Kelly,Patrick,United Arab Emirates,001-445-224-4643,michael16@example.com,2025-01-01
9119,Craig,Johnson,Anguilla,438.712.1256,ycarrillo@example.net,2025-08-25
9120,Jackie,Holmes,Netherlands Antilles,418-943-1284,ramseyrhonda@example.org,2025-10-25
9121,Dorothy,Payne,Guadeloupe,001-864-655-4703,hpham@example.org,2025-03-04
9122,Tamara,Romero,Barbados,(966)937-1983,jaime62@example.org,2022-05-15
9123,Christopher,Ryan,Sri Lanka,+1-888-753-4449x3780,williammack@example.org,2022-09-25
9124,Janice,Gallegos,Liberia,+1-723-255-0472x990,figueroabrittany@example.com,2021-08-21
9125,Justin,Miller,Afghanistan,873.712.8000x52103,walkerlaura@example.org,2025-05-30
9126,Meagan,Murphy,Ghana,2443314049,kmckenzie@example.net,2025-12-28
9127,Jane,Rich,Gibraltar,213.931.2071x3014,taylorschultz@example.com,2022-06-15
9128,Sherry,Allen,Marshall Islands,+1-852-386-1913,andersonnichole@example.com,2022-12-04
9129,Douglas,West,Tonga,(599)348-8976x0064,eskinner@example.org,2024-01-26
9130,Sharon,Carter,Reunion,335-780-6547x15863,starkbrett@example.org,2022-08-25
9131,Tracey,Gray,Luxembourg,748.937.9191x7908,jennacallahan@example.org,2020-03-07
9132,Anthony,Lopez,Saint Pierre and Miquelon,(887)929-6348,eparsons@example.org,2020-12-12
9133,Keith,Rich,Saint Martin,(727)380-7202,patrickferguson@example.org,2020-10-04
9134,Suzanne,Hill,Romania,001-200-324-6726x546,fbrooks@example.net,2021-12-01
9135,Timothy,Brady,Slovakia (Slovak Republic),322.974.4687x293,wilsonkarl@example.org,2024-09-21
9136,Tina,Fischer,Hungary,856.402.1274x822,george57@example.net,2022-10-10
9137,James,Koch,Malta,495.767.6213x83989,lcarrillo@example.net,2023-03-03
9138,Mary,Johnson,Moldova,+1-472-227-7702x569,emilymorales@example.org,2025-01-16
9139,Carrie,Montes,United States of America,(417)385-4809x2056,ppadilla@example.net,2025-08-31
9140,Robert,Cooper,Germany,(860)564-0055,smithshawna@example.com,2023-11-04
9141,Kim,Brown,United States Minor Outlying Islands,936.254.3473x357,danayoung@example.com,2021-09-10
9142,Phyllis,Chambers,Uzbekistan,5502600020,jmartinez@example.com,2023-07-17
9143,Craig,Cooper,Sweden,(490)868-3307x791,emma85@example.net,2024-07-15
9144,David,Holloway,Chile,826.264.8123x265,mroberts@example.org,2022-02-28
9145,Christopher,Vasquez,Chad,698.390.0192x3632,shane23@example.net,2020-08-23
9146,Sarah,Farmer,Heard Island and McDonald Islands,001-806-821-1304x07990,sampsonbrittany@example.com,2022-06-22
9147,Amy,Leonard,Morocco,001-750-256-3962x622,nelsonpamela@example.net,2020-10-05
9148,Ashley,Carson,Niue,4552050442,djohnson@example.net,2026-02-06
9149,Sarah,Taylor,Paraguay,+1-738-386-4656x14962,edwardsadam@example.com,2024-06-07
9150,Clayton,Bradley,Vietnam,(614)299-1525,rnorman@example.net,2021-04-08
9151,Jose,Hernandez,Cape Verde,001-658-255-0635x24680,williamschris@example.net,2024-06-10
9152,Priscilla,Thomas,Nigeria,001-620-275-4873,kellyacevedo@example.org,2020-08-12
9153,Patricia,Mcgee,Jamaica,001-430-693-7830x6122,theresabaird@example.org,2023-12-09
9154,Joanna,Miller,Turks and Caicos Islands,729-473-7822x684,mitchelldaniel@example.net,2023-08-31
9155,Brandon,Herman,United States Minor Outlying Islands,288-920-6904x947,carolyn02@example.com,2020-05-25
9156,Melissa,Evans,Antarctica (the territory South of 60 deg S),(258)759-4041x43450,boydjoseph@example.com,2022-03-10
9157,Brandi,Love,Sudan,943-921-0874,lindsayschroeder@example.com,2025-05-30
9158,Jennifer,Martin,Sao Tome and Principe,652.982.4030,clarkejustin@example.com,2024-04-06
9159,Troy,Johnson,Holy See (Vatican City State),+1-690-747-3627,dylan15@example.net,2020-02-14
9160,Kyle,Hull,Haiti,(745)856-4329,dcardenas@example.org,2020-03-28
9161,Scott,Davis,Kazakhstan,(854)813-7060x126,jamesjessica@example.net,2022-08-04
9162,Matthew,Robinson,Chad,5005868820,thompsonrenee@example.com,2024-10-14
9163,Erika,Higgins,Myanmar,519.663.5172,marksummers@example.com,2025-05-07
9164,Carrie,Griffith,Ireland,(606)763-9143,jacqueline66@example.net,2023-11-03
9165,Jennifer,Potter,Taiwan,(555)557-1007x9283,davispatrick@example.org,2022-11-12
9166,Lance,Williams,Latvia,+1-394-246-5773,gabriellalove@example.com,2020-10-26
9167,Matthew,Horne,Nicaragua,334-849-9080x2529,waltersmark@example.net,2024-04-14
9168,Collin,Allen,Venezuela,334-483-1835,jessica26@example.com,2020-07-02
9169,Christine,Travis,Costa Rica,681.308.9038,harrisdavid@example.org,2024-04-30
9170,Lisa,Marshall,Pitcairn Islands,(885)995-8239x75784,walkerdennis@example.org,2021-11-29
9171,Kyle,Daugherty,Malaysia,919-316-5706x4988,ortizscott@example.net,2024-11-26
9172,Denise,Walton,Bahamas,(498)947-5492x9108,jamiefisher@example.com,2021-04-16
9173,Michael,Ayers,Uzbekistan,282.320.2505,dominiquewilliams@example.com,2021-11-25
9174,Robert,Shepherd,Azerbaijan,001-723-615-7474,vdelacruz@example.net,2020-03-26
9175,Rachel,Morgan,United Arab Emirates,793-394-1423,baileyamanda@example.net,2020-10-17
9176,Tina,Hoover,Canada,(661)899-9882x3077,jeremycoleman@example.org,2021-09-04
9177,Melissa,Reilly,Zambia,321.349.4242x04052,kimberlyhodges@example.org,2024-11-14
9178,John,Lee,Bosnia and Herzegovina,(639)820-4515x0095,floresjohnny@example.com,2022-01-14
9179,Cory,Miller,Guinea,001-206-411-2165x6754,pricelynn@example.net,2021-02-16
9180,Antonio,Wise,Taiwan,001-908-966-9883x343,walkeradrian@example.org,2025-06-26
9181,William,Humphrey,Turkey,407-687-5673,andreaespinoza@example.org,2022-01-27
9182,Brittany,Kane,Sao Tome and Principe,834.673.3226x281,pmercado@example.com,2023-11-02
9183,Angela,Brewer,Croatia,579-322-4763,hlang@example.org,2025-02-06
9184,Michelle,Smith,Trinidad and Tobago,4374303238,andrewpena@example.net,2022-01-17
9185,Sabrina,Erickson,Kazakhstan,001-232-945-2304x24812,allensarah@example.net,2024-09-25
9186,Thomas,Marsh,Bosnia and Herzegovina,704.288.3028,kleinvincent@example.net,2023-08-26
9187,Susan,Livingston,Brunei Darussalam,2356402529,selena13@example.com,2025-09-22
9188,Heather,Johnson,Slovenia,659.563.5233,johnbraun@example.net,2025-06-23
9189,Eric,Manning,Djibouti,+1-379-903-2694x081,ocasey@example.net,2020-08-06
9190,Chloe,Mcdowell,Solomon Islands,491.889.5438x554,guzmananthony@example.com,2023-10-17
9191,Bryan,Wheeler,Sierra Leone,399.286.6716x854,feliciasmith@example.org,2025-05-01
9192,Craig,Gonzales,Nepal,(230)871-8204,heidijackson@example.org,2021-04-11
9193,Ethan,Cox,Marshall Islands,962-403-7023,wharris@example.com,2021-09-22
9194,Michael,Snyder,Thailand,557-260-4748x591,amandamorgan@example.com,2025-05-02
9195,Jacob,Cook,Turkmenistan,(623)341-3266,williamortiz@example.org,2021-04-15
9196,Dustin,Soto,Palau,889.848.6140,ujohnson@example.net,2025-03-18
9197,Patricia,Thompson,Gibraltar,001-988-918-6011x41764,bonnie58@example.net,2020-07-21
9198,Kevin,Thomas,Iceland,8862873699,davidsonbrian@example.com,2022-08-01
9199,Misty,Brown,Austria,941.503.7482x718,hhodges@example.com,2022-07-27
9200,Michael,Sharp,Congo,572.310.3349,christinaanderson@example.com,2023-11-28
9201,Sandra,Mcdaniel,Ukraine,232-975-2522,smithmaria@example.net,2024-06-14
9202,Jonathan,Reyes,Saint Martin,001-203-212-1811x94594,watkinsdaniel@example.org,2023-02-05
9203,Joanna,Davis,San Marino,3812054016,susantran@example.org,2020-09-10
9204,Maria,Gross,Mayotte,+1-932-755-9435x18491,christophermercer@example.org,2025-04-04
9205,David,Conner,Bermuda,667.237.8983x48087,vincentmonroe@example.net,2021-08-08
9206,Gloria,Lang,El Salvador,9628988211,ejimenez@example.net,2021-09-08
9207,Justin,Cooley,Mauritius,+1-377-295-9908x987,christopher51@example.com,2023-06-06
9208,Crystal,Dean,Cyprus,(336)698-0241,kimberly98@example.org,2020-06-14
9209,Susan,Ray,Guam,+1-342-843-8863x5917,mgarcia@example.net,2024-05-25
9210,Diane,Mayo,Egypt,+1-927-922-4305,garciajennifer@example.com,2023-10-05
9211,Charles,Vasquez,Wallis and Futuna,778-769-8440x84899,chelseawheeler@example.org,2022-02-07
9212,James,Vargas,Pakistan,+1-814-245-0845x867,jamesdixon@example.org,2026-02-15
9213,Amanda,Kelly,Holy See (Vatican City State),(593)850-1479,zsantos@example.net,2021-11-29
9214,Emma,Ray,Puerto Rico,001-881-925-9992x53838,michael73@example.org,2021-05-12
9215,Rebecca,Wright,Cape Verde,+1-970-783-9031x2037,dsmith@example.net,2025-12-11
9216,Daniel,Estrada,Cameroon,901.624.0117,davidvasquez@example.net,2025-03-16
9217,James,Hicks,Bosnia and Herzegovina,953-742-8760x29251,bbarnes@example.org,2022-10-28
9218,Sharon,Nguyen,Guernsey,+1-459-200-7189x96675,nicole16@example.net,2020-07-05
9219,Michael,Taylor,Niue,360-812-8968x7726,yhamilton@example.net,2026-02-27
9220,Maria,Reeves,Trinidad and Tobago,637-492-5012,brian95@example.com,2023-11-08
9221,John,Smith,Cameroon,(459)797-7554x4301,boydnicole@example.net,2022-11-09
9222,Matthew,Brown,Nigeria,(462)705-0413x912,bjones@example.org,2021-06-04
9223,Peter,Marshall,Madagascar,635-311-5263,crystalponce@example.com,2025-07-21
9224,Jason,Baker,Heard Island and McDonald Islands,833-894-7424x113,reneewalker@example.org,2022-08-20
9225,Rachel,Parker,South Georgia and the South Sandwich Islands,001-497-649-2436x59228,rachaelnichols@example.net,2020-11-28
9226,Samantha,York,Montenegro,(266)269-6947,andrewcervantes@example.net,2025-07-29
9227,Andrew,Young,Oman,(424)350-5070,louismorgan@example.net,2021-03-03
9228,Alyssa,Perkins,Bolivia,6958142065,ojones@example.com,2022-09-06
9229,Collin,Zuniga,Azerbaijan,+1-890-675-1663x051,hendersonphilip@example.org,2023-09-19
9230,Brittany,Stephens,Afghanistan,001-903-789-0768x10062,luisnelson@example.net,2021-10-19
9231,Mark,Wright,Andorra,001-975-702-3599x872,bblair@example.com,2023-06-25
9232,Nichole,Vaughn,Hong Kong,8255583752,yvonnesmith@example.net,2024-10-23
9233,Scott,Montgomery,Paraguay,808.944.2828x130,lawrencezachary@example.net,2020-01-19
9234,Alan,Walker,Burundi,685-359-2677x2059,jennifer84@example.org,2020-02-27
9235,Angela,Valdez,Ireland,740.344.0530,hardymark@example.com,2021-05-15
9236,William,Townsend,Honduras,+1-524-596-5940x0386,simpsonzachary@example.org,2023-01-15
9237,Spencer,Mitchell,Malaysia,(576)330-0553,rholmes@example.net,2020-07-24
9238,Michael,Vega,Lithuania,+1-958-480-1683,kevin68@example.org,2021-06-24
9239,Kimberly,Thompson,Congo,8953597426,amy54@example.com,2025-03-20
9240,Richard,Martinez,Guernsey,(357)767-1937x83605,edwardmorgan@example.org,2022-12-31
9241,Rachel,Chang,Vietnam,+1-994-213-6037,gclay@example.org,2022-09-21
9242,Stephen,Li,Mali,+1-653-765-1461x8817,annette12@example.com,2020-07-03
9243,Michael,Rogers,Turkmenistan,(376)345-4452x8630,patriciajones@example.org,2020-12-14
9244,Christina,Brown,British Virgin Islands,(792)528-8477x99778,clarkjessica@example.com,2021-11-18
9245,Glenn,Leblanc,Faroe Islands,+1-831-987-6054x7442,oknight@example.org,2020-06-27
9246,Timothy,Wilson,Malawi,+1-441-592-2872,qjackson@example.net,2023-04-13
9247,Mark,Young,Afghanistan,(977)943-9179x7109,smithbrandi@example.net,2021-10-18
9248,Erika,Davis,Andorra,419-470-8121x8496,jbrown@example.org,2023-05-31
9249,Elizabeth,French,Mauritania,(438)599-5484,melissa65@example.org,2020-09-27
9250,Rebecca,Jones,Heard Island and McDonald Islands,001-763-627-9890,frankortiz@example.org,2021-12-11
9251,Danielle,Boyd,Saint Vincent and the Grenadines,212.751.6474,hectorbailey@example.org,2022-01-09
9252,Steven,Martinez,Togo,+1-398-748-7091x160,debra94@example.org,2023-10-27
9253,Michael,Hall,Malta,371.784.6985,wilsonjustin@example.org,2021-07-01
9254,Edward,Hernandez,Montserrat,557-529-3019,benjaminwolfe@example.org,2021-03-05
9255,Daniel,Webster,Saint Pierre and Miquelon,779.243.3268x8283,nwilkinson@example.net,2024-05-28
9256,Mary,Melendez,Cape Verde,+1-790-818-4620x7966,lavery@example.net,2022-03-12
9257,Victoria,Leon,Palestinian Territory,001-390-401-2408x368,stephen41@example.org,2026-02-09
9258,Nicholas,Flores,United States of America,877.308.5547x894,bennettstacey@example.net,2020-12-07
9259,Kelly,Cantrell,Kyrgyz Republic,001-454-647-7325,lisa74@example.net,2022-06-03
9260,Alexis,Martin,Cuba,3934854555,gordonjessica@example.org,2021-09-17
9261,Teresa,Mitchell,New Zealand,001-662-221-4640x841,yjenkins@example.net,2022-07-01
9262,Lisa,Lamb,Montenegro,6102392305,rogerseric@example.com,2025-02-19
9263,Shannon,Jones,Isle of Man,001-839-873-7040x38136,vegakristen@example.org,2021-04-01
9264,Wesley,Graham,Sudan,942-919-3160x69467,mmorton@example.net,2021-06-07
9265,Sophia,Lawson,Saint Barthelemy,+1-437-784-0598,justinkelly@example.net,2021-12-22
9266,Tanya,Smith,Burundi,001-857-640-5725x0457,estein@example.com,2022-12-15
9267,Chris,Hoffman,Zambia,+1-937-785-4199x184,castroelizabeth@example.com,2025-12-09
9268,Oscar,Boyd,Tajikistan,648.357.5075x591,carmen28@example.net,2020-12-30
9269,James,Andrews,Suriname,986.813.1141,kim92@example.org,2022-09-09
9270,Karen,Carey,Kiribati,(646)610-5860x1933,crossdawn@example.org,2022-08-27
9271,James,Bass,Croatia,7937530971,heatherfowler@example.com,2023-08-17
9272,Lauren,Werner,El Salvador,212.313.0036,stanleyjeffrey@example.net,2021-06-24
9273,Christopher,Perez,Kenya,+1-762-964-8099,gcarter@example.com,2024-02-16
9274,Theresa,Thompson,Chile,(991)976-2328x9073,heidiharris@example.org,2022-06-06
9275,Jessica,Miller,Swaziland,(502)867-0491x5388,uhess@example.org,2024-05-27
9276,Maria,Sanchez,Guadeloupe,(310)878-2519x38615,edwardmason@example.com,2021-12-17
9277,Michael,Garcia,Lithuania,001-781-772-1787x188,frazierlaura@example.org,2023-11-27
9278,Kimberly,Becker,Paraguay,2273079772,ismith@example.com,2021-09-07
9279,Nancy,Rodriguez,Cayman Islands,(203)571-1803x7179,cynthia71@example.com,2023-10-24
9280,James,Morgan,Saint Martin,+1-645-444-3809x2185,marymooney@example.net,2025-06-17
9281,Carrie,Smith,Nicaragua,(720)824-9387,qreynolds@example.net,2025-07-20
9282,Alexis,Larson,India,416-561-7042x5010,richard66@example.com,2021-07-27
9283,Krista,Jensen,Tanzania,001-923-590-6710x704,tchaney@example.com,2022-09-22
9284,Devon,Mitchell,Bhutan,225.618.6716,dsteele@example.org,2022-05-10
9285,Andrew,Chavez,Hong Kong,995.609.0956x4256,zgonzalez@example.com,2024-08-28
9286,Andrew,Rivera,Bosnia and Herzegovina,(502)958-6446x882,vanessawilliams@example.org,2022-12-13
9287,Courtney,White,Hong Kong,+1-807-640-6238x99389,jnguyen@example.net,2022-01-27
9288,Mary,Fisher,Iceland,001-883-673-0728x865,caseyrichard@example.com,2024-10-05
9289,Bianca,Campbell,Puerto Rico,(703)481-9849,nancywilliams@example.org,2020-03-30
9290,Melissa,Holmes,Spain,(521)600-6186x720,diane15@example.org,2022-11-24
9291,Rebecca,Murphy,Mongolia,483.726.1571x6992,curtis66@example.net,2025-01-17
9292,Christopher,Lewis,Cocos (Keeling) Islands,7836703189,lgilbert@example.org,2024-01-21
9293,James,Dunlap,Greece,894.817.6076,richard86@example.org,2023-11-21
9294,Robert,Wagner,Italy,990-441-0360x353,williamklein@example.org,2021-10-23
9295,Michael,Morton,Mexico,(363)635-5530,reevesjay@example.net,2025-05-07
9296,Kimberly,Johnson,Djibouti,(768)583-8021x1111,laurengray@example.org,2022-07-26
9297,Zachary,Floyd,Vanuatu,(887)360-9058x752,xparrish@example.org,2025-07-19
9298,Evelyn,Morris,Rwanda,227-900-8364,felicia42@example.org,2022-09-13
9299,Jeffery,Hodge,Nicaragua,+1-293-963-8667x30471,heatherstone@example.net,2023-11-01
9300,Sharon,Griffin,Turkmenistan,(766)893-6864x97987,kevinstark@example.org,2024-11-17
9301,Tina,Phillips,Poland,650-943-8233,lisaruiz@example.net,2024-09-20
9302,Diana,Bailey,Mauritania,213.656.6610x90982,paul71@example.net,2021-04-04
9303,Donald,Watson,Congo,+1-848-730-1491,bethbright@example.com,2023-11-02
9304,Andrew,Cook,Antarctica (the territory South of 60 deg S),(242)283-7518,arnoldvirginia@example.net,2022-09-07
9305,Anthony,Vega,Netherlands Antilles,001-894-203-1286,duffyvictor@example.com,2022-11-03
9306,James,Norman,Bolivia,653.924.4952x503,ericholden@example.com,2023-06-26
9307,Julie,Lee,Cayman Islands,823.229.2381,greenlaura@example.org,2023-05-21
9308,Dawn,Hill,Antarctica (the territory South of 60 deg S),(857)854-2515,nataliewilkins@example.org,2025-07-13
9309,Katelyn,Heath,Chile,+1-237-684-0774x3743,todd55@example.org,2024-08-04
9310,Jennifer,Kirk,Saint Pierre and Miquelon,(342)722-5316x8218,jenniferwilson@example.org,2024-01-20
9311,Michael,Taylor,Saint Barthelemy,633.449.6449,collin78@example.com,2022-06-23
9312,Amanda,Lee,Thailand,+1-902-896-7740x71391,joanflowers@example.com,2024-05-16
9313,Jeanne,Stevens,Spain,(214)461-2106x32585,yorkjames@example.com,2020-10-07
9314,Joseph,Delgado,Croatia,5027458574,steven31@example.org,2024-02-11
9315,Jasmine,Cannon,Rwanda,(206)820-8526x327,eshannon@example.org,2021-03-16
9316,Tanner,Pope,Tokelau,(994)795-0309x099,michele40@example.org,2021-06-30
9317,Carlos,Murphy,Nigeria,(549)957-3280x9669,chadkim@example.org,2022-04-14
9318,Matthew,Roach,Panama,514-286-4685,mcintoshhannah@example.net,2024-12-02
9319,Johnny,Carter,Reunion,(226)828-3637x0126,tingram@example.org,2023-12-20
9320,Jonathan,Diaz,Sierra Leone,(468)203-8283x7651,sullivanamanda@example.net,2021-10-30
9321,Kenneth,Davidson,Guinea,500.555.4090x535,bbradford@example.net,2021-01-06
9322,Kristin,Humphrey,Brunei Darussalam,(509)208-3053x729,pwilson@example.com,2025-10-01
9323,Jessica,Molina,Mauritania,(796)997-9208x23167,xhammond@example.org,2023-04-20
9324,Jennifer,Reed,Libyan Arab Jamahiriya,534-479-9689x599,tim18@example.com,2020-01-16
9325,Jean,Martinez,Mozambique,685.207.3346x8542,daviswilliam@example.com,2025-12-30
9326,Rebecca,Wilson,Honduras,(846)298-2883,brownkathleen@example.com,2023-05-31
9327,Benjamin,Smith,Botswana,(242)387-3314x0131,campbellsharon@example.org,2023-07-13
9328,Brandon,Stanton,Somalia,4392019988,lukestewart@example.com,2025-03-01
9329,Wesley,Paul,Morocco,771-230-9475x116,guzmankevin@example.com,2022-08-17
9330,Jessica,Montoya,Eritrea,588-655-5169x63116,oortega@example.com,2025-06-10
9331,Sharon,Huber,Moldova,4779830597,whitetiffany@example.com,2025-08-02
9332,Scott,Vargas,Bosnia and Herzegovina,+1-944-835-9691x72042,sandra14@example.org,2024-06-17
9333,Travis,Coleman,Djibouti,(409)446-9347x8532,sharonwoods@example.net,2024-11-07
9334,Connor,Edwards,Kenya,957.636.3318,patriciagray@example.com,2022-12-15
9335,Anita,Vega,Christmas Island,(952)983-5402,vharris@example.net,2022-06-19
9336,Leah,Montgomery,Hungary,903.730.2643x76617,reynoldsdavid@example.org,2022-02-26
9337,Kimberly,Carson,Guernsey,588-924-4898,scott04@example.com,2022-02-06
9338,Alfred,Riley,Uzbekistan,(899)931-8746,taylorjesse@example.net,2024-06-10
9339,Daniel,Howard,Tunisia,(844)796-0129x3234,fordmark@example.net,2026-02-24
9340,Megan,Evans,Iran,500.625.4154x070,neilwallace@example.org,2025-08-14
9341,Holly,Duarte,Vietnam,(297)406-6045,epeters@example.net,2021-07-23
9342,Dennis,Grant,Heard Island and McDonald Islands,001-504-563-3249x014,stephanieburgess@example.org,2021-07-01
9343,Donna,Sawyer,Denmark,(971)303-1612x882,egarza@example.com,2025-11-27
9344,Dale,Dixon,Luxembourg,496-501-5615,qruiz@example.com,2020-08-31
9345,Darryl,Dixon,Albania,+1-505-234-4731x716,courtneybooker@example.org,2025-10-14
9346,Travis,Robbins,Panama,829-772-2861,hollyallen@example.net,2025-01-28
9347,Ronald,Garcia,Malta,+1-968-577-1740,lkelley@example.com,2021-04-21
9348,Barbara,Morrison,Palestinian Territory,246-979-2360x3125,rosemichael@example.com,2026-02-14
9349,Melissa,Williams,Andorra,247-458-1029,myersrobert@example.net,2025-06-02
9350,Aaron,Thompson,Palau,001-522-612-9429x1130,vbrown@example.net,2021-12-30
9351,Michael,Herring,Namibia,437.866.6531,christinemoore@example.net,2021-04-14
9352,Paul,Young,Mozambique,001-570-663-2068x2516,tmercado@example.com,2023-05-23
9353,Elizabeth,Gomez,Sierra Leone,+1-654-300-2186x5751,pamela07@example.org,2023-09-28
9354,Jasmine,Walker,Malawi,624.901.4669,paulhoward@example.com,2021-02-21
9355,Eric,Levy,Sao Tome and Principe,585.656.6689x13745,vrodgers@example.org,2022-09-06
9356,Mark,Roberts,Switzerland,464.351.7897,joshua21@example.net,2021-09-26
9357,Andrew,Green,Ghana,+1-563-518-2371x125,lopezshawna@example.com,2025-06-01
9358,Richard,Mejia,Kuwait,+1-529-754-8553x7092,murphynicole@example.org,2026-02-04
9359,William,Payne,Nepal,(988)246-4710x70679,barbarahobbs@example.com,2022-06-12
9360,Shaun,White,Gambia,939-559-1539,sgarcia@example.org,2023-08-27
9361,Edgar,Barnes,Portugal,(555)374-0313x89580,jessica35@example.com,2025-12-26
9362,Brent,Alexander,Israel,621-572-5746x70320,uellis@example.com,2021-01-18
9363,Rebecca,Lozano,Palestinian Territory,5452050431,patricia17@example.com,2026-03-06
9364,Victoria,Gentry,Mali,7722620410,ellen68@example.com,2022-06-02
9365,Miranda,Barker,Bahamas,(970)577-7378x23639,diana16@example.net,2023-10-19
9366,Tonya,Huang,Pakistan,(656)314-4559,parkerashley@example.org,2025-01-12
9367,Michael,Horton,Gabon,959.887.5066x65844,alicia75@example.net,2022-02-18
9368,Lisa,Marsh,Cambodia,9827694466,anthony08@example.org,2023-12-26
9369,Amanda,Fisher,Puerto Rico,987.226.6105x144,mooreabigail@example.org,2025-05-14
9370,Tiffany,Terrell,British Indian Ocean Territory (Chagos Archipelago),553.433.9978,onunez@example.org,2023-04-20
9371,Natasha,Gibson,Vanuatu,597.789.4954x563,lorijohnson@example.com,2024-11-03
9372,Paul,Barnes,Nauru,253-985-0549x639,wthomas@example.org,2025-01-22
9373,Todd,Miller,Russian Federation,(984)719-9464,james58@example.com,2024-07-05
9374,Steven,Harris,Trinidad and Tobago,725-552-4517,george56@example.org,2024-03-06
9375,Lori,Murphy,India,+1-901-421-9092,gsimpson@example.org,2021-04-21
9376,Angela,Jones,Zambia,753-374-3479x13655,lrobinson@example.com,2023-05-21
9377,Sierra,Lopez,Saint Lucia,996.482.2198x0489,vhernandez@example.com,2022-04-10
9378,James,Lewis,Lebanon,(832)347-2063x93423,anne38@example.org,2022-07-01
9379,Kenneth,Hahn,Greenland,612.214.7167,cassandra34@example.org,2020-04-23
9380,Karen,Byrd,Algeria,001-914-353-8667x62681,dereklyons@example.com,2022-04-18
9381,Darius,Phelps,South Africa,940-617-0103x376,hernandezjustin@example.com,2024-09-12
9382,Jose,Harrison,Brunei Darussalam,(751)901-0594,damonhicks@example.org,2020-01-29
9383,Jay,Hernandez,Belarus,001-774-608-2325x084,smithjoel@example.com,2020-12-11
9384,Jacqueline,Chavez,Oman,303-338-3410x7779,marcus63@example.net,2024-12-21
9385,Alyssa,Ortiz,Uganda,(220)350-5471x6317,ewhite@example.com,2023-04-25
9386,Kelly,Santiago,Suriname,001-637-663-3508x116,mccormickwesley@example.org,2023-01-09
9387,Heather,Robertson,Korea,(626)713-5434,thomasamanda@example.org,2023-10-06
9388,Gregory,Harvey,Kyrgyz Republic,+1-522-509-3833x63827,patrickgonzalez@example.org,2022-09-17
9389,Abigail,Bell,Trinidad and Tobago,511-880-2538x779,laguilar@example.net,2026-02-20
9390,Jessica,Anthony,Mexico,+1-291-806-3578x012,marthamiller@example.org,2025-06-27
9391,Alex,Avila,Portugal,941.863.5108x391,monicahoover@example.com,2023-10-30
9392,Phillip,Wade,Korea,293-604-1550x7449,gracehuffman@example.org,2020-07-11
9393,Christopher,Gregory,Sri Lanka,4583726126,aguirrejesus@example.com,2020-05-09
9394,Joseph,Watson,Hungary,693-989-9239,medinanicole@example.net,2025-04-23
9395,Melanie,Mcdonald,Afghanistan,+1-676-919-0676,christine05@example.com,2025-02-15
9396,Angela,Hicks,Indonesia,001-575-467-4521x25271,hollypreston@example.com,2022-04-05
9397,Michael,Smith,France,001-308-291-2253,pottermartha@example.com,2025-05-17
9398,Bryan,Mosley,Uzbekistan,(310)453-3385x824,briangonzales@example.org,2024-05-18
9399,Lindsay,Herrera,Hong Kong,(213)654-2078,benjamincatherine@example.net,2026-01-28
9400,Sarah,Smith,Zambia,(450)217-9611x4220,ihurley@example.org,2023-09-19
9401,Marie,Rodriguez,United States Virgin Islands,840-680-6975x7381,megangallegos@example.net,2024-08-29
9402,Johnny,Griffin,French Polynesia,523-428-8306x9081,wmullen@example.net,2022-10-20
9403,Richard,Wright,Paraguay,(325)848-5835,whampton@example.net,2024-01-05
9404,Duane,Parker,Madagascar,(817)798-1711x587,gregoryvaughn@example.net,2024-10-08
9405,Kimberly,Wood,Japan,+1-204-237-7505x09621,ronald45@example.net,2020-01-17
9406,James,Watts,Myanmar,001-670-706-8554x2341,larsenchristopher@example.com,2023-07-21
9407,Daniel,Ayala,Malawi,893-497-5888x635,estradamichael@example.com,2024-09-03
9408,Kelly,George,Lebanon,338-461-3599x35103,deanna24@example.net,2023-02-14
9409,Anthony,Mills,Saint Helena,001-401-861-3245x3302,ndudley@example.com,2024-09-28
9410,Amanda,Neal,Vanuatu,604.493.9221,villegasrachael@example.com,2021-06-09
9411,Alicia,Lopez,Turkey,+1-409-718-1105x700,elewis@example.org,2025-01-15
9412,Keith,Hansen,Maldives,(751)400-2968x59162,ballardtracy@example.net,2021-02-23
9413,Brittany,Young,Albania,001-651-784-2314x643,marylambert@example.org,2022-05-17
9414,Lori,Navarro,Portugal,263-831-8789x53054,walkertyler@example.org,2024-09-24
9415,Raven,Yang,Central African Republic,+1-861-848-6991x43331,allison67@example.org,2022-04-28
9416,Christina,Reynolds,Maldives,+1-583-629-4804x1384,barry80@example.com,2023-12-15
9417,Tina,Ortiz,Greece,319-361-7990,vchristian@example.com,2024-06-13
9418,Erik,Clark,Reunion,5494189694,justinlopez@example.com,2025-06-02
9419,Katherine,Smith,Chad,001-432-916-8688x9173,audreyewing@example.net,2022-09-05
9420,Rebecca,Franklin,Ethiopia,+1-760-643-2916x5220,andrewelliott@example.com,2023-04-29
9421,Joseph,Lewis,Madagascar,933.320.4516x4838,thomaswilliam@example.net,2021-07-13
9422,Dillon,Nichols,Saint Martin,9078613629,ostein@example.org,2023-10-04
9423,Gary,Hall,Niue,647-369-1213x581,osmith@example.org,2022-01-31
9424,Paige,Vasquez,Saint Martin,509-890-3234x679,robertstimothy@example.org,2025-10-01
9425,Jeremy,Avery,Madagascar,001-858-574-0927,tom49@example.net,2022-07-18
9426,Anthony,Little,Saudi Arabia,2663915069,petersonkathryn@example.org,2023-03-30
9427,Catherine,Gillespie,Bhutan,466.681.6731,allenrichard@example.net,2024-09-17
9428,Jill,Meyer,Comoros,001-220-901-8020x66361,garciacolton@example.org,2021-04-02
9429,James,Thomas,Barbados,(352)377-0139,johnsonbethany@example.net,2020-08-18
9430,Richard,Williams,Niue,+1-956-518-6242x9487,tgomez@example.net,2021-02-21
9431,Erica,Escobar,Macao,(673)245-9218,ruizkayla@example.org,2023-10-12
9432,Bonnie,Hudson,Korea,814.769.9666,petersonjason@example.org,2024-08-07
9433,Ashley,Moss,Cambodia,(787)895-3345x257,vvance@example.net,2022-11-27
9434,Kelly,Jackson,Georgia,(255)881-0605x027,johnsonmichael@example.net,2023-10-03
9435,Peggy,Gomez,Zimbabwe,429.229.8069,xjenkins@example.org,2023-03-31
9436,Jamie,Mcdonald,Pitcairn Islands,811.473.3362x598,susanroberts@example.net,2020-04-28
9437,Kimberly,Williams,Bangladesh,360-837-9061x410,vconner@example.org,2021-10-19
9438,Abigail,Fitzgerald,Maldives,001-844-298-6957x5078,lnash@example.com,2023-07-03
9439,Joshua,Bryant,Argentina,001-599-671-6171,eperez@example.org,2023-02-20
9440,Ashley,Hall,Bouvet Island (Bouvetoya),824.302.1786x0745,ndouglas@example.org,2020-09-23
9441,Carly,Bell,Hungary,776-218-4733x0298,stonejohn@example.org,2024-10-05
9442,Danielle,Hester,Antigua and Barbuda,555.852.3877x1659,bondrobert@example.com,2022-02-26
9443,William,Jones,Aruba,(645)753-6114,vschroeder@example.org,2024-04-15
9444,Eric,Fuller,Palestinian Territory,864.991.7691x061,jonesolivia@example.org,2022-12-26
9445,Marcus,Moore,Iraq,8773421573,liedwin@example.org,2022-03-20
9446,Jonathan,Francis,Yemen,688-647-7192,katrinadominguez@example.com,2023-10-24
9447,Raymond,Pruitt,Morocco,+1-677-677-9042x5012,parkschristina@example.org,2022-03-15
9448,Edward,Davis,Vanuatu,490-952-8052,jessegreene@example.org,2025-03-26
9449,William,Green,Brunei Darussalam,(335)998-8440,joneskendra@example.net,2025-11-19
9450,Gary,Brown,Tunisia,300.677.5617x565,richardcarter@example.com,2023-09-27
9451,Jennifer,Lane,San Marino,762.420.6396x8334,owheeler@example.org,2023-04-21
9452,Ashley,Fox,Kazakhstan,430.794.5277,johnsonteresa@example.com,2020-11-20
9453,Kristin,Watson,Greece,+1-657-738-2723x8472,xowen@example.org,2020-07-12
9454,Kristen,Hart,Iraq,(288)312-9970x799,alvaradoalyssa@example.org,2024-05-03
9455,Briana,Boyd,Cambodia,400-222-0959,hsoto@example.org,2024-09-11
9456,William,Russell,Thailand,001-359-275-7682,jennifermedina@example.org,2023-07-05
9457,Sharon,Walsh,Czech Republic,836.917.6115,taradawson@example.net,2025-02-17
9458,Katherine,Cruz,Mayotte,496.404.6241x96381,dannymorrison@example.com,2021-05-24
9459,Beverly,Sanford,Brazil,001-429-934-8404x30931,wmurillo@example.com,2025-11-04
9460,Ivan,Irwin,Guernsey,+1-738-791-0026x315,jacob03@example.com,2024-05-10
9461,Peter,Campbell,Guinea-Bissau,+1-950-971-7506x69397,sharonmiller@example.org,2020-01-23
9462,William,Woods,Iceland,(918)975-3303x75414,thomasherrera@example.net,2022-01-24
9463,Joseph,Smith,Greece,492.629.5628x0117,john32@example.org,2023-08-04
9464,Yvonne,Richardson,Jamaica,+1-682-326-7979x74267,robert68@example.net,2020-07-08
9465,Dana,Aguirre,Central African Republic,(938)378-2848x77055,carriejenkins@example.net,2021-06-17
9466,Cameron,Leon,Cameroon,612.630.8272x6373,fklein@example.com,2025-04-23
9467,Rachael,Mcconnell,Iran,001-836-941-5073,lambralph@example.net,2023-01-24
9468,Tammy,Francis,Micronesia,697-783-1899x10824,diane77@example.org,2025-04-26
9469,Brittany,Newman,Azerbaijan,478.988.8338,cynthiawyatt@example.net,2023-08-11
9470,Richard,Henderson,Brunei Darussalam,001-942-344-0359x191,richardsonkyle@example.net,2021-10-01
9471,Patrick,Pierce,Venezuela,415.767.6012x706,jeffreybailey@example.net,2023-02-02
9472,Jason,Daniel,Bangladesh,(290)413-6503x0183,alejandrochandler@example.net,2024-07-29
9473,Stephen,Aguilar,Guadeloupe,(924)848-1080,elizabeth09@example.org,2025-11-25
9474,Chelsea,Figueroa,Western Sahara,654-714-8302,wanda93@example.org,2023-09-30
9475,Jacob,Esparza,Mauritius,+1-879-327-2065x553,vmurray@example.com,2022-01-24
9476,James,Thompson,Isle of Man,450-994-1065x2391,charleslawson@example.com,2020-02-05
9477,Timothy,Cruz,Albania,862.283.3409x573,brian31@example.net,2021-05-09
9478,Megan,Gates,Tokelau,+1-612-937-3927x809,butlerelizabeth@example.net,2025-05-15
9479,Jesus,Phillips,South Georgia and the South Sandwich Islands,+1-468-815-7811x368,tiffany77@example.net,2021-10-18
9480,Sarah,Diaz,Kuwait,001-908-266-1409x745,claytonmoreno@example.com,2021-03-04
9481,James,Hunter,American Samoa,+1-322-989-1758x24144,jessica05@example.net,2024-01-28
9482,Michelle,Hodge,Austria,(560)718-4316x4541,dakota20@example.com,2025-02-13
9483,Diane,Cervantes,Reunion,9162937120,ginafriedman@example.com,2022-08-17
9484,Jamie,Oliver,South Georgia and the South Sandwich Islands,511-261-6983x77175,astewart@example.net,2025-12-06
9485,Crystal,Stevens,Belarus,001-577-591-9781x757,hallmaria@example.org,2023-08-18
9486,Robert,Howard,Tuvalu,559-321-1127,pkim@example.org,2020-10-17
9487,Michael,Stanley,Uruguay,8268288389,boothsean@example.com,2023-07-19
9488,David,Stephenson,Paraguay,3922754823,millerjamie@example.net,2024-06-07
9489,Rhonda,Brown,Togo,(510)462-9527x50985,charles05@example.com,2020-05-01
9490,Matthew,Robinson,Kyrgyz Republic,222-616-7359,emilyparker@example.org,2024-11-11
9491,Lindsey,Sheppard,Dominica,654.344.7913,heatherwaller@example.org,2023-11-27
9492,Janet,Becker,Serbia,615-745-6694x31302,josemills@example.com,2024-12-12
9493,Melanie,Rios,Iraq,783-970-5600,hartchristy@example.org,2021-07-12
9494,Tammy,Robbins,Cook Islands,213.996.6681x65749,alexandrahendrix@example.com,2024-05-22
9495,Jennifer,Moss,Saint Kitts and Nevis,573.680.9823x4978,jamie54@example.com,2021-11-27
9496,Dawn,Allen,Spain,589-265-6072x441,parkwilliam@example.org,2023-03-31
9497,Haley,Phillips,Lithuania,491-695-5401,lisawilliams@example.org,2024-05-05
9498,Debra,Hicks,Croatia,5012497007,stevensbenjamin@example.org,2022-03-24
9499,Daniel,Mullins,Argentina,504-806-1587,frank37@example.net,2021-03-02
9500,Eric,Hamilton,Sierra Leone,733-816-3969x6135,kellyvasquez@example.org,2020-03-01
9501,Stacy,Cummings,Greenland,708.580.1406x137,ellislori@example.net,2022-12-11
9502,Sonya,Ramos,Myanmar,001-265-200-7909x82119,bridget10@example.net,2020-07-14
9503,Devin,Martinez,Portugal,683-877-9740,karenherrera@example.com,2020-06-19
9504,Thomas,Moore,Portugal,(549)915-0602x6919,anthonyharris@example.org,2021-09-22
9505,Kelly,Alvarez,Samoa,+1-752-924-8928x726,sharonsmith@example.net,2025-06-04
9506,Cody,Webb,Luxembourg,(737)302-1796,pjackson@example.com,2023-01-24
9507,Felicia,Larson,Jersey,381.864.0979x10379,ramirezhannah@example.org,2023-05-28
9508,Brian,Campos,Uruguay,6307350922,skennedy@example.net,2023-05-05
9509,Michael,Smith,Madagascar,001-855-962-5792x40267,kelseystevenson@example.org,2025-02-10
9510,Andrew,Franklin,Sri Lanka,+1-939-455-5125x264,anna47@example.com,2023-04-26
9511,Daniel,Mason,Samoa,3303833618,steven34@example.org,2023-06-11
9512,Laura,Rhodes,Aruba,984.320.6362,victorreed@example.com,2020-09-28
9513,Joshua,Carrillo,Equatorial Guinea,001-218-305-8594x537,cody90@example.org,2025-10-04
9514,Rebecca,Garcia,Tuvalu,841.564.6760x0404,whiteamy@example.net,2025-02-01
9515,Cassandra,Salazar,Cyprus,571.976.3470x0521,zclark@example.net,2025-05-29
9516,Jerry,Spencer,Lebanon,695-628-9315x4840,cohenryan@example.com,2024-12-20
9517,Gary,Ford,Vanuatu,8342073456,strongjohn@example.com,2023-12-19
9518,Joseph,Dickerson,Romania,450-375-3217,kathryn67@example.org,2025-12-27
9519,Helen,Vasquez,Turkey,+1-331-975-2424x620,fdavidson@example.org,2020-08-02
9520,John,Rivera,Dominican Republic,+1-266-817-1452x75376,clarkanthony@example.com,2021-10-10
9521,David,Garcia,Benin,+1-642-689-7895x847,patrickdan@example.net,2020-06-16
9522,Allison,Perez,Guyana,(675)803-4585,edwardsmonica@example.net,2024-04-12
9523,Ricky,Nixon,Oman,+1-686-878-9533x582,wilsonjames@example.org,2024-08-28
9524,Donna,Vasquez,Swaziland,001-934-833-5290x416,ijohnston@example.net,2024-10-22
9525,Darrell,Castillo,Montserrat,+1-767-324-9801x8967,andrew99@example.net,2023-05-28
9526,Valerie,Pham,Mayotte,9424974247,hmiller@example.org,2026-02-10
9527,James,Edwards,Georgia,8788072056,charlesshepherd@example.org,2023-06-18
9528,Christian,Hayes,Zimbabwe,742.564.3662,jameshoward@example.net,2025-08-17
9529,Alexandra,Brewer,Belize,334.320.3026,vanessa15@example.org,2023-07-03
9530,Brian,Smith,Netherlands Antilles,707-220-8900,nelsonmeagan@example.com,2023-11-17
9531,Natasha,Crawford,Barbados,980-275-4808,meyerjaime@example.org,2023-07-19
9532,Victoria,Perry,Samoa,(492)466-1583x52500,jessica26@example.net,2022-08-08
9533,Shawn,Rice,Namibia,001-700-360-1240x3100,elizabeth90@example.org,2023-01-02
9534,Adam,Lee,French Guiana,363-449-9157x690,charlenehowell@example.net,2023-01-21
9535,Lonnie,Keller,Grenada,719.369.3358x8380,danielnguyen@example.net,2022-07-26
9536,Stephen,Hanson,Mauritania,6168079993,richardpowell@example.org,2020-06-11
9537,Jennifer,Avila,Thailand,830.984.1521x0593,shawkelly@example.com,2025-06-09
9538,Amanda,Spencer,Palestinian Territory,(914)770-1265,mlindsey@example.com,2025-07-10
9539,Michael,Curtis,Afghanistan,569.634.8476x915,elizabethhart@example.com,2020-07-07
9540,Michelle,Decker,Netherlands,001-708-411-9768,mariaolsen@example.com,2024-07-14
9541,Michael,Cole,Cote d'Ivoire,423-728-6864x6061,danielle32@example.com,2021-11-04
9542,David,Zavala,Ukraine,(569)871-7553x331,vwebb@example.net,2023-06-19
9543,Dalton,Proctor,Latvia,+1-299-876-0459x310,james90@example.net,2021-05-24
9544,Timothy,Greer,New Zealand,001-431-357-5997x281,pfischer@example.net,2024-03-26
9545,Karen,Williams,Greenland,001-437-933-2161x6821,brownalexis@example.com,2020-10-06
9546,Michael,Stanley,French Guiana,001-595-420-2353,cclark@example.net,2025-08-02
9547,Emily,Davidson,South Georgia and the South Sandwich Islands,9023851882,brookeibarra@example.com,2020-06-24
9548,Gary,Campbell,Lao People's Democratic Republic,760.268.4714x977,connorsheppard@example.net,2024-03-16
9549,Sabrina,Garcia,Liberia,001-569-650-2779,dstevenson@example.com,2020-09-13
9550,Victoria,Davidson,Aruba,604-736-0066,villamichelle@example.com,2020-08-11
9551,Sheila,Thomas,Croatia,(441)651-5219,sarahfitzpatrick@example.org,2024-04-28
9552,Jose,Martinez,Indonesia,843.756.0400x698,keyanthony@example.org,2025-09-20
9553,Tony,Jones,Netherlands,511.848.0516,shawnmedina@example.com,2025-06-30
9554,Marcus,White,Kyrgyz Republic,+1-957-412-2297x8331,bartontodd@example.org,2025-11-14
9555,Amy,Brady,Svalbard & Jan Mayen Islands,(753)912-5364,tdawson@example.net,2025-10-13
9556,Sierra,Meza,Sierra Leone,+1-305-558-0536x53131,bmelendez@example.com,2025-05-18
9557,Ruben,Vazquez,Honduras,+1-826-309-3989,patriciaruiz@example.com,2024-03-28
9558,Larry,Smith,Colombia,311-679-3976,qwilliams@example.org,2022-09-03
9559,Ellen,Brandt,Austria,307.773.0837x4288,meganjohnson@example.net,2024-11-07
9560,Michael,Vargas,Kiribati,261-883-5659,sandovalcynthia@example.com,2023-05-03
9561,Daniel,Murphy,Isle of Man,001-952-667-4073x447,omcdonald@example.org,2024-04-11
9562,Aaron,Walker,Madagascar,001-984-972-0418x3563,amandarodriguez@example.net,2025-10-28
9563,Derrick,Torres,Equatorial Guinea,(246)681-0084x88840,ehawkins@example.org,2023-01-15
9564,Sheri,Cuevas,Kyrgyz Republic,955.590.4429,smathis@example.com,2022-03-14
9565,Jacob,Lee,Cook Islands,214.666.7884x276,davidhamilton@example.com,2022-04-16
9566,Kyle,Walters,Grenada,+1-845-551-1018,bjacobs@example.com,2025-03-04
9567,Taylor,Morrow,Luxembourg,2104022672,danacrawford@example.com,2025-03-23
9568,Emily,Meyer,Taiwan,+1-959-763-5473x856,karenhicks@example.net,2024-08-03
9569,Jill,Banks,Dominican Republic,(523)244-6929x48740,hamiltonkyle@example.net,2026-02-27
9570,Anthony,Fuentes,Eritrea,917-500-6132,lcampbell@example.net,2024-11-14
9571,Maria,Watkins,Japan,001-242-251-6974,billyparsons@example.org,2022-06-08
9572,Regina,Deleon,Mexico,229-928-1228,jason31@example.com,2020-08-17
9573,Mitchell,Davis,Congo,001-799-649-9310x852,alexander84@example.com,2022-10-21
9574,Ryan,Schmidt,Ethiopia,715-236-8965x79115,sarahthompson@example.com,2021-03-14
9575,Randy,Kelly,Cyprus,+1-892-983-9790x9118,savannahreed@example.com,2023-03-17
9576,Todd,Long,Jordan,5439483497,chapmankathleen@example.com,2022-08-03
9577,Janice,Ward,Heard Island and McDonald Islands,001-656-824-7077,mdavis@example.org,2021-01-29
9578,Susan,Griffith,Korea,629-379-7812,michaeljones@example.net,2021-09-19
9579,Michele,Kim,Heard Island and McDonald Islands,347-452-8657x8720,ivillarreal@example.net,2020-05-05
9580,Stephanie,Castro,Bouvet Island (Bouvetoya),512.276.3940x712,delgadojessica@example.org,2023-03-02
9581,Sandra,Christensen,Palestinian Territory,001-583-341-7283x22244,thomas57@example.com,2024-05-21
9582,Sarah,Daniels,Iceland,506-666-4202x8458,carolyn06@example.com,2021-10-10
9583,Kyle,Clark,Chad,+1-346-465-7677,ogray@example.org,2026-03-01
9584,Timothy,Kane,Kiribati,(234)546-2805,michaelharmon@example.net,2020-07-03
9585,Dillon,Nunez,Cape Verde,618.737.2610,johnsonmiguel@example.net,2021-08-03
9586,Anne,Mclaughlin,Egypt,001-546-879-7577x8129,zcasey@example.com,2023-08-19
9587,Pamela,Baker,Moldova,001-541-681-2287x747,amiller@example.org,2024-04-26
9588,Thomas,Mueller,Honduras,856.899.5155x577,dennis25@example.org,2023-03-16
9589,Antonio,Cruz,Christmas Island,325.947.7460x58443,carrollpatrick@example.net,2024-12-01
9590,Ashley,Adams,Puerto Rico,402.357.3993x3097,cruzchristopher@example.net,2025-11-08
9591,Lisa,Estrada,Algeria,866.424.7615x464,james43@example.com,2023-09-18
9592,Sandra,Castillo,Uruguay,277.349.4017x38779,upaul@example.com,2021-01-01
9593,Julie,Smith,Tuvalu,559.648.9852x69177,raychristopher@example.net,2026-02-25
9594,Kimberly,Dominguez,Liechtenstein,357-777-1151x664,denisejones@example.net,2021-02-03
9595,Jessica,Morgan,Syrian Arab Republic,(878)757-5279x292,jerry82@example.com,2024-03-14
9596,Colton,Smith,Nauru,392.564.8528x5089,qwarren@example.com,2025-02-14
9597,Sharon,Davis,Zimbabwe,716.794.0246,becky22@example.org,2025-04-11
9598,Mark,Thompson,Madagascar,(788)650-5937x857,tanyahall@example.org,2022-08-14
9599,Jesse,Mcclain,Andorra,(592)892-3062,johnsondavid@example.com,2024-07-13
9600,Jason,Mata,Taiwan,(766)807-9672x9771,shawnevans@example.net,2020-10-07
9601,Joseph,English,Panama,(238)975-8092,rwright@example.org,2020-04-30
9602,Kim,Warren,Costa Rica,7444433782,salazarnicholas@example.com,2025-12-07
9603,James,Hines,Azerbaijan,350.522.1955x760,wsawyer@example.net,2025-06-22
9604,Maxwell,Herman,Mauritania,416-233-4936x4221,kmiller@example.org,2022-08-13
9605,Michael,Moore,North Macedonia,496.584.7986,andrewgriffin@example.com,2023-12-02
9606,Sharon,Payne,Anguilla,+1-434-202-2551x86442,leah90@example.org,2022-09-25
9607,Cameron,Brown,United States Virgin Islands,782.474.9379x06110,donpearson@example.org,2024-09-19
9608,Bryan,Choi,Grenada,231-317-1011,jmoore@example.net,2022-09-04
9609,Hannah,Fowler,Andorra,001-887-274-6328x3617,birdaimee@example.net,2026-02-02
9610,Valerie,Williams,Nepal,4805443885,vhall@example.org,2020-09-09
9611,Stephanie,Walters,Guernsey,001-663-401-5903x21643,taylormendez@example.net,2024-12-22
9612,Rachel,Riddle,Belgium,001-959-819-6362x92998,daviscorey@example.net,2021-08-30
9613,Melissa,Price,Tunisia,626.710.3008x54349,vanessa69@example.com,2026-02-05
9614,Brandon,Schmidt,Guatemala,001-725-281-3525,pamelathomas@example.net,2024-02-05
9615,Amy,Mann,Mauritius,285-382-6055x8579,chill@example.com,2021-10-21
9616,Chris,Duncan,Moldova,+1-447-809-5761x4179,christopher61@example.net,2026-02-12
9617,Matthew,Barker,Chad,(930)238-6392x15982,srodriguez@example.org,2023-02-28
9618,Anne,West,Switzerland,240-862-9231x135,gpena@example.com,2024-08-03
9619,Debra,Golden,Turkmenistan,(622)808-7989x2980,jnicholson@example.com,2024-10-09
9620,Jessica,Ewing,Norfolk Island,+1-665-665-9087x275,bhill@example.org,2023-11-26
9621,William,Davis,France,001-756-760-8236,joshua06@example.com,2022-08-11
9622,Debra,Patel,Montenegro,+1-593-825-7706x51692,aliciamayo@example.org,2021-08-27
9623,Stacey,Flores,Bahamas,743-437-4868,jacksonmark@example.com,2021-07-19
9624,Andrea,Cantu,Lebanon,226-972-0740x94661,ysullivan@example.com,2023-06-30
9625,Beth,Hall,Eritrea,642.385.5072,amanda35@example.net,2024-06-04
9626,April,Davis,Eritrea,809-330-3695x1141,bharvey@example.net,2020-03-26
9627,Kevin,Hays,Seychelles,946.714.2931,thomas86@example.net,2020-06-23
9628,Barbara,Johnson,Angola,(603)620-4933,tracy83@example.org,2022-03-22
9629,Mitchell,Kelly,Poland,001-257-699-6950,jose97@example.com,2021-05-14
9630,Beth,Richmond,Antigua and Barbuda,(552)448-3194,kentmurray@example.net,2024-03-01
9631,Jeffrey,Hamilton,French Guiana,414.665.1117x0966,jennifersimon@example.com,2025-09-06
9632,Teresa,Friedman,Turkmenistan,001-450-438-5520x25827,hudsonkristina@example.org,2024-09-30
9633,Adrienne,West,Estonia,001-406-549-9280x9839,ethompson@example.com,2022-10-23
9634,John,Jackson,Belgium,+1-299-209-3807x638,audreyoconnell@example.com,2024-07-28
9635,David,Young,Comoros,(944)930-2369x149,qbanks@example.org,2024-11-10
9636,Gina,Graham,Reunion,(998)831-5275x7123,tara23@example.com,2025-11-26
9637,Tracy,Ryan,Tunisia,703-608-5574x5124,christie11@example.org,2024-05-11
9638,Danny,Edwards,Saudi Arabia,265.234.6848,laceywood@example.org,2024-10-15
9639,William,Keller,Kazakhstan,905-669-7622x6822,xlindsey@example.com,2020-05-06
9640,Sheri,Mitchell,Tunisia,297-219-1615x507,philip93@example.net,2024-03-04
9641,Christopher,Clark,Indonesia,(683)307-3346x14791,webbloretta@example.net,2020-08-21
9642,Amanda,Burgess,Qatar,216-664-0691x254,lloyddennis@example.org,2021-01-07
9643,Nicholas,Gregory,Israel,001-715-616-8499x02783,joshuarichardson@example.org,2020-02-29
9644,Don,Randolph,Seychelles,889.529.7736,jburke@example.net,2021-08-13
9645,Taylor,Campbell,Ukraine,(867)812-0032,kellycatherine@example.net,2024-07-21
9646,Melinda,Nash,Guinea,(522)989-0432x1072,james48@example.com,2020-09-03
9647,Roberto,Taylor,Barbados,(379)604-0007x63375,harveyrichard@example.com,2020-12-31
9648,John,Leon,Marshall Islands,220-978-9096x20209,mooredavid@example.com,2025-08-09
9649,Michael,Waters,Jamaica,501-712-3021x80881,lauravazquez@example.com,2023-09-14
9650,Kevin,Rios,Iran,001-762-431-3213x86964,crystal51@example.com,2020-12-27
9651,Richard,Huang,Saint Pierre and Miquelon,001-491-918-6178x37565,smithrandy@example.net,2021-11-11
9652,Christopher,Hardy,Central African Republic,(962)533-1163,petermay@example.org,2021-12-14
9653,Thomas,Johnson,Malaysia,(305)466-4313x50962,suarezkimberly@example.net,2022-03-31
9654,James,Brown,Rwanda,001-416-285-5937x4791,philipthomas@example.com,2025-02-01
9655,Ashley,Contreras,United Kingdom,(888)468-8060x72254,vjames@example.org,2022-10-11
9656,Larry,Alvarado,China,794-610-3589x14903,tmorales@example.com,2021-04-25
9657,John,Barker,Malaysia,+1-217-397-2838x81475,richardharper@example.net,2020-02-01
9658,Joseph,Mcclure,Uganda,+1-205-237-1721x19773,charlotte72@example.org,2022-03-17
9659,Leslie,Miller,Turks and Caicos Islands,6472362050,elopez@example.net,2021-10-28
9660,Jose,Williams,Germany,001-808-901-6857,fcervantes@example.org,2023-06-01
9661,Shawn,Daniel,Guatemala,+1-570-965-0853x031,phillipscindy@example.org,2021-05-29
9662,Sarah,Hebert,Cayman Islands,+1-753-324-6227,johnsongregory@example.org,2022-12-17
9663,Courtney,Morrison,Netherlands,592-581-8067x0535,katherine86@example.net,2022-04-10
9664,Hannah,Gardner,Croatia,388.870.4371x410,bblake@example.com,2022-01-15
9665,Mark,Trujillo,Micronesia,776.866.7232x072,dunlapjimmy@example.com,2026-03-02
9666,Robin,Jones,Australia,283-538-5714x628,christopherberry@example.com,2021-03-15
9667,Jessica,Robinson,Saint Vincent and the Grenadines,(658)773-5867x5013,jpowell@example.net,2024-02-17
9668,Angela,Wilson,Equatorial Guinea,(835)682-3033,shannonstevens@example.net,2025-07-04
9669,Melissa,Becker,Benin,001-948-709-2746x5320,elliottdavid@example.com,2024-02-26
9670,Jimmy,Bailey,Netherlands Antilles,479.872.6040,wtran@example.org,2024-05-06
9671,Carrie,Ross,Albania,4495248928,daniellemurphy@example.com,2022-11-27
9672,Rebecca,Spencer,Chile,+1-370-987-6801x89342,jonathan16@example.net,2021-02-28
9673,Jacqueline,Kennedy,Israel,+1-482-429-8178,shamilton@example.com,2023-08-06
9674,Maurice,Sweeney,Guinea,505-301-9782x6396,robert41@example.org,2021-12-11
9675,Sean,Henry,Turks and Caicos Islands,001-220-905-7295x0034,andreafranklin@example.com,2021-03-18
9676,Andrew,Myers,Fiji,551.899.6308,mccarthyjustin@example.org,2023-05-31
9677,Luke,Johnson,Cambodia,708-328-5532,ltaylor@example.net,2025-03-17
9678,Katelyn,White,Lebanon,354.471.4312x76722,smoore@example.net,2020-03-25
9679,Samantha,Pruitt,Ecuador,+1-660-590-2534x92440,jsmith@example.net,2025-04-19
9680,Virginia,Riggs,Tanzania,511.960.8979x92983,jonesronnie@example.org,2020-02-26
9681,Karen,Douglas,Cook Islands,(638)756-7483x12041,kennethmyers@example.org,2021-03-14
9682,Frank,Stephens,Solomon Islands,(954)742-1890x173,pmcgee@example.org,2020-01-19
9683,Brett,Callahan,Mauritania,001-363-299-8186x95357,anna03@example.net,2022-01-19
9684,Rebecca,Casey,Palestinian Territory,001-784-494-1212x112,michellethompson@example.net,2025-02-07
9685,Terri,Vasquez,Saint Helena,001-784-289-3121x6686,gsteele@example.org,2025-10-12
9686,Michelle,Oconnell,Saint Barthelemy,875-581-5060,kellyleah@example.com,2023-05-18
9687,Cody,Barrett,Jersey,550-479-9338x8813,nathangoodman@example.org,2023-02-07
9688,Savannah,Proctor,Wallis and Futuna,+1-275-877-2809x1587,wagnerjasmine@example.org,2025-11-14
9689,Joshua,Neal,Zimbabwe,+1-951-870-8520x3114,jonesstacy@example.org,2022-10-03
9690,Jennifer,Drake,Sweden,9868260717,pagemichael@example.com,2024-01-26
9691,Andrew,Garcia,Cook Islands,602.542.2692x9362,dawsonfelicia@example.org,2021-03-23
9692,James,Brown,Pitcairn Islands,596.914.9096x0289,thomasian@example.net,2024-10-08
9693,Beverly,Harper,Somalia,(653)475-3257x001,brittney35@example.net,2020-10-20
9694,Ashlee,Smith,Israel,(971)430-6682x2735,walkerjohnathan@example.com,2022-04-12
9695,Margaret,Price,Colombia,001-676-563-5128x3045,zbrown@example.org,2023-03-22
9696,John,Stone,Philippines,552-840-3857x3235,mariajohnson@example.org,2023-10-18
9697,Michael,Schroeder,Hong Kong,4095842485,elizabeth83@example.com,2023-05-13
9698,Michele,Wang,Honduras,206.216.7538x2366,sarahedwards@example.org,2021-01-25
9699,Courtney,Patrick,Cyprus,5255931985,tbarton@example.org,2021-11-01
9700,Joshua,Anderson,Honduras,+1-553-425-4620,michael55@example.net,2021-01-31
9701,Cody,Ramirez,Panama,+1-431-777-8032,nmartin@example.com,2020-02-22
9702,Jennifer,Baird,Cape Verde,3695972207,ntownsend@example.com,2025-05-03
9703,Alex,Smith,Seychelles,484-739-3011,kgonzalez@example.net,2024-06-20
9704,Melissa,Castro,Jamaica,7273956491,qhernandez@example.org,2023-10-20
9705,Eric,Ramirez,Dominica,847.829.1123x741,qklein@example.com,2022-12-01
9706,Lindsay,Scott,Bosnia and Herzegovina,241-422-4561x25100,jasonwu@example.org,2021-04-30
9707,Sheila,Snyder,Australia,312.331.4428x78578,gardneranthony@example.net,2022-02-12
9708,Jeffrey,Scott,United Kingdom,393-817-1985,bethjefferson@example.net,2024-07-06
9709,Paul,Mccullough,Serbia,(559)236-9232x5968,lijulie@example.com,2023-08-10
9710,Richard,Arellano,Malaysia,606-579-0717x8596,jacob61@example.org,2020-02-04
9711,David,Barry,Luxembourg,5925271406,rachelalvarado@example.net,2023-04-19
9712,Russell,Soto,Samoa,212.763.1787x613,joshuabell@example.org,2023-08-04
9713,Whitney,Figueroa,Latvia,288-287-2345,carrillojohn@example.org,2024-08-30
9714,Leonard,Lawrence,Vanuatu,001-771-273-7346x3242,snyderjuan@example.com,2025-12-18
9715,Richard,Martinez,Antarctica (the territory South of 60 deg S),+1-940-595-9926,randy75@example.org,2025-07-13
9716,Jonathan,Johnson,Lesotho,580-416-3482,wbooker@example.org,2022-08-14
9717,John,Harris,Denmark,(573)320-5052,ninaglenn@example.com,2024-05-23
9718,John,Francis,Tokelau,3357688863,christopherknight@example.net,2025-08-30
9719,Sherry,Hernandez,Seychelles,722.227.2743,joshuacastillo@example.net,2024-05-20
9720,Alexandria,Moran,Faroe Islands,955-998-9500,hammondandrea@example.net,2024-04-28
9721,Peter,Barr,Heard Island and McDonald Islands,942.467.8666x152,hhawkins@example.com,2024-06-04
9722,Michael,Morgan,Central African Republic,+1-427-702-5547x9904,joshua36@example.net,2023-01-12
9723,Michele,Thompson,Czech Republic,001-785-635-2519x7229,ericacunningham@example.com,2025-01-07
9724,Amber,Harrison,Belgium,825-672-4883x80034,noblevalerie@example.net,2020-10-06
9725,Brian,Stevenson,Pakistan,2817972553,bandrews@example.org,2023-03-06
9726,Robert,Keller,Bahrain,709-595-0611x99347,candace90@example.org,2023-10-30
9727,Robert,Lewis,Jersey,(920)683-1627,stephaniewilliams@example.com,2021-02-17
9728,Tamara,Colon,Wallis and Futuna,(454)232-9454x043,larrymatthews@example.net,2022-10-30
9729,Amber,Preston,Romania,(255)691-5059,derekgreen@example.net,2022-03-23
9730,Richard,Lawson,Uganda,(214)699-3338x79905,michaelho@example.org,2021-10-13
9731,Ashley,Bradley,Brazil,(613)631-5659x33534,morenoalison@example.net,2021-03-05
9732,Karina,Morton,Azerbaijan,(660)870-7758,mbrown@example.com,2025-06-28
9733,Jasmine,Allen,Guatemala,342.544.8887,otodd@example.com,2025-08-10
9734,Gary,Thomas,Costa Rica,227.979.9420x77851,kennedywillie@example.org,2026-02-10
9735,Kristin,Oliver,Panama,(989)321-0197x0928,omarsmith@example.org,2023-07-06
9736,Erin,Wilkerson,Japan,597.430.4953,kingmary@example.com,2021-06-04
9737,Jennifer,Morris,Croatia,9855792343,brendabaxter@example.org,2022-04-23
9738,Alex,Valentine,French Polynesia,5778475872,brooksjulie@example.net,2020-08-06
9739,Richard,Little,United States of America,+1-252-689-1171,stevenmorales@example.com,2024-01-24
9740,Brian,Moss,Colombia,4363275665,louis84@example.com,2020-06-19
9741,Suzanne,Ball,Mauritius,001-741-751-9528x142,guerrerojames@example.org,2020-01-10
9742,Monica,Wood,Cameroon,228.854.5959x34657,vanessasandoval@example.net,2022-01-21
9743,Ryan,Nelson,Burkina Faso,+1-391-846-6632x4011,elizabethjones@example.org,2023-03-17
9744,Roberto,Smith,Dominica,(660)897-2524x54700,mcneileddie@example.org,2020-10-26
9745,Mary,Hardy,Bouvet Island (Bouvetoya),001-449-475-6989,cquinn@example.com,2022-05-14
9746,Joseph,White,Equatorial Guinea,374-483-9089x84744,mark57@example.org,2023-02-08
9747,Gregory,Gonzalez,Belize,(335)540-7271x4999,ffoster@example.com,2022-08-05
9748,Eric,Reese,Libyan Arab Jamahiriya,966.891.5509,zunigajames@example.org,2024-08-05
9749,Marissa,Phillips,Guinea,(399)681-3615x218,knoxbrandon@example.org,2020-03-25
9750,Stephanie,Alvarez,Guyana,9145009877,brian15@example.net,2022-09-06
9751,Nicholas,Brown,Brazil,+1-732-315-5302x32847,smitchell@example.net,2024-05-27
9752,Amanda,Watson,Grenada,(419)665-7441,xmartin@example.com,2025-08-09
9753,Matthew,Sanders,Maldives,452-807-0265x14146,fuentessylvia@example.com,2022-01-10
9754,Miguel,Hoffman,Slovakia (Slovak Republic),+1-330-834-8359x52897,christopherbrown@example.net,2021-06-22
9755,Matthew,Campos,Kazakhstan,001-912-516-2091x45018,slynch@example.com,2023-01-03
9756,Jorge,Moreno,Sri Lanka,991-439-3520x6157,wnguyen@example.org,2023-09-09
9757,Tyler,Horton,Bosnia and Herzegovina,668-818-2499,clarksharon@example.net,2020-05-09
9758,Amanda,Wong,Vietnam,736-726-4145x73366,scott42@example.net,2022-04-02
9759,Marcus,Burnett,Timor-Leste,001-721-761-2319x10866,michael61@example.org,2021-02-14
9760,Kevin,Brown,Guadeloupe,260-786-9208,rhonda70@example.org,2020-11-01
9761,Timothy,Landry,Montserrat,(641)548-4315,jessicahawkins@example.com,2021-02-09
9762,Melissa,Montes,Djibouti,867-710-9739x6830,thomasstevenson@example.net,2025-10-12
9763,Raymond,Richards,San Marino,6988777045,paul72@example.org,2021-10-13
9764,David,Luna,British Indian Ocean Territory (Chagos Archipelago),001-382-731-8301x382,zrodriguez@example.org,2021-03-25
9765,Brian,Walsh,Montenegro,650-616-6310x84240,michaelolson@example.com,2023-04-23
9766,Laura,Johnson,Papua New Guinea,6322928829,keithschmidt@example.org,2022-08-13
9767,Misty,Hayes,Saint Kitts and Nevis,388.212.7125,waltercolleen@example.org,2021-11-12
9768,Laura,Duarte,San Marino,(933)505-2067,silvasharon@example.com,2022-04-15
9769,Hector,Smith,Saint Barthelemy,(389)491-0202x8961,aterrell@example.net,2021-03-15
9770,Daniel,Henson,Dominican Republic,+1-970-272-4027x9778,rachael18@example.com,2020-01-09
9771,Melanie,Martin,Uzbekistan,(991)466-6319x7625,vmartinez@example.org,2022-09-23
9772,Jaime,Webb,Guatemala,(633)225-0496,curtissantos@example.net,2024-03-01
9773,Andrew,Nielsen,Libyan Arab Jamahiriya,+1-594-208-0372,martin05@example.net,2021-02-22
9774,Jason,Adkins,Azerbaijan,+1-679-849-7098x23606,steven88@example.net,2025-01-05
9775,James,Chan,Samoa,001-368-201-2136x73041,anita06@example.net,2024-01-19
9776,Danielle,Carson,Senegal,608-649-1678x937,williamsjeremy@example.net,2022-06-04
9777,Jessica,Barton,British Indian Ocean Territory (Chagos Archipelago),+1-411-803-3505x98408,bliu@example.net,2024-04-02
9778,Mary,Miranda,Brazil,(612)851-2663x92373,daviddaniel@example.net,2020-02-27
9779,Amanda,Gutierrez,Honduras,001-450-260-7243x91778,andreahubbard@example.org,2021-12-07
9780,Jeffrey,Dean,Cook Islands,253-462-7997x84604,kimberly28@example.org,2023-08-03
9781,Ryan,Hernandez,Micronesia,311-602-1725x51728,sheri74@example.org,2022-03-30
9782,Adrian,Stephens,El Salvador,904.594.6401,aaron55@example.org,2023-06-26
9783,Nicole,Barnes,Pitcairn Islands,(255)230-5310,johnsoncalvin@example.net,2020-12-10
9784,Rick,Lynn,Trinidad and Tobago,775-532-8479,kelly30@example.net,2022-04-15
9785,Joseph,Carter,Libyan Arab Jamahiriya,239.391.1010,breannawatts@example.org,2020-05-16
9786,Rodney,Brown,Holy See (Vatican City State),001-268-521-4659x59884,wilsonkayla@example.org,2020-08-05
9787,Cory,Frye,Korea,(538)563-7369x4397,victorkline@example.org,2022-03-14
9788,Sabrina,Cherry,Iraq,352-613-5225x1873,kathryn69@example.net,2023-03-25
9789,Ann,Salas,Panama,3174425060,djohnson@example.net,2021-12-15
9790,Tanya,Williamson,Samoa,376.914.0972,uthomas@example.com,2020-03-02
9791,Terri,Alvarez,Antigua and Barbuda,(458)660-8122x39910,mendozajames@example.com,2022-07-04
9792,Vernon,Copeland,Reunion,(465)880-6393,oconley@example.net,2022-01-25
9793,Jonathan,Kelley,Niue,+1-685-363-8746x489,shannon49@example.com,2026-01-03
9794,Karen,Gomez,Yemen,408-333-3428x41311,davidbrown@example.org,2024-09-17
9795,Alexandria,Rodriguez,Malaysia,735.588.9963x2511,guzmankathryn@example.org,2020-02-06
9796,Kristin,Lopez,Algeria,(977)633-4628,mcfarlandconnie@example.com,2020-11-15
9797,Michael,Thomas,Iceland,357-321-5344,isaiahbryant@example.org,2023-02-05
9798,Matthew,Mercer,Nepal,240-502-0372,jonathanmartinez@example.com,2021-07-29
9799,Michelle,Mcbride,Czech Republic,001-827-408-2658x5154,maryscott@example.com,2022-05-31
9800,Kristine,Day,Niue,780-387-1421,smithantonio@example.net,2024-11-21
9801,Jay,Booth,United States Virgin Islands,001-948-431-7162x5683,andrewdelgado@example.com,2022-11-27
9802,Laura,Hahn,Montenegro,001-690-978-5397x072,palmerdustin@example.org,2026-01-25
9803,John,Hess,Albania,(220)687-9776,jeffreysutton@example.org,2024-09-22
9804,Jamie,Lucas,Lao People's Democratic Republic,260.393.8549,bflowers@example.org,2020-06-23
9805,Michael,Anthony,Lao People's Democratic Republic,001-517-275-4887,jjohnston@example.net,2023-07-28
9806,Samantha,Steele,Central African Republic,247.686.6809x26244,moralesemily@example.com,2023-12-03
9807,Tammy,Simpson,Paraguay,(558)411-1174x161,nhopkins@example.net,2025-01-05
9808,Alexis,Phillips,Barbados,(714)264-1196,cookbradley@example.com,2022-11-05
9809,Lauren,Clay,Denmark,976.344.4860,mhayes@example.com,2021-10-20
9810,Christine,Peterson,Sudan,(207)249-9567x758,johnsonnatalie@example.com,2023-01-13
9811,Aaron,Ramirez,Vietnam,861-255-9646,rebeccacombs@example.com,2023-03-17
9812,Kimberly,Johnson,United Arab Emirates,289-778-2335x6544,emmacrosby@example.net,2025-01-23
9813,Todd,Greene,Trinidad and Tobago,+1-502-468-2935,robertwells@example.org,2024-01-12
9814,Katherine,Moss,Maldives,374-792-9125x85840,janetchang@example.net,2024-04-28
9815,Maurice,Murphy,Romania,001-661-653-0255x81034,wilsonstephanie@example.net,2025-02-22
9816,Phillip,Reilly,Lao People's Democratic Republic,(313)845-1029,hollyreyes@example.net,2023-10-30
9817,Megan,Bradford,Vietnam,576-846-6689,mlozano@example.com,2024-02-05
9818,Brittney,Wood,Dominica,001-597-974-2449x777,brad50@example.net,2020-06-28
9819,Joanne,Randall,Zambia,+1-697-936-6318,carolrodriguez@example.org,2025-10-22
9820,Christina,Barron,South Africa,001-798-678-3113x273,lopezbrent@example.org,2023-09-27
9821,Brian,Brady,Bhutan,652-680-0339x843,hollowaysydney@example.com,2025-05-19
9822,Gabriella,Cole,Nepal,944-416-9301x60071,michael91@example.com,2024-02-03
9823,Kimberly,Rich,Lebanon,+1-854-688-2277x82856,richardscharles@example.org,2024-08-10
9824,Jonathan,Harris,Pakistan,+1-862-330-6249x789,pmurphy@example.net,2025-06-18
9825,Angela,Chen,Macao,001-639-563-2596x05118,amandanguyen@example.net,2022-06-19
9826,John,Houston,Israel,9982325209,patelanthony@example.net,2020-09-28
9827,Gerald,Nguyen,Dominica,+1-476-847-0425x687,gary19@example.org,2026-01-28
9828,Eric,Zamora,American Samoa,+1-997-946-1605x40829,luke82@example.com,2021-03-16
9829,Andrew,Hudson,Saint Barthelemy,400-520-5364,ghale@example.com,2022-07-20
9830,Sarah,Dean,Sri Lanka,586.293.0444x4150,christophergonzalez@example.net,2020-04-30
9831,April,Love,Cook Islands,221.239.9419x6847,wesley71@example.net,2020-01-20
9832,Kelly,Carson,Guinea,+1-888-824-4457x08729,michaellong@example.com,2022-12-28
9833,Eddie,Little,Syrian Arab Republic,001-642-343-7560,davidstone@example.com,2025-07-05
9834,Brooke,Summers,Cyprus,001-308-538-3043,ycarr@example.net,2025-07-26
9835,Kathryn,Robles,Palestinian Territory,2816596504,davisfrank@example.net,2023-03-03
9836,Alicia,Jones,Guatemala,966.826.3755,ramirezjason@example.com,2022-04-16
9837,Austin,Ray,India,601-628-2045,stacey80@example.org,2023-11-16
9838,Michael,Walker,Montenegro,+1-592-345-7855x0538,xavierfisher@example.net,2021-07-31
9839,Tyler,Oconnor,Holy See (Vatican City State),5178873012,brownjames@example.com,2022-08-30
9840,Donna,Andrews,Reunion,292.687.5481x31718,milesrachael@example.com,2020-07-10
9841,Melissa,Collins,Bermuda,724.621.4997,danny63@example.com,2021-01-28
9842,Kevin,Coleman,Bouvet Island (Bouvetoya),+1-638-465-8507x99552,ronald91@example.com,2024-12-12
9843,Janice,Lee,Romania,903.268.7322x3395,pgomez@example.com,2023-05-23
9844,Stephen,Smith,Sierra Leone,516-645-7547x39786,underwoodchristopher@example.org,2021-10-05
9845,Deborah,Moore,Ukraine,(649)334-1951,marshallelizabeth@example.org,2024-10-14
9846,Marcia,Dodson,Netherlands,258-674-8767x3685,ashley26@example.com,2024-07-17
9847,Jeremy,Parker,Burundi,001-293-487-2949,taylor79@example.org,2021-07-11
9848,Cody,Shaw,Vietnam,378-424-8335x8647,erikjordan@example.net,2020-07-21
9849,Ryan,Davis,Bahamas,686-645-7662x846,emily13@example.net,2020-07-25
9850,Danielle,Hoover,Germany,(785)508-8913x49541,kevinrobinson@example.net,2022-08-10
9851,Dominique,Ali,Maldives,743-743-7874x5584,mark70@example.net,2024-01-25
9852,Susan,Jacobs,Cayman Islands,317-785-3989x261,brucestephanie@example.org,2025-04-23
9853,Anna,Walsh,Luxembourg,+1-215-940-1076x54863,garciagail@example.org,2022-12-10
9854,Nicholas,Garcia,Indonesia,637-535-1382x3755,ohardy@example.org,2020-11-06
9855,Hannah,Brown,Finland,(877)406-4306,jenny94@example.org,2023-06-13
9856,Shelley,Yang,Panama,+1-902-270-3339x546,elizabethwilkerson@example.net,2024-09-20
9857,Bryan,Medina,Chad,817.782.5259,ehughes@example.com,2026-03-08
9858,Alex,Leonard,Solomon Islands,815.835.5954x6603,amiller@example.org,2023-06-29
9859,Gabriella,Knox,Senegal,001-342-412-7171x0713,nicholasbaker@example.org,2023-04-22
9860,Patricia,Mooney,Greece,+1-584-703-4193,robinsonhannah@example.net,2026-01-18
9861,Christopher,Mills,Saint Lucia,+1-443-882-0339x06602,kellythompson@example.com,2021-09-10
9862,Sean,Rodriguez,Bhutan,291.557.4023x68770,thomas70@example.net,2024-09-21
9863,Laura,Atkinson,Myanmar,(472)961-6763x837,bjones@example.com,2023-11-23
9864,Cheryl,Lawrence,Cuba,(232)650-9569,qnash@example.org,2025-10-08
9865,Maurice,Patel,Taiwan,001-701-842-4440,jasminekennedy@example.net,2020-10-09
9866,Christopher,Massey,Denmark,(810)340-5700x409,rdelgado@example.net,2026-02-11
9867,Robert,Green,Solomon Islands,+1-754-921-8097x0634,jennifersmith@example.com,2021-09-12
9868,Erik,Jackson,Solomon Islands,355-868-3519x581,jillmarsh@example.com,2023-10-08
9869,Raymond,Barnett,Syrian Arab Republic,+1-518-609-0354x0133,zimmermansteven@example.net,2025-09-07
9870,Charles,Burns,Palestinian Territory,001-748-988-4993x209,kylewilson@example.org,2025-04-09
9871,Samantha,Ruiz,Italy,775.732.0620,thomas52@example.net,2024-02-14
9872,Jessica,Murray,Honduras,(827)559-3499,andrew51@example.com,2024-11-07
9873,Lindsey,Frazier,Antarctica (the territory South of 60 deg S),826.615.1007x650,rweber@example.com,2022-02-24
9874,Samuel,Combs,Bhutan,(840)277-4324x7077,dylan83@example.net,2023-05-24
9875,Matthew,Smith,Sao Tome and Principe,440-710-2386x206,gregory28@example.net,2023-01-23
9876,Charles,Reed,Central African Republic,223.470.3953x11306,jmartin@example.net,2025-09-16
9877,Michael,Williams,Pitcairn Islands,540-233-3690,cindyfuller@example.net,2023-03-11
9878,Monica,Hart,Mauritania,001-216-730-9323x113,clarkchristopher@example.org,2023-11-13
9879,Laura,Long,United States of America,7566938095,zshea@example.com,2025-11-12
9880,Jessica,Snyder,Armenia,+1-799-711-9628x61358,kendrawalker@example.org,2026-01-24
9881,Mark,Adams,Algeria,+1-362-235-7292x960,baldwintanya@example.com,2021-09-29
9882,Sarah,Farrell,Costa Rica,001-885-212-3919x668,caroline18@example.net,2022-12-28
9883,Laura,Santos,Iraq,435.771.5864,mccoysheila@example.org,2024-12-30
9884,Claudia,Hampton,Saint Vincent and the Grenadines,+1-267-708-7584x688,williamsnicole@example.com,2020-05-27
9885,Richard,Golden,Yemen,4609553405,samantha36@example.net,2022-04-23
9886,Logan,Mcfarland,Saint Martin,8552110265,fmathis@example.org,2024-11-03
9887,Shannon,Phillips,Korea,001-251-252-5098x243,toddflores@example.net,2022-09-19
9888,Andrew,Phillips,Togo,001-693-492-7338x98752,butlerdaniel@example.com,2025-10-01
9889,Tina,Jimenez,Jersey,666-368-0618,peter20@example.net,2020-01-02
9890,Barbara,Freeman,Congo,(549)274-3951x48929,mjohnson@example.com,2020-07-01
9891,Maurice,Arroyo,Mexico,+1-693-540-3671x5825,sosastephanie@example.com,2023-09-27
9892,Malik,Lee,Costa Rica,343-398-8470,rothmargaret@example.com,2025-10-19
9893,Steven,Wood,Bulgaria,(834)824-9333,nmorgan@example.com,2020-10-07
9894,Douglas,Lee,Ecuador,(563)576-5633x9164,dawsondeanna@example.com,2020-05-15
9895,Angela,Mills,Saint Lucia,001-470-370-2347x26551,paulabanks@example.com,2020-01-09
9896,Ann,Fowler,Saint Lucia,001-946-802-4238x6650,francojeffery@example.net,2020-01-21
9897,Shirley,Smith,Angola,+1-405-598-9523x30700,josephbird@example.org,2022-01-02
9898,Frances,Callahan,Tuvalu,445-268-0349x24409,david37@example.net,2021-03-18
9899,William,Woodward,Mayotte,(218)584-8448x9849,gwallace@example.net,2022-03-16
9900,Anthony,Baker,Samoa,3775522037,josephgrant@example.com,2021-03-13
9901,Sara,Jones,Jersey,245.743.7619,tiffanywagner@example.com,2021-01-30
9902,James,Lewis,Papua New Guinea,548.840.7033x23875,vanessabailey@example.com,2020-03-05
9903,Robert,Vasquez,Guinea-Bissau,9426483713,harpercody@example.net,2025-03-05
9904,Robert,Fritz,Slovakia (Slovak Republic),001-602-541-8258x75293,benjamin81@example.com,2024-08-24
9905,Vincent,Patel,Albania,(436)360-9998x205,ojensen@example.net,2025-09-13
9906,Alan,Davis,Lebanon,941-612-8459x03247,benjaminturner@example.com,2024-08-17
9907,Crystal,Evans,Peru,655-551-0181x7781,alexanderjessica@example.com,2025-11-23
9908,Craig,Rodriguez,Kuwait,884-217-6856x40320,mthomas@example.org,2022-08-07
9909,Lindsey,Anderson,Denmark,(311)982-1682x132,zachary95@example.org,2021-12-20
9910,Lisa,Williams,Georgia,5096655659,lsingh@example.net,2024-02-05
9911,Sheri,King,American Samoa,442.522.0099x221,ashley25@example.net,2025-06-30
9912,Marcus,Smith,Equatorial Guinea,(250)501-0902,steventownsend@example.net,2020-02-17
9913,Travis,Perez,Tajikistan,+1-742-918-6008x6776,nvaldez@example.com,2024-12-28
9914,Alejandro,Smith,Norway,(758)711-9514,dalvarado@example.net,2022-01-19
9915,Russell,Smith,San Marino,(837)862-3527x9964,melissatrevino@example.org,2021-07-27
9916,Victoria,Johnson,Vietnam,526.803.0919x2475,beverlysimpson@example.org,2023-12-07
9917,Karen,Andrews,Comoros,+1-783-969-4393x337,mholland@example.net,2022-02-22
9918,Julie,Francis,Oman,665.414.7034,ofuentes@example.com,2020-04-03
9919,Erika,Warren,United Arab Emirates,517-730-8677x1042,fyang@example.com,2021-06-26
9920,Casey,Nelson,Sri Lanka,938.550.8183x4235,kristy69@example.org,2021-07-12
9921,Sarah,Kelley,Mauritania,584.558.1812x656,michael22@example.net,2025-02-01
9922,James,Turner,Korea,001-711-857-0658x232,hwilliams@example.org,2024-02-16
9923,Maria,Richardson,Norway,+1-713-496-3607x318,geoffrey43@example.org,2020-02-11
9924,Steven,Wilson,French Guiana,800.408.2719x683,brittanygrant@example.com,2021-12-10
9925,Paul,Robbins,Sudan,290-812-5340,clopez@example.org,2021-09-07
9926,Michael,Garcia,Belize,001-534-835-9176x0815,david23@example.net,2023-06-22
9927,Nathan,Wong,Sweden,+1-357-878-2837x82399,medwards@example.com,2021-12-15
9928,Nicholas,Lewis,Argentina,(472)909-0317,nsmith@example.org,2022-03-30
9929,Ryan,Mccullough,Morocco,6058422698,brownherbert@example.org,2023-01-09
9930,Christopher,Thomas,France,461-506-3313x032,frazierjoseph@example.net,2023-05-24
9931,Jeffrey,Hayes,United Arab Emirates,560.445.7944,garrettmelissa@example.com,2024-01-25
9932,Alexis,Howard,Belarus,789-940-8754,edwinmatthews@example.com,2020-11-23
9933,Johnny,Hamilton,Bahrain,001-778-564-8297,chandlerdennis@example.com,2025-08-26
9934,Rebekah,Harris,British Virgin Islands,001-456-802-0743x59173,thompsonstephanie@example.org,2020-06-18
9935,Monica,Harding,Bangladesh,(980)706-6958,tmccoy@example.net,2024-08-14
9936,Ryan,Williams,Thailand,415-686-5219x180,charlesnorton@example.com,2023-08-09
9937,Jim,Bentley,Serbia,+1-239-905-7556x50717,morenosara@example.org,2025-01-19
9938,Kimberly,Jackson,Fiji,530.784.9216x08973,alyssanichols@example.com,2024-12-16
9939,Katie,Watson,Thailand,001-649-583-8907x649,elizabeth38@example.net,2025-03-11
9940,Logan,Schneider,Algeria,(396)405-8255x8149,maurice49@example.org,2023-08-14
9941,Lisa,Brennan,United Arab Emirates,974.979.0557,rprice@example.net,2023-03-06
9942,Mark,Howe,Reunion,001-857-667-0430x844,igriffith@example.org,2025-05-15
9943,James,Clark,Italy,001-588-271-5279x75692,bbarr@example.org,2024-11-07
9944,Kathleen,Ferguson,Kiribati,218-743-2096x5632,dlynch@example.com,2021-02-07
9945,Jasmine,Maldonado,Rwanda,+1-556-819-3236x3991,mercercathy@example.org,2021-10-16
9946,Jeffrey,Harper,Netherlands,+1-917-618-0306x1111,wigginstamara@example.org,2022-04-29
9947,Sarah,Craig,Comoros,(868)872-0863x2909,ibennett@example.org,2025-06-09
9948,Mary,Fernandez,Algeria,(854)901-3292,eadams@example.net,2021-06-23
9949,Jennifer,Freeman,Jamaica,(841)484-9829x59383,carol66@example.net,2025-01-11
9950,Brian,Andersen,Antarctica (the territory South of 60 deg S),(582)246-9310,gonzalesjonathan@example.org,2020-03-08
9951,Melissa,Rodriguez,Saint Vincent and the Grenadines,001-585-926-0487,gina35@example.net,2024-09-22
9952,Marc,Taylor,Sri Lanka,536.507.3108x5493,pmartin@example.net,2025-07-02
9953,Eric,Christensen,Mayotte,888-513-8296x0070,olivia60@example.com,2020-05-30
9954,Samantha,Smith,Djibouti,6808997290,williamkim@example.org,2024-06-27
9955,Caitlin,Mcclure,Tuvalu,427-657-6201x3894,villaana@example.net,2020-06-29
9956,Deanna,Perez,Central African Republic,001-495-814-7195x235,katherine31@example.org,2021-10-09
9957,Brian,Clark,Jamaica,235.991.2871,wrightnancy@example.net,2020-12-22
9958,Ryan,Johnson,Sao Tome and Principe,427.960.0554,lferguson@example.net,2025-09-13
9959,Vanessa,Leon,Mayotte,7783076233,kimberly13@example.net,2025-05-12
9960,Denise,Stevens,Taiwan,(458)272-5654x1918,vstewart@example.net,2024-01-05
9961,Vincent,Garner,Luxembourg,948-848-7294x24812,peterthomas@example.org,2023-06-14
9962,Lori,Lopez,Syrian Arab Republic,889-430-5935,angelagregory@example.org,2022-06-03
9963,Joseph,Shaw,Tuvalu,(809)813-3725x5323,lhoffman@example.net,2022-12-28
9964,Traci,Roy,Pakistan,001-959-921-8045x8715,dominiquegolden@example.org,2022-06-01
9965,Matthew,Pierce,Korea,568-766-0128x306,laurakent@example.com,2020-08-01
9966,Gregory,Wells,Brazil,+1-668-449-9443x86583,mathisbrittany@example.org,2022-09-09
9967,Rodney,Becker,Macao,(247)301-9054,fcasey@example.net,2025-09-24
9968,Hannah,Vasquez,Ecuador,+1-380-654-3259x945,james05@example.org,2025-11-29
9969,Troy,Wilson,Tokelau,001-475-599-6300x41360,brittany61@example.com,2020-04-30
9970,Tammy,Kim,Sri Lanka,+1-940-898-9679x25425,kristinamoody@example.com,2020-12-22
9971,Walter,Williams,Somalia,(692)247-1741,theodorechapman@example.org,2022-03-26
9972,Alexander,Mccarthy,New Zealand,+1-248-730-7439x9090,brianreynolds@example.org,2025-02-23
9973,Anthony,Brooks,British Indian Ocean Territory (Chagos Archipelago),(590)909-4598,mhoward@example.com,2020-11-14
9974,Donald,Roberts,Hungary,477-484-9150x443,santanamark@example.org,2025-07-01
9975,Chelsea,Brown,Trinidad and Tobago,906-904-1487,choimargaret@example.org,2023-08-16
9976,Michael,Meyer,Northern Mariana Islands,(556)578-2214,tyrone89@example.org,2023-01-11
9977,Lisa,Mcgrath,Solomon Islands,821-205-2019x5050,diazchristopher@example.net,2023-04-12
9978,Justin,Thompson,Kuwait,(845)209-7049x396,teresawalter@example.com,2022-07-01
9979,Theresa,Singleton,Guyana,510-923-9745x58223,clarkpatrick@example.com,2024-04-16
9980,Brad,Wright,Serbia,(846)901-4135x500,cmiller@example.org,2023-10-26
9981,Anthony,Wilson,Cape Verde,252-763-4002,ghull@example.com,2022-10-13
9982,Amanda,Moore,Ethiopia,(772)622-8377x7759,thomas55@example.net,2021-09-15
9983,Katelyn,Martinez,Jordan,758-236-6055x27457,aaronmurray@example.net,2021-11-19
9984,Jacob,Elliott,Somalia,(535)836-5710x7226,randy87@example.net,2024-09-14
9985,Kathryn,Garrett,Albania,+1-735-358-1160x2707,ethanbruce@example.net,2024-04-12
9986,Shelby,Fox,French Polynesia,001-381-836-6683,judy98@example.com,2021-05-25
9987,Angel,Jimenez,Saint Barthelemy,001-341-547-2355x5273,pdixon@example.com,2022-06-07
9988,Kathleen,Wilson,Sweden,697-579-6266x84803,richard62@example.org,2025-07-27
9989,Brian,Thomas,Cuba,368.530.1404,donna30@example.com,2021-09-14
9990,Jacqueline,Reynolds,Cambodia,+1-895-210-2422,ycarson@example.net,2022-11-16
9991,James,Stafford,Moldova,+1-979-707-4637x55335,coreyperez@example.net,2025-11-05
9992,Jeffrey,Armstrong,Switzerland,(207)481-5289x3289,denise16@example.net,2022-02-26
9993,Megan,Morris,Namibia,384.290.6313,jessicabryant@example.org,2025-04-15
9994,Aaron,Martin,Morocco,001-412-871-9463,sara91@example.org,2022-12-23
9995,Micheal,George,Tanzania,(318)569-0160,nicolerose@example.org,2021-11-20
9996,Brittany,Martinez,Finland,(243)957-3201x09452,danapowell@example.net,2020-08-29
9997,Angela,Duke,Kyrgyz Republic,001-556-983-1025x261,prodriguez@example.com,2025-06-06
9998,Kimberly,Pittman,United Kingdom,001-649-731-1661,carol14@example.com,2021-10-13
9999,Jeffrey,Goodman,Heard Island and McDonald Islands,988.730.3506x922,philipmorrison@example.org,2025-01-05
10000,David,Sandoval,El Salvador,712.757.7441x49669,jking@example.net,2022-02-04
