Customer ID,First Name,Last Name,Country,Phone,Email,Subscription Date
1,Bobby,Sloan,Mozambique,001-909-678-4031x135,mikaylacolon@example.com,2023-05-26
2,Karen,Frank,Greece,469-694-8225x5675,thompsonkimberly@example.com,2026-02-08
3,Mary,Gould,Jamaica,(262)954-3003x5130,dustinhowe@example.org,2021-03-26
4,Alyssa,Johnson,Montserrat,897.606.2047,kathleenclark@example.net,2022-09-29
5,Tonya,Reed,Nicaragua,+1-525-292-3374,amandaconrad@example.com,2023-01-09
6,Jason,Marshall,Zimbabwe,874-675-5201x57093,jamestaylor@example.org,2023-02-28
7,Shannon,Hill,Tuvalu,+1-643-440-2386x7387,mark84@example.org,2022-03-22
8,Rhonda,Anderson,Russian Federation,+1-528-898-9687x348,lunagregory@example.org,2022-02-04
9,Rachel,Hughes,Holy See (Vatican City State),+1-345-997-3478x996,sararobinson@example.net,2025-05-30
10,Ann,Singleton,Singapore,+1-511-417-2781x8895,irobles@example.com,2023-07-16
11,Evan,Flynn,Libyan Arab Jamahiriya,604-593-8954x865,christine29@example.net,2025-11-24
12,Brian,Porter,Bahrain,(235)653-6497,thomasbryant@example.com,2024-12-11
13,Nathan,Bruce,Cameroon,202.324.3493,davidstevenson@example.com,2020-12-01
14,Teresa,Williams,Montserrat,798-445-7071,seanhensley@example.com,2022-09-11
15,Joseph,Martin,South Africa,917.944.5995,timothypatterson@example.org,2023-12-16
16,Cheyenne,Williams,Norfolk Island,966-320-9598x8720,peterwatson@example.net,2023-11-26
17,Timothy,Evans,Djibouti,970.303.8875x72352,elizabethwest@example.com,2023-12-16
18,Amanda,Gonzalez,Gabon,400-889-9854,joseph27@example.com,2020-08-19
19,Andrew,Ramirez,Kenya,239-280-1856x65170,michael37@example.org,2023-12-11
20,Mary,Jensen,Wallis and Futuna,545.248.8389,melissa57@example.com,2020-03-22
21,Jon,Morgan,Bangladesh,339.264.8567x1350,hensonjonathan@example.net,2022-12-21
22,Eric,Hopkins,Paraguay,576-951-9353,jennifer18@example.net,2020-03-09
23,Jane,Lin,Niger,794-866-8501,emiller@example.com,2022-03-28
24,Jamie,Frye,Madagascar,602-409-9096x11601,arnoldcynthia@example.org,2023-08-19
25,Matthew,Lopez,Cote d'Ivoire,(931)799-3713,baileychristopher@example.com,2023-06-11
26,Alejandra,Norton,Trinidad and Tobago,589.467.7933x01445,belltravis@example.org,2025-11-21
27,Jessica,Mcdowell,Georgia,001-605-558-6732,haley82@example.net,2024-08-02
28,Katie,Wright,Suriname,818-526-7183x21549,bianca12@example.net,2024-10-07
29,Brian,Henry,Moldova,001-263-671-8005,victor28@example.org,2025-10-25
30,Christina,Santos,Reunion,5086419163,lopeznathaniel@example.net,2022-09-23
31,Ronnie,Bush,Western Sahara,321.972.9552,aharris@example.com,2025-05-07
32,Danielle,Diaz,Gabon,840.789.7693x99657,robertpennington@example.com,2025-09-27
33,Olivia,Collins,Uzbekistan,(934)714-3828,lawrence89@example.org,2022-12-14
34,Kathryn,Stewart,Kiribati,(539)502-8335,flyons@example.net,2020-12-28
35,Victor,Thompson,Timor-Leste,9083554696,kelly70@example.net,2022-11-20
36,Rebekah,Munoz,Korea,431-635-7888x28930,nataliemoon@example.org,2021-08-05
37,Douglas,Lewis,United States of America,7968755641,brownemily@example.com,2022-04-28
38,Melinda,Clark,Turkmenistan,925-993-1425,bryanerik@example.net,2021-07-06
39,Brittany,Moore,Netherlands,(908)684-1916,jessicaalvarez@example.net,2020-01-23
40,Tanya,Castro,Netherlands Antilles,561-700-8207,ewallace@example.com,2023-02-27
41,Jennifer,Ramirez,Yemen,840-584-9284x188,rpatel@example.com,2020-05-19
42,Lindsey,Weeks,Canada,531-898-5725,carla44@example.com,2021-07-20
43,Felicia,Alvarez,Puerto Rico,506.804.6680,nraymond@example.com,2022-09-22
44,Lisa,Meyer,Timor-Leste,(657)934-0546x819,johnsonjames@example.net,2022-05-24
45,Terri,Smith,Libyan Arab Jamahiriya,3662457246,michael36@example.org,2021-04-19
46,Sheila,Thomas,Saint Pierre and Miquelon,+1-480-795-8797x7745,jenniferjackson@example.com,2022-09-20
47,Felicia,Becker,Mexico,+1-448-779-8811x3531,codymcbride@example.net,2023-01-22
48,Michael,Smith,Guam,+1-384-681-4682x682,brownmichelle@example.org,2025-04-01
49,Richard,Heath,Sweden,269-412-2890x4723,thompsonkatherine@example.com,2025-01-20
50,Ryan,Brown,Papua New Guinea,(255)583-2871x31953,rodneywalker@example.com,2023-02-05
51,Natalie,Johnson,Kenya,(813)743-8896x12332,alexis78@example.com,2021-02-21
52,Ashley,Pierce,Mozambique,814.755.4485x35243,michellecox@example.org,2024-03-29
53,David,Blair,Iraq,521-226-9045,dawn61@example.com,2025-01-03
54,Charles,Brown,Comoros,527-854-1895x4446,tcastillo@example.com,2023-06-21
55,Randy,Johnson,French Guiana,2776410971,blara@example.net,2021-12-14
56,Andrea,Watson,South Georgia and the South Sandwich Islands,(539)604-2686x58551,mallen@example.com,2023-02-15
57,Michael,Harris,Portugal,(251)328-7155,harry78@example.com,2021-12-06
58,Anthony,Johnston,Saint Lucia,(269)435-6539,maryyang@example.com,2024-06-01
59,Stacy,White,Gambia,302.492.6988x97864,carlos89@example.net,2020-03-21
60,Vanessa,Moore,Saint Helena,762.395.9652x6209,monicajordan@example.org,2025-03-28
61,Edward,Chapman,Peru,8477065353,jwaters@example.net,2022-05-03
62,Sharon,Carlson,Cayman Islands,215.393.8134,harrisonwayne@example.net,2025-05-04
63,Susan,Patel,Kuwait,001-693-984-4451x86412,kevinanderson@example.com,2024-11-03
64,James,Adkins,Mexico,618.261.7953,karen27@example.net,2024-04-21
65,Brenda,James,Falkland Islands (Malvinas),961-983-6440,obecker@example.com,2024-09-25
66,Patty,Miller,France,(734)782-4790x060,iruiz@example.org,2024-03-23
67,Theresa,Valdez,Martinique,+1-848-877-4598x355,kylejohnson@example.com,2022-08-26
68,Nicole,Miller,Lithuania,+1-453-865-2339,jacobhicks@example.com,2023-04-08
69,Jeremy,Olson,Svalbard & Jan Mayen Islands,+1-718-994-5431x27160,qhernandez@example.com,2020-09-21
70,Nicholas,Garcia,American Samoa,(903)956-7815x5403,vyoung@example.net,2023-03-02
71,Patrick,Greene,Cuba,(945)421-9250x5625,leelee@example.com,2021-07-14
72,Melinda,Johnson,Benin,400-403-6099,brandirose@example.net,2023-09-04
73,Jordan,Rasmussen,Ethiopia,883-788-3764,wreed@example.net,2020-12-30
74,Mary,Johnson,New Caledonia,370-671-1032x920,lorraine48@example.com,2020-10-22
75,Stanley,Hill,Turks and Caicos Islands,4927232378,david53@example.com,2023-09-08
76,Elizabeth,Stewart,France,(918)948-7161x988,kingkristen@example.com,2020-04-22
77,Mark,Patterson,Italy,3017449917,jessicabrown@example.com,2023-08-31
78,Suzanne,Taylor,Estonia,(493)347-5210x88013,sanderson@example.org,2022-04-13
79,Kristin,Williams,Bosnia and Herzegovina,+1-630-702-2107x9740,amanda99@example.com,2020-03-05
80,Blake,Ballard,Hong Kong,001-299-370-3784,david52@example.org,2025-08-20
81,Robert,White,Brazil,+1-835-674-9845x370,hartmanlaura@example.com,2020-06-02
82,Julie,Morse,Macao,280-928-4351,uporter@example.com,2023-04-02
83,Robert,Sanchez,Burkina Faso,626-735-2704x183,ashleybyrd@example.com,2021-07-30
84,Alison,Long,Guadeloupe,+1-705-638-5335x766,rangelkathryn@example.net,2021-05-31
85,Paul,Russell,New Caledonia,526.726.3378x606,aguilarnathan@example.com,2025-11-19
86,Heather,Townsend,Botswana,001-486-638-9332x87747,qwilson@example.com,2022-08-06
87,Isaac,Pierce,Armenia,715-462-3857x20209,meredithavery@example.org,2025-11-17
88,Gregory,Anderson,Saint Kitts and Nevis,573.326.9976,karen26@example.com,2022-11-27
89,Kimberly,Gill,Western Sahara,+1-800-216-1085x050,silvasean@example.com,2021-12-04
90,Miranda,Ellis,Bangladesh,+1-956-853-9972x450,patrickgreg@example.com,2021-01-31
91,Gabriel,Cabrera,Guinea,001-587-429-6415x5843,wilsondorothy@example.org,2023-04-09
92,Keith,Bell,Iceland,(243)222-7178,gonzalezjanet@example.net,2020-10-23
93,John,Ross,Kyrgyz Republic,001-383-822-7676,barbaragreen@example.org,2023-12-26
94,Mary,Sherman,Botswana,989-873-7226x0827,ebaker@example.net,2024-07-09
95,Jennifer,Brown,Chad,+1-203-337-3726x303,ihernandez@example.com,2023-04-07
96,Gregory,Simpson,Albania,269.763.3110,dicksonmaria@example.com,2025-05-13
97,Tammy,Smith,Korea,(449)303-3573x84401,melissa40@example.com,2023-12-18
98,Stephanie,Krause,Vanuatu,001-555-745-0584,kimberly00@example.com,2025-11-17
99,Nicholas,Barrera,United States Virgin Islands,7888062391,cynthia87@example.com,2026-01-29
100,Amanda,Jordan,Yemen,(642)210-9048x5877,bensonjessica@example.com,2023-08-15
101,Ryan,Archer,Algeria,805.500.4102,melissabrewer@example.net,2020-02-11
102,Jermaine,Allen,Tonga,772.715.9536x681,lisahill@example.org,2021-09-22
103,Christopher,Kelly,Mongolia,(965)317-3114,joselee@example.net,2022-05-24
104,Stephanie,Mccoy,Saint Kitts and Nevis,+1-514-991-8541,johnsonashley@example.org,2021-08-21
105,Tamara,Kane,El Salvador,331-486-0722x65791,jason18@example.net,2021-06-24
106,Victor,Gilbert,Bahamas,001-465-660-4472x811,justin73@example.com,2022-04-10
107,Caroline,Peterson,Rwanda,593-751-4006x0989,scott33@example.org,2025-03-21
108,Logan,Miller,Svalbard & Jan Mayen Islands,2486534442,erin89@example.com,2020-04-23
109,Brian,Cortez,Northern Mariana Islands,552.705.7141x218,mirandafrazier@example.com,2021-12-11
110,Joseph,Ballard,United States of America,352-740-1355x202,xmyers@example.net,2021-07-10
111,Linda,Franklin,British Indian Ocean Territory (Chagos Archipelago),001-505-356-5171,nguyenstanley@example.org,2023-02-28
112,Michael,Carroll,Kiribati,001-312-695-7274,ricky46@example.net,2020-10-11
113,Brianna,Farley,Mexico,928.700.8891x551,ulyons@example.net,2021-09-16
114,Mary,Holloway,Uruguay,375-241-2780x96290,johnsoneric@example.org,2024-02-16
115,Jeffrey,Gregory,Angola,654-579-8687x9177,derickson@example.org,2023-07-07
116,Douglas,Bean,Luxembourg,+1-817-909-0105,hgarcia@example.org,2022-06-02
117,William,Garcia,Vanuatu,(957)958-6895,stephanie69@example.org,2025-01-20
118,Scott,Johnson,Syrian Arab Republic,001-317-746-8933,krista22@example.org,2026-01-18
119,Deborah,Liu,Kuwait,797.903.4313x96643,brianmurphy@example.net,2021-06-18
120,Brandon,Reeves,Montenegro,(659)844-5330x255,toddhobbs@example.org,2025-06-26
121,Gregory,Davis,Thailand,2497980977,bassgloria@example.net,2022-08-23
122,Melissa,Walker,Monaco,260.221.7964x6025,torresdaniel@example.net,2022-05-01
123,Laura,Lam,Kenya,001-691-240-0892x980,anthonycraig@example.com,2020-05-08
124,Valerie,Gonzalez,Belgium,4002237588,normanjohn@example.net,2024-03-08
125,Kenneth,Rivera,New Zealand,219-638-8886,warnertiffany@example.org,2021-06-18
126,James,Ward,Mexico,(664)220-3883x574,soliselizabeth@example.net,2021-05-24
127,Kelly,Flynn,Israel,+1-416-806-5296x290,henryprice@example.com,2021-06-10
128,Mark,Silva,Costa Rica,(263)855-9420x082,andrew70@example.org,2022-09-11
129,Charles,Fernandez,Kyrgyz Republic,+1-702-572-8580x9002,mariaolsen@example.net,2024-03-22
130,James,Allen,Mozambique,(304)867-4697x61609,blakechristopher@example.org,2025-04-09
131,Robert,Miller,Spain,+1-999-409-8833x1895,emily40@example.org,2020-01-04
132,Stephen,Cohen,Uganda,001-762-584-3829x25297,joseph59@example.org,2023-03-25
133,Audrey,Black,Tuvalu,(497)225-6795,danielkhan@example.net,2021-01-06
134,Sandra,Nguyen,Liechtenstein,972-919-6147,campbellkristen@example.com,2020-04-08
135,Emily,Whitaker,Svalbard & Jan Mayen Islands,001-725-530-1987x42824,petersonchristopher@example.com,2021-10-23
136,Jeffery,Gonzales,United States of America,272-690-8679,maryprice@example.net,2025-05-11
137,Susan,Torres,Guatemala,550.466.3463,kellyphillips@example.net,2021-12-23
138,Melissa,Williams,Madagascar,+1-216-846-1351x487,galvanpeter@example.net,2020-04-27
139,Glenn,Lopez,Netherlands Antilles,+1-472-825-4220,ryannelson@example.net,2021-11-17
140,Melissa,Tucker,Marshall Islands,(936)703-9559,hmcdonald@example.net,2022-11-25
141,Shelia,Smith,Saint Kitts and Nevis,931.491.1428,michelle25@example.com,2023-09-10
142,Jennifer,Baker,Tokelau,597-769-3257x44318,hebertpatricia@example.net,2024-06-11
143,Ashley,Scott,Fiji,(911)961-0346,tyler81@example.net,2025-11-29
144,Michael,Jones,Qatar,+1-687-912-6252x842,qjordan@example.net,2024-02-26
145,Tyler,Diaz,Cyprus,623-788-8518,robert18@example.com,2022-09-18
146,Tammy,Durham,Chile,(968)427-3106,rthornton@example.net,2026-02-10
147,Michael,Gonzalez,Kiribati,+1-449-383-0106,jeffrey69@example.com,2020-02-25
148,Sean,Carrillo,Svalbard & Jan Mayen Islands,+1-302-956-9426x3020,reillymallory@example.org,2023-09-16
149,Maurice,Brooks,Myanmar,632-873-7969,michael53@example.net,2022-10-23
150,Seth,Wells,Monaco,993-407-6310x773,alejandro73@example.com,2020-12-11
151,Jonathan,Carson,Isle of Man,851.699.0152,johnnunez@example.com,2024-07-14
152,Kimberly,Brown,Turkmenistan,548-848-3929x82038,carloshopkins@example.org,2020-12-08
153,Anthony,Hooper,Togo,001-497-294-5382,espinozarebecca@example.org,2025-01-05
154,Candace,Brown,Croatia,(520)491-6546x89409,jamesdouglas@example.org,2020-12-23
155,Toni,Lynch,Aruba,(423)610-1936,rachelcrane@example.net,2021-05-03
156,Benjamin,Kirby,Cape Verde,(484)680-1502x009,gabrielvillegas@example.com,2024-01-21
157,Samantha,Hall,Ecuador,274.497.9116x649,kristinawong@example.com,2020-12-23
158,Daniel,Hunter,Papua New Guinea,379.292.9298,dpetersen@example.net,2020-08-30
159,Donna,Rodriguez,Kyrgyz Republic,001-733-401-2602x5949,benjamin30@example.net,2024-04-26
160,Matthew,Velez,British Indian Ocean Territory (Chagos Archipelago),+1-670-743-8696,clarkmegan@example.com,2021-10-03
161,Michele,Cameron,Martinique,286-496-0378x796,qmiller@example.com,2024-08-31
162,Carl,Morris,Mongolia,+1-377-705-9901x8715,aingram@example.com,2024-04-12
163,Charles,Blankenship,Greece,001-212-685-1182x8332,audrey25@example.org,2020-01-16
164,Russell,Frazier,Costa Rica,+1-733-506-9305,christopherpowers@example.org,2023-09-18
165,Brandi,Richardson,North Macedonia,971-404-2275x901,mcdonaldmelanie@example.org,2023-07-13
166,Dave,Lozano,Mauritius,316.709.6553x15302,olittle@example.com,2024-11-29
167,Chase,Crane,Guam,(215)408-7930x09171,inguyen@example.net,2020-06-14
168,Jeff,Gay,Finland,(561)389-2063x1380,williamskeith@example.com,2025-01-18
169,Jessica,Wilson,Congo,001-249-545-8276x286,zburton@example.com,2020-03-18
170,Meredith,Willis,Tokelau,586-804-1725,stuartjennifer@example.com,2023-11-07
171,Jonathan,Morgan,Andorra,608.284.0772x8545,wooddawn@example.com,2021-10-08
172,James,Williams,Saint Kitts and Nevis,001-561-560-4343x07054,mariamendez@example.net,2022-08-06
173,Alyssa,Gonzalez,Dominican Republic,934.917.7398x974,rodney74@example.com,2022-04-15
174,Dominique,Rose,Japan,(557)724-3263,kpowell@example.org,2020-03-23
175,Colleen,Miller,Bahrain,356.814.6141,mwilson@example.org,2020-12-31
176,Matthew,Gutierrez,San Marino,(923)570-4595,zrodriguez@example.com,2021-05-28
177,Brandon,Lee,Trinidad and Tobago,001-722-447-1271x134,lisa45@example.net,2025-12-10
178,Teresa,Foster,Singapore,+1-377-363-8010x4497,obaker@example.net,2025-07-25
179,Holly,Best,Seychelles,001-956-288-6849x80881,frankrebecca@example.com,2021-12-27
180,Christine,Leach,Liechtenstein,(380)961-6630x5628,jtorres@example.org,2020-09-30
181,Linda,Davis,Georgia,639-666-1763,aaronharris@example.com,2025-06-25
182,Scott,Grant,Togo,+1-704-695-1803x59165,patrickjones@example.com,2020-10-08
183,Juan,Allen,Tunisia,267-471-9412,winterstravis@example.com,2024-02-20
184,Alicia,Cabrera,Argentina,446.964.8982,tonycameron@example.org,2025-11-09
185,Claudia,Zimmerman,Niger,+1-305-709-8674x3127,barneskristin@example.com,2024-04-06
186,Alison,Evans,Western Sahara,500.618.1806,hernandezelizabeth@example.com,2024-07-01
187,Christina,James,Pakistan,(675)731-5766,michaelfranco@example.org,2024-05-21
188,Eric,Lee,Rwanda,(688)251-5931,sarahvincent@example.com,2026-01-13
189,Zachary,Mcgrath,Senegal,564.964.9094x233,karenparsons@example.com,2025-06-12
190,Billy,Martinez,French Polynesia,+1-377-560-2766x751,edwardjones@example.org,2022-09-28
191,Helen,White,Barbados,+1-895-423-6179x0567,nduncan@example.com,2021-02-13
192,Jessica,Garrison,Costa Rica,682.992.3937,ubrown@example.net,2021-02-05
193,Michael,Carter,Zimbabwe,755.388.9083x6816,ofisher@example.net,2020-04-17
194,Brian,Nelson,Uruguay,388-771-7293x31813,sara02@example.com,2023-04-29
195,Mitchell,Robertson,Monaco,001-417-461-4504,ogriffin@example.org,2024-06-13
196,Cynthia,Fields,Anguilla,(711)603-7476x346,wmcintosh@example.com,2025-06-25
197,Susan,Matthews,Panama,326-284-6484x64791,paul13@example.org,2020-10-03
198,Connie,Huffman,Uganda,952-260-5419,qmorrison@example.org,2020-04-22
199,Megan,Jimenez,Hungary,997.755.4715x4341,palmerandrea@example.net,2022-06-25
200,Samuel,Humphrey,Monaco,(240)615-5191x961,robersonkendra@example.net,2020-12-19
201,Steve,Chandler,Georgia,001-609-470-0281x343,khartman@example.com,2023-12-14
202,Kimberly,Anderson,Samoa,631-823-8249,robert48@example.net,2026-01-06
203,Cindy,Mullen,Palestinian Territory,001-330-960-8011x08537,tortega@example.org,2025-10-20
204,Michael,Wagner,United Kingdom,9234780551,shanebrooks@example.net,2025-01-23
205,Erica,Mccarty,France,(703)542-5751,colemanjudy@example.org,2023-06-18
206,Andrew,Davis,Estonia,(710)924-8983x470,tclark@example.com,2023-12-18
207,Tyler,Tyler,Puerto Rico,(744)744-1607,nicoledixon@example.net,2021-07-23
208,Robert,Jefferson,Macao,+1-419-886-7127x49048,mvargas@example.net,2022-09-24
209,Roy,Johnson,Lesotho,281.971.0277,paul87@example.com,2020-03-23
210,Stephanie,Clark,Timor-Leste,355-840-0650x793,jodi24@example.com,2025-08-10
211,Nicole,Charles,Iraq,+1-783-952-6113x7062,teresa25@example.org,2024-09-26
212,Colleen,Rodriguez,Nicaragua,527.882.7191x30483,jonathon85@example.com,2025-07-19
213,Lauren,Powell,Senegal,+1-893-250-9536x8843,travis62@example.org,2023-02-22
214,Leslie,Christensen,Marshall Islands,205-459-7907x5294,rwhite@example.net,2025-04-03
215,Kerry,Keith,Denmark,510.456.2573x80033,browncarl@example.com,2023-05-20
216,Heather,Parker,Cambodia,(812)294-5165,kfisher@example.org,2025-03-31
217,Donald,Terry,Slovakia (Slovak Republic),+1-950-288-2336x9917,alyssa42@example.org,2025-09-29
218,Taylor,Ellison,Guadeloupe,001-475-669-7688,smithbrianna@example.org,2022-06-30
219,Veronica,Sullivan,Israel,614.212.6437x46494,ethan79@example.com,2022-11-18
220,Lisa,Potts,Angola,948.943.3178,bryanpotter@example.org,2021-10-14
221,Jennifer,Mason,Botswana,815-579-7737x8051,taylorrogers@example.org,2026-02-08
222,Olivia,Wright,Togo,(358)859-7312,kenneth26@example.net,2025-07-07
223,Preston,Mcintyre,Macao,+1-733-360-1618x6891,mendezlee@example.net,2023-02-06
224,Joshua,Long,Swaziland,923.508.1780x757,donaldfrank@example.net,2021-08-04
225,Patrick,Johnson,South Georgia and the South Sandwich Islands,(410)714-4194x730,xarmstrong@example.com,2024-07-02
226,Elizabeth,Chavez,Botswana,(855)540-1125x111,jenniferlester@example.net,2023-04-23
227,Jennifer,Medina,Nicaragua,(448)660-2718x994,kathleenwatts@example.net,2024-12-10
228,Gerald,Cannon,Senegal,+1-749-277-8710,foxhannah@example.com,2023-05-22
229,Joseph,Morris,Angola,001-324-246-3093,chavezphilip@example.net,2025-08-03
230,Charles,Mckinney,United Kingdom,(615)388-7639,aprilwilson@example.net,2023-08-03
231,Robert,Espinoza,Western Sahara,(472)804-1537x590,kristinwatts@example.net,2023-04-08
232,Thomas,King,Korea,446.963.5681x045,shannon94@example.com,2025-11-06
233,Justin,Frey,Indonesia,373.483.2727,qlarson@example.net,2020-05-03
234,Douglas,Mclaughlin,Taiwan,001-533-508-1655x5899,reginaphillips@example.org,2020-05-14
235,Allison,Davies,El Salvador,001-765-335-9762,lmalone@example.org,2021-03-19
236,Jeremy,Coffey,Czech Republic,534.879.3835,crussell@example.net,2023-12-04
237,Gary,Phillips,Isle of Man,001-747-888-8246x979,michael23@example.net,2020-06-01
238,Cody,Todd,Canada,426-672-2084x064,zachary18@example.com,2021-03-04
239,Chloe,Hobbs,Tajikistan,436-990-6842x746,cheyenne11@example.org,2021-06-17
240,James,Dalton,Azerbaijan,001-389-503-4515x74239,stephaniebarker@example.net,2020-03-09
241,Megan,Watson,Moldova,625-491-8002x5190,derek40@example.org,2024-09-18
242,Sarah,Cohen,Germany,(901)983-0858,carlos87@example.net,2022-01-14
243,Emily,Woods,Guinea,+1-638-697-9733,kristabrown@example.net,2022-10-26
244,Danielle,Howard,Saint Pierre and Miquelon,(425)908-2983x6791,william32@example.net,2021-07-25
245,Dale,Short,Mayotte,+1-476-267-8080x4591,powellelizabeth@example.net,2020-06-08
246,Jennifer,Chung,Montserrat,(279)927-7489,christopher91@example.com,2022-09-14
247,Danielle,Decker,Thailand,001-898-540-8432x78617,imartin@example.com,2025-11-15
248,Olivia,Powers,Belize,(297)817-1558x613,zacevedo@example.com,2022-10-14
249,Jennifer,Wright,Russian Federation,001-443-466-5724x880,nelsonbrian@example.org,2021-02-07
250,Cameron,Pope,Saudi Arabia,(764)544-6601,lopezcharles@example.com,2025-01-05
251,Michael,Carson,South Georgia and the South Sandwich Islands,8325629670,brandyalvarado@example.org,2023-03-04
252,Dawn,Martin,Seychelles,(864)856-9130,cdominguez@example.org,2022-11-12
253,Justin,Smith,Timor-Leste,251-319-6690x2919,victoriaboyer@example.org,2021-08-04
254,Tanya,Patel,Norfolk Island,738-281-7078x0335,russomadison@example.org,2023-10-23
255,Pamela,Irwin,Tajikistan,001-580-308-9425,catherine87@example.com,2020-05-24
256,William,Collins,Ecuador,001-274-351-9019x82609,millerrussell@example.org,2023-05-20
257,Emily,Glenn,Montenegro,001-360-499-9581x13429,edwardscameron@example.net,2024-01-03
258,Joseph,Schmidt,Guatemala,001-840-804-0015x48984,carl77@example.com,2023-05-06
259,Paula,Tyler,Colombia,4666135256,alexandertaylor@example.org,2022-11-09
260,Selena,Macias,Trinidad and Tobago,6509676777,charles83@example.net,2025-12-14
261,Logan,Martin,Turks and Caicos Islands,865.270.6985,garcianicole@example.org,2025-04-20
262,Andrew,Lopez,Bahrain,(238)325-5892x8376,peckkevin@example.net,2021-12-02
263,Andrew,Harris,Bahamas,001-901-937-7715x0249,eharrison@example.net,2021-02-13
264,Eric,Page,Uzbekistan,(706)454-4824x49291,marie14@example.com,2024-06-10
265,Steven,Thomas,Trinidad and Tobago,001-699-291-8998,huntchristina@example.org,2020-11-16
266,Nicole,Meza,Antarctica (the territory South of 60 deg S),001-423-349-4787x71884,vanessa41@example.org,2024-12-05
267,Lindsey,Peters,Bermuda,514.222.2331,sanchezgerald@example.org,2024-04-12
268,Melissa,Sanchez,Saint Kitts and Nevis,639-221-0631x57519,oromero@example.com,2020-09-08
269,Leslie,Wiley,Serbia,291.604.3405,lewiskaren@example.org,2024-12-08
270,Sara,Perez,French Guiana,571-711-6110,shirley65@example.net,2026-01-23
271,Sarah,Quinn,Mozambique,001-395-719-0775x71959,pattondavid@example.net,2022-08-08
272,Geoffrey,Carlson,Cocos (Keeling) Islands,8456564963,gouldjohn@example.org,2021-05-27
273,David,Martin,San Marino,343.484.1492x18905,sandersjennifer@example.net,2024-10-29
274,Sean,Hughes,Korea,001-624-786-2188x1018,maurice00@example.com,2020-09-23
275,Donald,Vaughn,Ecuador,+1-959-576-2177x88609,krobinson@example.com,2023-04-06
276,Christopher,Best,Uganda,662.649.4747,oedwards@example.org,2025-11-25
277,Sara,Torres,Puerto Rico,707.246.0491x203,larry15@example.com,2020-06-02
278,Benjamin,Russo,Kenya,(380)320-9242,burgesssandra@example.org,2025-12-22
279,Mandy,George,Rwanda,001-907-607-9935,tanya10@example.org,2023-01-03
280,Elijah,White,Eritrea,001-830-232-2999x97390,ricekatie@example.com,2022-10-21
281,Brooke,Kennedy,Netherlands Antilles,001-794-823-6566x3806,ssmith@example.org,2022-09-24
282,Richard,Cox,Holy See (Vatican City State),951-521-3023x754,angela81@example.org,2022-06-02
283,Stephanie,Mason,Kazakhstan,001-568-510-6344x36525,edgar90@example.com,2022-04-23
284,Shannon,Jacobs,Eritrea,001-617-276-9282x13424,mahoneybrady@example.org,2023-11-02
285,Carmen,Brennan,Iceland,001-885-955-0830x7711,johnlopez@example.org,2024-01-06
286,William,Hall,Falkland Islands (Malvinas),796-962-5932,kimberly10@example.net,2021-07-23
287,Jennifer,Simon,Wallis and Futuna,307.883.9596,robertcallahan@example.net,2024-06-19
288,Dean,Hanson,Ecuador,001-562-685-1255x93269,ucortez@example.net,2024-08-14
289,Stephen,Ward,Saint Barthelemy,+1-962-216-6666x155,marygriffin@example.com,2024-09-10
290,Dustin,Stephens,Armenia,(833)383-1279x21288,shannon17@example.net,2022-11-26
291,Jason,Payne,Denmark,674-900-3865x42486,melissa48@example.net,2026-01-14
292,John,Butler,Burkina Faso,001-599-285-0433x05716,douglasguzman@example.net,2021-03-07
293,Rhonda,Johnson,Faroe Islands,509-506-3686x931,pcase@example.com,2023-09-20
294,Cindy,Tyler,Brunei Darussalam,+1-535-735-4454x66877,fvasquez@example.org,2020-10-21
295,Caleb,Watson,Afghanistan,563.988.9216,mayodebbie@example.org,2021-05-29
296,Rachel,Russell,Mauritius,(834)454-6641,steven11@example.com,2021-10-18
297,Brandi,Newton,Saint Martin,448.703.0074x17004,wriley@example.net,2021-01-10
298,Robert,Johnson,Singapore,806-797-6373x843,carrie74@example.com,2022-09-19
299,John,Carson,Russian Federation,927-649-6293,hollowayjason@example.net,2023-09-23
300,Alejandra,Robinson,United States of America,352-833-1252,birdcharles@example.com,2022-07-09
301,Bruce,King,Mauritius,001-377-251-9346,roweterri@example.com,2024-10-18
302,Adam,Hayes,Montserrat,001-433-359-2936,kyle67@example.net,2023-01-08
303,Timothy,Robinson,Hong Kong,001-554-513-0021x21269,katherine46@example.org,2025-01-18
304,John,Tran,Haiti,967-282-3188x7636,juliebell@example.com,2022-05-20
305,Matthew,Harris,Russian Federation,5213551024,colestephanie@example.com,2022-03-23
306,William,Russell,Myanmar,(503)395-4896x7168,joshuabush@example.org,2023-07-06
307,Lisa,Allen,Cambodia,(417)549-5441,catherineluna@example.org,2020-10-17
308,Russell,Simmons,Maldives,001-596-783-1961x58718,joshuagutierrez@example.net,2022-07-03
309,Valerie,Russell,Ghana,(666)421-5052x429,sabrinadaniel@example.net,2025-08-01
310,Scott,Nolan,Cuba,(682)766-0825x5194,annabarber@example.com,2021-03-21
311,William,Hayes,Faroe Islands,+1-922-914-7386,deckeranthony@example.net,2024-07-30
312,Carol,Colon,Malawi,+1-660-751-6377x13968,hancockapril@example.com,2026-02-18
313,Kenneth,Hobbs,Uruguay,(396)410-4225,michael30@example.com,2023-05-17
314,James,Sanders,Panama,315.280.7570x354,qlynch@example.com,2021-11-09
315,Robert,Fry,Turks and Caicos Islands,(835)803-2767x95935,garciatammy@example.net,2025-12-31
316,Dylan,Dominguez,Ghana,291.624.7123,jenniferlee@example.org,2020-03-07
317,Harold,Cox,Peru,+1-373-882-2984,kimberlylucas@example.com,2023-02-18
318,Michelle,Anderson,Estonia,+1-852-931-4726,brennanlisa@example.org,2022-09-19
319,Jennifer,Johnson,Norway,001-904-936-9841x8269,stephenpowers@example.com,2020-08-05
320,Ryan,Cervantes,Nicaragua,372-291-4344,tyler08@example.net,2021-04-03
321,Alex,Webster,Solomon Islands,424-603-6703x68942,anthony24@example.org,2023-08-09
322,Gregory,Rodriguez,Pitcairn Islands,536.692.2652x781,ayalacynthia@example.org,2025-01-08
323,Brian,Snyder,Northern Mariana Islands,001-243-573-2668,slyons@example.com,2022-08-01
324,Andrew,Richardson,Costa Rica,+1-958-367-3940,kkim@example.net,2020-10-24
325,Thomas,Page,Netherlands Antilles,471-527-7965x288,wrightdanny@example.net,2021-02-26
326,Daniel,Evans,Dominica,739.630.2120x8292,taylor75@example.org,2023-09-10
327,William,Underwood,Greenland,001-410-926-5262x638,kimberlyramos@example.net,2021-12-28
328,Theresa,Thompson,Iceland,+1-999-381-1121x401,cookdawn@example.com,2023-11-15
329,Barbara,Castaneda,Vanuatu,001-337-941-0076x37754,susan27@example.net,2021-04-05
330,Ryan,Obrien,Zimbabwe,398-748-0395,vjimenez@example.net,2025-08-24
331,Christopher,Evans,Venezuela,3106342130,timothy68@example.com,2024-08-30
332,Keith,Rivera,Cambodia,+1-772-217-8057x06290,victoriaparker@example.net,2020-04-01
333,Tina,Gonzalez,Andorra,+1-981-440-2797,sanchezdaniel@example.com,2021-03-07
334,Brian,Wright,Hong Kong,+1-894-895-7032x7931,jesse14@example.org,2021-03-01
335,Martha,Torres,Holy See (Vatican City State),629-563-8243,gilmorejason@example.com,2022-07-08
336,David,Walker,Antigua and Barbuda,001-781-714-8603x09947,brandonguerra@example.com,2021-05-02
337,Denise,Dickson,Cambodia,001-649-693-9584,yperez@example.net,2023-04-03
338,Kristin,Cantrell,Congo,(416)255-2589x25118,danielbrewer@example.org,2022-04-26
339,Emma,Roberson,Maldives,491-448-3792,gutierrezcrystal@example.org,2026-02-12
340,Christopher,Berry,Dominican Republic,279.721.7693x7306,lloydjohnny@example.com,2023-12-02
341,Connor,Silva,Philippines,+1-920-265-9515x8400,gonzalezjesus@example.net,2020-01-16
342,Amy,Mason,France,001-464-831-8875x284,dblanchard@example.net,2021-12-27
343,Matthew,Wright,Cyprus,001-412-499-4174x6298,xirwin@example.net,2024-11-26
344,Ernest,Roberson,Saint Helena,(603)532-1230x35447,bakercaitlin@example.net,2020-11-22
345,Joseph,Hill,Mongolia,001-727-626-7504x89821,kleonard@example.org,2023-09-29
346,Helen,Howard,Trinidad and Tobago,(745)428-5922x2102,heidimedina@example.net,2025-08-27
347,Melanie,Ortiz,Samoa,001-245-668-8139,nicholas88@example.net,2023-11-25
348,Susan,Morgan,Guatemala,463-684-8824,denise65@example.org,2021-09-28
349,Shawna,Anderson,Myanmar,001-893-238-5516,david59@example.net,2025-04-17
350,Grace,Robles,Thailand,473-625-5415x79969,monicarichardson@example.net,2023-09-30
351,Tammy,Madden,Wallis and Futuna,001-225-779-6046x482,ppeters@example.net,2025-08-18
352,Nancy,Deleon,Turks and Caicos Islands,+1-503-726-5251x41628,agarza@example.org,2026-01-13
353,Katrina,Jenkins,Congo,5509880559,williamadams@example.org,2022-09-14
354,Michael,Williams,Chad,6148556850,dianalutz@example.org,2020-11-29
355,Carla,Huff,Tokelau,001-380-924-3046x214,dsullivan@example.com,2026-02-13
356,Pamela,Hickman,Colombia,+1-970-493-2352x96038,yyoung@example.com,2025-11-21
357,Henry,Andrews,Canada,808.821.8327,lindatate@example.org,2024-01-30
358,Bryan,Elliott,Uruguay,945-900-9932x1209,david16@example.com,2022-02-13
359,Emma,Coleman,Cyprus,7532183642,njensen@example.net,2024-03-31
360,Heather,Hammond,Papua New Guinea,917.209.8448,shannon26@example.org,2022-12-20
361,Steven,Cook,Malawi,+1-390-707-2764,gloria26@example.com,2020-12-30
362,Charles,Davis,Jersey,(490)332-5383x0616,erica68@example.net,2022-11-01
363,Patrick,Arias,Montserrat,001-853-696-7149x365,jonesmikayla@example.net,2024-07-02
364,Mark,Joseph,Sweden,(301)861-3985,kimberly70@example.org,2022-01-13
365,Evelyn,Wilcox,Gibraltar,482.393.6960x1490,angelagrimes@example.org,2023-10-18
366,Kelly,Hoffman,Cyprus,(641)419-1992x00116,jamesmichelle@example.net,2020-04-01
367,Lisa,Morrison,Slovakia (Slovak Republic),+1-414-486-3341x7931,michaelfowler@example.com,2025-12-06
368,Robert,Kelly,Argentina,(227)953-6155x749,angelawilson@example.net,2026-02-26
369,Craig,Salas,United States Virgin Islands,4589375261,rebecca50@example.net,2023-06-05
370,Elijah,Hines,French Southern Territories,+1-548-538-6948x36748,pdavis@example.com,2020-04-30
371,Stacey,Brown,Armenia,+1-535-939-8988,sabrina68@example.com,2023-04-20
372,Wendy,Holland,Iraq,316-386-6348,andremunoz@example.com,2021-06-06
373,John,Chandler,Swaziland,001-861-498-6457x57465,hannahdean@example.com,2021-07-26
374,Jeffrey,Diaz,Congo,(935)810-1793x484,valerie25@example.com,2025-01-10
375,Sheila,Williams,Tuvalu,753-642-5698,shepherdjames@example.org,2024-09-04
376,Aaron,Schaefer,Cook Islands,+1-679-251-0266,larryneal@example.org,2020-01-08
377,Deborah,Rowland,Bulgaria,350-545-3139,cunninghamtammy@example.org,2021-09-19
378,Billy,Wright,Solomon Islands,+1-696-485-3729x53127,christopher98@example.net,2022-11-14
379,Glenn,Thomas,Tajikistan,3532258431,justin17@example.com,2021-05-01
380,Kristen,Calderon,Thailand,360.939.6644x16861,brianmcdowell@example.net,2025-08-14
381,Wendy,Campbell,Zimbabwe,6036970755,ltaylor@example.net,2021-04-19
382,Lawrence,Martinez,Kazakhstan,+1-325-924-7003,valvarez@example.org,2025-05-16
383,Daniel,Taylor,Sao Tome and Principe,+1-800-548-5929x35265,amandacampos@example.com,2024-01-15
384,Jessica,Murray,Uganda,+1-521-755-0575,fergusoncaleb@example.org,2020-03-01
385,Timothy,Cook,Israel,+1-569-592-1862,bhensley@example.org,2021-09-19
386,Jacqueline,Gutierrez,North Macedonia,595.583.1652x3375,roy29@example.net,2021-10-29
387,Kim,Smith,Belarus,(615)998-2086x57160,natalie35@example.net,2021-11-25
388,Katherine,Sanchez,Mauritius,001-874-877-5280,ypalmer@example.com,2022-06-10
389,Nicholas,Martin,Haiti,498-587-8539,john03@example.org,2021-10-20
390,Benjamin,Johnson,Jordan,001-878-446-2888,vjackson@example.net,2024-05-28
391,Raymond,Fischer,Norfolk Island,+1-407-379-3014x036,johnmartin@example.org,2020-10-15
392,James,Mason,Belize,981.744.7162,joseph66@example.com,2022-07-28
393,Shirley,Hull,Trinidad and Tobago,(728)896-7495x617,jeffery42@example.org,2020-10-06
394,Ann,Huffman,Albania,(291)680-0271x47468,ureyes@example.com,2022-07-08
395,John,Collins,Tonga,(633)388-2011x9008,mboyle@example.net,2023-03-30
396,Heidi,Guerrero,French Southern Territories,692-625-1066x169,hartrebecca@example.net,2020-11-16
397,Jessica,Herring,Mali,(719)279-0287x2798,megan88@example.com,2023-01-31
398,James,Banks,French Guiana,5015097230,wdominguez@example.net,2023-11-11
399,Tiffany,Mccarthy,United States of America,001-244-519-6111,burgessnicholas@example.org,2023-04-04
400,Crystal,Peterson,Liberia,001-238-857-2137x400,davidduran@example.org,2023-11-26
401,Courtney,Hernandez,Netherlands Antilles,494-929-7395x916,robertmartinez@example.com,2022-12-29
402,Casey,Schmidt,Myanmar,+1-905-668-5608x1817,davidstevens@example.com,2024-08-11
403,Jeffrey,Bowers,Wallis and Futuna,562-587-6737x7122,wandahale@example.net,2025-09-25
404,Madison,Strong,Qatar,990.295.0458,stevenswilliam@example.com,2023-01-18
405,Raymond,Jackson,Guyana,520.913.5138x0003,fgilbert@example.net,2022-05-25
406,Ross,Williams,Tunisia,+1-446-865-5780x053,figueroakenneth@example.net,2023-09-20
407,Nicole,Ross,China,(626)937-9814x5732,esteslaura@example.com,2020-01-26
408,Carla,Brown,Iraq,8698589101,jennifer60@example.org,2021-12-13
409,Elizabeth,Jones,French Polynesia,+1-808-975-0392x919,laura01@example.net,2023-08-21
410,Loretta,Mayer,Croatia,210-807-9991x2874,maria53@example.com,2025-04-20
411,Tina,Reid,Moldova,997-531-6231x8011,smithtravis@example.net,2020-03-08
412,Margaret,Anderson,Uruguay,+1-611-426-1731,chelsea85@example.com,2022-05-17
413,Virginia,Rose,Korea,001-903-389-5510,rodriguezdonna@example.com,2026-01-03
414,Gregory,Chambers,Congo,852.387.4227x427,phowell@example.org,2025-09-04
415,Veronica,Estes,Malawi,(906)838-3974,benjaminterry@example.com,2021-05-19
416,Erica,Marquez,Holy See (Vatican City State),+1-934-845-5800x0717,martinezmichael@example.net,2025-04-24
417,Kevin,Miller,Slovenia,255-288-2490x474,iduncan@example.org,2020-06-04
418,Jennifer,Jimenez,Netherlands,5446064570,ohickman@example.com,2023-02-23
419,Stephanie,Evans,Timor-Leste,788-501-1825x95346,carsonjennifer@example.org,2023-04-09
420,David,Moore,Iran,+1-671-252-3784x9915,sharpedward@example.org,2020-05-15
421,Deanna,Thompson,Wallis and Futuna,001-812-433-0623x9914,moranallen@example.org,2023-03-11
422,Jessica,Lewis,Malaysia,001-602-833-6053x62079,ierickson@example.net,2020-03-17
423,Robert,Hudson,New Caledonia,001-200-833-3250x3723,amberbrown@example.org,2023-03-29
424,Kevin,King,Kuwait,+1-682-265-0968x442,john92@example.com,2022-10-12
425,Sean,Gonzales,Czech Republic,(630)641-0793x9515,dylanpatterson@example.net,2021-03-15
426,Mark,Massey,Mali,001-944-759-4367x72899,smithjorge@example.net,2021-06-30
427,Carla,Hanson,Cyprus,(305)248-7874,gallagherpatricia@example.net,2022-03-01
428,Kimberly,Williams,Chile,(887)466-4699,josephbush@example.net,2023-09-10
429,Nicole,Navarro,Mozambique,225.889.1639,ehernandez@example.com,2023-11-07
430,Melissa,Archer,North Macedonia,(439)805-3579x73235,hortonchristina@example.org,2022-09-25
431,Nicholas,Wood,Saudi Arabia,467.789.3014,jonesbonnie@example.org,2025-04-27
432,Heather,Murphy,Chad,+1-946-679-7368x0592,candace08@example.org,2025-04-29
433,Jennifer,Williamson,Barbados,+1-450-446-8606x28805,martinrobert@example.net,2021-09-25
434,Rachel,Johnson,Bosnia and Herzegovina,001-828-600-5486x901,anthony38@example.com,2022-06-04
435,Cynthia,White,Sri Lanka,001-562-425-0935x0952,laurarobinson@example.net,2024-11-07
436,Jacob,Foster,Cambodia,253-611-3987x307,johnsonmason@example.com,2024-10-27
437,Amanda,Brooks,Bolivia,5712033013,hernandezandrew@example.com,2023-09-10
438,Megan,King,Latvia,001-678-774-9937,brittanycastaneda@example.com,2024-01-19
439,Colin,Newman,Saint Pierre and Miquelon,001-718-508-8727x1279,katherine88@example.com,2020-09-17
440,Angela,Turner,Finland,866.559.9209x082,jacqueline55@example.com,2024-06-14
441,Tanner,Baker,Mexico,571-323-1263x68109,nadams@example.net,2024-10-19
442,Robert,Phillips,Azerbaijan,001-492-556-7500x142,heatherrobinson@example.org,2024-07-12
443,Erica,Moore,Jersey,561-563-1447,joneslauren@example.net,2025-04-28
444,Patrick,Tran,United States Minor Outlying Islands,943-235-4448x279,thorntondeborah@example.org,2025-07-29
445,Katie,Keith,Algeria,265-815-5889,maryking@example.org,2025-09-15
446,Wanda,Nguyen,Guatemala,437-501-6268x588,bakercameron@example.com,2023-08-26
447,Jennifer,Fuller,Ethiopia,(470)881-9255x8663,elizabethrhodes@example.com,2022-05-04
448,Robert,Short,Hungary,001-539-610-9135x1096,matthewgray@example.org,2023-12-01
449,Christopher,Sullivan,Dominica,001-525-571-8068x06825,lcastro@example.org,2025-07-26
450,Ashley,Proctor,Turkmenistan,246.461.5386x300,melindagraham@example.net,2021-07-20
451,Carl,Myers,Denmark,822.955.0480,tyrone18@example.com,2020-04-15
452,April,Taylor,Zambia,+1-582-274-7685x52200,tonyscott@example.com,2020-06-10
453,Angela,Ramirez,Libyan Arab Jamahiriya,+1-794-933-4093x9967,vramos@example.net,2021-07-10
454,Brent,Collins,Cyprus,5492240440,angelawall@example.net,2020-01-05
455,Thomas,Johnson,Cocos (Keeling) Islands,9886730155,billyreed@example.com,2022-01-27
456,Logan,Rhodes,Uganda,787.830.0136x5938,gmoore@example.org,2024-03-10
457,Veronica,Williams,Equatorial Guinea,987-353-1295,gary86@example.org,2021-12-13
458,Sierra,Davis,Spain,998.789.5466,davidwilliams@example.org,2024-05-20
459,Christopher,Walker,United States Virgin Islands,(603)272-4360x3217,amandamartinez@example.net,2022-03-18
460,Amber,Clark,Oman,401.618.7638,belllisa@example.net,2020-12-01
461,Logan,Gordon,Liberia,988-911-0688x1473,schmidtbrian@example.net,2025-11-27
462,Katherine,Velasquez,Grenada,(655)824-2931x82360,howeamber@example.com,2021-02-15
463,Jose,Lee,Slovenia,232-266-3606x163,richard82@example.org,2020-01-23
464,Matthew,Cohen,Cocos (Keeling) Islands,442-548-4759x0096,james08@example.net,2025-06-06
465,Edward,Bernard,Equatorial Guinea,+1-848-749-8410x12764,kimsalazar@example.net,2020-01-07
466,Michael,Humphrey,Svalbard & Jan Mayen Islands,001-421-333-1914x3471,jessicamoore@example.net,2023-04-23
467,Katie,Hernandez,Argentina,(926)961-4686,rivasjessica@example.org,2024-10-02
468,Connie,Myers,Cocos (Keeling) Islands,614.679.1240x0708,marshbrooke@example.com,2025-08-12
469,Michael,Garza,Equatorial Guinea,784-605-9289,logan12@example.net,2022-12-15
470,Shelley,Young,Guinea-Bissau,940-382-7122,carloslamb@example.net,2025-04-09
471,Lori,Clark,Saint Helena,598-602-6159x36158,roberthenderson@example.org,2022-08-22
472,Craig,Martin,Canada,472-278-9113,mary62@example.org,2025-03-04
473,Elizabeth,Wallace,Tajikistan,303-885-8181x37806,owu@example.org,2022-02-17
474,Danielle,Brown,Cape Verde,8166087948,brian20@example.com,2021-06-04
475,Tara,Harris,Australia,725.452.6017x247,roberthouston@example.org,2025-07-15
476,Michael,Lee,Vietnam,238.609.7749x869,harrelljeff@example.net,2024-01-21
477,Brittney,Pace,Korea,281.523.6534,angela37@example.com,2021-02-11
478,Michael,Young,Mongolia,496-403-2071x2333,kdonovan@example.net,2021-08-26
479,Matthew,Thompson,Georgia,001-858-699-7841x733,mallory96@example.org,2023-05-20
480,Douglas,King,Indonesia,8918302944,robert36@example.net,2020-09-15
481,Deanna,Castillo,Timor-Leste,765-279-3826x0251,andreagonzales@example.com,2025-07-21
482,Susan,Lucas,Reunion,831-325-3087x930,mallory61@example.net,2026-02-17
483,Paula,Barnett,New Caledonia,936-450-9954x869,georgesalazar@example.net,2023-02-22
484,Laurie,Christensen,Lebanon,611.695.4920x32320,wstevenson@example.net,2024-01-12
485,Mason,Thomas,Uzbekistan,(523)252-8081x6588,joneslynn@example.net,2021-08-10
486,Amy,Nielsen,Saint Helena,7202355408,tylerenglish@example.net,2024-07-26
487,Melissa,Smith,Christmas Island,4045092762,christopherkelly@example.com,2024-04-13
488,Robert,Hall,San Marino,648.479.3153x9537,tammybrown@example.com,2025-06-08
489,Matthew,Harris,United Kingdom,(747)313-8282x916,andrewponce@example.org,2025-06-21
490,Brianna,Cline,Tuvalu,001-732-365-1025x4784,xjohnson@example.org,2025-04-22
491,Robert,Sparks,United States Virgin Islands,(206)973-4503x705,mlowe@example.com,2023-12-19
492,Tiffany,Dean,Botswana,543.658.7604x87338,katherine51@example.com,2022-12-21
493,Philip,Hill,Bosnia and Herzegovina,001-577-561-2859x9664,dhughes@example.net,2023-10-09
494,Kyle,Hardin,United States of America,302.968.6411,coopervirginia@example.org,2023-05-13
495,Timothy,Beck,Belarus,+1-706-753-6752x6606,andradezachary@example.org,2023-07-04
496,Jorge,Nelson,Samoa,807.810.3429,williamjohnson@example.net,2025-11-17
497,Jamie,Erickson,Cambodia,(454)342-4492x7659,wandadavis@example.com,2023-08-23
498,Jenna,Smith,Fiji,(358)772-4590,russelltiffany@example.net,2024-06-25
499,Thomas,Adams,Jordan,759-944-1871,andersonamy@example.com,2021-09-20
500,Brittany,Avery,Monaco,+1-664-208-4218x1590,jvalencia@example.net,2024-01-10
501,Larry,Mclaughlin,Svalbard & Jan Mayen Islands,941-273-2916x2996,thomas40@example.net,2022-11-24
502,Jonathan,Hall,Iceland,001-551-420-2396x3921,ebaker@example.org,2021-06-03
503,Melissa,Ball,San Marino,001-738-834-8496x7241,stephen37@example.org,2024-01-09
504,Samantha,Cross,Turkmenistan,(777)731-1863x471,anthonyglenn@example.org,2026-02-10
505,Thomas,Luna,French Guiana,3365225515,teresa69@example.net,2020-07-02
506,Thomas,Murphy,Somalia,001-938-729-4152x96910,matthewsstephanie@example.com,2023-05-22
507,Kyle,Nunez,United States Minor Outlying Islands,778-280-8335x453,allenomar@example.net,2024-08-26
508,Rhonda,Phillips,Namibia,+1-771-697-6728,loricarney@example.net,2021-08-29
509,Mark,Mahoney,Comoros,842.308.9189,james56@example.org,2020-04-01
510,Heather,Fowler,Cyprus,8855000134,fullerandrew@example.net,2021-07-08
511,Craig,Wallace,Philippines,+1-312-243-9697,derek99@example.net,2020-11-10
512,Derek,Woods,Antarctica (the territory South of 60 deg S),+1-255-991-0601x328,gmahoney@example.net,2022-01-25
513,Christina,Mcmahon,Antigua and Barbuda,391.852.3392,michaelbrowning@example.com,2022-08-29
514,Kristen,Haynes,Honduras,255-753-2931x3275,deborahlowe@example.com,2024-10-11
515,Carolyn,Rodriguez,Sao Tome and Principe,962.380.9951x88516,timothy09@example.org,2023-08-19
516,Christian,Wang,Taiwan,971.973.1613,rebeccareid@example.org,2023-09-02
517,Heather,Wright,Hong Kong,(218)745-3842,jenniferharris@example.net,2024-06-07
518,Kenneth,Nguyen,Micronesia,+1-706-442-2055x131,beckerdevon@example.com,2021-01-20
519,Michelle,Smith,Kiribati,202.542.4800,rebecca37@example.com,2020-07-12
520,Taylor,Peterson,Zambia,(579)586-9376x227,travisshannon@example.com,2021-05-28
521,Becky,Fowler,Djibouti,(559)438-7962,emily25@example.net,2024-05-10
522,Joseph,Rose,El Salvador,001-847-397-2743x6631,mmiller@example.org,2022-12-26
523,Kevin,Ritter,Palau,001-661-982-1820x2025,rowlandgarrett@example.com,2025-02-23
524,James,Aguirre,Montserrat,001-989-590-3226,ambersimpson@example.org,2024-02-14
525,Todd,Reynolds,Uruguay,+1-471-830-8574,hobernard@example.com,2025-11-14
526,Jasmine,Sanchez,Germany,(730)957-1352x693,zknapp@example.org,2020-12-31
527,Karen,Campbell,Finland,+1-589-979-7747x0854,wendymarshall@example.org,2026-01-02
528,Joanne,Conway,Cook Islands,696-803-0543x705,kerry64@example.net,2021-11-21
529,John,Schmidt,Ukraine,+1-861-975-9790,mcleanjason@example.net,2025-05-23
530,Allison,Hull,British Indian Ocean Territory (Chagos Archipelago),+1-818-446-4906,muellerleslie@example.org,2022-06-08
531,Travis,Koch,Greenland,815.339.7080x442,david58@example.net,2021-06-07
532,Heather,Marquez,Pitcairn Islands,304.365.5008x86912,victoriaduke@example.org,2021-12-22
533,Brady,Clark,Peru,001-873-257-0509,bradley05@example.org,2022-02-27
534,Edward,Lewis,Cuba,+1-715-702-6869x7447,dwhite@example.org,2023-10-08
535,Teresa,Lee,United States Minor Outlying Islands,768.440.9261x0368,martinallison@example.org,2022-09-18
536,Bradley,King,United Arab Emirates,846.804.0018,tony67@example.org,2023-03-31
537,Ashley,Gill,Argentina,492.679.8898x48718,vaughnrachel@example.org,2024-03-22
538,Jerome,Lee,Armenia,(310)512-8050,aaron47@example.net,2024-11-30
539,John,Lutz,Faroe Islands,(622)471-1141x782,chandlercrystal@example.net,2025-07-06
540,Michael,Nichols,Bhutan,631-867-2808x8153,hopkinsjose@example.net,2020-06-22
541,Reginald,Roberts,Denmark,788.671.7442x8665,theresaowens@example.org,2022-08-25
542,Katie,Henry,Cote d'Ivoire,+1-929-836-1621x51741,holly20@example.com,2020-01-12
543,Alexa,Morrison,Cook Islands,+1-671-563-6929,hayesbrittany@example.net,2024-05-01
544,Anna,Bender,Paraguay,001-754-485-6796x3150,johnstewart@example.net,2025-11-13
545,Grant,Zimmerman,Belgium,+1-961-651-7806x41352,laura39@example.net,2025-01-28
546,Christopher,Davis,Holy See (Vatican City State),(848)292-4796x232,yodersharon@example.com,2020-02-21
547,Melissa,Branch,Mongolia,001-482-694-9272x069,smithlindsey@example.net,2023-04-28
548,Brenda,Coleman,Saint Barthelemy,001-316-838-9228,lmoore@example.net,2022-02-16
549,David,Krueger,Liechtenstein,369.702.1807,brenda28@example.com,2021-01-22
550,Emily,Chambers,Grenada,(628)243-7704x524,williamserica@example.com,2024-05-13
551,Holly,Doyle,Tuvalu,3713496170,ryan28@example.org,2024-05-24
552,Shawn,Higgins,Rwanda,(784)205-3147x308,steeleelizabeth@example.org,2026-02-12
553,Nichole,Ryan,Qatar,(767)408-8285x2511,juliaoliver@example.net,2025-07-31
554,Robert,Horton,Portugal,885-439-5730,nbennett@example.org,2025-07-09
555,Joe,Thompson,Lithuania,(444)254-9933,tamara19@example.org,2025-12-14
556,Kevin,Callahan,Netherlands,917.771.8972x314,zachary60@example.com,2026-03-01
557,Melissa,Allen,Niger,688-450-2760x6636,omorrison@example.org,2022-07-11
558,Stephanie,Mason,Bermuda,552.453.5832,kellyorr@example.com,2021-07-19
559,Tony,Black,Saint Barthelemy,+1-578-939-8088x3787,ufisher@example.org,2022-09-09
560,Brent,Mercer,United Kingdom,(293)267-0979x025,miguelburns@example.org,2025-06-06
561,Jesse,Stewart,Bahrain,(862)322-9957x78824,johnsondiana@example.org,2025-06-20
562,Rebecca,Richardson,South Africa,2467880566,brandy82@example.org,2020-03-21
563,Kyle,Perkins,Burundi,+1-613-721-5079,matthew38@example.com,2020-05-13
564,Tony,Jackson,United States of America,549.801.9203x8880,hernandezjustin@example.com,2025-08-09
565,Christopher,Owen,Kiribati,429-952-9480x0559,carolyn73@example.com,2022-05-30
566,Alyssa,Cordova,Luxembourg,+1-884-900-3498x253,glen42@example.net,2020-11-16
567,Jonathan,Hansen,Togo,555-432-6926,egill@example.com,2022-02-23
568,Chelsea,Collins,Peru,781.820.9325,qstevens@example.org,2020-07-30
569,Heidi,Lang,Myanmar,001-611-291-6327x3466,vscott@example.com,2024-10-16
570,Angela,Fisher,American Samoa,243.562.8847x920,brookemorales@example.net,2024-04-22
571,Austin,Ellis,Palau,(971)491-1542,donnadennis@example.net,2025-09-05
572,Jesse,Duncan,United Kingdom,991-576-7718,mcdowellthomas@example.com,2025-12-11
573,Joseph,Taylor,Moldova,732-784-1210x492,jenkinsmichael@example.net,2024-08-19
574,Bianca,Stanton,Honduras,001-530-416-3856x810,xhinton@example.com,2020-11-04
575,Carlos,Collins,Oman,341.221.0005x921,durhamdaniel@example.net,2025-10-27
576,Abigail,Kelley,Bhutan,(699)578-0306x0203,astewart@example.com,2023-03-20
577,Natalie,Powell,American Samoa,001-893-969-7746x15412,john46@example.net,2022-11-16
578,Alexander,Wang,Western Sahara,001-523-333-0064,charper@example.org,2022-05-06
579,Lauren,Ramirez,South Georgia and the South Sandwich Islands,001-326-598-9703x5502,polson@example.org,2021-04-12
580,Kiara,Rollins,Wallis and Futuna,8989578470,omurphy@example.com,2020-06-21
581,Donald,Carlson,Taiwan,(767)532-8043,kyle09@example.net,2024-09-18
582,John,Herman,Niue,(823)707-8359x1449,zachary80@example.org,2023-08-02
583,Elizabeth,Lawrence,Liberia,9009911415,fletchertimothy@example.net,2022-05-28
584,Margaret,Mathews,Austria,535-950-0522,oflores@example.org,2022-07-18
585,Jennifer,Diaz,Comoros,(984)250-4512x523,michaelklein@example.net,2023-01-28
586,Bonnie,Jordan,Rwanda,(997)488-3556x3007,potterbrittney@example.com,2022-03-05
587,Connor,Gallegos,Malta,+1-535-939-1312x84439,patriciacastro@example.org,2025-06-13
588,Todd,Wang,Vietnam,883.667.0449x650,albertwalker@example.com,2022-09-27
589,Larry,Estrada,Ireland,604-370-0234x40620,jasonwolf@example.net,2021-04-21
590,Jason,Russell,Vietnam,+1-995-909-3809,carrollerica@example.org,2020-06-01
591,Johnny,Murphy,Malawi,8286751443,kpalmer@example.com,2020-01-16
592,Gina,Scott,Djibouti,387-284-6646x3983,schultzpatricia@example.net,2022-09-12
593,William,Wilson,New Caledonia,(878)812-1724x121,whitedaniel@example.com,2022-11-29
594,Christopher,Morgan,Jamaica,429-474-6427,mendozacharles@example.net,2020-01-26
595,Charles,Murphy,Italy,+1-383-513-6919x182,yvonnejackson@example.com,2025-01-06
596,Stephen,Collins,Belgium,+1-327-478-3762x45364,alejandrohorton@example.net,2020-02-20
597,Rebecca,Stone,Ukraine,001-546-459-7341x0146,silvajohn@example.com,2025-01-13
598,Matthew,George,Korea,(851)867-2230x722,vshields@example.org,2020-09-30
599,Michael,Flores,Guernsey,958-588-1239x478,danaedwards@example.net,2023-02-10
600,Robert,Alvarado,Mexico,+1-502-756-1510x9476,tracybaker@example.net,2024-09-25
601,Wanda,Gonzalez,Greece,+1-471-613-6257,hsalazar@example.net,2025-02-26
602,Corey,Brown,Thailand,854.648.6872,mharris@example.net,2023-07-13
603,Jenna,Palmer,Cuba,(897)482-1640,kscott@example.org,2024-09-04
604,Rebecca,Reed,Saint Lucia,(822)369-6857x2790,annsantos@example.net,2023-05-17
605,Derek,Kelly,Nepal,861.901.2778x57194,gonzalezalan@example.net,2025-04-04
606,Corey,Brown,Senegal,001-200-203-4848,tyroneenglish@example.net,2025-12-18
607,Sandra,Pham,Guadeloupe,(520)668-9186,roberta14@example.org,2024-05-13
608,Christopher,Walsh,Latvia,997.976.9340x301,jacob78@example.com,2024-02-01
609,Sheena,Roberts,Indonesia,+1-264-810-2882,taylorgill@example.org,2023-08-20
610,Karen,Alexander,Kuwait,720-620-7100,maldonadochristopher@example.net,2026-01-08
611,Tammy,Watson,Saint Vincent and the Grenadines,408.946.9766x151,james92@example.net,2021-07-13
612,Erica,Page,British Indian Ocean Territory (Chagos Archipelago),001-201-677-0644x094,brianle@example.com,2020-01-13
613,Alan,Stokes,Monaco,942-216-1434x487,bhawkins@example.net,2024-01-14
614,David,Robinson,Mali,+1-935-587-4714x168,jenna43@example.com,2023-02-26
615,Joseph,Ferguson,Puerto Rico,4993499940,smithlori@example.com,2024-05-05
616,Andrew,Black,Puerto Rico,280.526.0109x1822,joshuadaniels@example.net,2023-07-24
617,Denise,Lewis,Micronesia,+1-417-862-2525x953,ywarner@example.com,2023-11-30
618,Michelle,Richmond,Sao Tome and Principe,+1-233-588-1269x8001,michael37@example.org,2021-02-04
619,Darlene,Wright,Canada,+1-370-252-5119x7395,tanya95@example.org,2023-05-14
620,Daniel,Cook,Albania,9424019301,robertlittle@example.com,2024-04-30
621,Angela,Henderson,Korea,385-591-7354x340,aliciacampbell@example.net,2021-07-31
622,Jody,Hall,Benin,565.966.5600,flynnryan@example.com,2022-10-06
623,Joshua,Collins,Saint Martin,(704)524-9206x8017,rodriguezjustin@example.net,2025-08-21
624,Michael,Jimenez,Lesotho,7715125842,victoriagraham@example.org,2022-10-24
625,Robert,Combs,Gibraltar,763.683.0439,garciarobin@example.com,2021-10-02
626,Anthony,Marsh,Saint Barthelemy,001-655-935-4229x23413,waderachael@example.com,2020-02-05
627,Monica,Mays,Albania,+1-706-255-3568x021,erichuber@example.net,2022-01-15
628,Andrew,Simmons,Antarctica (the territory South of 60 deg S),001-352-470-2940,zachary57@example.org,2021-07-09
629,Kenneth,Little,Czech Republic,(365)674-7907,bill67@example.com,2026-02-20
630,Michelle,Hughes,Iran,+1-450-428-0153,fclayton@example.net,2026-02-22
631,Brian,Martin,Mauritania,(737)272-2456x0671,ashleyharmon@example.com,2024-06-25
632,Barbara,Castillo,Niger,+1-349-906-8456x20338,jacqueline64@example.com,2023-01-15
633,Rhonda,Hawkins,Syrian Arab Republic,(475)384-3817x0617,joseph83@example.org,2026-02-22
634,Laura,Campbell,Kiribati,001-839-921-7628x544,robertsonmichael@example.com,2021-08-02
635,Michael,Boyd,Senegal,001-646-857-5850x3327,justinkeller@example.com,2023-02-17
636,Margaret,Hopkins,Chad,+1-882-317-2458x761,cbass@example.org,2025-08-01
637,Barbara,Webb,Germany,(559)639-2193,timothydean@example.org,2020-02-29
638,Carrie,Black,Lithuania,535-385-2757,crobertson@example.net,2020-09-02
639,Timothy,Rojas,Dominican Republic,(657)993-6719x26516,hendersonronald@example.net,2024-06-08
640,Jasmin,Reed,Singapore,+1-956-548-0342,sherylfrank@example.com,2025-11-19
641,Rachel,Sharp,New Caledonia,(902)825-8132,adamphelps@example.com,2021-03-08
642,Sheri,Watson,Greenland,001-920-653-0861x12132,lfields@example.com,2022-12-23
643,Alexandria,Ballard,Dominica,001-397-291-1083x86323,susan18@example.com,2024-12-14
644,Daniel,Vargas,Uzbekistan,213-531-1919x7585,garciakristen@example.org,2020-10-28
645,Justin,Gallegos,North Macedonia,(894)271-5715x4870,yking@example.org,2023-05-09
646,Tamara,Patrick,Latvia,001-730-392-7174x180,adamslindsey@example.net,2023-11-28
647,William,Knight,Bhutan,(591)565-7518,zleach@example.net,2025-04-27
648,Travis,Ramos,Venezuela,973-440-0924,chensamantha@example.org,2023-09-07
649,Linda,Price,Jamaica,(631)877-8462x1859,jeff41@example.com,2021-02-09
650,Mark,Miller,Poland,+1-812-471-7120x1965,kristen08@example.org,2020-06-29
651,Andrea,Humphrey,Timor-Leste,+1-706-738-6602,chadporter@example.com,2022-06-04
652,Hannah,Baker,Liechtenstein,628-432-8374x9494,matthew77@example.net,2020-03-20
653,Shannon,Williams,Germany,(303)860-8068x92200,icook@example.com,2022-11-13
654,Laura,Wise,French Polynesia,560.270.7624,evelyn81@example.net,2024-07-18
655,Courtney,Baker,South Georgia and the South Sandwich Islands,238-495-8602,paul36@example.net,2020-10-15
656,Jennifer,Gomez,Myanmar,+1-843-778-0269x4479,dbaker@example.com,2024-10-16
657,Kelsey,Murphy,El Salvador,5187588151,fmcgee@example.net,2020-02-11
658,Deborah,Pratt,Cayman Islands,001-212-377-4711,anthonyrichardson@example.org,2022-07-08
659,Cory,Jackson,Saudi Arabia,443-303-7272x750,reneeclarke@example.org,2020-04-23
660,Valerie,Williams,Lao People's Democratic Republic,+1-930-945-3038x285,christopher30@example.com,2021-08-07
661,Kathryn,Byrd,Indonesia,388-875-6427,hannasusan@example.com,2021-11-26
662,Zachary,Mccann,American Samoa,387-627-6322x32511,smyers@example.net,2024-04-21
663,Kimberly,Sullivan,Chile,(790)525-2360x45439,urodriguez@example.com,2023-08-27
664,Tamara,Boyd,Armenia,+1-664-569-6534x299,tinarivera@example.com,2020-07-08
665,Robert,Payne,Suriname,(829)441-0855,john15@example.net,2024-11-25
666,Elizabeth,Whitaker,Liechtenstein,284.253.7321x833,stevencooper@example.com,2024-04-01
667,John,Houston,Swaziland,277.702.4074,matthew39@example.com,2024-12-08
668,Chloe,Reynolds,Tokelau,751.495.6800x20444,rebecca53@example.com,2024-12-03
669,Connie,Foster,Gibraltar,8707457257,rachelprice@example.com,2024-12-18
670,Daniel,Oliver,Guyana,671-992-0949x13255,christopher05@example.com,2020-07-19
671,Julie,Armstrong,Luxembourg,(299)646-0009,mcclainjeffrey@example.org,2023-03-13
672,David,Woodard,Colombia,(724)763-4674x2142,bartlettjames@example.com,2026-02-12
673,William,Morrison,Palestinian Territory,702.977.3882x81291,andersonjoseph@example.net,2021-11-02
674,Jennifer,Harris,Christmas Island,498-742-0721,jmartinez@example.org,2022-01-01
675,Bethany,Hancock,British Virgin Islands,322-200-0319x398,lisa34@example.com,2023-10-04
676,Kenneth,Davenport,British Virgin Islands,774-223-0574x9786,robinsonkimberly@example.org,2022-04-07
677,Alexandria,Parker,Nepal,933.221.1829,mosleylinda@example.org,2024-08-21
678,Brooke,Lozano,Sao Tome and Principe,641.469.3817,ojohns@example.com,2024-09-27
679,Tammy,Lane,Turks and Caicos Islands,(534)302-3675,rick53@example.net,2023-06-09
680,Kevin,Gutierrez,Denmark,(265)207-1642x577,hernandezdeanna@example.net,2020-07-14
681,Brian,Parsons,Poland,(893)499-5378x81108,freid@example.com,2021-02-05
682,Benjamin,Russell,Nauru,769-861-0539,amyrobbins@example.net,2023-03-09
683,Andrew,Harvey,Timor-Leste,916-356-0525x162,donaldcortez@example.org,2022-04-13
684,Elizabeth,Hawkins,Cook Islands,001-820-695-2401,melissa35@example.org,2024-09-16
685,Linda,Griffith,Western Sahara,(765)581-5072x793,ncohen@example.net,2021-08-26
686,Donna,Moore,Guinea,001-926-322-2494,wrogers@example.com,2025-08-07
687,Vanessa,Jensen,Saint Pierre and Miquelon,(260)235-3851x65999,kurtmiller@example.org,2025-03-01
688,Stephanie,Liu,Mongolia,371-789-0154x4248,mark59@example.org,2024-10-20
689,Rachel,Small,Congo,440.285.0756x95850,april26@example.com,2024-11-20
690,Rachel,Gilmore,Colombia,568-242-6409,joseph66@example.com,2020-05-09
691,Julie,Young,Japan,(427)653-3975x19476,stevenanthony@example.com,2025-12-29
692,Catherine,Lopez,Ireland,001-253-595-4253x034,robertsonrebecca@example.org,2023-05-22
693,Shane,Ortiz,Wallis and Futuna,001-309-757-3031x73872,melissa54@example.net,2023-02-20
694,Stacey,Harris,United Kingdom,+1-589-934-2233,robert71@example.com,2024-03-14
695,Bailey,Wood,Chad,757.694.9447,brenda94@example.net,2021-08-23
696,Joseph,Romero,Korea,001-461-501-1236x036,rdavid@example.com,2023-01-13
697,Daniel,Carlson,United States Minor Outlying Islands,682-514-8519x611,bishopdaniel@example.org,2023-02-24
698,Cheyenne,Brown,Angola,500.299.2036x506,angelaharding@example.com,2020-02-09
699,John,Goodman,Canada,455-427-5479x7591,qsandoval@example.org,2025-09-03
700,Joyce,Thompson,Antigua and Barbuda,283-816-9640,margaretvaldez@example.net,2026-01-15
701,Scott,Pugh,Jordan,001-710-244-0859x93995,alexshelton@example.net,2022-06-22
702,Michael,Tate,Netherlands Antilles,378.788.9054,kingemma@example.org,2024-07-01
703,Matthew,Wade,Kiribati,(636)650-1289,jcortez@example.net,2020-02-24
704,Kelly,Steele,Bulgaria,001-979-388-6551x4987,jim03@example.net,2023-02-07
705,Charles,Gonzalez,Benin,(341)526-7730,clarkmatthew@example.org,2023-11-19
706,David,Morrison,Libyan Arab Jamahiriya,+1-713-252-8412x806,tiffanymiller@example.net,2020-10-07
707,Melissa,Young,Myanmar,715-426-7486x903,wserrano@example.net,2021-03-24
708,Michael,Simmons,Greenland,488-689-0261x27721,brenda81@example.org,2023-03-29
709,Joshua,Rodriguez,Gambia,+1-814-300-6764x252,amberweaver@example.net,2020-05-13
710,Crystal,Douglas,Cameroon,(519)787-1782x392,mary31@example.net,2021-04-23
711,John,Johnson,Namibia,553.213.6200x66571,burnschris@example.org,2025-06-07
712,Michelle,Oconnor,Niger,809.430.5896x95348,brandonmurphy@example.net,2024-06-10
713,Sandra,Freeman,Montenegro,509.561.2570,ryan55@example.net,2022-03-17
714,Douglas,Rice,Saint Martin,608-881-3759x9785,munozmason@example.com,2025-12-05
715,Harry,Foley,Taiwan,285-284-8757x592,samanthawalsh@example.com,2021-02-17
716,Linda,Wilson,Ukraine,001-502-644-7962x13313,jacknguyen@example.net,2022-07-08
717,Madeline,Chang,Greece,4015398354,alvarezpaul@example.net,2022-04-03
718,Anthony,Shaw,United Arab Emirates,401.784.9858x6355,leehector@example.net,2021-06-16
719,Ronnie,Berry,Heard Island and McDonald Islands,481.217.1221x8513,samuelmiller@example.net,2022-03-25
720,Sarah,Jacobs,San Marino,470-444-8798x37125,lewisrobert@example.org,2025-01-10
721,William,Brown,United States of America,974-744-5141,sarah40@example.net,2026-02-09
722,Crystal,Farley,Sao Tome and Principe,001-360-919-0551x803,bridget90@example.org,2024-01-16
723,Joyce,Collier,Israel,001-974-972-5604x52622,tammy39@example.net,2025-04-17
724,Jay,Lloyd,Uzbekistan,(375)791-5958x327,jenniferpeters@example.net,2022-10-15
725,James,Pearson,Guinea,465.927.7170x6670,hector35@example.org,2023-12-31
726,Larry,Moody,Namibia,(863)765-6854,ernestlester@example.net,2025-03-03
727,Richard,Kelly,Bahrain,001-442-745-5938x0810,dereksoto@example.com,2021-08-17
728,Tanya,Gray,Netherlands,328-473-4741,jenniferclayton@example.org,2022-07-23
729,Matthew,Miller,Colombia,547-926-4267x6073,qnavarro@example.com,2025-10-14
730,Jeffrey,Garcia,Congo,517.837.8863x91985,katherineali@example.com,2024-12-27
731,Sandra,Stephens,Montenegro,9902260204,martinezkevin@example.org,2023-04-11
732,Sharon,Franco,Belize,356.412.1507x5822,ochoamichael@example.net,2023-04-23
733,Heather,Wood,Jersey,807-639-2149x07306,hollowaylee@example.org,2025-02-22
734,Wendy,Weaver,Bouvet Island (Bouvetoya),397-955-0748x61476,coxrobin@example.org,2022-08-25
735,David,Cooley,New Caledonia,(654)903-3073x1286,edwardsyolanda@example.net,2020-10-04
736,Patrick,Buck,Puerto Rico,001-387-787-1105x7810,robertgreen@example.net,2024-11-09
737,Stephanie,Thompson,Hungary,2826730768,clinton99@example.net,2022-12-14
738,Sharon,Riddle,French Southern Territories,+1-469-359-6383x440,gary81@example.org,2021-05-29
739,Sarah,Morgan,French Polynesia,745.586.1785x963,whitetina@example.com,2024-01-15
740,Amy,Garcia,Benin,360.702.3769,johnsonsusan@example.org,2021-11-13
741,Daniel,Cook,Macao,+1-834-538-1245,alexanderstark@example.net,2023-11-08
742,Cynthia,Johnson,Comoros,590.684.8954,birdnancy@example.net,2022-09-29
743,Laura,Branch,Uruguay,(495)746-6344x747,adam82@example.org,2024-07-03
744,Scott,Lyons,Tokelau,772.344.0051,jeremyfitzpatrick@example.net,2025-06-30
745,Scott,Wheeler,Haiti,001-685-761-2161x16432,wongleah@example.com,2020-10-29
746,Theodore,Stevens,Vietnam,749.456.6868,stephenzhang@example.org,2022-01-05
747,Donald,Wilson,Nicaragua,870-549-0795x98862,juancarter@example.org,2020-12-08
748,Michele,Mcdonald,Macao,001-446-484-3700x94804,dayarthur@example.com,2020-05-28
749,Michael,Moore,Iceland,(716)976-7984x97308,ernestdaniels@example.com,2020-08-12
750,Danny,Williams,Monaco,(727)779-7741x490,woodstacie@example.com,2023-06-05
751,Marilyn,Anderson,Sri Lanka,(286)426-6827x021,vstout@example.com,2023-09-09
752,Joseph,Stevenson,United Kingdom,(488)987-6374x851,arnoldmandy@example.net,2023-08-21
753,Scott,Lawrence,Guatemala,271.289.5875,qluna@example.com,2024-02-12
754,Christina,Johnson,Kazakhstan,+1-887-718-9880x1168,vpearson@example.net,2023-01-06
755,Jennifer,Nelson,Latvia,001-266-981-4686x942,jill16@example.com,2020-05-08
756,Robin,Peterson,Uruguay,(548)583-2371x715,morganwilliam@example.org,2021-10-04
757,Jonathan,Cervantes,Saint Helena,(991)667-7421,lharper@example.com,2026-02-25
758,David,Schwartz,Anguilla,(203)730-1287x546,medinatiffany@example.com,2025-12-27
759,Rachel,Fisher,Iraq,+1-480-469-0426x87648,adamferrell@example.com,2023-09-04
760,Shari,Tucker,Jersey,+1-675-833-7711x080,nicolethomas@example.org,2021-07-14
761,Kimberly,Cole,Poland,697-471-7299x387,christopher76@example.net,2020-08-07
762,Todd,Kirk,Latvia,302-872-8562x6291,jacksonjoseph@example.net,2024-09-09
763,Stacy,Davies,American Samoa,001-695-337-8850x07010,davidrice@example.org,2024-07-16
764,Austin,Jacobs,United States of America,674.314.6803,kaylalindsey@example.net,2025-08-07
765,Cameron,Holder,Pakistan,9445014915,wlee@example.net,2025-05-12
766,Ellen,Ferguson,Croatia,214.464.2556x40303,mark45@example.com,2025-09-12
767,Donna,Austin,Congo,714-494-1950x621,qavila@example.com,2022-06-06
768,Samantha,Clark,New Zealand,001-340-452-6108,comptondenise@example.org,2023-01-26
769,Dorothy,Wolfe,Chile,348.227.7218,nancyjohnson@example.net,2022-03-09
770,Kenneth,Long,Gibraltar,001-329-793-0998,rdodson@example.net,2024-12-21
771,Kimberly,Johnson,Afghanistan,813-746-4803x82979,wsingleton@example.net,2024-07-05
772,Gregory,Robbins,Ethiopia,456-717-9451x1640,chernandez@example.com,2023-06-14
773,Kevin,Wilson,Niue,7973776229,guerrerojoseph@example.net,2021-08-02
774,Zachary,Hopkins,Zambia,5015878571,aaronnguyen@example.net,2023-11-17
775,Michael,Reynolds,Sao Tome and Principe,504.956.7417x090,lwilliams@example.org,2021-02-10
776,Barbara,Silva,Portugal,4867494842,harrisonjames@example.net,2021-04-15
777,Nicole,Greene,Oman,(933)405-9083x255,keaton@example.net,2021-12-11
778,Catherine,Ortiz,Indonesia,2796139963,williamssandra@example.net,2024-04-29
779,Alexander,Lawrence,Pakistan,891.921.8004,cheryl91@example.net,2021-10-22
780,Michael,Porter,Liberia,001-628-700-4968x3420,khicks@example.net,2020-05-29
781,Mark,Jackson,Jamaica,+1-796-886-7098,daniellemontgomery@example.net,2023-11-28
782,Amanda,Miller,Falkland Islands (Malvinas),392-289-2899,perkinscarrie@example.com,2025-05-25
783,Alan,Stephens,Swaziland,(787)409-0819,kyle10@example.com,2022-02-14
784,Kristine,Ray,Gibraltar,+1-246-524-5095,michael48@example.net,2022-11-08
785,Mary,Wood,Puerto Rico,602-256-9298,ismith@example.net,2022-07-13
786,Robin,Juarez,Bahamas,001-458-915-9601x63664,samanthaspence@example.com,2023-08-17
787,Martin,Cook,Fiji,782.590.8692x5408,bryantsara@example.com,2021-07-30
788,Victoria,Davis,Lao People's Democratic Republic,717-326-2074x0390,ricky70@example.net,2024-08-30
789,Denise,Hart,Peru,727.793.8179,rcurry@example.org,2022-03-26
790,Alexander,Moore,Haiti,(749)795-4623,operez@example.net,2026-01-01
791,Kathryn,Santiago,Switzerland,001-669-744-5668x6831,rvalenzuela@example.org,2020-07-17
792,Michael,Jackson,Philippines,001-962-661-6470x2367,dgraham@example.net,2021-03-14
793,Travis,Caldwell,Greenland,5478443979,smithrachel@example.net,2023-06-12
794,Corey,Young,Cote d'Ivoire,309.377.4633x319,campbelltyrone@example.com,2020-03-25
795,Renee,Williams,San Marino,(684)874-2048x2727,mark37@example.net,2024-07-06
796,Paul,Patterson,Paraguay,955.716.7825x683,lee74@example.org,2020-05-21
797,Paula,Mcneil,Slovenia,812.385.3654x805,maurice13@example.net,2023-02-04
798,Erica,Case,Australia,(466)357-0949x0004,hvaughan@example.org,2024-12-13
799,Tammie,Smith,United States of America,671.641.2035,sanchezjonathan@example.com,2020-11-24
800,Katrina,Guerrero,Malta,(214)571-7701,bailey84@example.net,2023-12-20
801,Brian,Carson,Saint Barthelemy,713-356-8654x86163,swallace@example.com,2020-09-05
802,Tanya,Duran,Monaco,(934)596-6596x73784,christopherhull@example.net,2023-09-15
803,William,Greer,Antigua and Barbuda,432-869-8004,tammychristian@example.org,2021-08-30
804,April,Diaz,Christmas Island,435.428.8207x603,qprince@example.org,2022-12-17
805,Carol,Massey,Gibraltar,443-637-9251,wrightstephanie@example.org,2023-10-01
806,Daniel,Costa,Uruguay,+1-348-797-9965,heidi96@example.com,2023-04-10
807,Shane,Garcia,Djibouti,(227)658-5975x30626,martinezleslie@example.org,2025-09-17
808,Louis,Smith,Taiwan,001-905-732-7838,charles41@example.com,2020-01-18
809,Brian,Young,Poland,(233)833-1702x960,nwilson@example.net,2020-10-11
810,Jesus,Lee,Croatia,628.512.4267,loweharold@example.net,2021-05-27
811,Bruce,Doyle,Finland,001-399-414-3190x77818,butlerstephen@example.net,2021-04-30
812,Breanna,Cannon,Macao,7957826090,ascott@example.org,2020-12-28
813,Jesse,Harris,Morocco,001-657-913-2104x24598,reginald75@example.org,2021-10-28
814,Angelica,Beck,Switzerland,001-749-764-2511,bennettdavid@example.com,2020-10-16
815,Brian,Maldonado,Somalia,001-676-436-2328,cunninghammichael@example.org,2022-10-04
816,Troy,Dyer,Tokelau,940-817-9403,penasean@example.org,2021-01-25
817,Robin,Rogers,Moldova,(824)241-6578x8121,mathew30@example.org,2020-05-05
818,Randall,Todd,Burkina Faso,+1-271-804-5973x04910,christopher47@example.net,2020-03-22
819,Jessica,Riley,Jordan,+1-979-250-5962x9697,mollymartin@example.org,2023-03-31
820,Cole,Ho,Namibia,2233823540,rhaynes@example.org,2024-12-03
821,Angel,Stokes,Aruba,629-666-0542,samueljones@example.com,2023-10-05
822,Christopher,Lopez,Sri Lanka,6856783876,benjamin82@example.org,2022-11-17
823,Linda,West,Kuwait,+1-885-886-5590,pamela40@example.com,2021-03-18
824,Matthew,Allen,Korea,711.229.6457x34270,jenkinsmitchell@example.net,2024-12-31
825,Kevin,Hanson,Turkey,500-680-2136,aholmes@example.net,2020-11-28
826,Sharon,Hill,Saint Kitts and Nevis,(341)848-3876x6362,lewismichael@example.net,2021-02-04
827,Audrey,Caldwell,Liberia,543.661.3671,ronald31@example.net,2020-03-21
828,Shelley,Reed,Belgium,+1-692-297-3072x331,hernandezsarah@example.org,2020-03-10
829,Teresa,Olson,Australia,+1-472-698-8585x850,rachel04@example.org,2024-09-17
830,Shannon,Floyd,Equatorial Guinea,665-651-0831x4546,aray@example.net,2021-01-06
831,Aaron,Hubbard,Lithuania,001-556-674-2340x980,rhonda97@example.org,2021-05-24
832,Jerry,Montgomery,Tanzania,854-634-7534x09953,deborah27@example.com,2025-06-18
833,Leah,Peterson,Brunei Darussalam,001-642-783-0446x0307,austinsalas@example.net,2021-05-29
834,Juan,Huynh,Jamaica,639-527-6446x6762,melissa00@example.com,2022-03-05
835,Brittany,Coleman,Argentina,001-291-265-3842,christopher32@example.net,2023-01-27
836,Wendy,Silva,New Zealand,+1-536-495-6843,stephanieking@example.net,2021-12-02
837,Jennifer,Parks,Northern Mariana Islands,+1-365-319-7264x87641,thomas13@example.org,2022-07-23
838,Daniel,Garcia,Switzerland,952-656-1694x849,ecolon@example.com,2024-04-29
839,Carrie,Williams,Burundi,267-924-2971x07677,krystal51@example.com,2023-02-05
840,Anthony,Jones,Ukraine,375-438-6131,ryanwalker@example.org,2023-02-14
841,Stacy,Taylor,Estonia,+1-240-815-1115x5561,kerrstephen@example.net,2022-07-04
842,James,Morris,San Marino,(610)261-3059,candace68@example.com,2025-02-13
843,Kelli,Peterson,Romania,+1-669-208-0806,mitchellrogers@example.org,2024-05-27
844,Tonya,Jones,Sri Lanka,(586)494-5925,deborah30@example.com,2020-02-14
845,Travis,Castillo,Egypt,(678)860-5357x26830,amanda86@example.com,2025-03-29
846,Anthony,Villarreal,Maldives,(414)568-4208,robertsrobert@example.com,2025-11-27
847,Michael,Marshall,Romania,001-752-659-9864x046,connerbilly@example.org,2020-05-05
848,Erin,Peck,Lao People's Democratic Republic,620-366-4297,wrightlaura@example.org,2020-08-27
849,Paul,Bell,Mayotte,+1-847-343-1109x024,hendersonmichael@example.com,2022-04-14
850,Justin,Burke,Uzbekistan,7313052669,mayojennifer@example.org,2020-02-07
851,Travis,Adams,Cote d'Ivoire,001-397-298-9681x741,william25@example.com,2020-09-07
852,Vanessa,Jimenez,Central African Republic,(811)863-9464x20597,carlos62@example.org,2021-06-12
853,Stacey,Vasquez,Indonesia,001-552-555-2693x04966,jkline@example.com,2025-07-26
854,Adam,Johnson,Benin,705-236-5754x957,bbanks@example.org,2022-08-21
855,Denise,Oconnor,Andorra,001-856-551-7811,tcarr@example.net,2023-03-25
856,Randall,Hernandez,Tuvalu,001-533-936-3749x685,romerojonathan@example.net,2025-06-24
857,Kimberly,Miller,Lithuania,001-204-975-6243x49024,lkent@example.org,2025-07-02
858,Jason,Brown,Panama,001-423-392-6324,valerie77@example.org,2024-10-14
859,Amy,Mcclure,Canada,684.743.0677,robertgreen@example.com,2022-05-07
860,Tammy,Ford,Guinea,001-856-447-4336x15073,austin72@example.org,2025-05-27
861,James,Vincent,Bermuda,001-324-694-8570x240,gphillips@example.org,2021-03-29
862,Daniel,Richard,South Georgia and the South Sandwich Islands,2304290586,stevenlewis@example.org,2026-03-06
863,James,Aguilar,Kiribati,725-355-4779,jacobgutierrez@example.org,2025-08-13
864,Jill,Beasley,Palau,8699396714,larajessica@example.net,2021-01-25
865,Claire,Waller,Myanmar,258.492.3049x190,owenschelsea@example.net,2023-12-01
866,John,Burgess,Brunei Darussalam,+1-604-321-4007x2709,ygrant@example.org,2021-05-25
867,Mitchell,Miranda,Lithuania,(947)267-0208x34594,michelle84@example.com,2020-05-18
868,Elizabeth,Levy,Uzbekistan,652.740.5287x168,rholden@example.net,2023-09-12
869,Maria,Walters,Mongolia,(557)721-8356x627,rebeccaparker@example.net,2025-07-24
870,Karen,Coleman,Congo,001-923-930-7868,james86@example.com,2023-04-17
871,Christine,Page,Antarctica (the territory South of 60 deg S),427.881.0704,timothydominguez@example.org,2025-04-15
872,Lisa,Burke,Philippines,001-646-269-3084x95018,ataylor@example.net,2022-12-30
873,Cory,Ferguson,El Salvador,+1-917-275-3159,aaronjuarez@example.com,2022-10-24
874,Jeremy,Miller,India,001-320-988-0460x148,hollandjeremy@example.net,2021-12-09
875,Donald,Massey,Paraguay,973.319.4371x4991,canderson@example.org,2021-07-03
876,Justin,Newton,Timor-Leste,(872)888-9948,danielbeltran@example.org,2022-10-01
877,Darren,Griffin,India,610.446.2125x00303,uingram@example.net,2023-05-19
878,Zoe,Lee,Burkina Faso,698.519.2856,cindyortega@example.com,2024-03-21
879,Michael,Bates,Uzbekistan,(273)515-5224x4291,gfowler@example.org,2023-07-15
880,Bradley,Figueroa,Burundi,(656)502-9224x864,carterjasmine@example.net,2024-08-04
881,Donald,Spence,Bahrain,(546)949-1164,kevingreen@example.org,2025-09-26
882,Anthony,Lewis,Gabon,001-833-255-6416x99990,eclark@example.org,2025-01-22
883,Cindy,Anderson,Czech Republic,337.851.5862x068,petersonlauren@example.net,2021-05-07
884,Barbara,Garcia,Gambia,001-308-934-8906x68895,johngarcia@example.net,2025-02-03
885,Thomas,Henderson,El Salvador,001-552-304-1938x25892,ksimmons@example.com,2021-01-14
886,Dana,Baker,Montserrat,001-863-237-8264x7644,hubbardbradley@example.org,2024-12-02
887,Nathan,Cline,Congo,959.700.5684x6293,daniel68@example.org,2023-09-16
888,Sonia,Fisher,Lesotho,001-562-936-7348x69919,varnold@example.org,2025-11-07
889,Joseph,Barnes,French Guiana,383-316-9150x2207,stephenssamantha@example.com,2022-06-26
890,Matthew,West,Sierra Leone,001-871-815-6331x051,cathy78@example.net,2023-11-15
891,Sarah,Farley,Kuwait,529-468-8479,david04@example.org,2023-09-06
892,Alexander,Raymond,Sierra Leone,(418)828-5901x066,carrieellis@example.net,2025-01-07
893,Martin,Orr,Iraq,4824820354,perkinschristopher@example.net,2024-05-28
894,Brittany,Coleman,Palau,(948)467-5412,alexandermatthew@example.org,2025-04-24
895,Jennifer,Welch,Finland,332.979.9067,juliagibson@example.com,2021-06-29
896,Christina,Stokes,Swaziland,330-880-8034x502,odavis@example.com,2025-08-10
897,Ryan,Alvarez,Saint Vincent and the Grenadines,745.727.6816x0758,millercourtney@example.com,2023-01-08
898,Jaime,Henry,Senegal,001-401-243-4389x146,allenjames@example.net,2023-03-17
899,Gregory,Costa,Serbia,671.634.3165x007,veronicaowens@example.org,2025-05-09
900,Kimberly,Morales,Palestinian Territory,001-534-893-7918,angelaashley@example.com,2021-10-31
901,Gregory,Cruz,Guyana,001-255-280-9008x45049,alexanderoscar@example.com,2024-09-09
902,Thomas,Patrick,Anguilla,(357)968-3125x734,cbryant@example.net,2020-02-05
903,Cynthia,Roberts,Korea,694.517.6186x005,amber86@example.com,2023-11-20
904,Diamond,Manning,Canada,(673)959-6221x00168,campbellpatricia@example.com,2021-12-01
905,Bonnie,Davis,India,+1-417-563-4606x43282,dgibbs@example.net,2021-04-07
906,Michael,Wilcox,North Macedonia,3735896659,heather59@example.net,2025-05-25
907,Kristopher,Curry,Germany,+1-795-316-0786x633,lbell@example.org,2021-10-17
908,David,Contreras,Saint Martin,(440)839-4250x2649,floresjennifer@example.com,2023-04-29
909,Candice,Andrews,Kuwait,3757541722,cherryshelly@example.com,2022-11-20
910,Megan,Kelley,Reunion,+1-954-289-9902,gregorybennett@example.net,2024-05-04
911,Doris,Wells,Montenegro,+1-387-612-0461,burnsshannon@example.org,2020-06-08
912,Lee,Martinez,Australia,+1-811-612-2629x17929,kirbynathan@example.net,2025-05-28
913,Steven,Gardner,Moldova,(867)423-2605,evancarter@example.com,2020-11-16
914,Dawn,Stewart,Greenland,687-413-7152,charles15@example.net,2022-02-18
915,Joanna,Fox,Sweden,254-676-6438x2763,timothy20@example.org,2021-01-06
916,Richard,Lester,Equatorial Guinea,991.398.0839x4165,michelle99@example.org,2023-11-24
917,Cheryl,Moyer,Gambia,328-790-8514x35405,collinsthomas@example.net,2025-07-02
918,Justin,Mason,Malaysia,934.995.7236,ronaldwilcox@example.net,2024-01-31
919,Wanda,Brown,Venezuela,001-642-281-0029x079,xperez@example.com,2021-01-22
920,Betty,Brown,Bolivia,001-704-792-8548x0530,cuevassteven@example.org,2020-01-08
921,Chelsea,Mason,Bolivia,001-920-786-7388x030,rileyraymond@example.org,2020-01-04
922,Alyssa,Hughes,Barbados,6675119294,kristen43@example.org,2021-03-21
923,Raymond,Norris,United States Minor Outlying Islands,+1-686-393-3907x29698,brandon73@example.org,2022-02-27
924,Melody,Castro,Tonga,6603030453,john69@example.org,2020-07-06
925,William,Martinez,Benin,(708)304-2242x747,austin68@example.org,2023-03-24
926,Timothy,Jones,Mali,770.338.9869,randallkennedy@example.com,2023-01-21
927,Danielle,Kelly,Brunei Darussalam,001-268-820-4882x073,rherrera@example.org,2024-05-27
928,Sara,White,Haiti,508.986.4685x0081,jasonbright@example.com,2023-01-03
929,Jennifer,Oneill,British Virgin Islands,917.818.6864x562,gutierreznathan@example.com,2025-02-15
930,Devon,Donaldson,Iceland,+1-436-779-3656x1066,benjamin86@example.org,2023-12-22
931,Amy,Paul,Australia,2476410829,fbuck@example.org,2021-06-05
932,Zoe,Freeman,Congo,438.449.0669x5247,hernandezchad@example.org,2021-05-22
933,Amber,Stewart,New Zealand,001-453-381-3134x40102,jasonorozco@example.com,2024-07-04
934,Kimberly,Thompson,Mauritania,3972558923,jacob41@example.net,2026-01-05
935,William,White,Switzerland,+1-705-887-0630x299,andersonbrooke@example.net,2023-09-24
936,Jeremy,Sanchez,Saint Vincent and the Grenadines,001-976-416-5640x336,ljohnson@example.com,2024-07-15
937,Kathy,Smith,Western Sahara,814.737.2291,richard99@example.net,2025-05-27
938,Keith,Cole,France,+1-441-812-1026x413,sheliajohnston@example.org,2022-08-09
939,Juan,Thompson,Ecuador,001-902-906-7835x5889,patricksoto@example.net,2026-02-02
940,Claire,Daniels,Brazil,7524282936,agates@example.org,2026-01-18
941,Debbie,Sanders,Guinea-Bissau,677.938.9590x057,michael34@example.com,2021-07-11
942,Charlene,Guzman,Jordan,(956)442-7324,mbennett@example.com,2025-01-11
943,Anthony,Clark,Romania,252.355.5790,georgeanderson@example.com,2020-04-03
944,Eric,Johnson,United Arab Emirates,001-570-361-1073x168,fullersarah@example.org,2026-02-06
945,Douglas,Perez,Christmas Island,+1-481-202-9984x54639,ekemp@example.org,2021-12-06
946,Jessica,Arnold,Slovakia (Slovak Republic),342-766-2307x01066,sloancindy@example.net,2022-05-15
947,Lee,Escobar,Norway,(882)837-9060,shane43@example.com,2024-07-28
948,Alicia,Owens,Libyan Arab Jamahiriya,537-471-8379,james91@example.com,2020-08-25
949,Michael,Rodriguez,Sao Tome and Principe,237.855.8113x4819,shepardmatthew@example.com,2020-12-29
950,Antonio,Bowers,Oman,553.495.0026,schroederamanda@example.net,2023-08-12
951,Ashley,Duncan,Dominican Republic,(781)440-2604x622,agreen@example.net,2024-05-08
952,Rebecca,Turner,Mauritius,4896513422,zstark@example.org,2025-04-04
953,Elizabeth,Cole,Chile,2709732981,lisa78@example.com,2024-06-13
954,Janet,Smith,Lesotho,001-899-730-2530x69663,millsalan@example.org,2023-10-15
955,Anthony,Gordon,Iceland,615-793-8722x20893,djordan@example.com,2023-10-25
956,Diane,Rose,Bouvet Island (Bouvetoya),576-227-1208x308,jasonturner@example.com,2022-05-01
957,Mark,Smith,Niue,(557)416-2800x0973,aanderson@example.net,2025-02-04
958,Pamela,Gonzales,Uruguay,757-885-6333x84571,williamquinn@example.com,2020-09-27
959,Billy,Flores,Singapore,(407)811-7031,udoyle@example.com,2023-12-29
960,Joshua,Bartlett,Indonesia,986.796.9757x0021,tfrank@example.org,2020-10-27
961,Brittany,Diaz,Italy,929.260.7217x561,martinezjames@example.com,2023-08-02
962,Kayla,Conway,Korea,(313)863-8192x8394,campbelljames@example.org,2020-08-19
963,Laura,Howard,Belgium,+1-576-509-1160x259,princealexis@example.com,2026-01-04
964,Felicia,Garrett,Cote d'Ivoire,676.549.4005,jennifercruz@example.org,2021-04-25
965,Stephanie,Robbins,Thailand,001-501-575-8144x780,jesuspeterson@example.net,2022-03-02
966,Savannah,Mcdaniel,Guam,+1-383-409-2032x059,anthonybarton@example.org,2023-11-10
967,Linda,Hoffman,Brazil,516-740-6924,johnnywillis@example.org,2024-10-29
968,James,Byrd,Afghanistan,(864)775-4076,andrew34@example.net,2020-07-28
969,Kevin,Stout,Gambia,+1-938-970-3820,emily03@example.org,2024-10-03
970,Stacy,Kelly,Kiribati,5328561023,carla02@example.com,2021-07-04
971,Maria,Contreras,Swaziland,2145062388,patrickcarter@example.com,2022-04-25
972,Katherine,Anderson,Kiribati,895.387.7952x467,elizabeth82@example.net,2024-12-06
973,Jesus,Lara,Bolivia,658-768-3440,jamesmiller@example.org,2025-09-26
974,Joseph,Keith,Uzbekistan,712.321.7513,epearson@example.net,2024-12-12
975,Brian,Perez,Uruguay,+1-252-215-1268x81270,smithbrandy@example.org,2025-07-16
976,Rachel,Fry,Kiribati,6667808593,yjohnson@example.org,2023-07-08
977,Harold,Padilla,Liechtenstein,554-460-1230x251,kennedyjulie@example.net,2025-05-21
978,Monica,Baker,Montserrat,408.997.9564,adavis@example.org,2023-06-09
979,David,Martin,Sudan,+1-771-244-9213,pjohnson@example.net,2023-08-01
980,Angela,Gates,United States Minor Outlying Islands,964-330-3456,mdavis@example.net,2022-03-20
981,Laura,Yang,North Macedonia,705.711.4810x0675,jenniferwalker@example.com,2021-10-20
982,Samuel,Rice,Mali,(601)613-6586x1947,lpatterson@example.org,2026-02-27
983,David,Phillips,Swaziland,6053938747,janice88@example.net,2024-03-14
984,Zachary,Lara,Monaco,2515091782,ealvarez@example.com,2025-05-18
985,Alicia,Woodward,Spain,867-702-8119,jeremy56@example.com,2020-10-16
986,Susan,Jimenez,Peru,+1-940-303-6618x692,mooremichael@example.org,2023-11-24
987,James,Green,Samoa,793.905.1753x86728,ularsen@example.org,2023-05-17
988,Lisa,Harris,Zimbabwe,+1-623-977-7683x6486,bgomez@example.com,2020-11-21
989,Daniel,Phillips,Vietnam,5213926075,matthewfisher@example.org,2022-04-04
990,Kristin,Patel,Cayman Islands,936.568.6352x2631,mccartyvictor@example.net,2024-07-26
991,Joshua,Garza,United States Virgin Islands,269-359-3832,angelicaallen@example.net,2020-09-26
992,Stacy,Edwards,Qatar,(781)697-3032,munozcharles@example.net,2025-07-09
993,Debra,Greene,American Samoa,001-989-951-2254x33437,nicholasleach@example.net,2022-03-07
994,Patrick,Lawson,Turkey,001-254-669-3548x56175,jennifer95@example.net,2023-11-10
995,Megan,Bryant,Hong Kong,001-471-318-1512,deborah16@example.net,2022-01-25
996,Tanner,Mckinney,Nepal,486-633-8272x49926,yrodriguez@example.net,2022-01-31
997,Joshua,Nelson,Guernsey,(252)606-9922,jason92@example.net,2025-09-24
998,Kevin,Holden,Burundi,643-430-5890x704,twhite@example.net,2021-05-30
999,David,Singleton,Jamaica,001-878-808-8804x10744,griffinalyssa@example.net,2023-05-13
1000,Julie,Young,Guernsey,523-512-6477x218,icarrillo@example.org,2021-07-13
1001,Christopher,Torres,Egypt,+1-655-863-3624x156,xmccann@example.org,2020-10-21
1002,Rhonda,Jones,Armenia,824.922.4758,keith36@example.org,2023-07-04
1003,Brian,Fox,Benin,(550)745-6370x538,dolsen@example.com,2025-10-29
1004,Stephen,Lutz,Israel,+1-575-842-2895x9687,owilliams@example.com,2021-01-23
1005,Thomas,Martinez,Burundi,001-681-632-4626x1024,wwright@example.com,2025-10-18
1006,Amy,Olsen,Gabon,814.700.0275,williamnguyen@example.net,2022-01-02
1007,Thomas,Gutierrez,Mongolia,+1-930-910-5860x414,judith25@example.org,2021-10-31
1008,Richard,Buck,Sierra Leone,652.202.1589x08706,williamsnicole@example.com,2025-08-15
1009,Kathleen,Berry,New Zealand,+1-899-418-1391x17679,miguelcook@example.com,2021-12-26
1010,Anita,Robles,Iraq,+1-999-903-5282x523,rgraves@example.com,2021-12-12
1011,Bianca,Harper,Samoa,906-695-6716,tgreen@example.com,2024-02-16
1012,Angela,Cowan,Puerto Rico,+1-255-257-9650x3394,twarren@example.org,2020-01-02
1013,Tracy,Schultz,Christmas Island,(634)449-3333x5463,vazquezrobert@example.net,2025-04-04
1014,Christopher,Silva,Philippines,902-920-3107,lsmith@example.org,2023-12-23
1015,Wanda,Koch,Chad,+1-344-253-6362x658,iramirez@example.com,2022-04-08
1016,Alisha,Johnson,Congo,389-449-3772,tonycollins@example.org,2023-08-12
1017,Robert,Brown,Bolivia,(497)854-0011x724,matthew43@example.org,2024-06-30
1018,Michael,Morris,Uganda,(578)529-0469x3510,yorkmichael@example.com,2025-12-03
1019,Troy,Webster,Serbia,629.213.2099x40487,fsims@example.com,2024-04-10
1020,Melinda,Jones,Nicaragua,+1-740-515-2989x181,craiglyons@example.com,2022-07-02
1021,Cheryl,Foster,Antarctica (the territory South of 60 deg S),(714)499-2433,gevans@example.org,2025-06-15
1022,Angela,Sampson,Turks and Caicos Islands,878.418.6679,ellenbryant@example.org,2023-09-01
1023,Sandra,Anderson,France,8188213083,donna19@example.org,2023-12-31
1024,William,Cantu,Portugal,799.367.2377x7973,nicole75@example.org,2021-01-17
1025,Madison,Ayala,Singapore,+1-886-639-2951x38403,ariana26@example.com,2023-06-09
1026,Dustin,Murray,American Samoa,001-323-974-8768x799,kpatterson@example.net,2021-05-19
1027,Edward,Arnold,Bosnia and Herzegovina,969-842-2444x4066,wnunez@example.org,2021-05-21
1028,Michelle,Smith,Italy,+1-217-963-9305x8273,carlfernandez@example.com,2022-09-15
1029,Judy,Patterson,Hong Kong,+1-775-705-9393x546,jpatterson@example.com,2025-09-19
1030,James,Turner,Lithuania,431.552.3663,brenda15@example.com,2021-10-28
1031,Melanie,Campbell,Jordan,759.398.8958,carol18@example.com,2020-02-28
1032,Ryan,Black,Tanzania,516-917-7410,mendozanathaniel@example.org,2025-08-10
1033,Jared,Brown,Eritrea,001-574-683-3354x025,isanchez@example.com,2023-03-06
1034,Robert,Valdez,Norfolk Island,629.379.4944,jessica79@example.net,2023-04-17
1035,Mary,Martin,Niue,+1-983-542-1108,qbriggs@example.net,2020-07-29
1036,Kelsey,Foster,Andorra,881.285.8903x6601,lorimcbride@example.net,2022-02-15
1037,Tina,Roberson,Paraguay,804-992-3946x8726,shannon48@example.net,2023-08-10
1038,Douglas,Nielsen,Estonia,885.204.6410x1215,santosphilip@example.net,2022-09-21
1039,Cynthia,Ferguson,French Guiana,+1-473-362-3467,kennethduran@example.org,2024-01-05
1040,Michael,Perkins,Bahamas,985.564.8327,kathryn27@example.com,2023-04-07
1041,Scott,Chase,North Macedonia,6492819358,markroberts@example.com,2025-01-14
1042,Justin,Douglas,Thailand,494.783.1656x461,anthony13@example.com,2023-11-02
1043,Kenneth,Wallace,Liechtenstein,445-301-4876x55628,elizabethmarshall@example.com,2025-08-24
1044,Sara,Morales,Myanmar,524.828.9110x60786,noahhall@example.com,2023-12-29
1045,Kathy,Snow,Iceland,(593)746-8528x266,dustin23@example.com,2020-07-25
1046,Heidi,Camacho,British Indian Ocean Territory (Chagos Archipelago),376.233.9804x34356,michaeltanner@example.org,2025-04-29
1047,Michelle,Wright,Cape Verde,+1-510-590-2843x2057,schroederjanet@example.com,2023-06-06
1048,Michelle,Blankenship,Czech Republic,577-431-6294x162,johnsonkaren@example.org,2022-04-26
1049,Angel,Morrison,Uruguay,(991)893-1719,mariarice@example.com,2020-08-16
1050,Amber,Palmer,Haiti,+1-665-207-7842x62612,johnharris@example.org,2025-03-04
1051,Thomas,Bass,Montserrat,467-216-9005x26974,sharonmoore@example.org,2022-06-10
1052,Mary,Green,Philippines,(958)699-0754,ruizrichard@example.org,2026-02-11
1053,Susan,Hernandez,Antarctica (the territory South of 60 deg S),(272)232-6100x422,tylerbryan@example.com,2020-06-16
1054,Gordon,Hanson,Yemen,987.787.6154,diane24@example.net,2020-10-27
1055,Sherry,Gill,China,578-238-2448x23703,eowens@example.net,2023-08-16
1056,Amy,Moore,Ghana,001-992-988-1700x1638,taylorkristi@example.org,2025-03-14
1057,Karen,Carter,Niue,001-614-526-9140x385,dennisward@example.net,2026-01-15
1058,Stacey,Moreno,Sweden,787-816-0618x5720,leahprice@example.net,2024-03-18
1059,Patrick,Walters,Kazakhstan,+1-711-464-7135,virginia28@example.net,2026-02-28
1060,Shelly,Mccormick,Cocos (Keeling) Islands,(329)655-3641x72618,carriemunoz@example.net,2021-12-14
1061,Lisa,Patterson,Tokelau,+1-845-692-4100x2393,jamesallison@example.org,2024-07-03
1062,Rebecca,Li,Jamaica,993.854.7877x509,ashleyjohnson@example.com,2021-10-31
1063,James,Williams,Fiji,(512)227-9904x02786,robbinscharles@example.org,2020-11-25
1064,Christopher,Lee,Moldova,+1-319-962-0557x928,skim@example.net,2023-01-15
1065,Anita,Howard,Nigeria,+1-603-397-2016,gjensen@example.com,2025-08-06
1066,Paul,Brown,Iceland,+1-345-452-6703,kleinjared@example.net,2024-03-12
1067,Anna,Moore,Bouvet Island (Bouvetoya),338.625.6137x527,charper@example.net,2024-10-01
1068,Daniel,Bernard,Kyrgyz Republic,001-714-935-9085x49137,jonathan86@example.org,2024-12-02
1069,Vanessa,Davis,Thailand,001-442-979-7863x138,erica68@example.net,2025-10-27
1070,Kathryn,Herrera,South Georgia and the South Sandwich Islands,6133070243,alantaylor@example.net,2022-03-27
1071,Rebecca,Hernandez,Turkey,+1-396-736-8624x34953,normanmarshall@example.com,2020-08-17
1072,Kenneth,Hebert,Azerbaijan,566-421-2846x67925,stewartjeremiah@example.com,2022-04-19
1073,Jennifer,Jensen,Yemen,001-729-987-9510x32546,robinsondenise@example.org,2026-01-10
1074,Nicole,Jimenez,Maldives,596-619-5131x88686,derek78@example.org,2024-09-09
1075,Lawrence,Padilla,Congo,398-810-4740x741,howard70@example.com,2025-10-16
1076,Alicia,Rogers,Gambia,247.409.7735x648,smallheather@example.org,2020-08-29
1077,Dawn,Henderson,Uganda,843-853-4625,westdawn@example.com,2021-04-23
1078,Christie,Gibson,Cape Verde,568.344.3115x5136,hansontammy@example.net,2022-02-14
1079,Gary,Brooks,Bermuda,001-464-333-0636x9457,matthew26@example.org,2023-11-30
1080,Lawrence,Owens,Bolivia,9135006588,alexanderpruitt@example.net,2021-05-22
1081,Holly,Jackson,French Southern Territories,(522)469-8168x7575,xjohnson@example.org,2023-04-22
1082,Michael,Williams,Malta,(222)958-3868,franklinthomas@example.net,2023-10-12
1083,Oscar,Henderson,Antarctica (the territory South of 60 deg S),+1-313-816-1339,danielskristin@example.org,2025-08-21
1084,Robert,Jones,Slovakia (Slovak Republic),(400)915-8680x443,larry52@example.org,2024-03-20
1085,Michelle,Mcguire,Gabon,915-302-9051x9668,justinrandall@example.org,2024-11-05
1086,Daniel,Murphy,Azerbaijan,(372)421-2803,robinsonlee@example.net,2021-11-08
1087,Stephen,Richardson,Bosnia and Herzegovina,438.753.7359x9623,josephwhite@example.org,2020-04-26
1088,Sara,Cruz,Palau,905-237-0172,joseph60@example.net,2023-02-27
1089,Lauren,Holt,Guam,001-890-770-2114,taylorbrian@example.net,2021-04-23
1090,Kevin,Johnson,Heard Island and McDonald Islands,001-506-290-5173x994,lopezmatthew@example.org,2020-08-03
1091,Anthony,Scott,Armenia,254-695-9789x937,jennifer79@example.org,2024-07-05
1092,Christopher,French,Sri Lanka,(733)929-1318,schwartztravis@example.com,2025-02-04
1093,Tammy,Moore,Cayman Islands,+1-484-981-1759x92959,yconner@example.net,2021-07-10
1094,Timothy,Burgess,Lebanon,(398)458-7470x68776,kirk19@example.net,2023-05-02
1095,Christine,Hunt,Samoa,(297)474-7398x60327,reneehernandez@example.com,2023-02-02
1096,Ivan,Waters,Uzbekistan,400-626-6913x8421,cheneric@example.org,2025-10-16
1097,Richard,Johnson,Somalia,382.529.8493,jacob50@example.com,2024-09-13
1098,Eric,Kim,Syrian Arab Republic,291.625.0917x14705,parksrachel@example.net,2021-01-26
1099,Kelly,Clark,Burkina Faso,(451)977-8613,robinsondeborah@example.com,2023-07-10
1100,Jennifer,Porter,Cote d'Ivoire,761.408.1627,ujohnson@example.net,2026-01-27
1101,Penny,Garcia,Bolivia,699-749-4923,sjohnson@example.org,2026-02-12
1102,Stephanie,Cook,Turkmenistan,(674)957-2746,williamweaver@example.com,2023-12-14
1103,Eric,Conley,Sudan,729-498-9309x363,mbrown@example.org,2024-05-12
1104,Randy,Knight,Costa Rica,(488)927-6354x27087,brian21@example.org,2023-08-08
1105,Nicholas,Edwards,Belarus,001-594-271-3823x4574,chambersmadeline@example.com,2021-07-02
1106,Mary,Miranda,Grenada,(350)958-8243,matthewsharp@example.com,2024-02-03
1107,Kevin,Alvarez,Niue,9006793363,ashleyherrera@example.org,2023-06-12
1108,Marissa,Allen,Uganda,001-678-226-9069x051,gwendolynmoreno@example.org,2024-07-14
1109,Kristina,Horne,Sweden,(813)317-2802,fhernandez@example.org,2021-03-06
1110,Victoria,Bradley,Cocos (Keeling) Islands,001-308-949-1907x8249,karen20@example.net,2025-05-16
1111,Mark,Carrillo,Senegal,(463)354-6167x046,kmitchell@example.org,2025-03-08
1112,James,Williams,Turkey,+1-617-915-2544x6328,johnhernandez@example.org,2023-11-22
1113,Jerome,Garcia,Malaysia,461-855-5274x01160,bmarks@example.com,2026-01-14
1114,Rachael,Moreno,Solomon Islands,365-492-4290,mbecker@example.net,2020-03-27
1115,Jessica,Hendricks,Ireland,727.977.9794x516,juan53@example.net,2025-03-19
1116,Holly,Macias,Cape Verde,(625)632-5469,amy51@example.com,2020-04-03
1117,Gregory,Lee,Liberia,(563)669-2407x999,ksmith@example.com,2020-03-27
1118,Tara,Bell,Kazakhstan,(309)573-6925,joshua30@example.com,2021-09-07
1119,William,Wilson,Egypt,278.218.2827,woodsjonathan@example.com,2020-06-02
1120,Nancy,Velez,Tuvalu,+1-238-364-1041x945,milleramanda@example.com,2023-05-07
1121,Victoria,Sellers,Bangladesh,+1-805-624-6496,lcarpenter@example.net,2022-12-15
1122,Katherine,Reyes,Mozambique,(844)827-5592,uday@example.com,2025-11-20
1123,Nicholas,Scott,Slovenia,+1-456-292-2259x9319,scottcheryl@example.net,2025-07-02
1124,Nicole,Robinson,Finland,954.871.6161x363,awest@example.org,2020-10-28
1125,Judith,Gonzalez,Sri Lanka,+1-667-474-2600,rtate@example.net,2020-12-29
1126,Monica,Carter,Bouvet Island (Bouvetoya),+1-409-388-1531,vlyons@example.net,2023-08-09
1127,Jennifer,Hill,Mali,527-693-4909x31627,nicholas96@example.org,2024-12-28
1128,Lauren,Mullen,Saint Barthelemy,5823484361,timothy24@example.com,2023-11-22
1129,Janice,Mcdonald,Israel,(433)497-8906x90275,salinasbailey@example.com,2024-12-06
1130,Peter,Beard,Bahamas,(704)530-8211,wallacejeremy@example.org,2024-12-01
1131,Antonio,Norman,Tonga,(695)305-9500x721,amandalong@example.com,2025-06-07
1132,Denise,Robinson,Sierra Leone,687-551-1663x84133,matthew84@example.org,2022-03-22
1133,Samuel,Vargas,Maldives,540-903-6740,jesusayala@example.com,2020-08-03
1134,Shari,Welch,Armenia,001-482-335-6189x0494,tracythomas@example.net,2020-10-12
1135,Melissa,Silva,Central African Republic,627.432.3491x34127,john16@example.net,2023-08-13
1136,Sean,Kelly,Senegal,(699)692-0621,daniel29@example.net,2022-11-10
1137,Juan,Kelley,Holy See (Vatican City State),(832)919-1868,williamjordan@example.org,2025-03-26
1138,Jerry,Ramirez,Bahamas,001-534-471-6897,obruce@example.org,2021-01-06
1139,Christopher,Torres,Malta,(282)286-4407x6827,waredavid@example.net,2022-02-14
1140,Jeremy,Wood,Jordan,341.886.2018x2515,thomas88@example.org,2024-01-27
1141,David,Garcia,Israel,(585)544-9778x8227,garciabrian@example.com,2025-04-07
1142,Shawn,Matthews,Congo,816.521.7468x7067,tommyhayden@example.net,2021-09-28
1143,Ryan,Montgomery,Egypt,+1-521-219-9413x54240,danielstina@example.net,2023-05-31
1144,Linda,Stevenson,Indonesia,976.222.1176x604,kenneth54@example.com,2023-02-19
1145,Claire,Hernandez,Iran,(966)404-3155x0645,kristinemccullough@example.net,2022-04-06
1146,Megan,Williams,Argentina,8637811458,avilagregory@example.com,2022-05-19
1147,Jennifer,Luna,Mexico,623-246-6684,daniel69@example.org,2022-06-08
1148,Levi,Kramer,Timor-Leste,417-495-4651,ebyrd@example.net,2026-03-08
1149,Michael,Scott,South Africa,+1-806-501-4815x2931,gabriellawson@example.com,2024-08-26
1150,Frank,Vargas,Sao Tome and Principe,699.328.3901,ujones@example.org,2026-02-23
1151,Nicholas,Hood,Western Sahara,(356)326-8947x3470,rpeterson@example.net,2024-09-22
1152,Stephanie,Roach,Christmas Island,001-931-794-9036x994,gregoryeaton@example.net,2025-06-17
1153,Ryan,Boone,Guatemala,+1-749-946-0028x666,halldebra@example.net,2020-09-20
1154,Joshua,Long,Qatar,(409)941-3246,kellymorales@example.com,2021-04-10
1155,Jonathan,Vega,Jordan,540-837-4082x188,jennifer02@example.com,2020-08-04
1156,Lisa,Fox,Christmas Island,001-323-926-7138x8729,ebony92@example.net,2020-10-31
1157,Kyle,Krause,Pakistan,(967)363-0317,dylanbaldwin@example.org,2021-10-25
1158,Maria,Valentine,Costa Rica,+1-730-612-0497x88384,gravessarah@example.net,2020-06-11
1159,Jason,Moran,Tajikistan,(725)621-2716x102,howelljoseph@example.net,2023-01-02
1160,Shelby,Chambers,Bolivia,(522)709-3760x20351,ryanrivera@example.com,2022-02-17
1161,Debra,Travis,Bangladesh,(338)451-9477,michaelcox@example.net,2024-01-18
1162,Danielle,Barajas,American Samoa,+1-933-479-7345x8649,gabriellaweiss@example.net,2020-06-02
1163,Jacob,Hurley,Central African Republic,(955)593-9041,laurie04@example.org,2020-04-01
1164,Crystal,Kline,Paraguay,001-989-525-4545x783,joyce22@example.net,2023-01-08
1165,Jeffrey,Stanley,Liberia,001-350-246-5929x113,martinezryan@example.org,2021-06-07
1166,Jeffrey,Jones,Seychelles,850-677-7385x0793,podonnell@example.org,2025-12-10
1167,Elizabeth,Murray,Thailand,001-985-508-8359,davisterry@example.com,2020-08-13
1168,Jackie,Diaz,Congo,990.903.7186x12488,claytoncody@example.net,2021-05-29
1169,Brian,Oneill,Bouvet Island (Bouvetoya),620-331-3772,nathanielhouston@example.com,2024-11-28
1170,Tammy,Morrison,Guinea,857-945-5261x8358,hendersondavid@example.net,2026-01-31
1171,Christopher,Dean,Tanzania,591-547-3067,christinagarza@example.net,2020-09-19
1172,Ricardo,Roberts,Saint Martin,+1-332-901-4448x0844,hayesalexis@example.com,2021-01-02
1173,Philip,Brown,Luxembourg,405-794-2940x18464,pamhunter@example.org,2026-01-08
1174,April,Pierce,Lithuania,+1-240-679-7125x930,jennifersmith@example.net,2024-09-25
1175,Jillian,Olsen,Kenya,(400)394-3145x61173,robert13@example.com,2022-07-10
1176,Jennifer,Rich,Romania,+1-532-416-7013x544,bgarza@example.net,2023-10-18
1177,Samantha,Hood,Dominican Republic,(635)757-9478x3941,mharris@example.org,2022-04-29
1178,Rebecca,Mason,Philippines,903-732-9494x717,joyceyoung@example.org,2023-10-26
1179,Ryan,Thomas,Czech Republic,001-667-258-5703x1890,stoutcynthia@example.net,2023-02-01
1180,Timothy,Hamilton,Nepal,001-848-469-3763x3709,david64@example.net,2025-08-14
1181,Sara,Rasmussen,Gibraltar,862.540.8017,rhodessharon@example.net,2023-05-17
1182,Mark,Mcbride,Brunei Darussalam,945.786.8317x850,harmonmatthew@example.org,2025-07-23
1183,Sara,Wallace,Korea,274.681.7963x001,martha67@example.net,2022-10-14
1184,David,Bradford,Wallis and Futuna,562-280-6225x050,brianball@example.net,2024-12-03
1185,Daniel,Oconnor,Estonia,360.371.6069x28515,quinnbrian@example.net,2025-05-15
1186,Patricia,Conway,Sudan,001-949-438-4118x1094,amanda20@example.net,2021-08-26
1187,Robert,Hill,Portugal,(525)629-0655x393,jacksontina@example.com,2020-07-17
1188,Chad,Torres,Egypt,851.466.4781,leslie70@example.net,2025-03-14
1189,Nicole,Jones,Brunei Darussalam,(511)903-5882x114,thomasmoore@example.net,2021-03-09
1190,Michelle,Rodriguez,Denmark,(662)459-9483,mrogers@example.net,2024-03-03
1191,Robert,Miller,Israel,(416)767-0886x8082,jacksonjeff@example.com,2020-05-25
1192,Anthony,Burton,United States Virgin Islands,+1-354-899-5099x001,nancyabbott@example.com,2022-06-13
1193,Elizabeth,Crawford,Belarus,655-233-9329x09816,ctaylor@example.org,2020-01-26
1194,Lauren,Adams,Panama,350-988-7326,matthew95@example.com,2024-01-04
1195,Michelle,Jones,South Africa,001-728-735-0462x824,adam29@example.org,2020-02-16
1196,Brenda,Rodriguez,Yemen,001-970-355-2485x4530,anneshea@example.net,2020-05-24
1197,Michelle,Underwood,Sudan,001-977-977-7497x1602,espinozaalexis@example.net,2025-10-11
1198,Deanna,Walters,Marshall Islands,9722479521,mullinssandra@example.org,2023-01-13
1199,Shannon,Rojas,Gambia,538-618-5237,lewislauren@example.org,2022-06-26
1200,Lynn,Carlson,Sri Lanka,4287771211,pglover@example.org,2025-01-16
1201,Rachel,Palmer,Iraq,+1-310-221-9597x845,josephdelgado@example.net,2025-01-20
1202,Barbara,Long,Panama,4884338257,molly27@example.org,2020-01-04
1203,Cheryl,Green,French Polynesia,(759)945-8458x843,bsolis@example.org,2024-12-09
1204,Patrick,Gillespie,Heard Island and McDonald Islands,(572)324-8142x7309,torrestina@example.net,2021-10-24
1205,Samuel,Costa,New Caledonia,(674)520-6880x99928,jillian54@example.com,2022-02-09
1206,Douglas,Pratt,Hungary,2278334626,mmiller@example.com,2022-10-24
1207,Christopher,Torres,Lebanon,487-236-0610x759,michaelfranklin@example.org,2023-11-27
1208,Tiffany,Wyatt,India,231-408-7986,bushmary@example.net,2025-02-04
1209,Jeremy,Valenzuela,Bosnia and Herzegovina,001-332-663-3441x21312,zross@example.org,2024-04-06
1210,Morgan,Cantrell,Finland,402-494-9458,anthony10@example.com,2020-06-14
1211,Larry,Harvey,Cambodia,001-473-226-9647x65880,aaron45@example.net,2024-01-12
1212,Bernard,Reynolds,Turkmenistan,(409)396-8308x45886,penarebecca@example.net,2022-09-18
1213,Brittany,Thomas,Saint Kitts and Nevis,001-461-899-2164,doylegina@example.net,2026-01-21
1214,Ruben,Compton,Ghana,700.517.4701,conradwesley@example.net,2024-04-22
1215,Christopher,Garcia,Tajikistan,425.726.7005x11086,carlsonadam@example.com,2020-09-21
1216,Elizabeth,Townsend,Rwanda,(551)223-8896,smadden@example.org,2021-04-03
1217,Charles,Vasquez,Cameroon,8776200915,elizabeth74@example.com,2022-03-29
1218,Michelle,Santiago,Congo,(935)258-7075,mariamadden@example.com,2024-10-14
1219,Gregory,Bell,Mayotte,9807662888,thompsonsarah@example.org,2022-02-08
1220,John,Lindsey,Netherlands Antilles,+1-641-995-4874x558,villarrealtiffany@example.org,2021-01-11
1221,Melanie,Weber,Malaysia,477.355.7402,heidimiller@example.net,2023-08-27
1222,Dalton,Lynn,Uganda,458-528-8512x94582,jason49@example.net,2023-04-02
1223,Whitney,Davis,Cayman Islands,001-934-814-3392x027,brownnichole@example.com,2025-07-10
1224,Elizabeth,Kirby,Korea,001-354-253-9568x32444,krogers@example.net,2024-10-05
1225,Philip,Tran,Netherlands Antilles,781.945.9217,mirandasmith@example.org,2023-04-12
1226,Rachel,Hensley,Libyan Arab Jamahiriya,001-651-579-5184x69906,bstark@example.net,2020-11-20
1227,Ronnie,Frye,Colombia,(599)955-6164x28590,rjohnson@example.com,2023-08-08
1228,Michael,Moore,Russian Federation,+1-649-815-7097,smithamy@example.com,2026-01-20
1229,Malik,Benton,Cambodia,538.770.9829x0099,ashlee69@example.org,2025-03-21
1230,Christian,Chavez,Korea,811-648-3680x19007,timothy11@example.org,2020-09-05
1231,David,Jennings,El Salvador,617-358-2022,wardchristopher@example.net,2023-04-13
1232,Monica,Walls,Macao,209-703-4096,stevenrivera@example.com,2021-04-19
1233,Summer,Hernandez,Belgium,9884497100,devin93@example.net,2024-05-07
1234,Sean,Bailey,Jersey,(800)991-7937x07490,bbeck@example.net,2020-07-13
1235,Timothy,Ayers,French Guiana,001-539-864-3205,ckim@example.com,2025-05-14
1236,Michael,Cole,Palau,482.533.3870x9530,pattonjoshua@example.net,2026-01-07
1237,Catherine,Shaw,Ghana,001-421-485-1281x94823,davislarry@example.org,2025-02-05
1238,Diana,Griffith,Gabon,001-576-629-3312x348,zfrederick@example.com,2025-08-20
1239,Jennifer,Green,Saint Martin,001-288-281-4204x181,twise@example.org,2022-03-12
1240,Philip,Ford,Malawi,001-757-570-1379x97148,combsfelicia@example.net,2020-03-29
1241,Connie,Zimmerman,Liechtenstein,+1-300-393-5790,aphillips@example.net,2021-05-02
1242,Alexandra,Gonzales,Guatemala,624.652.3098x56367,michaelmejia@example.org,2020-03-01
1243,Robert,Zhang,Turkmenistan,5608418414,tstuart@example.org,2021-08-10
1244,Kayla,Martin,Tajikistan,295-682-6332x728,riverscarol@example.org,2023-07-19
1245,Caroline,Johnson,Kuwait,(762)746-8061,rparker@example.net,2024-09-07
1246,Roberto,Hall,Martinique,424-695-3162x52092,stephensonkevin@example.com,2022-10-16
1247,Jessica,Stevens,Lao People's Democratic Republic,473-325-2321,shane93@example.com,2021-01-22
1248,Rachel,Fisher,Chad,+1-271-620-9694x81070,zwright@example.org,2020-11-29
1249,Dwayne,Morrow,South Georgia and the South Sandwich Islands,001-439-565-4111x2797,sherrywalsh@example.com,2025-09-27
1250,Kayla,Ibarra,Netherlands,(455)921-3047x6558,vwhite@example.org,2025-07-27
1251,Mike,Miller,Congo,556.543.4023,lisacasey@example.net,2025-09-09
1252,Matthew,Cohen,Vanuatu,842.707.7118,dominique58@example.org,2022-08-22
1253,Garrett,Downs,Namibia,(865)854-1396x6845,davidtorres@example.org,2021-04-17
1254,Nathan,Eaton,Holy See (Vatican City State),970-476-8131,lori36@example.com,2020-12-06
1255,Ethan,Jones,Bangladesh,604.693.7069x82397,susan18@example.net,2025-05-18
1256,Cesar,Ward,Venezuela,+1-292-225-5857x703,richardwilliams@example.net,2022-12-09
1257,Christina,Colon,Falkland Islands (Malvinas),7118274298,douglas28@example.net,2024-02-16
1258,Yvette,Smith,Grenada,414.555.2399x51260,bushjeffrey@example.org,2022-05-01
1259,Teresa,Adams,New Caledonia,459.513.6380x97765,icox@example.com,2021-01-29
1260,Paula,Roberts,Cameroon,754-815-0806x466,vasquezmiguel@example.org,2020-05-14
1261,David,Marsh,Wallis and Futuna,457.306.3103x23241,oflores@example.com,2022-08-17
1262,Barry,Randall,Greenland,261.541.1632x890,jlong@example.net,2020-12-07
1263,Charles,Lynn,Vietnam,958-236-5156,greenelaine@example.net,2020-05-18
1264,Zachary,Robinson,Paraguay,581-999-8946x74130,ocobb@example.com,2020-11-26
1265,Patrick,Johnson,Samoa,5515418052,danielfletcher@example.com,2025-08-25
1266,Erin,Lozano,Fiji,(267)266-4586x821,fhutchinson@example.org,2025-10-31
1267,Kim,Buckley,Bahamas,866.828.5320x975,hrivera@example.com,2026-01-31
1268,Richard,Hernandez,Palestinian Territory,001-476-682-5888x1613,sara93@example.org,2022-09-16
1269,Cameron,Hill,Montserrat,768.476.8525,barbarawilliams@example.org,2024-10-16
1270,Rebecca,Love,Turkey,729-515-1572x270,pwilliams@example.org,2021-12-29
1271,Michelle,Brown,Palestinian Territory,+1-616-429-0585x795,elizabethchapman@example.net,2024-10-15
1272,Gregory,Carroll,Senegal,847-236-9392,thomas03@example.com,2024-05-18
1273,Sarah,Webster,Barbados,391.577.0709,jasonrobinson@example.net,2023-10-27
1274,Matthew,Sullivan,Libyan Arab Jamahiriya,557.853.4405x158,zhester@example.com,2020-02-12
1275,Taylor,Andrews,Korea,(851)787-3581x6874,colleen92@example.org,2024-01-01
1276,Erika,Patel,Heard Island and McDonald Islands,456.815.6180x91146,sbennett@example.org,2023-05-13
1277,Anthony,Garcia,Martinique,(562)919-9181,zavalatina@example.com,2024-01-25
1278,Lisa,Nguyen,Oman,5808880882,beckerreginald@example.com,2023-06-28
1279,John,Leach,Vanuatu,+1-613-764-1131x847,nbailey@example.net,2022-04-28
1280,John,Oneal,Marshall Islands,8636652104,clarkjessica@example.com,2025-10-06
1281,Sarah,Harris,Croatia,9283270287,ascott@example.net,2026-01-26
1282,Eric,Jones,Timor-Leste,+1-297-708-6214x33040,shannon71@example.org,2023-09-01
1283,Ashley,Smith,Cape Verde,870-297-1259,reyesjacob@example.com,2021-02-22
1284,Jeremy,Ali,Swaziland,(805)248-2825,palmerrandall@example.com,2020-03-17
1285,Michael,Smith,Saint Martin,(486)290-7174x00901,fuentesphilip@example.com,2021-03-31
1286,Austin,Grant,Barbados,001-647-786-4913x13970,lneal@example.org,2023-04-22
1287,Steve,Stevens,Costa Rica,(480)899-5298,patriciahoward@example.net,2022-08-21
1288,Kari,Higgins,Gibraltar,6544665860,bcox@example.net,2022-10-15
1289,Heather,Williams,Zambia,001-733-616-6479,thompsonadam@example.net,2022-05-04
1290,Kayla,Cortez,Japan,596.514.6897x972,boydbrian@example.com,2020-03-09
1291,Yvonne,Gonzales,Guernsey,890-994-3894x91932,nicole85@example.org,2023-03-31
1292,Jason,Mitchell,Tanzania,(222)483-5515x860,edwardsdavid@example.org,2021-11-01
1293,Linda,Rollins,Cook Islands,001-955-684-3026x7820,ian38@example.org,2020-01-04
1294,Morgan,Miller,El Salvador,464-695-6989,jonathan27@example.net,2021-09-11
1295,Laura,Johnson,Jordan,2557170036,sullivanmeredith@example.com,2023-01-07
1296,Alexander,Jarvis,Western Sahara,577.933.7176,harmonzachary@example.com,2023-01-30
1297,Tiffany,Edwards,Malta,994.783.2573x7234,shawn19@example.net,2025-10-04
1298,Andrew,Rice,Swaziland,374.314.5844,ltaylor@example.net,2021-12-17
1299,Thomas,Stout,Grenada,(720)432-0589,davidherman@example.net,2020-11-26
1300,Miranda,Graham,Botswana,+1-866-335-7923x5302,ericaandrews@example.net,2022-06-17
1301,Brandon,Morris,Tokelau,9088659434,angeladelgado@example.com,2023-08-05
1302,Ronald,Elliott,Guadeloupe,589-242-9518x535,daniellopez@example.org,2025-06-25
1303,Robert,Patel,United States Minor Outlying Islands,001-908-745-0065x584,gphillips@example.org,2021-09-20
1304,Jerry,Hall,Anguilla,001-696-353-0400x00849,wmcfarland@example.org,2026-02-01
1305,Xavier,Butler,Cyprus,3809768654,dennishill@example.com,2024-01-31
1306,Richard,Davenport,Lithuania,583.450.8880x12690,matthew68@example.org,2024-03-12
1307,Valerie,Rios,Czech Republic,(340)625-4748x33580,gabrielle79@example.org,2023-10-05
1308,Cynthia,Summers,Micronesia,958.966.7990x8756,hchristian@example.com,2023-05-16
1309,Kathryn,Gray,Trinidad and Tobago,(959)459-4199,samanthapeters@example.net,2020-02-09
1310,Kyle,Robinson,Hong Kong,(427)578-5319,smithgregory@example.org,2021-09-16
1311,Anna,Sullivan,New Caledonia,8007391452,sara19@example.com,2023-01-09
1312,Douglas,Mitchell,Romania,(208)797-8959,sjames@example.org,2021-04-14
1313,Kent,Ali,Faroe Islands,656.579.6494x102,jesse21@example.net,2024-07-28
1314,Connie,Fields,Holy See (Vatican City State),740-719-0878x424,micheallopez@example.com,2025-07-30
1315,Blake,Greer,Antarctica (the territory South of 60 deg S),547.704.9354x94043,cgood@example.net,2024-12-16
1316,Eric,Smith,Cayman Islands,266-865-7582,patricia50@example.org,2025-09-20
1317,Stephanie,Thomas,United States Virgin Islands,001-700-471-8510x629,pughstephanie@example.org,2024-06-20
1318,Heather,Anderson,Monaco,518-873-1722,jhansen@example.org,2023-07-03
1319,Jared,Turner,Netherlands,569.494.8025x8692,dphillips@example.com,2022-12-05
1320,David,Phillips,Madagascar,+1-610-729-9208x38858,anthonystewart@example.com,2024-09-08
1321,Stacey,Richardson,Saint Helena,2986115174,wallacejohn@example.com,2023-04-15
1322,Dorothy,Martin,Pakistan,246-712-1386x94051,kelliwallace@example.com,2020-04-15
1323,Jodi,Williams,San Marino,8723392564,nriley@example.com,2023-06-08
1324,Christopher,Murphy,Netherlands,404-879-3956,donna94@example.net,2023-05-26
1325,Jason,Short,Spain,001-753-353-4666x89178,kdavis@example.org,2025-03-02
1326,Christopher,Lowe,Rwanda,+1-489-317-1343x456,brentmercer@example.org,2024-03-27
1327,Jennifer,Pierce,Burkina Faso,(652)362-8719x9733,horr@example.net,2023-10-19
1328,Ryan,Adams,Congo,809.891.1476,qmartinez@example.org,2025-08-26
1329,Monica,Giles,Niger,(899)913-4169x860,jesse90@example.com,2023-03-19
1330,David,Barnett,Greece,+1-355-916-5700,annabridges@example.net,2025-10-15
1331,Lisa,Ford,Algeria,+1-912-205-1895,johnsonchristopher@example.com,2021-08-17
1332,David,Williams,United States Minor Outlying Islands,822.263.6417,maryforbes@example.org,2023-05-29
1333,Kevin,Cooper,Czech Republic,734-283-4480x4518,ellisonjordan@example.org,2022-09-15
1334,Jessica,Robbins,Antigua and Barbuda,(692)416-9386x7514,hamiltonbrian@example.com,2023-02-15
1335,Paul,Hernandez,United States of America,001-560-699-2031x36221,monica17@example.net,2025-01-05
1336,Ronald,Cohen,Guernsey,+1-283-543-0952x575,fmurray@example.net,2025-06-15
1337,Ronald,Parker,Bahamas,554-687-9645,shartman@example.org,2024-07-12
1338,Anita,Watkins,Uzbekistan,+1-373-897-7985x9049,wilsonmelissa@example.com,2020-12-28
1339,Chad,Hickman,Mauritania,001-636-485-3974x1624,caseymccoy@example.org,2024-05-04
1340,Jason,Lewis,Belgium,+1-276-303-4562x4824,kellyhess@example.net,2026-03-09
1341,Brian,Obrien,Argentina,001-802-430-7972x3834,mejiajohn@example.com,2023-08-29
1342,Wanda,Ponce,Cocos (Keeling) Islands,416.340.8214x53498,michellegarcia@example.org,2021-04-15
1343,Colin,Jackson,Bermuda,+1-210-363-4842x121,qmyers@example.org,2025-03-18
1344,Kyle,Benjamin,Norfolk Island,697.744.5315x636,joannsnyder@example.com,2021-05-29
1345,Cynthia,King,Ecuador,558-431-5926x17090,dominguezfrank@example.com,2021-03-20
1346,Dawn,Fuller,Belize,+1-773-969-7809x1713,ecastillo@example.com,2024-02-26
1347,Barbara,Smith,Gabon,9395663953,ganderson@example.com,2021-12-27
1348,Steven,Frazier,Puerto Rico,(244)823-7180,stevenskatherine@example.org,2025-05-08
1349,Erika,Chaney,Azerbaijan,822-244-3456,christopher00@example.net,2021-11-16
1350,Amanda,Chaney,Vietnam,001-248-518-2136x43753,garnerrobert@example.com,2021-03-09
1351,Bobby,Lopez,Tokelau,363.965.1350x10369,iwhite@example.com,2025-01-11
1352,Tristan,Murphy,Hong Kong,+1-375-688-5980,catherine13@example.com,2025-12-10
1353,Lauren,Hunter,Ukraine,001-295-477-7776,jjohnson@example.org,2021-02-12
1354,David,Smith,Armenia,001-618-805-4695,michelletapia@example.org,2021-05-01
1355,Craig,Hernandez,Cape Verde,+1-228-718-3258x963,kellyelijah@example.org,2023-03-22
1356,Robert,Edwards,Gibraltar,(420)630-1711x042,jamesmcclain@example.org,2026-02-06
1357,Tiffany,Hernandez,Cyprus,428.201.1527x3800,butlerstephanie@example.org,2023-01-04
1358,Jason,Thompson,Wallis and Futuna,896.671.2623x15708,nicholasmoore@example.org,2023-05-17
1359,Scott,Cox,New Zealand,001-319-652-2519x7583,tuckerdavid@example.com,2024-10-01
1360,Joseph,Tucker,Switzerland,656.953.7859x39139,zcamacho@example.com,2020-07-15
1361,Jessica,Brown,Bangladesh,685-204-2570,jamessanders@example.net,2022-11-19
1362,Rhonda,Bradley,Svalbard & Jan Mayen Islands,001-754-601-9151x872,bcarlson@example.org,2025-07-19
1363,Victoria,Perry,Egypt,5478953354,epeters@example.com,2025-04-21
1364,Stephanie,Morgan,Seychelles,823-741-3807,danielwatson@example.org,2022-11-19
1365,James,Villanueva,Antarctica (the territory South of 60 deg S),3816185352,alvingomez@example.org,2021-12-08
1366,Anthony,Gonzalez,Switzerland,306.792.0386x75332,frodriguez@example.net,2022-06-15
1367,Jason,James,Brunei Darussalam,(411)793-2458x6035,belinda81@example.org,2022-03-18
1368,Rachel,Moore,Guyana,7234768013,amandasmith@example.com,2020-09-09
1369,Jon,Ware,Turkey,(555)424-4351,noah68@example.com,2020-01-06
1370,Kimberly,Lawson,Botswana,+1-297-449-7329x5501,shannon79@example.net,2022-09-01
1371,Patrick,Goodwin,Greenland,+1-825-264-2349x4349,donnaross@example.net,2022-11-12
1372,Dawn,Diaz,Slovenia,602.575.3744,matthewsmith@example.com,2024-08-12
1373,Yolanda,Palmer,Poland,596.791.4223x80046,odickerson@example.com,2024-09-27
1374,Matthew,Garcia,Bolivia,+1-783-660-6770x72388,wardjared@example.net,2024-12-24
1375,Haley,Chandler,Martinique,001-989-452-1264,julie19@example.net,2023-10-17
1376,Karen,Fry,Norway,(474)656-4005,debra56@example.org,2025-04-15
1377,Andrew,James,Czech Republic,+1-575-909-5600x516,njones@example.net,2022-10-11
1378,Diane,Mcdonald,Bermuda,(753)993-8801x2672,lauren76@example.com,2020-07-08
1379,Adam,Cross,Panama,731-680-0401,shawn30@example.org,2023-02-20
1380,Brittney,Davis,Montenegro,851-951-4760,geraldsmith@example.net,2023-01-15
1381,Clifford,Simmons,Lesotho,+1-608-441-2839x76263,williamsmichael@example.org,2023-01-19
1382,Edward,Wilkerson,Falkland Islands (Malvinas),001-721-735-8805x4245,kkeller@example.net,2021-03-16
1383,Michael,Dixon,British Virgin Islands,8177404783,madelinereynolds@example.com,2020-03-14
1384,Laura,Garcia,Sao Tome and Principe,606-701-5340x087,sonyapayne@example.net,2021-05-14
1385,Erika,Mills,Guinea-Bissau,001-890-410-9784x225,nicholasrichardson@example.org,2023-11-07
1386,Zachary,Cabrera,Andorra,(920)567-2564,emily32@example.com,2020-01-14
1387,Anna,Robertson,Nigeria,(710)783-0359x92648,catherineadams@example.org,2022-02-23
1388,Jerry,Martin,Netherlands Antilles,624.809.7033x35627,michaeltaylor@example.net,2022-07-21
1389,James,Jones,Russian Federation,226-968-7830x869,brandistewart@example.net,2020-02-23
1390,Heather,Bradley,Spain,678-362-3623,jacksontheresa@example.net,2025-04-25
1391,Brooke,Tate,Equatorial Guinea,+1-946-614-5481x967,qpeck@example.org,2023-01-06
1392,Patrick,Combs,Congo,360.380.3436x58988,bruceanderson@example.org,2021-02-21
1393,Madison,Mcknight,Sao Tome and Principe,868-320-6598x85002,brendapierce@example.net,2026-02-10
1394,Brandi,Griffin,Seychelles,(727)588-1182x56330,jennifersolis@example.com,2025-11-16
1395,David,Mcclain,Cook Islands,001-861-737-5707x5328,amyreyes@example.net,2026-02-28
1396,Kristin,Richmond,Pitcairn Islands,757-540-6452x91819,martinjohn@example.net,2020-10-06
1397,Scott,Copeland,Georgia,001-676-910-6285,ofischer@example.org,2023-06-11
1398,Vanessa,Simpson,Uruguay,772-891-3022,zduke@example.com,2021-07-13
1399,Kenneth,Smith,Dominican Republic,(290)436-0620x1704,davidmckinney@example.net,2025-01-07
1400,Ashley,Gill,Latvia,+1-788-476-5871x47450,stephensdavid@example.com,2025-09-06
1401,Jeremiah,Marshall,French Polynesia,+1-679-759-7819,frivera@example.org,2020-02-18
1402,Betty,Dean,Madagascar,001-911-909-3306x326,robert00@example.net,2023-06-05
1403,Jennifer,Simon,Bangladesh,557.540.1324,jessica25@example.org,2021-04-14
1404,Barbara,Boone,Mayotte,262.306.2147,steven54@example.org,2020-10-18
1405,Natalie,James,Costa Rica,(376)352-4223x02300,sdavidson@example.com,2023-05-09
1406,Steven,Allen,Cyprus,574.474.2813x95826,qpierce@example.net,2022-08-24
1407,Kevin,Parks,Uganda,001-315-927-0152x41335,erin47@example.org,2020-12-02
1408,Cynthia,Cervantes,Saint Pierre and Miquelon,001-908-286-9931x96008,bryantgina@example.net,2025-08-30
1409,Joseph,Shaw,Armenia,507-384-4367x626,gregorycisneros@example.net,2025-01-02
1410,Kevin,Mccormick,Cocos (Keeling) Islands,744.865.4243,jordantimothy@example.org,2025-04-06
1411,Jeremiah,Heath,Papua New Guinea,+1-526-319-7573x3173,munozcory@example.net,2022-08-21
1412,Brianna,Wagner,Jersey,763-940-5973,jdonaldson@example.com,2023-03-31
1413,Andrea,Walter,French Southern Territories,(360)435-4080x8687,bethmullins@example.net,2024-03-03
1414,Patricia,Wallace,Morocco,(633)891-9815x737,kschultz@example.net,2023-12-16
1415,Edward,Mcdonald,Micronesia,484.239.9767x017,danielpeters@example.com,2023-02-16
1416,Brian,Wolfe,Canada,488-881-4919x5746,jennifer13@example.com,2022-12-08
1417,Vincent,Smith,Qatar,(855)240-6886,amanda30@example.net,2024-10-29
1418,Paul,Torres,Seychelles,728-270-4418,knguyen@example.com,2020-05-07
1419,Michael,Griffin,Belize,+1-971-826-0705,travis58@example.net,2025-10-12
1420,Jason,Eaton,Australia,001-517-765-6686x86623,smithjeffrey@example.net,2026-01-08
1421,Robin,Middleton,Dominica,+1-979-366-2786,mathismegan@example.com,2024-04-19
1422,Diana,Kerr,Pakistan,001-689-437-0623x58629,william63@example.com,2022-11-29
1423,Brent,Perez,Estonia,743-600-2913,latkins@example.org,2022-06-11
1424,Elijah,Callahan,Jamaica,4497456882,veronica35@example.org,2024-02-15
1425,Tyler,Rivers,Chile,(830)886-7300,williamthomas@example.net,2026-02-16
1426,Tracie,Heath,Hong Kong,2462546218,asutton@example.net,2023-05-14
1427,Jennifer,Stokes,Vanuatu,337.548.7735,brent77@example.net,2025-07-25
1428,Rebecca,Williams,United Kingdom,(629)493-5464x9124,johnsondebra@example.org,2021-10-05
1429,George,Kennedy,Monaco,(486)688-7025x2454,patrickjimenez@example.org,2021-02-25
1430,Alejandra,Clark,Saint Kitts and Nevis,953.588.0961x8793,edwinlong@example.org,2021-02-21
1431,Jennifer,Herrera,Malta,(324)428-3045x5885,asmith@example.com,2023-02-07
1432,Kara,Anderson,Iraq,8342959072,greencarolyn@example.org,2022-05-16
1433,Christopher,Gonzalez,Cambodia,241.613.3163x295,stevensutton@example.com,2021-11-10
1434,Joyce,Jenkins,Equatorial Guinea,954.534.7203,robinbates@example.org,2020-10-21
1435,Heather,Shepherd,Saint Helena,+1-754-227-7848x28161,sullivantina@example.com,2024-12-29
1436,Javier,Williams,Dominican Republic,748.489.3421x7387,nicholschristopher@example.com,2025-08-13
1437,Kevin,Perez,United States of America,001-434-946-9533x703,longdonna@example.net,2024-10-08
1438,Patricia,Long,Tajikistan,(879)687-9799x85948,vanessaparrish@example.com,2023-11-16
1439,Connor,Moore,New Zealand,(232)740-1750,kevinmeyers@example.net,2024-04-02
1440,George,Woods,Mayotte,001-709-568-2923x7189,bairdcandice@example.net,2023-05-18
1441,Tyler,James,Mali,+1-620-976-7283,phyllis12@example.com,2024-05-02
1442,Devin,Johnson,Mozambique,+1-852-509-3692x3441,gloverchase@example.net,2020-07-02
1443,Rachel,Johnson,French Polynesia,(556)838-7950x0906,rcole@example.net,2021-08-07
1444,Sara,Melton,Jersey,001-714-979-7295x58909,wwalton@example.net,2026-02-09
1445,Greg,Schultz,Congo,001-652-685-5955x808,townsendjames@example.com,2024-06-22
1446,Derek,Fuller,Libyan Arab Jamahiriya,422.345.9304x0232,emiller@example.com,2026-02-05
1447,Dustin,Daniels,Bermuda,001-580-651-2492x74097,john57@example.org,2021-10-23
1448,Jasmine,Williams,Isle of Man,001-690-574-2244x110,melanie27@example.net,2024-05-06
1449,Elizabeth,Griffith,Suriname,321-444-7704,mgutierrez@example.net,2025-08-04
1450,Kristina,Sullivan,Brazil,+1-933-934-0725,roberthiggins@example.org,2020-11-12
1451,Shawn,Dickerson,Palestinian Territory,(643)372-1398x457,michaelrogers@example.org,2021-09-13
1452,Dennis,Thomas,Rwanda,286-732-5520x45338,whorton@example.com,2023-08-22
1453,Kyle,Mitchell,Vietnam,583.509.8764,woodsydney@example.org,2021-11-11
1454,Patricia,Howard,Mongolia,(913)470-4176,swalker@example.org,2020-01-21
1455,Nathan,Whitaker,Cuba,(416)968-3280x782,gina08@example.org,2024-07-09
1456,Laurie,Morgan,Montenegro,772.990.7484,rosswalter@example.com,2024-03-07
1457,Joseph,Jarvis,Falkland Islands (Malvinas),001-458-216-5196,nnewman@example.net,2024-01-16
1458,Shelby,Salinas,Poland,568-840-9287x687,perry30@example.org,2020-01-25
1459,Benjamin,Garcia,Bhutan,574-331-8814,brian96@example.com,2020-11-15
1460,Timothy,Peterson,Qatar,593.581.0604x8206,iherrera@example.com,2020-04-19
1461,John,Price,Paraguay,743-549-3949x95057,emily42@example.net,2022-06-10
1462,Monica,Yoder,Switzerland,+1-690-946-7921x851,singhheather@example.org,2020-07-23
1463,Kathleen,Mayo,Bahamas,+1-821-345-9096,torreschristopher@example.com,2022-12-19
1464,Christopher,Combs,Namibia,212-345-8422x40130,david84@example.org,2026-02-19
1465,Jonathon,Good,Cocos (Keeling) Islands,223-878-7707x0772,hroberson@example.net,2025-08-30
1466,Jacob,Carter,Brunei Darussalam,001-820-851-6505x2351,shawn43@example.com,2026-01-19
1467,David,Wyatt,Tokelau,001-707-641-9426,scottsean@example.com,2020-12-20
1468,Deborah,Peterson,Cyprus,295-271-1883x1210,james26@example.net,2026-01-17
1469,Scott,Mayer,Burundi,499-413-5497x1915,wallacejoseph@example.net,2020-01-09
1470,Brian,Jackson,Kazakhstan,768.454.5148x275,daughertyjason@example.net,2022-01-18
1471,Ashley,Schmidt,Cameroon,473.272.6572,justin68@example.net,2026-01-28
1472,Jennifer,Romero,Tunisia,587.774.8526x2184,sharon70@example.net,2021-10-22
1473,Amanda,Nunez,Ecuador,(794)343-8498x439,cassandra80@example.com,2021-08-20
1474,William,Williams,Croatia,413.429.6945,jackie59@example.com,2020-06-20
1475,John,Simpson,Cuba,6129744435,ewood@example.com,2025-07-06
1476,Jonathan,Lee,United Arab Emirates,476-414-5561x42801,leslie14@example.org,2020-10-10
1477,William,Lane,Hungary,+1-816-584-5091x8138,rangelelizabeth@example.com,2025-04-02
1478,Michaela,Guzman,Burundi,633.211.2247x1443,robert73@example.com,2022-07-14
1479,Jessica,Carpenter,Sao Tome and Principe,001-874-696-3680x086,andrealee@example.com,2021-03-22
1480,Mary,Cain,Slovenia,(967)818-5622,taylorjones@example.com,2025-04-22
1481,Amy,French,Singapore,5653024436,christophertrujillo@example.net,2024-01-15
1482,Robert,Cox,Georgia,(614)694-3441x69574,williamwhite@example.org,2023-06-28
1483,Todd,Strong,Puerto Rico,384.741.9267,dorothymitchell@example.net,2020-02-28
1484,Tina,Washington,Swaziland,9208042632,robinsontimothy@example.net,2022-12-25
1485,Stephen,Reynolds,Indonesia,762-547-1559,manderson@example.org,2020-01-01
1486,Sarah,Young,United States of America,3686895389,wmayer@example.net,2025-01-01
1487,Joshua,Navarro,Costa Rica,001-746-571-6382x7928,zatkins@example.net,2021-05-13
1488,Amy,Gibson,Brunei Darussalam,001-652-584-3228x36905,leeelizabeth@example.com,2022-01-28
1489,Kaitlyn,Stephens,Peru,+1-576-375-9175x3381,seanpeck@example.org,2021-06-11
1490,Tamara,Ramos,Dominican Republic,953.263.5387x5315,kellysara@example.com,2023-08-22
1491,Christina,Holland,Cambodia,204.291.6527x53300,pamela11@example.net,2021-10-18
1492,Judy,Cain,India,707-543-4791x5420,kristen42@example.com,2023-08-21
1493,Tanner,Bates,North Macedonia,7087815315,hhudson@example.org,2022-11-14
1494,Holly,Baker,Syrian Arab Republic,616-731-2971x5929,qreese@example.com,2020-12-24
1495,Jennifer,Johnson,Iceland,976-301-6238x943,danny60@example.com,2021-04-09
1496,Desiree,Cunningham,Korea,865-864-5495x4606,trangel@example.org,2026-01-05
1497,Melanie,Collier,Korea,001-875-504-9794x33858,pattersonleslie@example.org,2025-06-28
1498,Peter,Jacobs,Papua New Guinea,947-795-3516,shannonjose@example.net,2025-02-22
1499,Patrick,Wilson,Slovakia (Slovak Republic),954.922.2863x269,virginiajones@example.net,2020-11-30
1500,Kristine,Robertson,Bouvet Island (Bouvetoya),6134416642,clarkdominic@example.org,2021-04-27
1501,Andrea,Fisher,Poland,705-200-2221x220,awebster@example.org,2025-11-22
1502,Hector,Davis,Liechtenstein,(255)488-1147x207,rebeccaclark@example.net,2023-04-23
1503,Charles,Holmes,Grenada,253-591-9973x13055,fordmichael@example.net,2024-02-21
1504,Brandi,Powell,Morocco,(815)842-6856,obrooks@example.org,2025-03-18
1505,Donald,Gray,South Georgia and the South Sandwich Islands,607-202-3414x4054,brian72@example.net,2021-10-09
1506,Michelle,Daniels,Benin,736-967-8202,alfredfernandez@example.net,2020-09-07
1507,Trevor,Townsend,Timor-Leste,645.345.0669x7950,alexisedwards@example.net,2024-04-12
1508,Karen,Sims,Sao Tome and Principe,(623)240-5512x0792,gonzalessarah@example.com,2021-08-29
1509,Erin,Lewis,Philippines,(603)581-1029x3911,garzakayla@example.net,2023-01-04
1510,Jeremy,Gamble,Somalia,(436)868-0263,deborahlane@example.org,2022-04-04
1511,Regina,Vargas,Croatia,798-330-2468,danielle86@example.com,2020-08-24
1512,Hector,Wiggins,Malaysia,856-241-5393,dgibson@example.com,2024-02-29
1513,Robert,Thompson,Peru,227.776.5487,emiller@example.org,2023-03-22
1514,Teresa,Rodriguez,Jamaica,001-666-348-7807,fisherdenise@example.com,2021-12-13
1515,Mary,Fuentes,Sao Tome and Principe,925.926.7498,jose22@example.net,2021-01-13
1516,Elizabeth,Barnes,Zambia,866-565-7536,amandamurphy@example.org,2023-05-07
1517,Karen,Gibson,Serbia,(323)571-3085,wigginsjoshua@example.net,2025-04-02
1518,Ray,Perkins,Czech Republic,+1-808-901-3799x869,smallvanessa@example.net,2025-05-22
1519,Andrew,Munoz,Czech Republic,(985)333-4110x828,owilliams@example.org,2021-06-16
1520,Blake,Carey,Brunei Darussalam,909-888-0030,dmartin@example.net,2022-03-21
1521,Michael,Hale,Aruba,001-209-818-6894,pwheeler@example.net,2024-01-01
1522,Blake,Jones,Cyprus,001-318-957-1779x698,valenciaamanda@example.com,2024-05-10
1523,Lauren,Kennedy,Botswana,001-605-336-8932x3260,edwarddavis@example.com,2023-06-15
1524,Joy,Elliott,Zambia,605.601.7053x41640,luis92@example.net,2020-09-10
1525,John,Murray,Ethiopia,411.513.0708,hsnyder@example.org,2021-03-08
1526,Regina,Jackson,Tokelau,(574)441-5851x726,nphillips@example.com,2025-08-26
1527,Amy,Ruiz,United Kingdom,+1-235-917-9260x8001,joseph12@example.org,2025-05-22
1528,Kyle,Smith,Costa Rica,(283)529-8799x8684,matthewsrichard@example.org,2023-03-13
1529,Danny,Jimenez,Cape Verde,+1-799-732-1784x2858,dennisgoodman@example.com,2025-03-06
1530,Stephen,Woods,Northern Mariana Islands,743.773.1556x65991,daniellong@example.com,2020-01-30
1531,Andrea,Rodriguez,Saint Helena,521-967-9698x051,icarr@example.org,2021-05-15
1532,Molly,Lopez,Marshall Islands,+1-651-907-4440,vpowell@example.org,2021-09-24
1533,Elizabeth,Frazier,Uganda,644-571-4620,adkinsdonna@example.com,2020-12-24
1534,Michael,Soto,Andorra,(936)881-6040x1382,colleen02@example.net,2023-01-24
1535,Brittany,White,British Indian Ocean Territory (Chagos Archipelago),001-234-587-3789,rhodesdaryl@example.com,2023-10-05
1536,Regina,Richardson,Isle of Man,714.727.2511,scottmurphy@example.com,2021-08-13
1537,Paul,Nelson,Sri Lanka,851-726-4385x327,marywalker@example.net,2020-04-22
1538,Krista,Bates,Egypt,(896)259-0690,jenniferkennedy@example.net,2023-11-25
1539,Sherry,Wilson,Saint Barthelemy,001-771-360-3264x716,amber47@example.net,2020-05-09
1540,Tricia,Phelps,Comoros,447-580-0195x8850,floresjohn@example.net,2024-10-02
1541,Jeremy,Knight,Sri Lanka,5785991289,tammienorman@example.org,2023-06-03
1542,Timothy,Nelson,Nicaragua,872-610-1033,ryan52@example.net,2024-03-27
1543,Kendra,Perez,Mozambique,581.285.7837,vazquezlarry@example.org,2021-05-25
1544,Lori,Landry,Saint Lucia,562.970.1341x0355,cooleyangela@example.org,2025-04-19
1545,Bradley,Scott,Russian Federation,(539)947-1287x085,caldwelltimothy@example.net,2024-05-23
1546,Daniel,Johnson,Chad,887-472-5469,stephenmiller@example.com,2022-09-02
1547,Benjamin,Davidson,Heard Island and McDonald Islands,249-267-1679x15558,cmeyer@example.com,2024-03-06
1548,Bobby,Kent,Slovakia (Slovak Republic),(955)558-3112,pbriggs@example.org,2026-01-31
1549,Nathan,Medina,United States of America,461.686.6760,smithlaurie@example.net,2021-05-17
1550,Dawn,Hale,Anguilla,295-872-3185x358,misty83@example.net,2021-10-23
1551,Stephen,Medina,Holy See (Vatican City State),810-952-6407,shermandanny@example.net,2024-09-15
1552,Jennifer,Brown,Malta,(480)914-2592x802,ofitzgerald@example.net,2021-09-13
1553,Anthony,Black,Togo,+1-412-229-8803,owensrobert@example.com,2024-02-21
1554,Caleb,Jackson,Samoa,(691)623-1633,harriselizabeth@example.net,2024-05-12
1555,Jerry,Pratt,Philippines,001-466-258-1015x556,garciaderek@example.net,2026-02-16
1556,John,Johnson,Ecuador,001-411-658-8195,taradiaz@example.org,2022-06-16
1557,Thomas,Swanson,Venezuela,(520)527-3782,wwilliams@example.com,2020-05-04
1558,Cynthia,Davis,Guinea-Bissau,373.793.9315,millerfrances@example.com,2022-05-30
1559,Robert,Mann,Western Sahara,762.833.6385,susancasey@example.org,2022-07-01
1560,Phillip,Ruiz,China,+1-464-362-8668x7404,davenportsteven@example.com,2023-01-06
1561,Henry,Murphy,Samoa,+1-232-779-9533x2527,olopez@example.com,2021-05-26
1562,Brittany,White,Greenland,950.866.3868x960,troydavis@example.com,2020-04-11
1563,Tammy,Watson,El Salvador,001-884-663-7350x659,rollinsandrew@example.net,2022-10-19
1564,Jennifer,Moody,Antigua and Barbuda,(206)628-0164,audreymaxwell@example.com,2025-02-06
1565,John,Liu,Turks and Caicos Islands,863-547-3111x48820,brianlopez@example.com,2025-01-11
1566,Brittney,Reeves,Singapore,(360)621-9831x77622,wolfejames@example.net,2025-10-29
1567,Jessica,Callahan,South Africa,824.738.2307x175,bjackson@example.com,2021-08-03
1568,Michael,West,Latvia,+1-317-689-0793x3455,linicole@example.com,2021-12-06
1569,Joseph,Smith,Zimbabwe,410.542.3404,vsheppard@example.net,2020-06-28
1570,Kevin,Bailey,Guinea-Bissau,(672)530-2343,georgemiddleton@example.org,2021-04-22
1571,Thomas,Klein,Saint Pierre and Miquelon,333.448.7969x234,hernandezmegan@example.com,2020-09-23
1572,Karen,Turner,Bangladesh,841-996-2696x778,lauriewilliamson@example.net,2023-10-08
1573,Darren,Armstrong,Bosnia and Herzegovina,001-900-525-0207x49492,jose41@example.net,2020-03-11
1574,Anthony,Brown,Cuba,001-955-794-7346x55171,garzatimothy@example.org,2021-12-02
1575,Brandon,Dennis,Uruguay,8366581840,rsmith@example.com,2021-08-30
1576,Howard,Russell,Netherlands Antilles,216-963-1447,kirkallen@example.org,2026-01-24
1577,Anthony,Lopez,Iraq,+1-506-901-2591,valerie13@example.org,2022-03-19
1578,Brandy,Stone,Uzbekistan,+1-709-968-0412,william54@example.com,2021-06-06
1579,Jake,Bradshaw,Jersey,834.207.9706,ashley34@example.com,2025-11-21
1580,Jessica,Smith,Ecuador,9877699805,efields@example.net,2024-10-10
1581,Matthew,Oconnell,Kiribati,561.685.2643x751,donald61@example.net,2025-02-17
1582,Michael,Murphy,Belarus,(589)890-8906x90180,ihammond@example.com,2023-10-17
1583,Philip,Watts,Panama,715-532-2912,wheelerjerry@example.net,2023-07-30
1584,Melissa,Guzman,United Arab Emirates,(927)269-8306,andrea47@example.com,2021-12-11
1585,Randall,Haynes,United States of America,3808344849,dwilson@example.com,2023-08-23
1586,Andrew,Juarez,Romania,272-371-4389x628,graypatricia@example.com,2025-09-16
1587,Raymond,Franklin,Eritrea,(239)605-0381x0983,perkinsjoshua@example.net,2021-07-11
1588,Danielle,Ballard,Pakistan,+1-964-668-4780x36536,fitzgeraldmegan@example.net,2020-05-12
1589,Marvin,Steele,Greenland,525.349.4480x3488,dianamorgan@example.com,2023-09-15
1590,Tyler,Freeman,Guadeloupe,001-725-677-2411x1850,zreese@example.com,2020-07-21
1591,Todd,Carson,Marshall Islands,464.892.4904,bcardenas@example.com,2023-07-16
1592,Paul,Arnold,Portugal,(722)559-3772,amy38@example.com,2023-03-09
1593,Tyler,Lee,Antigua and Barbuda,553-426-5687,rvelasquez@example.org,2025-02-18
1594,Kelly,Rogers,Argentina,535-421-0457,paige83@example.net,2023-04-16
1595,Charles,Ford,Antigua and Barbuda,+1-200-533-3342x64105,qmartinez@example.org,2022-01-10
1596,David,Suarez,Mexico,001-369-898-2552x816,nnguyen@example.com,2023-12-30
1597,Rebecca,Taylor,French Southern Territories,751.645.8192x2326,washingtonhannah@example.org,2023-10-17
1598,Andrea,Anderson,Jordan,(869)727-3630,castillolisa@example.com,2022-04-30
1599,Donna,Dunn,Papua New Guinea,690-895-3812x676,lichristine@example.net,2021-08-11
1600,Renee,Mejia,Norway,796-453-9864x17389,linda89@example.net,2026-01-15
1601,Darryl,Floyd,Thailand,522.404.4750x04937,manningkevin@example.com,2024-08-20
1602,Lisa,Anderson,Belize,001-583-499-1937,sanderslori@example.net,2020-10-13
1603,Linda,Mcbride,Saint Helena,980.809.4974x751,psharp@example.net,2023-06-15
1604,Patrick,Ali,Ethiopia,+1-613-645-9159,linda10@example.org,2023-07-21
1605,Karen,Garcia,Finland,(858)903-8455,david37@example.com,2024-12-07
1606,Janet,Curry,Namibia,001-431-224-9542x6716,amberschmidt@example.com,2020-07-08
1607,Samantha,Mills,Belgium,321.546.1783,smacdonald@example.com,2024-12-27
1608,Robert,Lopez,El Salvador,+1-851-859-4138x9909,laura14@example.net,2020-07-03
1609,Sara,Frost,Somalia,421-960-8039x34195,bmoreno@example.net,2021-03-04
1610,Brandon,Myers,Isle of Man,+1-267-423-5516x379,frances00@example.net,2023-01-16
1611,Ashley,Macdonald,Finland,(306)406-1759,laurawatson@example.org,2025-06-18
1612,Daniel,Griffin,Senegal,317.537.4716,ryan11@example.net,2023-07-10
1613,Julie,Clayton,Guadeloupe,(456)417-7206x4476,neaton@example.com,2021-06-11
1614,Kathleen,Vargas,Montserrat,5258572910,monicajames@example.com,2021-10-01
1615,Jacob,Howard,Ethiopia,001-298-302-6682x843,tho@example.com,2025-09-24
1616,Dylan,Wade,Denmark,(567)606-1607,emily53@example.com,2022-09-19
1617,Jeffrey,Washington,Afghanistan,(729)519-1091x8446,ashley72@example.net,2020-06-14
1618,Karina,Carter,Eritrea,518-372-9068x457,justin54@example.com,2022-08-21
1619,Stephanie,Haas,Belarus,380.203.3082,chunt@example.com,2021-01-11
1620,Bonnie,Moreno,Oman,001-540-244-3622x938,villegasmonica@example.com,2024-11-08
1621,Amanda,Ayala,Guyana,775-955-9930x059,curtisthompson@example.org,2021-08-25
1622,Charles,Torres,Iraq,+1-224-650-3703x85919,howelljeffrey@example.com,2020-01-15
1623,Cassandra,Horne,Montenegro,805-796-6560,trevor36@example.net,2020-11-06
1624,Charles,King,Antarctica (the territory South of 60 deg S),(796)763-0734,cummingsjeremy@example.net,2024-01-01
1625,Karl,Woodard,Faroe Islands,+1-725-439-9964,kara97@example.net,2024-02-29
1626,Alexis,Smith,Cook Islands,(944)340-6435,jason49@example.net,2025-03-16
1627,Shane,Thompson,Montenegro,717-400-8488x27734,qwheeler@example.net,2025-12-21
1628,George,Duke,Romania,936.621.7357x383,jenkinsnichole@example.com,2023-02-01
1629,Heather,Harrison,Belarus,(585)745-5115x142,hugheswalter@example.org,2025-04-06
1630,Troy,Johnson,Fiji,001-923-834-8411x084,xodom@example.net,2021-01-06
1631,Adam,Lloyd,Nauru,001-489-221-9131x126,billy59@example.net,2023-07-18
1632,Joe,Williamson,French Southern Territories,001-880-483-9857x95131,briana83@example.org,2023-01-13
1633,Steven,Smith,Maldives,+1-756-720-4141x2861,milesmolly@example.org,2023-02-01
1634,Seth,Gibson,Moldova,889.806.4708x21319,melinda87@example.com,2022-06-15
1635,Janice,Barnes,Chile,+1-969-734-6868x342,alicheryl@example.net,2024-03-30
1636,Katherine,Jones,Grenada,(665)934-5424x33349,terryray@example.org,2022-05-17
1637,Michael,Harris,Vanuatu,(834)777-5255,ericahampton@example.net,2026-01-09
1638,Christy,Wagner,Holy See (Vatican City State),001-372-954-6734x3546,roweanna@example.org,2020-03-15
1639,Jennifer,Johnson,Belize,+1-733-687-9195x218,monica91@example.org,2026-01-05
1640,Anthony,Vazquez,Czech Republic,+1-446-502-1883,ashleybenson@example.com,2020-07-26
1641,Jennifer,Miles,Martinique,+1-350-402-7250x860,dlopez@example.org,2020-09-03
1642,Nicholas,Gross,Panama,672-786-2911x14422,mrodriguez@example.org,2020-01-10
1643,Robert,Simon,Falkland Islands (Malvinas),001-741-781-6440x630,julia41@example.net,2022-11-29
1644,Albert,Lewis,Saudi Arabia,001-268-675-7127x987,cnguyen@example.com,2025-10-02
1645,Robin,Freeman,Uzbekistan,579.950.4895x8655,drich@example.org,2024-11-04
1646,Joshua,Solis,Guinea-Bissau,7992953594,daniel74@example.com,2025-07-22
1647,Tammie,Hernandez,Sierra Leone,561-786-4221x073,angela90@example.org,2020-11-12
1648,Teresa,Johns,Japan,(630)327-8121,jenniferellis@example.org,2021-09-21
1649,Jose,Chen,Greece,(774)790-8446x3418,cynthiagonzalez@example.org,2022-04-18
1650,James,Walton,Pakistan,776-272-7033x88449,jamesbaird@example.org,2020-01-06
1651,Yolanda,Martinez,Kazakhstan,001-210-565-5412x941,lindawaters@example.org,2023-01-22
1652,Tyler,Soto,Bolivia,681-937-3048x0528,beckerlisa@example.org,2020-02-19
1653,Donald,George,Uganda,+1-539-683-4246x08541,dawn31@example.org,2020-03-06
1654,Emma,Garcia,Mali,677-459-0813x187,lewisneil@example.com,2023-11-24
1655,Alexandra,Lindsey,China,(284)699-6436,hartmanmichael@example.net,2024-04-09
1656,Gabriela,Dean,Afghanistan,+1-816-854-9269x4635,aguirrejoe@example.net,2023-02-05
1657,Zachary,Farrell,Cambodia,558-944-2456x09964,matthewstephenson@example.org,2020-07-03
1658,Heather,Novak,Dominican Republic,(608)420-4417x6939,joneslauren@example.com,2022-06-14
1659,Tracey,Miller,Czech Republic,473-355-4541x89638,mckenziejose@example.com,2021-06-30
1660,Carolyn,Moore,Cayman Islands,685-817-0920x57531,tayloreric@example.org,2021-06-28
1661,Jamie,Marshall,Russian Federation,+1-848-364-2820x70422,joseph30@example.org,2021-03-19
1662,Bryan,Carr,San Marino,+1-745-371-2725x26495,kmassey@example.org,2023-11-30
1663,Charles,Edwards,Mayotte,460.821.5706,carolynadams@example.net,2025-05-20
1664,Haley,Jenkins,Nicaragua,5845671554,rosshannah@example.org,2020-07-24
1665,William,Fitzgerald,Denmark,+1-507-536-4066x7130,danielcooley@example.net,2025-05-01
1666,Brian,Serrano,Iceland,907.221.6473x612,christophernichols@example.org,2025-03-10
1667,Keith,Jordan,Northern Mariana Islands,254.692.6337x314,aaron89@example.net,2025-05-21
1668,Jennifer,Oconnor,Ghana,(785)273-4785x62456,aaron23@example.com,2025-12-23
1669,John,Cooper,Svalbard & Jan Mayen Islands,368-231-1578x56374,anne14@example.net,2023-02-28
1670,Timothy,Brown,Sao Tome and Principe,+1-454-524-1185,keithcosta@example.net,2021-05-11
1671,Julie,Clayton,Zambia,+1-567-988-2251x11754,taylorwesley@example.net,2025-08-27
1672,Kelly,Johnson,Sweden,001-840-432-1296x60983,lbridges@example.org,2024-05-01
1673,Kenneth,Owens,Svalbard & Jan Mayen Islands,211.996.4466x949,barnettnatalie@example.org,2024-12-10
1674,Marcus,Jackson,Pitcairn Islands,999-510-0092,kelleyevan@example.com,2023-04-25
1675,Leonard,Wood,Israel,001-485-675-3801x217,jonathanellis@example.com,2024-03-29
1676,Rebecca,Osborn,Jamaica,001-777-435-0051x8065,jordan39@example.net,2025-04-06
1677,Ricky,Bond,Angola,637.723.3460,gonzalezjesse@example.com,2022-05-15
1678,Laura,Rodriguez,Netherlands,280-206-3799x58235,jamesward@example.com,2021-08-14
1679,Christopher,Long,Christmas Island,001-312-762-5851x712,hopkinsjohn@example.com,2025-11-17
1680,Christine,Simon,Nauru,(959)322-2852,mistyobrien@example.org,2021-07-17
1681,Joe,Dyer,American Samoa,+1-750-275-1986x14165,ubriggs@example.org,2023-12-18
1682,James,Case,Luxembourg,(673)580-0387,danielberry@example.org,2024-01-11
1683,Christina,Perkins,Israel,(335)716-3542,deniserivera@example.net,2020-10-19
1684,Erica,Murphy,French Guiana,(847)999-8084x988,slopez@example.net,2025-08-04
1685,Kimberly,Lawrence,Bouvet Island (Bouvetoya),329.489.4892x866,brucehughes@example.com,2025-01-25
1686,Gerald,Alexander,Cape Verde,272-503-1314x9274,jefferygonzalez@example.org,2023-06-21
1687,Terri,Holmes,Germany,7614493421,matthew36@example.com,2022-11-15
1688,Kelly,Evans,New Caledonia,(573)546-3737x5169,christianbrian@example.org,2020-03-25
1689,Megan,Mcknight,Comoros,001-665-223-8543x765,anthony18@example.org,2022-04-11
1690,Melanie,Dyer,Guadeloupe,512-631-0743x407,kaylalogan@example.com,2025-01-14
1691,Jay,Nguyen,Montenegro,(241)942-1356x25059,orobinson@example.net,2021-12-16
1692,Cynthia,Lewis,Italy,869-435-2076,walshrobert@example.org,2023-01-29
1693,Thomas,Ortiz,Guam,001-218-906-2201x8363,snyderdaniel@example.com,2024-05-15
1694,Matthew,Cruz,Sri Lanka,254-487-8996,bstevens@example.org,2022-07-06
1695,Vicki,Rojas,Central African Republic,(387)449-7261x0207,jenniferwalters@example.com,2023-08-06
1696,Maureen,Spencer,Bangladesh,937.753.7136,erica65@example.net,2022-04-04
1697,Alicia,Smith,Palestinian Territory,531.521.8288,melissairwin@example.com,2023-04-18
1698,Stacie,Taylor,Yemen,001-326-879-0188x549,wbutler@example.net,2023-08-24
1699,Lindsay,Moore,Grenada,(368)351-5693x8537,traci99@example.com,2022-05-08
1700,Connor,Simmons,Madagascar,(419)977-7011x1422,hoganchristine@example.net,2023-12-24
1701,George,Cooke,Costa Rica,(457)238-4129x9686,uparker@example.org,2020-02-29
1702,Jeremy,Serrano,Norway,298-709-9797,franciscocontreras@example.com,2022-01-10
1703,Jennifer,Lee,Belgium,282.984.8861,beckkathryn@example.com,2021-10-28
1704,Eric,Mcgee,Peru,245.669.8494x06702,brandon35@example.com,2020-06-02
1705,Kyle,Cook,Swaziland,824.506.3887,walterbilly@example.com,2025-11-27
1706,Susan,Mccarty,United Kingdom,001-393-968-9694x583,mejiarobert@example.net,2023-07-31
1707,James,Brown,Germany,9116443271,joshua32@example.net,2024-11-19
1708,Leah,Cohen,Thailand,664-663-8553,scott80@example.org,2022-04-30
1709,Dana,Wu,Poland,001-283-751-2153x60637,melaniekirby@example.com,2024-02-21
1710,Brian,Deleon,New Zealand,5655887512,kathyjones@example.net,2025-01-31
1711,Nathan,Wallace,Burundi,+1-828-921-6989x5438,jonathanlee@example.net,2021-08-07
1712,Janet,Wood,Solomon Islands,301.692.8812x2275,hwinters@example.com,2026-03-05
1713,Logan,Jackson,South Africa,956-368-9466x7819,okerr@example.net,2020-09-28
1714,Kevin,English,Korea,(701)651-1187x63749,greg67@example.com,2021-05-21
1715,Michael,Valdez,Morocco,746.249.4557x466,cummingsmark@example.net,2022-08-09
1716,Kevin,Wagner,American Samoa,+1-444-500-2151x4030,jeremy10@example.com,2023-08-27
1717,Tyler,Hernandez,Christmas Island,264.533.2873,mary90@example.com,2024-11-26
1718,Gabrielle,Castillo,United Arab Emirates,475.883.8625x5342,ryansara@example.com,2024-09-09
1719,Catherine,Hopkins,Zimbabwe,6365757705,turnerscott@example.net,2020-11-02
1720,Jamie,Pineda,Georgia,724.354.3178,hallandrew@example.net,2021-08-21
1721,Edward,Pugh,Nauru,341.861.7742,jamesbauer@example.org,2020-11-01
1722,Nathan,Wagner,Algeria,267.960.9155x8905,erinadams@example.net,2024-12-23
1723,James,Chandler,Saint Pierre and Miquelon,(947)234-1448x584,nancypatterson@example.net,2022-08-20
1724,Edwin,Velazquez,Armenia,+1-257-410-1529x6322,charleschavez@example.org,2026-01-09
1725,Michelle,Pierce,Saudi Arabia,+1-700-217-3451,phillip28@example.org,2021-09-02
1726,Rachel,Wells,Bahrain,(380)473-2419,moralescourtney@example.org,2021-01-31
1727,Tara,Ortiz,Cuba,759-934-3853x52557,alec17@example.net,2021-09-20
1728,Michael,Sherman,Japan,343.785.5727x678,georgehernandez@example.com,2025-06-15
1729,Tiffany,Mcdonald,Bouvet Island (Bouvetoya),615.469.8319x94601,markbryant@example.net,2024-10-06
1730,William,Ashley,Pitcairn Islands,001-880-754-6505x94974,samantha15@example.org,2022-02-01
1731,David,Mcclain,Turks and Caicos Islands,624-441-8707x2566,vmiller@example.com,2022-05-27
1732,John,Macias,Zimbabwe,+1-567-439-1491,uwashington@example.org,2023-02-17
1733,Vincent,Warner,Brazil,591.729.4387x36909,omartinez@example.com,2025-10-29
1734,Lauren,Williams,Barbados,001-604-796-2853,dhumphrey@example.net,2022-12-17
1735,Ricardo,Dunn,Romania,(890)558-2976,teresa50@example.com,2021-11-07
1736,Samantha,Fox,Tonga,001-301-260-3672x020,kaitlyn88@example.org,2020-08-29
1737,Craig,Garrison,Georgia,(279)515-6170x000,colonnicole@example.com,2020-01-28
1738,Michelle,Conner,Libyan Arab Jamahiriya,(761)236-2954,davisbrandon@example.org,2024-07-01
1739,Pamela,Robinson,Guyana,(810)494-8940x0040,mariacarpenter@example.net,2025-07-12
1740,Lori,Reynolds,Yemen,+1-318-919-4474x551,julia46@example.com,2023-09-29
1741,Chad,Gay,Turkmenistan,(333)366-5385,wangbonnie@example.org,2021-03-31
1742,Claudia,Wilson,Korea,001-446-238-0818x66246,rickey67@example.com,2025-08-18
1743,April,Diaz,Chad,001-556-284-3316x8430,heather89@example.org,2024-08-18
1744,Latoya,Evans,Solomon Islands,(493)392-7880x3961,jsmith@example.com,2020-06-06
1745,Kathleen,Sharp,Jamaica,435-237-7793x6105,garciachristopher@example.com,2024-05-21
1746,Rachel,Nichols,Norway,(220)946-8304x246,rebeccalawson@example.com,2024-08-06
1747,Jason,Smith,Andorra,532.535.0684x349,joshua24@example.org,2021-10-31
1748,Christopher,Smith,Central African Republic,777.594.6963,igarcia@example.net,2025-04-01
1749,Kathleen,Johnson,Palau,001-975-600-7804,hfarrell@example.com,2020-03-18
1750,Jay,Pearson,Bosnia and Herzegovina,745-811-4463,mark41@example.net,2020-06-19
1751,Matthew,Austin,Benin,001-412-814-1826x9618,alfred14@example.net,2025-01-05
1752,Margaret,Johnson,Vanuatu,5399181763,normansarah@example.net,2024-01-28
1753,Jacob,Warren,Anguilla,(294)328-7285x521,bnash@example.org,2023-08-16
1754,Nicole,Browning,Algeria,+1-212-436-9764,ashley70@example.com,2022-12-01
1755,Deborah,Williams,Gibraltar,(655)242-3132x47780,baldwinamanda@example.org,2021-07-11
1756,Douglas,Burns,Papua New Guinea,958-462-8417x98011,andrewhernandez@example.org,2024-03-03
1757,Crystal,Stone,Bouvet Island (Bouvetoya),001-342-465-1287,cody90@example.org,2021-12-15
1758,Shawn,Campbell,Singapore,432-962-6162,david02@example.net,2023-04-08
1759,Jon,Robinson,Mauritania,738.782.4639,stewartsherry@example.com,2025-09-12
1760,Martha,Mitchell,Saint Vincent and the Grenadines,(923)670-3078,breweredwin@example.org,2021-06-12
1761,Brenda,Gibson,Cayman Islands,6328310941,daviddunn@example.org,2020-04-29
1762,Matthew,Roy,Nicaragua,3277386953,jillramirez@example.com,2023-06-17
1763,Vincent,Kennedy,United States of America,971.790.8432x6861,ahudson@example.com,2022-07-25
1764,Elizabeth,Shepard,Pitcairn Islands,430-522-5983x45383,lindabishop@example.net,2024-06-19
1765,Samuel,Johnson,Seychelles,001-667-834-1407x949,vtyler@example.org,2022-01-11
1766,Cody,Allen,Togo,569-292-7150x026,virginiagriffin@example.net,2025-01-11
1767,Andrew,Shannon,Slovakia (Slovak Republic),(587)488-3941x7701,shannon61@example.org,2025-09-11
1768,Laura,Roberts,Reunion,(712)681-0596x88296,robbinslinda@example.com,2021-06-21
1769,Andre,Levy,Taiwan,886.339.9063,penastephanie@example.net,2021-10-06
1770,Stacy,Gilmore,Guam,3789393116,susan52@example.org,2023-07-31
1771,Brian,Robinson,Saint Barthelemy,001-356-294-4930,brianingram@example.net,2023-07-08
1772,Lisa,Richardson,Mauritius,535-430-7953x9218,ralphrocha@example.com,2025-03-23
1773,Samantha,Mendoza,Hong Kong,001-981-256-3675x15262,keithperez@example.com,2022-01-09
1774,Morgan,Hicks,Russian Federation,(827)625-2529x4989,travis40@example.com,2020-10-22
1775,Kenneth,Fletcher,Guernsey,001-616-876-4091x910,ucook@example.net,2020-09-21
1776,Kimberly,Moore,Eritrea,211.917.9211x89207,bushbrian@example.net,2021-02-22
1777,Lisa,Lopez,Papua New Guinea,+1-555-650-2983x032,orozcokarina@example.com,2021-06-15
1778,Daniel,Gonzalez,Uruguay,202.917.0979x453,ginagould@example.org,2023-02-27
1779,Juan,Wright,Faroe Islands,001-711-674-1817x304,cristina54@example.com,2023-03-19
1780,Kenneth,Bowers,Aruba,001-983-206-9173x3647,mary35@example.com,2025-08-27
1781,Angela,Hansen,Tokelau,(851)922-4974x380,vharris@example.net,2021-05-25
1782,Emily,King,Cayman Islands,+1-201-366-5162,dianakim@example.net,2023-06-17
1783,Rachael,Beasley,Sweden,+1-967-606-1677x893,enguyen@example.org,2024-05-08
1784,Bobby,Garcia,Gambia,001-915-773-9314x138,dawncooper@example.org,2025-01-15
1785,Richard,Roth,Serbia,890.315.0657x38338,mackjohn@example.org,2024-01-05
1786,Jody,Smith,Cape Verde,501-371-6421x314,rfitzpatrick@example.net,2022-12-11
1787,Kevin,Nichols,Sao Tome and Principe,951-354-5681x89562,susanreed@example.org,2022-12-27
1788,John,Pineda,Finland,460-908-1245,lisaferguson@example.com,2020-03-20
1789,Stephanie,Rivera,United Arab Emirates,+1-666-521-6575x163,jamesmcdonald@example.com,2026-01-16
1790,Jennifer,Barnes,Trinidad and Tobago,001-973-818-3556x37653,marshallcassandra@example.com,2021-10-10
1791,Rodney,Hicks,Solomon Islands,445-348-9710x2878,joshuagutierrez@example.com,2025-12-04
1792,Eric,Merritt,China,001-565-751-9803x36744,christopher82@example.net,2023-02-15
1793,Troy,Barton,Andorra,001-814-297-3934x0835,luis09@example.net,2021-03-10
1794,David,Silva,Burkina Faso,(556)251-1273,albert38@example.org,2024-12-11
1795,Christopher,Johnston,Switzerland,(498)933-8883x9752,johnallen@example.org,2020-08-30
1796,Stephanie,Floyd,Uganda,6045267131,robertgonzalez@example.net,2025-04-29
1797,Billy,Jackson,Aruba,+1-912-960-3435x22948,pamela64@example.net,2025-06-10
1798,Nicole,Wise,Maldives,+1-323-323-3849,boothdonna@example.org,2022-09-06
1799,Duane,Medina,United Arab Emirates,001-230-809-1052x235,dhernandez@example.com,2021-05-12
1800,Brittany,Wilson,United States Minor Outlying Islands,4418733019,jacobberry@example.org,2023-04-29
1801,Beth,Norman,Isle of Man,+1-215-440-6014x84407,raymond07@example.com,2025-01-18
1802,Clarence,Hall,United States of America,827.425.7038,copelandsamuel@example.com,2025-05-11
1803,Kelly,Johnson,Cape Verde,617-787-9834x394,paulross@example.net,2022-05-22
1804,Kendra,Vasquez,Bermuda,920-541-7578x455,terrelljeffery@example.org,2023-12-11
1805,Michael,Cardenas,Saint Barthelemy,+1-434-776-5160,jason67@example.net,2022-06-09
1806,Linda,Hicks,Heard Island and McDonald Islands,+1-816-435-3105x95475,doughertyisabel@example.com,2022-08-02
1807,Jessica,Dillon,Grenada,540-680-5762x572,aclark@example.org,2020-07-12
1808,Megan,Love,Palestinian Territory,3912296287,ywhite@example.com,2022-03-03
1809,Juan,Garcia,Switzerland,2825894464,millersandra@example.net,2022-11-17
1810,Ryan,Harris,Burkina Faso,8179802452,ryan97@example.com,2023-04-22
1811,Tracy,Brown,South Georgia and the South Sandwich Islands,487.807.5354,darrengonzalez@example.net,2024-02-28
1812,Laura,Cox,Russian Federation,(666)352-0685,staylor@example.org,2022-04-06
1813,Latoya,Rodriguez,Guatemala,(836)807-4266,rodriguezamanda@example.org,2020-11-23
1814,Sean,Werner,Brunei Darussalam,(525)886-7065x6771,nnewman@example.net,2024-11-04
1815,Roger,Arellano,Sweden,+1-484-770-6122x50924,burgessmalik@example.net,2023-04-16
1816,Anne,Wilson,Paraguay,(328)496-0068x72582,gponce@example.net,2026-02-22
1817,Edwin,Villegas,Antarctica (the territory South of 60 deg S),7528816557,jason73@example.com,2020-11-29
1818,Jacob,Zimmerman,Korea,(718)984-4099x597,amykhan@example.net,2025-10-20
1819,Lori,Brown,Norway,(281)846-1809,greenmichael@example.com,2024-10-05
1820,Matthew,Hunt,Svalbard & Jan Mayen Islands,001-686-308-1204x5710,cynthiawood@example.org,2023-12-25
1821,Tony,Knapp,Palau,6794882528,fgibson@example.com,2026-01-07
1822,Debbie,Rogers,Tuvalu,001-670-488-9664,jenniferestes@example.org,2025-10-11
1823,Sandra,Weber,Uganda,741-613-6531,dixonblake@example.net,2020-03-05
1824,Peter,Ward,Anguilla,795.780.4627x50050,dunlapcassandra@example.net,2021-04-13
1825,Edward,Palmer,Israel,+1-515-413-9643,colontimothy@example.net,2023-05-15
1826,Kayla,Coleman,Nepal,+1-691-761-5309x83389,singhpamela@example.org,2020-09-02
1827,Regina,Martinez,Sweden,001-926-746-2378x580,mikejohnson@example.com,2022-01-27
1828,Melissa,Thomas,Marshall Islands,(576)433-5766x6364,nealderrick@example.org,2021-11-20
1829,Kyle,Bradford,Belarus,001-847-326-2459,gmartin@example.net,2025-11-26
1830,Debra,Griffin,Norfolk Island,(704)943-0944x163,perezstacey@example.org,2021-10-31
1831,Brian,Ochoa,United States of America,001-531-466-9759x29371,smithrachel@example.net,2023-10-05
1832,Jacob,Macdonald,Nicaragua,(745)899-1182,ssmith@example.org,2025-04-29
1833,David,Salazar,Belgium,610.303.9729,codybaldwin@example.net,2022-10-04
1834,Michelle,Arnold,Kiribati,(977)415-7026x665,chernandez@example.net,2020-11-02
1835,Erika,Herman,Jersey,300.495.5461x592,richardscrystal@example.org,2023-02-22
1836,Kristina,Tucker,Malta,388-773-2494,campbellgregory@example.org,2020-03-21
1837,Heather,Becker,Hong Kong,001-246-581-5292x546,leslie27@example.net,2021-08-09
1838,Sean,Rodriguez,Bhutan,(339)231-9020x25128,odouglas@example.com,2025-06-10
1839,Sarah,Fitzpatrick,Saint Lucia,980-270-9450,xphillips@example.net,2021-08-19
1840,Cindy,Griffin,Central African Republic,322.689.6463,robertbowen@example.org,2021-05-03
1841,Sherry,Mcdonald,Saint Helena,547.698.6280x56046,angelajones@example.com,2024-08-05
1842,Brandi,Long,Czech Republic,(282)235-2185,butlerandrea@example.com,2021-05-31
1843,Michael,Payne,France,591.461.2925x897,lsanchez@example.com,2021-08-21
1844,Ashley,Campbell,Japan,+1-568-989-8985x049,cynthiagarza@example.net,2023-11-16
1845,Calvin,Sutton,Palestinian Territory,001-922-881-2793x627,wilsonkeith@example.net,2025-06-11
1846,Jennifer,Daniel,Tunisia,737-286-7024x55969,acostabrittany@example.com,2024-11-13
1847,Thomas,Brown,Netherlands Antilles,466.637.3321,jbrown@example.com,2024-09-10
1848,Nicole,Johnson,North Macedonia,313.356.5987,wknight@example.net,2021-05-01
1849,Paula,Jones,Cote d'Ivoire,548.202.3967x5946,steven11@example.net,2023-01-31
1850,Linda,Austin,Bahamas,812-369-5934x6891,deborahhanson@example.org,2020-02-26
1851,Christine,Fuller,Bulgaria,+1-935-644-2710,dawnmcintyre@example.org,2025-06-11
1852,John,Ochoa,France,(283)893-7549x118,lisaanderson@example.org,2021-04-09
1853,Cory,Smith,Rwanda,001-801-513-0458,sandra64@example.org,2021-09-25
1854,Darlene,Wade,Iceland,001-212-751-3412x75901,brownrobert@example.net,2021-06-30
1855,Gary,Mann,Mongolia,261-335-6589x92282,athompson@example.com,2024-11-10
1856,April,Lewis,United States Minor Outlying Islands,512-841-0625x64021,heather58@example.com,2022-02-15
1857,Cynthia,Fleming,Norfolk Island,665-640-6359,jeremyboyd@example.net,2024-11-18
1858,Michelle,Salas,Samoa,+1-302-839-9196,leekaren@example.net,2023-02-22
1859,Justin,Lane,Ukraine,525-895-1350,taylor50@example.net,2022-07-07
1860,Gary,Pugh,Congo,001-849-886-5369,jennifer11@example.net,2020-10-15
1861,Martha,Cunningham,Montserrat,(348)952-7873,heather65@example.com,2021-02-22
1862,Bridget,Williams,Kyrgyz Republic,315-701-5992x6289,knguyen@example.com,2025-09-28
1863,Todd,Holloway,Lesotho,2099354865,zavalajeffery@example.org,2025-01-19
1864,Tracey,Hill,Netherlands Antilles,001-776-827-8571x520,kingdavid@example.com,2021-03-07
1865,Megan,Turner,Palau,001-797-229-8594,cunninghamkelly@example.com,2025-09-04
1866,Walter,Franklin,Senegal,+1-686-659-9168x878,mcdonaldzachary@example.org,2022-01-18
1867,Andrew,Thomas,American Samoa,001-390-678-4474x918,laura99@example.com,2022-12-16
1868,Andrew,Crawford,Malawi,(383)731-1723x0314,kimberlyramos@example.net,2020-03-29
1869,Rebecca,Wells,Ukraine,6418525745,ebailey@example.org,2022-08-08
1870,Amanda,Patterson,Mongolia,3153386661,bstevenson@example.com,2025-09-14
1871,Mary,Hall,Turks and Caicos Islands,+1-418-281-6176x794,jeffrey11@example.org,2024-04-27
1872,Rachel,Cortez,Gibraltar,(731)909-4704,glane@example.org,2024-12-16
1873,Susan,Ellis,Cambodia,808.708.9152x23538,nclark@example.net,2025-02-20
1874,John,Soto,Netherlands Antilles,+1-511-737-8795,gabriel87@example.net,2025-11-03
1875,Kevin,Maldonado,Singapore,001-286-676-4371x680,christian20@example.org,2025-06-10
1876,Kelly,Clark,Micronesia,536.792.5686x983,ihayden@example.com,2021-01-05
1877,Carlos,Chambers,Madagascar,(740)849-4380,williamsvanessa@example.net,2024-09-30
1878,Seth,Friedman,Antigua and Barbuda,001-748-726-3340x4727,zmiller@example.com,2020-07-08
1879,Austin,Dennis,Fiji,477.654.4234,ericawallace@example.com,2022-09-28
1880,Ryan,Simpson,Svalbard & Jan Mayen Islands,2356307307,rritter@example.org,2025-03-18
1881,James,Strong,Mauritania,5159739485,mary54@example.org,2024-05-21
1882,Jennifer,Silva,Sierra Leone,+1-498-891-6692x544,brownjoseph@example.net,2026-02-23
1883,Samantha,Thomas,Cuba,953-215-1493x010,kleindonald@example.org,2024-03-21
1884,Joy,Williams,Turks and Caicos Islands,831-814-9311,doylechristopher@example.org,2024-04-03
1885,Chad,George,Angola,+1-707-439-1216x243,mjohnson@example.org,2022-03-09
1886,Donald,Miller,Barbados,+1-224-686-5489x36188,anthony64@example.net,2025-01-08
1887,Emily,Hall,Central African Republic,495-871-1184x711,theresa30@example.net,2024-03-03
1888,Richard,Downs,Jordan,578-353-8271x584,scottfitzpatrick@example.org,2021-06-21
1889,Frank,Clark,Christmas Island,392.282.0547,iwilliams@example.com,2021-05-11
1890,Nathan,Haas,San Marino,001-589-894-3670,tylerhouston@example.net,2021-07-02
1891,Catherine,Taylor,Sao Tome and Principe,(765)914-3889x481,amanda75@example.net,2024-08-14
1892,Brianna,James,Saint Barthelemy,736-676-4147x6899,haynesdavid@example.com,2021-05-16
1893,Jamie,Bradley,Saint Lucia,(643)931-1185,uchambers@example.net,2022-11-04
1894,Robert,Kim,Yemen,001-684-704-6193x8672,katrinanelson@example.com,2025-04-14
1895,Justin,Bradley,Trinidad and Tobago,375-845-8080x660,jessicabishop@example.com,2021-07-13
1896,Thomas,Sharp,Jordan,+1-569-772-6640x3450,victoria37@example.net,2023-10-08
1897,Pamela,Park,Bosnia and Herzegovina,201-596-8670,mooreheather@example.org,2026-02-02
1898,William,Moran,Gabon,985-659-5734x88010,loribrown@example.net,2024-12-24
1899,Amanda,Brown,Monaco,969-667-1492x17878,blake87@example.org,2023-02-07
1900,Bethany,Hampton,Rwanda,+1-304-443-1455x68030,tina53@example.com,2022-03-07
1901,Jessica,Jones,French Polynesia,(263)863-1022x227,reevesmadison@example.net,2022-06-02
1902,Michael,Jones,Morocco,+1-925-802-1291,stewartlinda@example.org,2021-07-03
1903,Joseph,Jones,Yemen,307-538-8360,stephanie59@example.net,2020-04-10
1904,Patrick,Cook,Venezuela,716.886.1567x9733,aprilguzman@example.net,2022-07-28
1905,Emily,Gallagher,Monaco,+1-932-263-7311,linda38@example.net,2020-02-15
1906,Jonathan,Floyd,Palestinian Territory,(481)657-8502x6513,amanda85@example.org,2024-12-13
1907,Jillian,Rios,Luxembourg,676-495-9892x92393,gomezjanet@example.com,2023-06-28
1908,David,Andrews,Bolivia,001-693-517-0109x3390,john58@example.org,2021-09-06
1909,Justin,Wilson,Sao Tome and Principe,(962)753-1366x895,simmonspaula@example.net,2020-04-29
1910,Amy,Boyer,Trinidad and Tobago,(247)574-4413x28804,nancy82@example.org,2021-01-01
1911,Matthew,Harris,Indonesia,001-600-985-2587x3554,nancy14@example.com,2024-11-15
1912,Randy,Solomon,Brazil,425.230.3198x79504,robinsoncynthia@example.org,2020-07-01
1913,Miranda,Johnson,Senegal,+1-969-721-0295,jimmygeorge@example.com,2021-04-29
1914,Amber,Berry,Mexico,+1-818-886-1621x74158,kristen03@example.net,2022-06-06
1915,Derrick,King,Turks and Caicos Islands,001-916-509-4212x41590,vcarey@example.com,2023-09-18
1916,Robin,Parks,Sri Lanka,7595206793,johnhart@example.com,2024-02-19
1917,Sarah,Rivera,Tonga,001-996-842-0072x481,teresapearson@example.net,2023-07-18
1918,Vanessa,Berry,Vanuatu,+1-475-896-0912x06218,brianathompson@example.com,2024-11-25
1919,James,Garcia,Slovakia (Slovak Republic),416-396-9260x48053,katherine99@example.org,2024-01-16
1920,Cristina,Colon,Western Sahara,+1-547-491-2862x857,josephdanny@example.com,2023-08-21
1921,Julia,Hodge,Guinea,808.567.8404,pattersonoscar@example.org,2024-03-10
1922,Joseph,Mclean,Monaco,604.389.9914x253,crystal10@example.com,2021-11-27
1923,Nathaniel,Sexton,Guinea-Bissau,+1-418-226-4768x4629,qchase@example.net,2024-07-06
1924,Michael,Holmes,Cambodia,366-212-9290,heather33@example.org,2020-10-14
1925,Jessica,Smith,United Kingdom,499.985.9668x40104,marymann@example.com,2021-11-12
1926,Kevin,Alvarez,Niger,478.378.2004x8307,ryan70@example.net,2022-01-03
1927,Samantha,Lewis,Tokelau,905.653.3578x8675,smithjuan@example.com,2024-11-10
1928,Jeffrey,Silva,Nicaragua,786-458-7035x262,wodom@example.com,2025-12-15
1929,Michael,Randall,Bangladesh,+1-441-222-0624x8923,sharon47@example.net,2023-01-12
1930,Christopher,Wilcox,Lebanon,4806723380,michellemorgan@example.com,2023-09-08
1931,Isabel,Rhodes,Papua New Guinea,8103319513,youngyolanda@example.net,2025-08-02
1932,Kimberly,Davis,Eritrea,001-250-752-0672,lmartinez@example.org,2023-02-05
1933,Natalie,Love,Paraguay,001-214-684-4054x66979,griffinfernando@example.net,2021-08-24
1934,Laura,Mays,Macao,001-290-494-0444,lolson@example.org,2022-10-17
1935,Alexandria,Gonzalez,Christmas Island,611-645-9040,schultzmark@example.com,2024-07-02
1936,Chris,Gomez,Tunisia,(844)415-6851x42163,nrobertson@example.com,2021-04-06
1937,Kenneth,Mosley,Central African Republic,903.645.5780x158,dcox@example.org,2020-03-26
1938,Kevin,Weaver,Guadeloupe,247-500-4536,jonathan15@example.net,2025-05-27
1939,Jessica,Williams,Switzerland,7363846598,joshua42@example.org,2024-11-19
1940,Diana,Brown,Macao,405-553-8846,derekshields@example.com,2024-05-15
1941,Emily,Young,Andorra,(464)564-0423x71591,brianapetty@example.net,2022-10-28
1942,Veronica,Harris,Tonga,+1-779-846-3354x755,amberrobinson@example.net,2023-03-13
1943,William,Hill,Guinea,+1-859-794-3363x89953,donald08@example.net,2025-12-29
1944,Julie,Aguirre,Egypt,909-555-1128,caitlin22@example.org,2023-11-06
1945,Shawn,Cabrera,British Virgin Islands,974-479-2725x092,connienelson@example.org,2024-11-29
1946,Erica,Porter,Bhutan,244-414-1503x3014,nicole68@example.com,2023-07-10
1947,Theresa,Murray,Bermuda,001-652-261-7490,daniel98@example.net,2020-06-16
1948,Eddie,Jones,Estonia,001-673-777-5370x459,samuel47@example.net,2020-09-07
1949,Jonathan,Smith,British Indian Ocean Territory (Chagos Archipelago),888.796.8724x93959,brandywatkins@example.com,2022-06-19
1950,Margaret,Casey,Uzbekistan,(656)528-1165,leachjohn@example.org,2021-04-22
1951,Matthew,Jensen,Australia,(328)411-6172,stephanie17@example.org,2024-06-26
1952,Ryan,Roberts,Belarus,940-982-7818,perezbrett@example.org,2024-12-31
1953,Tiffany,Schaefer,Wallis and Futuna,+1-389-257-1268,tstephenson@example.org,2024-11-19
1954,Michael,Smith,Cocos (Keeling) Islands,001-956-538-1378,carlgriffin@example.com,2022-02-11
1955,Austin,Garrett,Malta,(582)467-4529,marystevens@example.com,2025-06-11
1956,Meghan,Hardin,Cambodia,455.842.2125,jeremywagner@example.com,2024-11-29
1957,William,Castillo,Papua New Guinea,322-528-4559,nholt@example.net,2021-03-29
1958,Ebony,Goodman,Jordan,001-487-643-6702x629,acarter@example.com,2021-04-15
1959,Angela,Garrison,Guadeloupe,(798)256-1110x702,jennifer97@example.org,2020-12-13
1960,Lisa,Weaver,Saint Kitts and Nevis,001-794-904-2912,michaelguzman@example.org,2024-02-26
1961,Lisa,Johnson,Kuwait,501.775.5846x54504,anna71@example.com,2023-05-29
1962,Cynthia,Hughes,Tajikistan,618-632-8809x32905,pbutler@example.com,2026-02-02
1963,Sherry,Phillips,Vietnam,001-582-830-7679x991,deanarmstrong@example.org,2021-12-18
1964,Todd,Lucas,Portugal,(852)859-2491x10333,max69@example.net,2021-01-01
1965,Todd,Davis,Ireland,649-977-8954,thomaspaul@example.net,2022-06-07
1966,Colleen,Long,Germany,001-562-895-3029,harmonalyssa@example.org,2020-01-26
1967,Shelia,Wilson,Switzerland,+1-395-205-3852x454,lhernandez@example.org,2023-07-13
1968,Meghan,Ortiz,Azerbaijan,(428)974-4559,hurstthomas@example.net,2020-11-27
1969,Danielle,Moore,Lao People's Democratic Republic,+1-729-455-4076x5890,smithkevin@example.org,2021-11-05
1970,Amber,Roberts,Niger,+1-374-970-5757x8115,garyhernandez@example.com,2025-03-13
1971,Linda,Booth,Svalbard & Jan Mayen Islands,(791)949-0098x43529,stephanie79@example.net,2020-01-16
1972,Allison,Jackson,Namibia,001-803-825-0009x6629,amanda04@example.net,2021-04-05
1973,Diana,Hernandez,Hungary,550.461.2805x806,derekleach@example.net,2020-08-05
1974,Nicole,Skinner,Gibraltar,6833121710,wisemelissa@example.org,2022-10-11
1975,Amy,Pham,British Indian Ocean Territory (Chagos Archipelago),+1-924-458-5756x44301,mwilliams@example.net,2024-12-27
1976,Michelle,Lowe,Mexico,+1-684-309-4568,trevinorebecca@example.net,2023-08-18
1977,Melanie,Conley,South Africa,2415236167,kyleramirez@example.net,2025-03-02
1978,Cody,Reyes,Switzerland,(569)754-7344x200,lfreeman@example.com,2021-01-04
1979,Laurie,Lewis,American Samoa,886-812-2182,tyronegilbert@example.net,2020-02-25
1980,David,Price,Northern Mariana Islands,(634)559-2370,bcollins@example.com,2021-03-26
1981,Robert,Stone,Hungary,(646)432-8020x226,xromero@example.com,2024-12-06
1982,Nicholas,Fields,Montserrat,884.733.1904,wmarshall@example.net,2025-05-04
1983,Melanie,Cross,Barbados,+1-218-866-6447x55261,wbass@example.com,2026-02-02
1984,Steve,Adams,Canada,001-660-567-0546x1483,kaitlyn82@example.net,2023-10-14
1985,Brian,Smith,Mayotte,587-824-2043,kerry25@example.com,2025-04-20
1986,Cody,Hernandez,Western Sahara,001-315-398-5117x7876,deanpaul@example.com,2024-04-17
1987,Christopher,Stafford,Svalbard & Jan Mayen Islands,(845)690-7968,kristieporter@example.org,2021-06-02
1988,Michele,Sanchez,British Indian Ocean Territory (Chagos Archipelago),474.209.9384x811,andreachaney@example.org,2025-09-10
1989,Eric,Ponce,British Virgin Islands,7293399595,tim72@example.org,2025-10-20
1990,Beth,Harvey,Peru,878.916.2843x98242,xtodd@example.org,2026-01-29
1991,Sara,Reid,Botswana,+1-485-313-6746x6511,michaelford@example.net,2022-01-13
1992,Anthony,Washington,Bermuda,(712)617-1939x54916,james08@example.org,2020-02-04
1993,Melissa,Page,Andorra,(898)661-4932,sullivanalexander@example.org,2024-03-24
1994,Austin,Santos,French Southern Territories,323-842-1956,jacob40@example.com,2022-10-24
1995,Jodi,Smith,Gambia,(993)494-8961x3606,waltersedward@example.net,2023-09-01
1996,Bryan,Navarro,Vanuatu,001-930-210-3142x726,erika31@example.org,2022-05-19
1997,Joel,Harris,Slovakia (Slovak Republic),433.459.4702,mary87@example.net,2025-07-24
1998,Randall,Santos,Comoros,560.910.4241x9399,fgrant@example.net,2025-11-24
1999,Luke,Hartman,Saudi Arabia,381.642.6189x163,spatel@example.org,2022-02-10
2000,Lauren,Conway,Timor-Leste,001-856-751-5291x55621,francisrhonda@example.net,2025-07-20
2001,Vanessa,Park,Latvia,(898)805-7622x88990,danielscory@example.com,2021-07-18
2002,Benjamin,Miller,French Polynesia,488.847.5968x485,kennedywilliam@example.org,2021-03-17
2003,Michelle,Lewis,Tokelau,803-515-2496x98092,ronaldsexton@example.net,2022-05-15
2004,Jesus,Williams,Solomon Islands,941-656-9415x6950,vangdorothy@example.org,2020-07-11
2005,Sue,Foster,Saint Barthelemy,+1-451-304-8314x824,vmontoya@example.com,2022-01-01
2006,Erica,Gallegos,Western Sahara,3648796427,johnsonchristopher@example.org,2020-05-20
2007,Beverly,Mcconnell,British Virgin Islands,8777340355,brittany19@example.org,2025-07-10
2008,Pamela,Sandoval,Martinique,+1-564-210-8070x85104,james66@example.com,2021-01-14
2009,Nathan,Wade,Israel,237-445-9983,ewalters@example.net,2022-03-01
2010,Alyssa,Barnes,Christmas Island,579-841-8043x23983,loganbenjamin@example.com,2024-02-08
2011,Dylan,Martinez,Ukraine,2725268412,mark57@example.net,2022-02-27
2012,Ashley,Garcia,Guam,(875)733-4768,wfernandez@example.net,2024-12-31
2013,Carrie,Brown,Somalia,001-442-591-6100x4886,woodmolly@example.com,2020-09-20
2014,Cheryl,Walker,Cote d'Ivoire,6218022312,tyler12@example.com,2025-01-05
2015,Bryan,Bowen,United States of America,664-808-8837x0956,anthony77@example.net,2020-08-17
2016,Frank,Kidd,Russian Federation,798-426-7316x66810,becklouis@example.org,2021-02-05
2017,Lisa,Gallagher,Chad,904.449.9055x49422,anthony72@example.org,2022-11-10
2018,Michael,Goodwin,United Kingdom,573.951.6460x682,rhernandez@example.net,2020-04-09
2019,Christopher,Hernandez,Mali,001-359-378-9353x26127,angelahill@example.net,2020-11-15
2020,Stephanie,Mcdonald,Palestinian Territory,(926)424-6312x6062,jchristian@example.com,2026-01-22
2021,Chase,Mcmahon,Turkey,551.902.8461,elizabeth94@example.org,2022-02-19
2022,Mark,Nichols,South Georgia and the South Sandwich Islands,461.350.4440,williamclements@example.org,2021-05-29
2023,Sarah,Wilson,Bermuda,3218730978,kbrennan@example.org,2022-03-19
2024,Lori,Baker,Egypt,824-500-9593,ucook@example.com,2024-01-08
2025,Heather,Davis,Palestinian Territory,655.330.1475,brianjohnson@example.net,2022-01-20
2026,Jill,Mendoza,Sudan,935-724-7820,blakemaria@example.net,2023-12-01
2027,Aaron,Vazquez,Costa Rica,402-875-9414,santosscott@example.net,2022-08-28
2028,Patrick,Davis,Uruguay,373-446-2603x35209,estradatara@example.net,2022-03-29
2029,Craig,Skinner,Myanmar,5076270976,ncrawford@example.com,2020-05-07
2030,Linda,Prince,New Caledonia,790.833.9959,stacy94@example.com,2023-06-12
2031,Carrie,Burnett,Bhutan,001-533-953-1099x83080,martha10@example.org,2025-08-07
2032,Rachel,Wilson,Puerto Rico,561-451-6710x95556,dchung@example.org,2024-06-12
2033,Heather,Smith,Panama,(627)265-0878x902,odomkaylee@example.net,2023-09-13
2034,James,Baker,Suriname,435-710-5901x00151,keith91@example.net,2021-08-06
2035,Savannah,Snow,Turks and Caicos Islands,+1-539-839-6970x2913,aguilarryan@example.net,2021-09-09
2036,Tony,Mccann,Australia,001-996-457-7275x708,chase92@example.net,2023-05-11
2037,Hunter,Vega,Afghanistan,846-986-2976,kruegermichael@example.com,2023-07-16
2038,Raymond,Hamilton,France,970.241.1376x1559,cjackson@example.com,2025-01-07
2039,Dominique,Anthony,Israel,(390)945-9176x670,joshua45@example.org,2021-02-16
2040,Brenda,Smith,Portugal,+1-354-796-8611x5045,chad69@example.net,2021-04-14
2041,Ryan,Randolph,Western Sahara,(986)873-2473,aphillips@example.com,2025-09-19
2042,Angel,Davenport,France,648-867-9493x110,tiffany53@example.net,2022-09-18
2043,John,Fuller,Tajikistan,912.315.1260,hannahandrade@example.net,2023-05-20
2044,Jean,White,Cook Islands,397-815-2587x92557,michelle07@example.org,2023-05-13
2045,Paul,Fitzgerald,Cameroon,001-535-895-6394x570,lwalsh@example.net,2025-06-02
2046,Deborah,Griffin,Heard Island and McDonald Islands,301.661.5183,brandonprince@example.net,2021-02-05
2047,Carrie,Weeks,Saint Vincent and the Grenadines,001-977-694-0472x25909,johnjohnson@example.com,2021-06-22
2048,Tina,Stewart,Pakistan,(922)530-3814,bartonveronica@example.com,2021-09-12
2049,Mary,Robinson,Denmark,001-611-358-5536x16139,chase05@example.net,2023-01-31
2050,Jason,Reynolds,Panama,331-264-9519,ngarrison@example.org,2024-04-30
2051,Brian,Dunn,Bermuda,986.750.0412x666,tatelaura@example.com,2023-05-04
2052,Kyle,Rhodes,Eritrea,001-224-534-6133,brian44@example.net,2025-01-09
2053,Michael,Reid,Gibraltar,532.755.4123x9891,mercerdana@example.org,2021-04-13
2054,Walter,Deleon,Mauritius,(552)303-7850x9061,julie56@example.net,2023-01-07
2055,Tyrone,Johnson,Argentina,001-975-738-9534,gyu@example.net,2021-01-30
2056,Richard,Walker,Cayman Islands,849.777.4939,michael51@example.net,2020-07-29
2057,Ellen,Smith,Liechtenstein,621-751-6778x8937,anna44@example.com,2023-07-10
2058,Ann,Ritter,Chad,+1-754-977-0092x251,zestrada@example.com,2021-12-24
2059,Kristen,Lee,Azerbaijan,+1-226-975-3076x564,simmonslinda@example.org,2025-07-07
2060,Allison,Alvarez,Czech Republic,395.875.1596x42050,reginabrowning@example.com,2021-03-03
2061,Christopher,Hinton,Poland,625-991-2707x4591,gkaufman@example.net,2023-04-16
2062,Stacey,Parker,Gabon,(445)439-9647x672,cookwillie@example.net,2021-09-21
2063,Denise,Butler,Bouvet Island (Bouvetoya),+1-441-771-2688,ruth74@example.org,2022-12-10
2064,Diana,Holland,Mexico,(290)429-9875,rossjesse@example.org,2021-10-26
2065,Robert,Serrano,Anguilla,825-953-8382x42420,tayloranthony@example.com,2022-04-28
2066,Michelle,Cortez,Portugal,563-532-9936x8682,smithmackenzie@example.com,2024-01-20
2067,Robert,Jones,Zambia,001-602-307-7977x6682,millerjose@example.com,2020-05-03
2068,Justin,Choi,Lithuania,+1-254-251-0309x978,derrickrose@example.com,2023-03-16
2069,Cody,Marsh,Sri Lanka,(675)940-9239x94738,farrellmichael@example.net,2023-08-21
2070,Larry,Brown,Swaziland,503-253-6813x37023,fturner@example.com,2022-10-09
2071,Michael,Carter,Malawi,654-736-0443x374,jonathan24@example.com,2024-12-26
2072,Glenda,Adams,United Arab Emirates,787.921.6232,allenrichard@example.net,2025-03-22
2073,Paula,Matthews,Mexico,(291)724-1471x049,jeremymeyer@example.com,2023-10-25
2074,Elizabeth,Howard,United States of America,787.567.6015,fordrichard@example.com,2025-10-02
2075,Laura,Sampson,Georgia,381.984.3258x786,mwilliams@example.org,2023-07-22
2076,Kristopher,Guerrero,Hungary,001-741-568-9755x456,gina24@example.com,2024-05-30
2077,Bridget,Little,Bosnia and Herzegovina,(562)546-5699,frederick96@example.net,2025-05-23
2078,Bethany,Bryant,Ireland,765-925-8807,jamescook@example.org,2025-10-28
2079,Stacey,Robbins,French Polynesia,001-570-554-3301x6705,ehudson@example.org,2023-07-24
2080,Paul,Edwards,France,6678830615,timothy44@example.com,2025-12-08
2081,Jessica,Crawford,Colombia,2246460193,carpenterjulie@example.net,2023-05-19
2082,Anna,Rodriguez,Gambia,+1-991-990-3012x9346,lopeztricia@example.net,2020-02-18
2083,Ryan,Fox,Cote d'Ivoire,678.632.4055,smithdavid@example.org,2020-11-28
2084,Samuel,Wilson,Greenland,001-431-698-1549,johnallen@example.org,2023-01-22
2085,William,Herman,Korea,001-934-795-8650x87009,dominguezrobin@example.net,2022-08-16
2086,John,Diaz,Mali,673.807.8108,rhammond@example.com,2020-03-27
2087,Lawrence,Robbins,Antigua and Barbuda,237-973-3832,awashington@example.org,2022-08-27
2088,Shane,Arroyo,Egypt,271-909-6141,fyork@example.net,2024-05-26
2089,Roger,Mcdowell,Nepal,4259703413,spencermartin@example.net,2025-03-12
2090,David,Wallace,Gibraltar,794.906.1472x16711,chadmartin@example.com,2022-11-12
2091,Cameron,Heath,Tuvalu,(467)254-3837,donna30@example.org,2021-09-08
2092,Monica,Perry,Georgia,410.269.9932x37631,kurt96@example.net,2021-11-02
2093,Tasha,Adams,Mauritius,(816)323-2519x083,petersonwanda@example.org,2024-01-23
2094,Michael,Gonzalez,Namibia,761-512-5426,amanda57@example.com,2024-09-25
2095,Michael,Morris,Central African Republic,444.918.7117,cookbruce@example.org,2022-09-16
2096,Maurice,Benson,Saint Martin,716.515.9117,elizabeth46@example.com,2023-11-22
2097,Daniel,Lambert,Samoa,6659946361,christopher44@example.org,2020-07-12
2098,Brian,Payne,Namibia,(681)357-1107,christopherjones@example.org,2024-12-30
2099,Mark,Lopez,Moldova,001-648-215-8195x41294,carmensnyder@example.org,2023-05-16
2100,Daniel,Johnson,Philippines,+1-380-864-4254x77051,hwhitaker@example.com,2020-03-05
2101,Michael,Nichols,Samoa,659-273-0875,markrush@example.org,2023-06-05
2102,Eduardo,Mcneil,Albania,+1-535-840-6513x650,simsglenn@example.org,2025-02-06
2103,Christopher,Welch,Rwanda,001-724-731-7504,joshua14@example.net,2023-11-01
2104,Adrian,Flowers,Cuba,307-613-2616x8880,nicolehendrix@example.com,2021-05-29
2105,Brady,Church,British Indian Ocean Territory (Chagos Archipelago),001-347-927-2381x17695,sandra73@example.org,2021-02-03
2106,Amy,Ortiz,Jordan,(853)253-9408x5049,webbsusan@example.org,2025-08-03
2107,Joyce,Walker,Pakistan,400.806.6756x491,jmann@example.com,2020-08-07
2108,Stacey,Martinez,Faroe Islands,+1-664-742-6478,robertsjoseph@example.net,2025-04-23
2109,Francisco,Logan,Niger,(940)529-5512x08891,jturner@example.com,2023-02-04
2110,Charles,Rios,Uganda,636.301.3574,rodriguezgarrett@example.net,2024-08-02
2111,Jennifer,Malone,Georgia,001-422-951-7715x1359,scottjody@example.org,2024-02-28
2112,Bobby,Monroe,Armenia,(436)231-2929x782,eric48@example.net,2024-12-17
2113,Donald,Clark,Norway,211.333.9461x5328,cooktyler@example.org,2024-03-05
2114,Brenda,Martinez,Niger,+1-763-954-6057x1848,bsmith@example.com,2020-12-20
2115,Stephen,Patel,Jordan,266-275-0489,tapiajoshua@example.org,2022-12-11
2116,Courtney,Phillips,Kazakhstan,001-637-353-9481,smithjacob@example.com,2024-11-14
2117,Shannon,Savage,Korea,655-471-6712x68960,wjames@example.net,2022-12-01
2118,Stephanie,Collins,Djibouti,7382844951,martinezjermaine@example.org,2021-01-08
2119,Susan,Watkins,Brunei Darussalam,834.687.4056,nholmes@example.org,2023-06-02
2120,Timothy,Hunter,Western Sahara,459.712.4819x117,douglas82@example.net,2021-06-30
2121,Deborah,Moore,Svalbard & Jan Mayen Islands,(725)880-3208,kristen20@example.org,2020-03-21
2122,Matthew,Hansen,Bolivia,897.665.6469,rogersanthony@example.com,2023-01-15
2123,Edward,Jordan,Marshall Islands,+1-269-826-1426x95813,brittney30@example.com,2024-03-05
2124,Anne,Jones,Montenegro,3326673919,dchambers@example.net,2020-06-21
2125,Gabriela,Ramirez,Saint Helena,(495)463-8876x07133,oscott@example.com,2022-03-27
2126,Wesley,Hull,Syrian Arab Republic,309-311-4498,zstein@example.org,2020-01-26
2127,Brandon,Brown,Syrian Arab Republic,324-849-5286x411,simpsongabriela@example.com,2023-04-02
2128,Brendan,Norton,Seychelles,001-428-646-7799,dylanburns@example.org,2024-03-24
2129,Keith,Benton,French Southern Territories,619.600.2978x114,millernicole@example.org,2020-04-20
2130,Karla,Christensen,Burundi,405-694-2817x581,loriward@example.net,2025-08-27
2131,John,White,Andorra,628-605-6578,jacobmoore@example.com,2023-10-03
2132,Douglas,Green,Bolivia,(420)848-1980x0442,jamesosborne@example.org,2023-12-25
2133,Brad,Levine,Hungary,001-552-924-0966x104,regina86@example.org,2024-02-20
2134,Jorge,Hale,Indonesia,001-328-508-4662,zclark@example.org,2023-02-21
2135,Yolanda,Kirk,Niue,723-944-3086x125,samanthalarson@example.net,2022-01-11
2136,Sherry,Jackson,Liberia,699-549-3924x8776,jenkinsbonnie@example.com,2024-03-19
2137,Edwin,Lambert,Albania,6062536883,krodriguez@example.com,2025-02-01
2138,Cameron,Thomas,South Georgia and the South Sandwich Islands,5214564195,angela46@example.net,2023-02-15
2139,Valerie,Parrish,Malawi,7997820806,elizabethcruz@example.org,2023-08-25
2140,Jose,Richardson,Indonesia,(950)595-9996,kimberly03@example.net,2024-07-01
2141,Matthew,Gonzalez,Denmark,378.604.1217,brandonhowell@example.com,2026-02-27
2142,Cory,Garcia,Antarctica (the territory South of 60 deg S),+1-480-434-0372x96570,pparrish@example.net,2024-06-07
2143,Anthony,Ho,Liberia,969-432-0029x1140,athompson@example.org,2025-08-23
2144,Heather,Jackson,Zambia,001-767-620-3171x29981,bernardwashington@example.org,2022-01-09
2145,Craig,Stark,Monaco,343.835.0372x6827,meredith83@example.com,2020-11-25
2146,Christine,Clarke,Togo,(403)867-7468x741,ccross@example.com,2023-05-22
2147,Dana,Mcdonald,Lebanon,001-558-369-0675x1067,mromero@example.org,2020-09-03
2148,Andrew,Brady,Korea,5533034653,upugh@example.com,2020-10-26
2149,Brooke,Reynolds,Korea,538-258-5567x1656,brownangela@example.org,2020-02-16
2150,Theodore,Cooper,Mali,001-425-253-1702,nancy53@example.net,2025-04-05
2151,Suzanne,Wolfe,Finland,875-464-6727,frazierbrett@example.org,2025-04-21
2152,Rebecca,Nelson,Libyan Arab Jamahiriya,(517)255-1701x24653,eramos@example.org,2023-02-16
2153,Sara,Key,Netherlands,+1-213-742-5981,cassandra58@example.org,2025-02-09
2154,Cody,King,Congo,863.853.0719x199,phillipsdiane@example.org,2020-10-24
2155,Angela,Macias,Yemen,812-340-2541,elizabethhood@example.net,2024-11-03
2156,Daniel,Bird,Central African Republic,001-707-560-5947x1559,valeriepugh@example.org,2021-11-20
2157,Christopher,Cruz,Congo,539.794.6367x473,ylee@example.com,2021-12-17
2158,Christopher,Chapman,Ukraine,8758605166,bbrown@example.com,2021-08-20
2159,Robin,Cox,Papua New Guinea,319-472-4202,ritasanchez@example.net,2025-05-10
2160,Steven,Allison,Brunei Darussalam,845-312-5820x144,fcook@example.com,2025-06-12
2161,Scott,Vazquez,France,325-503-3563x9643,michaelsmith@example.com,2023-04-14
2162,Ashley,Brown,Liberia,001-221-360-9681x466,nhardy@example.com,2025-06-11
2163,Dillon,Charles,Myanmar,+1-347-998-2011x87955,knavarro@example.com,2023-10-24
2164,Amanda,Mahoney,New Caledonia,(443)240-4739,erin58@example.com,2021-11-04
2165,Andrew,Thomas,Egypt,001-481-851-4104,lukesteele@example.net,2025-12-05
2166,Victor,Guzman,Russian Federation,+1-513-393-5186x7392,kinglarry@example.org,2022-10-03
2167,Richard,Anderson,Saint Barthelemy,437-469-7371,stephaniewilliams@example.net,2025-07-27
2168,Paul,Hodge,Haiti,001-931-741-8648x4343,fordsteven@example.net,2024-12-18
2169,Brandy,Valdez,El Salvador,6037693609,kevinboyd@example.org,2023-06-14
2170,Theresa,Anderson,Djibouti,921.366.3383,bcarr@example.org,2020-10-22
2171,Martin,Bowers,Benin,(602)641-8126x99747,kmiller@example.net,2022-04-04
2172,Melanie,Holmes,Egypt,4512405120,olivia60@example.org,2020-10-13
2173,Kenneth,Phillips,Solomon Islands,975.928.5645x7829,lynchjim@example.org,2024-07-20
2174,Daniel,Bradley,Niger,655-252-0980x37596,milesbrittany@example.net,2023-01-05
2175,Jake,Stone,Chile,8748264926,curtiskrueger@example.net,2022-03-24
2176,Sara,Steele,Grenada,(998)826-6571x7834,xrodriguez@example.org,2021-03-24
2177,Courtney,Watts,Yemen,001-937-789-0183x45139,colin47@example.com,2023-01-07
2178,Barbara,Montgomery,Iceland,001-452-464-1801x08397,amanda01@example.org,2022-08-05
2179,Donald,Miller,Macao,001-520-895-2723x67617,laura00@example.com,2021-07-20
2180,Denise,Wolfe,Marshall Islands,686-288-0217x1538,markrose@example.org,2024-03-28
2181,Chad,Lindsey,Latvia,994.389.3206x6250,johnsonjohn@example.com,2020-02-19
2182,Angie,Jones,Faroe Islands,001-346-430-3896x476,curtiscooper@example.net,2021-01-05
2183,Tracy,Peters,Bolivia,679-990-7235x4994,stephaniemack@example.org,2021-10-04
2184,Dale,Boyd,Australia,(957)402-0772x0065,wrightjanet@example.org,2023-09-01
2185,Connie,Gordon,Latvia,5888270697,stephaniethornton@example.com,2025-11-30
2186,Matthew,Rodriguez,El Salvador,+1-837-618-3445x46966,michaelblair@example.org,2023-11-05
2187,Laura,Vasquez,Bulgaria,251-327-7916,markhaynes@example.org,2020-05-07
2188,Tommy,Fitzgerald,Malawi,(243)738-8605x178,perezandrew@example.net,2024-11-08
2189,Kristin,Davis,Kyrgyz Republic,804.784.6479x14721,dspears@example.org,2023-06-25
2190,Brian,Hancock,French Guiana,+1-273-950-8612,laura48@example.com,2022-08-31
2191,David,Cortez,Bermuda,001-610-753-1362,jamesblake@example.org,2023-09-12
2192,Karen,Nielsen,Latvia,354.478.7280x39870,randallpreston@example.net,2024-07-27
2193,Alex,Johnson,Vietnam,953-212-7180x616,michelle06@example.net,2024-11-06
2194,Stephen,Callahan,Timor-Leste,001-981-720-7554,chennicole@example.com,2020-07-16
2195,David,Martinez,Niger,001-764-314-0815x09078,brookssteven@example.net,2024-12-01
2196,Donna,Burnett,Norfolk Island,(475)943-4373x4000,reesemichael@example.com,2020-02-24
2197,Anthony,Rodriguez,Mozambique,001-775-474-3925x4954,urios@example.org,2025-11-25
2198,Thomas,Huffman,Cyprus,(581)584-4945,jenniferwheeler@example.com,2023-06-18
2199,Robert,Hull,Latvia,909.922.8417x40748,mlittle@example.net,2022-01-03
2200,Amber,Ramirez,Switzerland,455-435-2512x7543,laurenlynch@example.net,2023-06-28
2201,Daniel,Myers,Vanuatu,439.535.8258x04618,jasonanderson@example.com,2020-12-03
2202,Wesley,Davis,Cayman Islands,326-371-7682x8698,jameschristopher@example.com,2024-07-14
2203,Pamela,Smith,New Zealand,+1-233-864-0439x1581,lford@example.net,2024-03-10
2204,Melissa,Martinez,Guernsey,(432)445-8513x04619,davidmartinez@example.com,2020-10-22
2205,April,Page,Norfolk Island,5034744167,millsdustin@example.org,2022-10-11
2206,Jeanette,Williams,Turkey,001-879-320-1030x90262,rrogers@example.net,2020-06-29
2207,Jason,Robinson,Myanmar,645-621-7058x4451,jonathan62@example.com,2024-12-07
2208,Carl,Mcbride,Mozambique,+1-814-773-0823x7105,stevenwood@example.net,2020-12-09
2209,Lauren,Jones,Monaco,685-762-4743x72670,powersanita@example.com,2023-05-28
2210,John,Hess,New Caledonia,503.344.2873x432,vmcpherson@example.com,2021-01-25
2211,Christopher,Lewis,Swaziland,001-346-211-6323x8834,posborn@example.org,2023-10-26
2212,Lance,Lyons,Lithuania,(498)797-6688x826,hhebert@example.com,2024-02-13
2213,David,Wilson,Svalbard & Jan Mayen Islands,8237879521,mason32@example.com,2023-07-07
2214,Thomas,Contreras,Mauritania,(482)788-2496,tknapp@example.com,2020-07-25
2215,David,Bullock,Grenada,+1-770-673-3527x876,valeriekelly@example.com,2024-06-13
2216,Carrie,Graham,Monaco,727-781-9913,dorr@example.org,2022-10-25
2217,Mariah,Woodward,Montserrat,9264374567,summersregina@example.org,2025-07-12
2218,Alexander,Phillips,Sweden,719-468-8361x41082,timothyroberts@example.org,2025-05-31
2219,Mark,Ross,Belgium,871-285-0616x68880,qstark@example.net,2024-01-13
2220,Nicholas,Mueller,South Africa,297-238-4844x6218,davidcox@example.net,2022-11-23
2221,Karen,Lee,Cook Islands,(996)437-7812x58419,bakeralison@example.org,2025-10-08
2222,Hannah,Cain,Guinea-Bissau,001-451-747-6126,hotammy@example.net,2022-04-12
2223,Ryan,Smith,El Salvador,922-704-8592,hbrown@example.org,2020-05-18
2224,Helen,Campos,Timor-Leste,355-966-4965x2927,davidbarr@example.org,2022-01-22
2225,Rachel,Walker,Christmas Island,+1-355-957-5144x2100,monicalang@example.net,2020-06-13
2226,Robin,Figueroa,Falkland Islands (Malvinas),315-635-1573x3618,harmonkathleen@example.net,2021-08-15
2227,Kimberly,Smith,Cook Islands,403.984.3095x87087,amanda98@example.org,2024-07-31
2228,Amanda,Nielsen,Tajikistan,342.906.0450x83383,julie55@example.net,2021-12-31
2229,Charles,Bentley,Sri Lanka,210-838-4044x582,lisa89@example.com,2024-08-06
2230,Carrie,Flores,Albania,001-542-918-7592,kristina07@example.org,2023-11-21
2231,Aaron,Hobbs,India,(202)620-1648,cramos@example.com,2023-08-02
2232,Tanya,Gallagher,Congo,450.227.6551x69000,miranda26@example.net,2023-08-29
2233,Loretta,Singh,El Salvador,320.932.5872,pamelawheeler@example.org,2022-04-14
2234,Diane,Hancock,Colombia,001-397-736-1308x2362,natalievalenzuela@example.org,2024-12-17
2235,Tracie,Dixon,Guinea,+1-875-936-0892x14104,samuelbullock@example.net,2025-08-18
2236,Kathryn,Butler,Iraq,001-219-339-6004x1493,hensonbrandon@example.com,2023-08-16
2237,Darius,Payne,Netherlands Antilles,+1-317-820-3302x894,michelle60@example.org,2021-05-24
2238,Ryan,Fuentes,Bosnia and Herzegovina,(462)912-8782x1434,zvargas@example.com,2022-05-09
2239,Patrick,Bailey,Samoa,302.835.4757x26007,russodonald@example.net,2022-07-11
2240,Nancy,Freeman,Aruba,+1-916-916-8360x642,heatherlewis@example.org,2020-05-24
2241,David,Anderson,Bermuda,(877)557-0303,cbeck@example.com,2021-01-20
2242,Amanda,Washington,Wallis and Futuna,233.446.7803x87046,christopherwright@example.net,2020-04-30
2243,Timothy,Bennett,Namibia,815-595-0101x804,laurenestrada@example.net,2020-09-06
2244,David,Williams,Saint Barthelemy,(817)667-2898x494,cheryl02@example.org,2025-05-08
2245,Jared,Armstrong,Tokelau,+1-219-639-8057x43326,alison08@example.org,2023-09-09
2246,Sharon,Brown,Panama,785.831.5354,goodpatrick@example.org,2024-09-01
2247,Donald,Griffin,Bermuda,291.947.2333,greenjulie@example.org,2020-05-27
2248,Pamela,Craig,Hong Kong,318-477-2172,fmoore@example.com,2023-10-04
2249,Michelle,Davidson,Croatia,(628)997-3948,dmiller@example.org,2024-12-19
2250,Austin,Flores,Holy See (Vatican City State),421-549-8924x038,julie20@example.org,2022-04-28
2251,Wendy,Gaines,Vietnam,969-768-0453x385,ryan98@example.net,2023-06-26
2252,Lisa,Johnson,Haiti,(385)967-2210x770,tjohnson@example.com,2023-01-19
2253,Nicholas,Brown,Niger,(374)318-7268x198,joannamorris@example.org,2023-08-07
2254,Natasha,Krueger,Zimbabwe,254-573-2022,adamsrobert@example.com,2021-06-01
2255,Sarah,Nixon,Sierra Leone,001-300-264-9488,hickschloe@example.com,2022-12-17
2256,Shawn,Perez,Bolivia,205-294-5565x543,morrowamy@example.org,2022-11-30
2257,Sharon,Mercado,Estonia,361.400.0091,jose36@example.net,2025-11-12
2258,Gregory,Gomez,Marshall Islands,+1-934-273-0406x3579,karenduran@example.com,2024-06-10
2259,Maria,Mullins,Nicaragua,2408262616,tylerpope@example.net,2025-03-10
2260,John,Stephens,Belgium,(235)963-7909,cortezanna@example.org,2020-04-16
2261,Jon,Torres,Andorra,788.346.5161,wardjulian@example.com,2025-05-07
2262,Carla,Reed,Botswana,001-224-980-0239x9904,annajones@example.org,2020-05-21
2263,Katie,Villa,Djibouti,001-295-555-4590x872,courtney57@example.net,2020-02-01
2264,Brandi,Rogers,Japan,001-760-303-3284x520,codyduran@example.net,2023-04-03
2265,Jennifer,Miller,Hong Kong,208-258-6456,mary66@example.org,2025-11-14
2266,Daniel,Wilkins,Pitcairn Islands,880-730-0972,kristinablack@example.com,2023-11-10
2267,Nathan,Ortega,French Polynesia,+1-287-249-5679x9781,jennifersmith@example.com,2022-08-03
2268,Kaitlyn,Contreras,Mauritania,001-743-945-0909x324,itorres@example.com,2023-02-05
2269,Kurt,Lawson,Sao Tome and Principe,310.552.9852x98640,johnathanpacheco@example.com,2020-12-02
2270,Paul,Valdez,Hungary,+1-972-746-6636x444,trevinojordan@example.org,2024-02-25
2271,Roy,Matthews,Cameroon,001-640-550-1090x45323,obaker@example.org,2020-10-01
2272,Nicholas,Galloway,Colombia,001-835-743-2766x1698,amandaphillips@example.com,2023-11-18
2273,Brian,Lewis,South Africa,277.726.7334x797,joneslisa@example.org,2022-08-23
2274,Jessica,Hernandez,Algeria,+1-286-298-6444,jensenaaron@example.org,2024-02-04
2275,Cindy,Bartlett,Greece,(900)695-2378x67182,velasquezsergio@example.org,2024-05-14
2276,Alexis,Chang,Algeria,201-897-4459x564,bthomas@example.net,2023-04-12
2277,Sheri,Jones,Malaysia,(778)584-9969,crystal37@example.com,2025-08-07
2278,Teresa,Acosta,Cambodia,001-761-727-8325x646,joshuajackson@example.net,2024-08-14
2279,Shawn,Pierce,Benin,+1-897-593-8986,tyler43@example.com,2025-10-11
2280,Warren,Peterson,Jersey,2128849120,robertdrake@example.com,2025-10-10
2281,Joshua,Hardy,Liberia,244-848-3642x84022,timothy03@example.net,2021-09-03
2282,Elizabeth,Ross,Turkey,514.649.2366,cedwards@example.net,2023-06-20
2283,Vincent,Graham,United States of America,536.523.7227,schneiderjose@example.net,2021-05-01
2284,Scott,Moore,Myanmar,3302898983,shannon66@example.org,2025-04-12
2285,Angela,Cole,Luxembourg,7534708620,pamela70@example.com,2024-06-10
2286,John,Medina,Guyana,577-989-9070x1600,daniel43@example.org,2023-02-16
2287,Victoria,Stewart,Saint Lucia,001-536-708-0344,ryanturner@example.com,2025-11-30
2288,Ivan,Williams,Fiji,+1-678-479-2034,jordanpalmer@example.net,2020-08-29
2289,Amanda,Mooney,Saint Vincent and the Grenadines,589.906.1601x012,iwalsh@example.net,2024-07-21
2290,Andrea,Hansen,Cape Verde,5847370981,mary88@example.net,2021-03-30
2291,Linda,Long,France,347-276-2604,kathleen45@example.com,2020-07-31
2292,William,Ross,Palau,(747)540-2935,ckelley@example.org,2025-08-11
2293,Joshua,Smith,Japan,294.615.1021,udunn@example.com,2021-01-16
2294,Steven,Gilmore,Peru,338-698-8572x06412,scottnavarro@example.com,2020-05-08
2295,Susan,Lee,Maldives,(229)667-7106,melissasalas@example.net,2020-12-31
2296,Andrew,Parker,Puerto Rico,270-701-1675x95893,crosstravis@example.org,2020-08-04
2297,Lori,Phillips,Somalia,736-326-0831x49407,rdavis@example.net,2021-01-20
2298,Karen,Taylor,Oman,+1-797-286-8863x228,brian96@example.org,2022-04-21
2299,Michael,Ayala,Turkey,9755728912,ariel24@example.net,2022-04-11
2300,Lisa,Li,Kazakhstan,3384105414,janehughes@example.net,2025-05-17
2301,Sue,Robinson,Northern Mariana Islands,001-250-490-3306x3838,brenda38@example.com,2023-06-04
2302,Kim,Hernandez,Guinea,531.927.1173,jack98@example.com,2023-07-21
2303,Benjamin,Howell,Georgia,(571)848-5932x2115,cfaulkner@example.org,2024-12-19
2304,Debra,Vincent,Rwanda,+1-785-466-5163,valeriemcdonald@example.org,2023-07-11
2305,Patrick,Goodman,Monaco,(900)418-9297x938,danielthompson@example.net,2025-08-23
2306,Alan,Miller,Afghanistan,(235)430-0348x5805,hpowers@example.net,2024-10-31
2307,Douglas,Montoya,British Indian Ocean Territory (Chagos Archipelago),5194177353,kimthomas@example.org,2022-05-18
2308,Madison,Whitehead,Belize,501.677.9188,beltrantravis@example.org,2023-08-16
2309,Joyce,Salinas,San Marino,001-576-822-7035x430,jerryburns@example.net,2023-10-10
2310,Darrell,Booker,Hungary,001-317-800-1814x169,richard56@example.com,2023-05-10
2311,Cesar,Williams,Lebanon,001-529-285-4496x0007,theresa22@example.com,2021-01-12
2312,Jesse,Wilson,Kyrgyz Republic,796-999-0530,thompsonchase@example.net,2022-03-23
2313,Kathleen,Johnson,Australia,(470)480-4408,duanehall@example.net,2020-01-06
2314,Ronald,Garrett,Ireland,856.326.2494,urodriguez@example.com,2024-12-01
2315,George,Curtis,Haiti,+1-379-777-6356x4077,vaguilar@example.org,2025-05-13
2316,Anthony,Simmons,Pakistan,886-869-5865x153,brett28@example.com,2023-09-06
2317,Regina,Mcbride,Honduras,001-462-484-6332x998,alvaradodiana@example.com,2025-01-26
2318,Katherine,Williams,Norfolk Island,+1-285-577-0156x349,patricklynch@example.org,2025-10-18
2319,Debra,Morris,Bouvet Island (Bouvetoya),543.651.1590,catherine64@example.org,2025-02-10
2320,Rhonda,Love,Moldova,(353)821-9014,msmith@example.org,2022-02-28
2321,Jacob,Ramirez,Mayotte,405-209-9103x326,lking@example.org,2025-07-31
2322,Bobby,Pace,Guyana,599.455.5281,perkinschase@example.net,2022-03-20
2323,Shannon,Harris,Nepal,388-826-1115x1039,kelly33@example.com,2023-01-15
2324,Nicholas,Grant,Zambia,2597559152,cherrysteven@example.org,2020-09-28
2325,Terri,Forbes,Congo,+1-669-605-9106x450,matthewaguilar@example.net,2023-07-07
2326,Mark,Hogan,Thailand,6267196678,rodriguezdarryl@example.org,2020-08-19
2327,Elizabeth,Medina,Tuvalu,279.565.7427,dmann@example.net,2020-06-25
2328,Angela,Baker,Sweden,429-240-9302,rschultz@example.com,2020-02-22
2329,Lauren,Harris,Maldives,817.511.5891x855,alisha36@example.org,2025-06-13
2330,Jennifer,Roy,Iraq,001-820-208-1786x5692,grayrebecca@example.org,2020-07-26
2331,Jessica,Riley,Angola,358.894.7347,robert30@example.net,2025-12-01
2332,Rebekah,Martin,Saint Pierre and Miquelon,5255869171,davidfernandez@example.com,2024-12-18
2333,Todd,Berry,Guernsey,877.998.4268x32430,olewis@example.org,2025-02-07
2334,Terri,Barnes,Togo,+1-622-861-8118x397,ryan87@example.com,2024-08-03
2335,Kelly,Evans,Canada,5448616492,shudson@example.org,2025-07-07
2336,Sharon,Jimenez,Dominican Republic,905.654.8485,kristinpena@example.com,2022-11-16
2337,Donald,Clark,Guadeloupe,7575876559,emily71@example.net,2023-08-24
2338,Jeremiah,Guzman,Slovakia (Slovak Republic),659.432.7059x03808,nicoledavis@example.net,2022-12-22
2339,Erika,Rasmussen,Papua New Guinea,6827910718,nicolemiller@example.org,2023-06-06
2340,Robert,Horton,Vietnam,+1-401-382-1713,tracy50@example.com,2023-03-01
2341,Kristi,Allen,Italy,+1-678-278-0187x54932,dawsonjason@example.org,2024-12-23
2342,Justin,Banks,Dominican Republic,468.823.8964x824,armstrongelizabeth@example.com,2023-04-17
2343,Adriana,Cox,Japan,4933691893,georgemorris@example.org,2024-11-28
2344,Brandon,Smith,American Samoa,001-915-998-7224x1372,haasandrew@example.net,2026-03-04
2345,Kimberly,Curry,San Marino,001-871-778-2671,vbarker@example.com,2025-09-01
2346,Troy,Brown,Madagascar,(915)531-5637x0181,jillelliott@example.org,2025-08-08
2347,Daniel,Hardin,Turks and Caicos Islands,(928)407-6280x7526,crystal46@example.org,2021-01-22
2348,Karen,Hinton,Qatar,001-857-728-7232x6088,farmerlee@example.org,2025-04-26
2349,Paul,Mosley,Romania,+1-435-460-8466x8960,josephblack@example.com,2025-09-16
2350,Erin,Wilson,Bhutan,641-338-7463x34438,michael36@example.com,2023-03-16
2351,Veronica,Gentry,Cote d'Ivoire,(595)319-1586x1802,charles43@example.net,2023-02-22
2352,Mark,Fowler,Brazil,(852)391-0923,julie11@example.net,2020-08-03
2353,Emily,Walker,Thailand,655-634-1562x2800,jackfox@example.org,2025-05-28
2354,Michael,Munoz,Netherlands,(763)370-8591,kelly28@example.net,2024-03-31
2355,Robert,Ruiz,Kenya,5092041275,mjohnson@example.net,2020-08-14
2356,Logan,Nguyen,Indonesia,512-530-4924x077,elizabeth89@example.com,2025-06-20
2357,Renee,Garcia,Norfolk Island,229-274-3333x88890,andreshoward@example.net,2020-04-25
2358,Nicole,Smith,Gibraltar,(442)977-4533x26766,laurie16@example.org,2023-07-19
2359,Robin,Soto,Tunisia,9427394838,valerie98@example.net,2024-05-05
2360,Stacy,Gonzalez,Trinidad and Tobago,+1-331-353-3267x70144,sgonzales@example.org,2025-05-03
2361,Steven,Hart,Nicaragua,(438)350-0945x427,theresa51@example.net,2025-11-16
2362,Debra,Morales,Reunion,001-816-472-4247x3657,zfisher@example.com,2023-03-18
2363,Kristina,Cooper,United States Virgin Islands,8778818907,beckjose@example.net,2023-08-20
2364,Kerri,Bailey,Burundi,936.962.9380,omoore@example.net,2023-01-17
2365,Chad,Benson,Samoa,(319)366-7017x7756,dbowman@example.org,2024-11-22
2366,Katelyn,Becker,South Africa,001-718-779-6041x341,garnerkylie@example.net,2021-06-20
2367,Richard,Acosta,Saint Helena,001-805-545-5197,stephensmitchell@example.net,2022-10-23
2368,Dustin,Weaver,Libyan Arab Jamahiriya,327.372.1153,zacharygraham@example.com,2024-11-18
2369,Carla,Gallagher,France,+1-376-550-1235x18302,hbates@example.net,2020-02-10
2370,Daniel,Wilson,Saint Barthelemy,001-909-498-1656x4828,abutler@example.com,2024-10-09
2371,Brittany,Carpenter,Panama,5975802855,garciabarry@example.net,2024-03-31
2372,Matthew,Holder,Angola,840.434.9078,michaelhenry@example.net,2020-06-12
2373,Megan,Kidd,Palau,001-396-310-0854x1465,laura33@example.org,2022-01-14
2374,Ronald,Green,Luxembourg,(301)340-8060,pattersonjason@example.com,2022-04-24
2375,Cynthia,Alexander,Iraq,001-943-623-3931,bwoodward@example.net,2025-11-24
2376,Kirk,Gross,Christmas Island,(290)790-6727x63272,jlittle@example.net,2026-01-30
2377,Leah,Sheppard,Mayotte,(201)988-9640x792,anthony39@example.com,2020-05-30
2378,Katrina,Smith,Andorra,(255)478-6082x0093,josephhowell@example.com,2021-11-23
2379,Jessica,Jenkins,Dominica,(855)596-8756,hicksmike@example.com,2026-02-27
2380,Kayla,Warren,Guinea-Bissau,+1-420-903-5295x35644,moliver@example.com,2023-07-16
2381,Katrina,Wilson,Mayotte,(200)987-5685x76483,garciajason@example.com,2021-11-26
2382,Joe,Lynch,British Indian Ocean Territory (Chagos Archipelago),(348)972-8854,ryanjill@example.net,2025-02-28
2383,Lisa,Moore,Bermuda,633-645-3740,stevenhernandez@example.org,2026-02-23
2384,Michael,Thomas,Egypt,404.209.1519,jennifer59@example.net,2024-06-10
2385,Kenneth,Matthews,Micronesia,(662)890-6594,brewerkyle@example.org,2023-03-20
2386,Brianna,Davis,Norfolk Island,+1-582-457-2840x02023,mollymurphy@example.com,2023-08-12
2387,Cynthia,Craig,Colombia,260.428.2392,roblesrichard@example.org,2021-12-24
2388,Joshua,Davis,Antigua and Barbuda,001-570-299-7860x83885,christopherhart@example.net,2023-09-15
2389,Barry,Collins,Costa Rica,+1-590-481-7432x880,donnasmith@example.com,2024-08-10
2390,Jose,Davis,Spain,711-529-2659,gwood@example.com,2021-12-05
2391,Joan,Hernandez,South Africa,329.907.9720x14359,robbinsroy@example.net,2023-05-29
2392,Samantha,Hobbs,Nigeria,338-241-5054,destinythompson@example.net,2021-12-12
2393,Heidi,Bates,Myanmar,730-876-8408x4445,crivera@example.net,2022-10-21
2394,Sherry,Martinez,New Caledonia,518-755-8981x4225,sandragardner@example.net,2023-07-28
2395,Kenneth,Jenkins,Iran,773-700-4952x2491,monique51@example.org,2025-11-04
2396,Felicia,Welch,Sierra Leone,861-273-9144,loritucker@example.org,2024-10-01
2397,Stephanie,Walton,Gibraltar,303-605-4769x1018,amy13@example.net,2022-11-13
2398,Teresa,Smith,Somalia,720.466.3886,othomas@example.com,2021-09-19
2399,Yesenia,King,Paraguay,+1-229-918-2588x90152,rbates@example.org,2023-05-29
2400,Steven,Robinson,Moldova,390.369.8791x197,marcohernandez@example.com,2023-06-05
2401,Donna,Garcia,Poland,(664)407-3517x1713,frandall@example.org,2025-05-31
2402,Derrick,Richardson,Cocos (Keeling) Islands,001-918-851-4031x6609,scastro@example.com,2026-02-16
2403,Zachary,Thomas,Nicaragua,+1-940-981-2556x7287,kellie38@example.org,2022-10-15
2404,Andrea,Long,Poland,(927)664-7225x329,wneal@example.com,2024-07-29
2405,Ellen,Ross,French Southern Territories,552-712-5921,robertcurtis@example.org,2025-07-26
2406,Daniel,Acosta,Suriname,(502)684-1284,arnoldraymond@example.org,2023-05-22
2407,Elizabeth,Christensen,Montenegro,974.577.1342,nglover@example.org,2023-02-12
2408,Sarah,Lawrence,Holy See (Vatican City State),845.321.0799x1628,katherine17@example.net,2023-04-12
2409,Garrett,Rodriguez,Suriname,001-727-506-6293x7331,janetrodriguez@example.net,2021-12-25
2410,Kelly,Rogers,Colombia,8682041309,etodd@example.com,2020-04-19
2411,Tanya,Logan,Tonga,391-895-0174x32477,elizabethpage@example.org,2023-01-11
2412,Paul,Robinson,Peru,001-279-511-3911,edward30@example.org,2024-12-15
2413,Eric,Smith,Macao,+1-492-757-5209,bryan96@example.org,2024-11-15
2414,Vincent,Knight,Macao,615.813.1986x1765,susan71@example.com,2020-10-26
2415,Crystal,Hodge,Cape Verde,5322373907,susan92@example.com,2020-11-23
2416,Robert,Palmer,Haiti,464.228.1152,adampeters@example.com,2023-08-19
2417,Scott,Garcia,Kazakhstan,814.564.5655x372,jason56@example.org,2022-01-09
2418,Peter,Lopez,Bouvet Island (Bouvetoya),001-791-912-1106x3232,benjaminherrera@example.com,2025-06-05
2419,Willie,Edwards,Trinidad and Tobago,392-424-3877x597,karen04@example.net,2023-01-03
2420,Jennifer,Hudson,Morocco,(520)820-9291,bdelgado@example.com,2024-08-12
2421,Nicholas,Bruce,Seychelles,+1-297-728-3940x82568,derek38@example.com,2021-11-06
2422,William,Brown,Iran,(626)871-6262,michaelbailey@example.org,2024-08-18
2423,Erik,Mitchell,Guernsey,(946)376-0275x310,ginahernandez@example.net,2025-07-29
2424,Daniel,Brown,Samoa,2932140409,johnsonkimberly@example.net,2025-05-29
2425,Christopher,Butler,Palau,867-831-2914x4636,christiancisneros@example.com,2023-01-01
2426,Deborah,Jones,Ecuador,(482)398-1672x2395,lbrown@example.org,2024-10-02
2427,David,Odonnell,Bermuda,599-662-2056x22415,rodriguezmonica@example.com,2025-02-25
2428,Erica,Taylor,Guinea-Bissau,795.364.6382x4312,michaelwebster@example.org,2026-02-08
2429,Joseph,Moore,Tanzania,798-715-1921x6715,andreagomez@example.com,2024-02-27
2430,Angela,Gutierrez,Seychelles,(434)271-5050,kinglynn@example.org,2024-09-12
2431,Richard,Rodriguez,Cayman Islands,+1-210-893-0636x333,allenbrian@example.com,2020-04-27
2432,Angela,Jones,Morocco,825-598-1255,alejandramiller@example.org,2020-07-07
2433,Heidi,Cox,Micronesia,001-930-485-4281x88914,krodriguez@example.net,2021-04-04
2434,Rebecca,Dickson,Swaziland,(397)306-1703x224,thompsoncarol@example.com,2020-03-23
2435,Paige,Cruz,Andorra,213.475.3194,alyssaherman@example.com,2023-09-09
2436,Justin,Holmes,Morocco,+1-485-838-1609x7126,joe83@example.org,2022-06-13
2437,James,Cooper,Libyan Arab Jamahiriya,+1-450-853-8023x34948,ihensley@example.net,2024-03-17
2438,Tanya,Diaz,Benin,001-848-611-9032x1986,baileylaura@example.org,2021-01-20
2439,Nina,Rogers,Cocos (Keeling) Islands,382.963.9097x0984,john07@example.net,2024-11-01
2440,Richard,Mcintosh,Cambodia,540.508.5838x063,leeyesenia@example.net,2025-04-20
2441,Tracy,Marshall,Taiwan,001-711-520-0780x27385,ywong@example.org,2021-03-04
2442,Jessica,Khan,Norfolk Island,682-496-1789x257,gsmith@example.net,2020-09-06
2443,Charles,Lane,Grenada,001-862-855-9369,justin95@example.com,2026-03-01
2444,Cheyenne,Mendoza,Taiwan,7798841731,dennismartinez@example.com,2021-07-12
2445,Chad,Williams,Mayotte,+1-226-999-2330x92813,keith79@example.com,2022-02-28
2446,Tara,Orr,Lao People's Democratic Republic,(373)243-5671x697,sbryant@example.com,2020-03-14
2447,John,King,United States Minor Outlying Islands,+1-719-733-7166x7892,ayalajoseph@example.org,2023-04-28
2448,Kristin,Curtis,Lithuania,001-707-399-6729x97547,nhuerta@example.net,2021-02-27
2449,Rebecca,Riley,Saint Barthelemy,730.236.6985x4185,porterelijah@example.org,2021-12-19
2450,Jennifer,Yoder,Sierra Leone,761.624.8630,julia70@example.org,2022-06-20
2451,Zachary,Ortiz,Nicaragua,374.682.7121,dmcguire@example.com,2022-10-07
2452,Brandon,Wolf,Timor-Leste,001-630-711-9003x120,williamcasey@example.org,2022-03-10
2453,Matthew,Hernandez,Bermuda,001-855-590-7429,lauramontoya@example.net,2023-04-21
2454,Christopher,Reeves,British Virgin Islands,(872)225-7443x449,molly14@example.com,2025-10-07
2455,William,Morales,Grenada,668.485.3829x989,jonathan18@example.org,2020-12-17
2456,Thomas,Gutierrez,Saint Helena,001-842-814-7455x29060,millsmary@example.net,2024-08-26
2457,Matthew,Davis,Heard Island and McDonald Islands,709-234-7537,natalie21@example.org,2023-04-12
2458,Maria,Smith,Brazil,(294)730-5745x989,deborah35@example.net,2021-06-05
2459,Kathleen,Scott,Bangladesh,(858)283-5497,latoya52@example.com,2022-03-23
2460,Karen,Santiago,Tunisia,699.607.4034,derek97@example.net,2025-01-07
2461,Nancy,Li,Malawi,001-658-302-8400x72191,alexandershaw@example.org,2020-07-14
2462,Gloria,Stephens,Rwanda,9244090362,flynnkelsey@example.net,2025-03-07
2463,Rachel,Ward,Japan,001-307-911-7732,sdaniel@example.org,2024-04-05
2464,Raymond,Cooper,Saint Pierre and Miquelon,+1-784-521-7138x0977,scottkrueger@example.com,2024-02-10
2465,Jonathan,Johnston,Saint Vincent and the Grenadines,377-883-9399x973,payneshawn@example.net,2025-01-29
2466,Nicole,Drake,Lao People's Democratic Republic,+1-224-418-7097,robert69@example.org,2023-04-27
2467,Caroline,Bryan,Cyprus,+1-368-848-4194,jefferymoore@example.net,2023-11-28
2468,Daniel,Freeman,Central African Republic,+1-835-422-2667x4355,kmorales@example.org,2023-05-17
2469,Shelia,Miller,Micronesia,+1-653-660-2502x4701,jeremiah69@example.net,2024-11-15
2470,Curtis,Dixon,Egypt,9067128711,hollandchristopher@example.net,2026-02-10
2471,Lauren,Riley,Mayotte,5119901534,kristinlivingston@example.net,2024-06-03
2472,Heather,Potter,Micronesia,820.944.8488x76743,barneskarl@example.org,2022-10-30
2473,Lisa,Acosta,Solomon Islands,8607571954,darryl24@example.com,2020-11-06
2474,Charles,Shepherd,Ukraine,235.768.4227x355,carl64@example.org,2021-02-20
2475,Dylan,Bailey,Isle of Man,(557)603-9735x46672,shelley47@example.net,2023-10-13
2476,Robert,Williams,Benin,796-488-4051,emilymoore@example.net,2025-04-22
2477,Sara,Flynn,Sweden,6759540109,kennedyangelica@example.org,2023-10-15
2478,Eric,Eaton,Turkey,204.552.8077x9873,ramoserica@example.org,2022-10-23
2479,Tasha,Scott,South Georgia and the South Sandwich Islands,001-448-926-8716,millerwillie@example.com,2022-03-21
2480,Joseph,Miller,Tajikistan,314-772-3560x43709,riverapaul@example.org,2021-05-13
2481,Adam,Cobb,Benin,9165212134,riveraapril@example.org,2024-12-27
2482,Veronica,Romero,Cocos (Keeling) Islands,495.322.7958,kayla05@example.net,2023-06-27
2483,Nicole,Brown,Trinidad and Tobago,(278)683-7925x960,lisawarren@example.com,2022-03-08
2484,Robert,Golden,Poland,(299)690-1255,hickssarah@example.net,2024-11-29
2485,Sally,Hamilton,Angola,(596)471-8262,donald95@example.org,2021-03-31
2486,Adam,Khan,Cote d'Ivoire,+1-435-876-7867x657,evansmatthew@example.com,2022-10-05
2487,Kimberly,Hill,Uzbekistan,(426)383-7128x76627,troy49@example.com,2025-11-22
2488,Benjamin,Moore,Sweden,+1-812-263-6627,gaguirre@example.org,2020-12-20
2489,Lawrence,Rodriguez,Turkey,(602)904-2303,megandurham@example.net,2020-08-08
2490,Justin,Salinas,Poland,+1-913-603-8008x650,mindythomas@example.net,2025-07-22
2491,Stephanie,Walker,Isle of Man,7144485028,ghampton@example.net,2021-11-18
2492,Reginald,Flowers,Algeria,8847876661,payneyvonne@example.org,2024-06-21
2493,Paul,Turner,Georgia,635.280.3655,justin06@example.net,2023-07-18
2494,Javier,Moran,Anguilla,510-416-8959,danielsfrank@example.com,2022-08-06
2495,Mark,Bell,Turkmenistan,001-208-692-4451x1990,tracivazquez@example.com,2026-01-26
2496,Gary,Rose,Cayman Islands,454-453-0920,christopher95@example.com,2022-10-09
2497,Leslie,Sanchez,Monaco,+1-279-467-1675x1220,johnsondeborah@example.com,2020-07-02
2498,Jasmine,Smith,Mongolia,001-694-580-3349x192,steven48@example.com,2024-01-13
2499,Kenneth,Douglas,United Arab Emirates,(231)535-3100x74572,clopez@example.net,2022-08-09
2500,Alexandra,Stout,Venezuela,423.955.8562x94535,kristin92@example.net,2022-05-09
2501,Carla,Sullivan,Hungary,8444864128,courtneyrobles@example.com,2021-12-09
2502,Heather,Garrett,Anguilla,(830)682-1218x913,castrojason@example.com,2021-08-09
2503,Abigail,Patterson,Cocos (Keeling) Islands,+1-866-461-9210x397,jacobrosario@example.net,2024-01-31
2504,Jacqueline,Mcbride,Honduras,001-259-594-1705x67243,sullivandarius@example.org,2022-05-09
2505,Leslie,Griffith,Uruguay,(822)981-2093x5070,danielleboyd@example.org,2023-08-26
2506,Daisy,Duncan,Israel,292.396.0489x129,smithmary@example.org,2023-02-07
2507,Kyle,Schaefer,San Marino,001-905-926-4966x0063,cindyduran@example.com,2025-10-20
2508,Karen,Schmitt,Guinea,9872474195,munozlauren@example.com,2021-09-03
2509,Alexandria,Rivera,Falkland Islands (Malvinas),200.966.5007x108,gruiz@example.org,2020-07-02
2510,Helen,Mcconnell,Benin,001-949-685-7871x78371,johnmitchell@example.net,2021-05-08
2511,Mark,Johnson,Colombia,(513)546-5396x230,jesus53@example.net,2025-11-03
2512,Jennifer,Melton,Marshall Islands,001-609-558-5475x681,nathaniel67@example.com,2021-05-30
2513,William,Wilson,Iraq,714.443.9496x90841,richardcaldwell@example.com,2025-01-17
2514,Andrew,Miller,Indonesia,(769)235-9992x4261,burchduane@example.com,2024-01-10
2515,Edward,Fernandez,North Macedonia,(559)710-2760x5452,bryantmathew@example.com,2020-08-12
2516,Brandon,Finley,Japan,808.719.2408x92536,miguelward@example.net,2020-02-21
2517,Tonya,Wells,Montserrat,790-865-4277x3297,david65@example.org,2024-08-10
2518,Heather,Reid,Dominica,001-915-573-7837x6971,joshua08@example.com,2022-04-02
2519,Grant,Steele,Slovakia (Slovak Republic),001-694-862-5632x039,daniel25@example.org,2021-03-25
2520,Kimberly,Cannon,Russian Federation,706.616.8911x988,trodriguez@example.net,2024-12-30
2521,Joseph,Nielsen,Indonesia,823-522-9123,dawnknight@example.net,2022-07-30
2522,Sharon,Daniels,Albania,347.663.9866,roger05@example.com,2024-10-18
2523,Shannon,Neal,Fiji,(965)405-7297,nfrederick@example.org,2024-06-11
2524,Mark,Beard,Syrian Arab Republic,001-948-404-8146x800,paigeware@example.net,2025-12-30
2525,Theresa,Espinoza,Trinidad and Tobago,619.634.3063x0574,ronaldsmith@example.net,2021-11-29
2526,Linda,Edwards,Indonesia,+1-692-870-4986,berrytyrone@example.com,2025-03-28
2527,Nancy,Miller,Equatorial Guinea,397-626-9038,fruiz@example.net,2020-01-25
2528,Timothy,Brooks,Iceland,952-482-4950x198,michael80@example.org,2022-01-21
2529,Ashley,Rodriguez,Guadeloupe,698.646.7544x7065,mendozakyle@example.org,2023-04-29
2530,Alexis,Frazier,Bhutan,+1-959-704-3266x5780,andersonrichard@example.com,2024-09-26
2531,Jessica,Hill,Chad,603-443-5138,teresa95@example.net,2025-09-02
2532,Jessica,Patterson,Fiji,001-567-509-4235,angelachandler@example.org,2025-04-24
2533,Rebecca,Guzman,Guinea,+1-785-875-9616x32178,nsmith@example.net,2023-08-24
2534,Susan,Barnes,El Salvador,779-507-6003,christinecooper@example.com,2021-09-27
2535,Gabriella,Foster,Macao,001-733-523-2984x9851,collierjeremy@example.net,2021-02-17
2536,Christopher,Meadows,Macao,(932)774-9019,scottbrowning@example.org,2023-04-28
2537,Stacey,Dixon,French Guiana,(534)336-1063x91329,hicksjoel@example.com,2021-01-07
2538,Shannon,Montoya,American Samoa,618-279-0267x703,ianderson@example.net,2024-02-19
2539,Debra,Johnson,Guinea,780.532.4981x0672,kguzman@example.org,2023-08-18
2540,Susan,Burns,Greenland,001-711-902-3920,stewartmichael@example.net,2023-11-26
2541,Derek,Brown,Tajikistan,793-773-0245,howardrodney@example.org,2022-09-06
2542,Ivan,Ramirez,Ghana,870.326.2096x502,qwilliams@example.com,2020-06-11
2543,Leon,Christian,Burundi,(717)737-6896,kimberlyhart@example.org,2025-01-05
2544,James,Smith,Kyrgyz Republic,+1-759-807-6113,fgraham@example.org,2021-04-20
2545,Jonathan,Phillips,Djibouti,+1-930-255-5304x3970,kayla36@example.net,2022-08-04
2546,Katie,Bowen,Mauritius,433-387-0079,bobby34@example.com,2021-08-10
2547,Sarah,Jenkins,Iraq,892-884-1928,rruiz@example.org,2022-01-30
2548,Timothy,Lane,Uganda,001-784-317-1269x3767,frederick24@example.org,2024-01-18
2549,Ann,Brown,South Georgia and the South Sandwich Islands,(210)654-7734x435,ngeorge@example.com,2022-08-15
2550,Elizabeth,Smith,Faroe Islands,001-822-957-8988x27637,nicholscesar@example.net,2023-06-25
2551,Melissa,Adams,Belize,(347)642-9428x0272,smithjay@example.com,2023-12-13
2552,Jacob,Torres,Svalbard & Jan Mayen Islands,6176505768,vtaylor@example.org,2021-07-03
2553,Lisa,Hurst,Bulgaria,664.753.1570x736,laurajohnson@example.org,2020-11-04
2554,Tony,Tucker,Azerbaijan,752.667.1724x717,bryankenneth@example.com,2022-10-13
2555,Randy,Gregory,Hungary,2284134807,ymolina@example.com,2023-05-29
2556,Andrew,Wright,Latvia,001-821-271-4054x489,michellemoran@example.net,2024-01-14
2557,Holly,Wood,United Kingdom,001-776-222-2815x2055,aliciadavid@example.com,2023-12-21
2558,Sheri,Howell,Philippines,229-640-0656x184,russellrobert@example.org,2022-11-07
2559,Stephanie,Lara,New Caledonia,001-469-824-8756x8102,wthomas@example.com,2022-05-07
2560,Jessica,Black,Bermuda,448.738.6442x124,bsingleton@example.org,2023-05-09
2561,Christopher,Davis,Chad,595-358-1723,ruth10@example.net,2023-02-03
2562,Abigail,Taylor,Singapore,963.238.9609x47567,dicksonlisa@example.net,2026-01-14
2563,Kim,Jackson,Turks and Caicos Islands,390-916-0888x810,william79@example.net,2024-08-26
2564,Gabrielle,Lee,Singapore,607-560-0768x5763,charles77@example.org,2023-04-13
2565,Micheal,Miller,Northern Mariana Islands,705.749.6866x03719,washingtonmary@example.net,2020-02-28
2566,Christine,Watts,Bangladesh,(645)687-4391x720,kimberly03@example.net,2024-07-08
2567,Adam,Houston,Brunei Darussalam,001-319-713-4767,jessetran@example.net,2025-05-28
2568,Stephanie,Thomas,Costa Rica,001-620-301-3711x837,tara00@example.net,2021-03-04
2569,Pamela,Jones,Israel,369-983-1386,ncross@example.com,2023-06-09
2570,Marissa,Hall,Gibraltar,708-256-0016,longlisa@example.net,2020-05-31
2571,Rebecca,Stephens,Belgium,584-746-6104x489,xallen@example.org,2024-07-10
2572,Alexa,Riley,Albania,+1-984-777-3417x2567,mwade@example.net,2020-10-24
2573,Walter,Carter,Brazil,001-991-811-6669,justin55@example.org,2025-03-14
2574,Jasmine,Thompson,Suriname,927.890.0955x852,kochchristopher@example.org,2025-03-10
2575,Christopher,Thomas,Yemen,635-450-7912x622,erincastro@example.org,2025-10-04
2576,Bailey,Ferguson,Croatia,001-502-751-2780,garychavez@example.com,2023-02-07
2577,Crystal,Mendoza,Uganda,4827899116,robert36@example.org,2023-08-16
2578,Maria,Williams,Swaziland,218.221.5629x0493,tmyers@example.com,2025-10-06
2579,Gary,Stark,Cote d'Ivoire,001-572-412-2623x7305,cbenson@example.com,2021-07-12
2580,Michael,Hanson,Macao,746-579-3501,icontreras@example.org,2020-10-19
2581,Theodore,Ochoa,Jersey,641.306.3368,stephaniejones@example.com,2021-08-22
2582,James,Gonzalez,Belarus,(868)863-1651,pallen@example.com,2022-07-07
2583,Kristin,Morgan,Tanzania,(337)852-9513x58574,caroline14@example.net,2021-11-09
2584,Edward,Roberts,Argentina,(508)490-0008x2085,murrayjose@example.org,2020-07-04
2585,Alex,Hampton,Lao People's Democratic Republic,418.938.2931x92331,simpsonamanda@example.org,2025-10-09
2586,Jennifer,Todd,Libyan Arab Jamahiriya,(862)814-5975x262,kayla37@example.net,2024-05-12
2587,James,Taylor,South Georgia and the South Sandwich Islands,001-670-306-8131x6217,adam57@example.com,2021-12-18
2588,Christine,Kane,Burkina Faso,891-745-6191x9979,jvaldez@example.com,2020-08-11
2589,Sheila,Schmidt,Tuvalu,489.966.2922x5964,joshua77@example.org,2025-08-12
2590,James,Hayes,Cocos (Keeling) Islands,346.720.6793,christine50@example.com,2021-01-29
2591,Jordan,Wood,Morocco,001-615-251-3366x6146,hcasey@example.org,2025-01-23
2592,Larry,Castillo,Dominican Republic,528.723.1557,wilsongail@example.com,2024-11-22
2593,Robert,Greene,Montserrat,(969)999-0383,hallmario@example.org,2023-12-23
2594,Taylor,Hernandez,Kenya,267-514-2262x26287,michael18@example.org,2020-03-07
2595,Jennifer,Perry,Sao Tome and Principe,001-369-321-6398x032,deborahjones@example.org,2025-04-09
2596,Lance,Erickson,Indonesia,469-784-5909,dannydavis@example.com,2021-07-07
2597,Thomas,Hunt,Czech Republic,772-652-3586x74330,iaguilar@example.net,2020-03-14
2598,Emily,Bell,Tuvalu,001-836-428-8588x5460,rbaker@example.org,2020-12-14
2599,Ruth,Holland,American Samoa,(879)795-8807x8337,vhuerta@example.net,2023-01-04
2600,John,Miller,Belgium,001-995-381-2376,jason86@example.net,2022-07-04
2601,Daniel,Hunter,Tonga,294-207-4486x3706,tcopeland@example.org,2021-10-13
2602,Amy,Randall,Bulgaria,663.954.0388x8472,georgeking@example.com,2021-01-06
2603,Michael,Savage,Singapore,+1-717-515-7168x3938,kvasquez@example.net,2025-04-11
2604,Ricky,Ramirez,Pakistan,+1-834-800-6178x464,christinewest@example.com,2021-12-03
2605,Kristen,Vega,Argentina,(227)821-8829x36831,raymonddickerson@example.net,2022-07-08
2606,Eric,Perkins,Kazakhstan,+1-242-507-6192,kallen@example.org,2023-03-17
2607,Mark,Morales,Bosnia and Herzegovina,+1-668-935-5745,beckermichael@example.com,2022-05-25
2608,Kyle,Reynolds,Iran,(901)472-8134,orrphillip@example.org,2023-01-06
2609,Shelby,Smith,Sierra Leone,(289)579-1960x71079,george15@example.com,2023-04-23
2610,Donna,Cunningham,Benin,719-448-7986,qfrank@example.org,2021-05-01
2611,Dawn,Orr,Holy See (Vatican City State),292.490.6549x2841,bishopjames@example.net,2021-05-30
2612,Samantha,Mueller,Latvia,(444)850-5311,edwardsjoanna@example.org,2025-08-20
2613,James,Snyder,Madagascar,938.272.5765x61583,james13@example.com,2024-05-15
2614,Courtney,Campbell,Jersey,9149468368,anthonyvillanueva@example.org,2022-08-26
2615,Christine,Stephenson,British Virgin Islands,+1-613-539-6915x4712,tmartinez@example.org,2026-02-01
2616,Curtis,Knight,Guatemala,6839513696,singhjasmine@example.net,2020-06-10
2617,Justin,Rodriguez,Bangladesh,811.227.3418,dscott@example.org,2022-02-05
2618,Jeremy,Lowe,Libyan Arab Jamahiriya,(763)572-2343,bpalmer@example.net,2020-11-01
2619,Charles,Rodriguez,Russian Federation,+1-356-471-7942x90284,harrisonkatie@example.net,2024-02-28
2620,Shannon,Sanchez,Sierra Leone,7752484256,qgutierrez@example.net,2024-01-10
2621,Kristina,Reilly,Bahrain,407.986.2410,johnortiz@example.net,2021-10-31
2622,Christopher,Rose,Central African Republic,693-594-6809x288,desireegonzalez@example.org,2021-10-09
2623,Susan,Cantu,Korea,561-945-2798x68489,wclark@example.com,2022-01-02
2624,Leslie,Andrews,United States Virgin Islands,802.401.9940x646,vpope@example.net,2022-05-13
2625,Debra,Brown,Cyprus,232.338.2656x43504,jimmy89@example.com,2024-01-17
2626,Chris,Byrd,Saint Vincent and the Grenadines,390-247-2486x006,fhoffman@example.com,2020-11-01
2627,Emma,Arnold,Montenegro,(293)461-9458x402,valeriehernandez@example.org,2022-01-28
2628,Valerie,Murphy,Chad,001-496-535-6337x33297,ereyes@example.net,2022-06-25
2629,Anthony,Lang,Bolivia,001-395-734-2425x03706,aguerrero@example.net,2026-01-10
2630,Abigail,David,France,+1-894-685-0663x225,christina25@example.com,2022-05-14
2631,Michael,Lowe,Sao Tome and Principe,001-796-778-9488x63985,anahill@example.org,2024-09-30
2632,Margaret,Middleton,Zambia,673-342-7628x152,awilson@example.net,2025-03-01
2633,Lindsay,Bradley,Haiti,772.634.6249x193,williamrichards@example.org,2025-11-20
2634,Elizabeth,Holmes,Marshall Islands,946.258.4895x0353,mhanson@example.org,2020-07-08
2635,Michele,Esparza,Seychelles,(881)357-3661,tmcmillan@example.org,2022-05-01
2636,Christopher,Lang,Micronesia,789.554.3651x183,wreyes@example.org,2022-02-20
2637,Christian,Gibson,Seychelles,313.866.6849x09606,ryanyoung@example.com,2023-06-16
2638,Sean,Martinez,French Polynesia,852-564-2150,mirandadaniels@example.net,2021-03-12
2639,Sydney,Smith,Cape Verde,8052640434,rebecca02@example.com,2020-10-08
2640,Matthew,Shea,Austria,001-633-235-1194x033,canderson@example.net,2024-05-16
2641,Steven,Roberts,Argentina,912.892.0994,christopherortiz@example.com,2024-10-07
2642,Trevor,Roberts,Austria,7204622734,adamsadam@example.com,2022-11-27
2643,Brandon,Diaz,Faroe Islands,+1-539-314-9108,stevenchristensen@example.org,2022-03-15
2644,Gregory,Taylor,Albania,883-924-3356,melissa58@example.net,2021-05-21
2645,Hunter,Wells,Bangladesh,9746965115,yrosales@example.com,2023-07-13
2646,Charles,Rodriguez,Portugal,(319)516-0018x36162,brownrobin@example.net,2022-08-11
2647,Sara,Faulkner,Burkina Faso,489.580.8892x2735,howardlisa@example.com,2025-04-27
2648,Nicole,Pennington,Monaco,8737568130,cynthiawillis@example.net,2022-05-19
2649,Diane,Graham,Netherlands,+1-582-510-0642x7091,jbutler@example.net,2022-08-09
2650,Duane,Miller,Madagascar,(597)949-3453x87726,brianjones@example.net,2022-08-15
2651,Christopher,Parker,Burkina Faso,579.809.6549,ashlee31@example.com,2021-10-02
2652,Brian,Smith,Bahrain,993-958-9703x075,asmith@example.com,2025-08-29
2653,Cory,Nichols,Portugal,852-889-0268x356,cassandra61@example.com,2022-06-24
2654,Joshua,Ray,Paraguay,(738)415-4667x54647,traviscarter@example.com,2024-03-01
2655,Melanie,Brooks,Gibraltar,+1-685-773-7270x955,bradleynathan@example.org,2021-08-27
2656,Clifford,Hudson,Pakistan,848.448.6798,pjackson@example.com,2021-05-23
2657,Mary,Bell,Brunei Darussalam,(470)617-7671x9043,schultzedward@example.org,2025-06-17
2658,Ashley,Perez,Lebanon,001-697-250-8469x74581,shaweric@example.net,2021-12-09
2659,Travis,Hardin,Mongolia,9266418919,nicoleterry@example.net,2020-04-01
2660,Timothy,Valdez,Liberia,774.284.8710,jennifer93@example.org,2025-10-20
2661,Robert,Higgins,Montenegro,406-774-5274x87497,lmiles@example.net,2024-06-22
2662,Jane,May,Chile,558.657.4856,brianoneal@example.com,2023-07-20
2663,Alyssa,Perry,Central African Republic,3984396789,masonlisa@example.org,2020-04-28
2664,Karen,Jenkins,Comoros,421.903.7942,royfrench@example.com,2022-11-27
2665,Lindsey,Brown,Mali,810.241.3347x760,charlesvega@example.net,2024-07-23
2666,Kevin,Galvan,Guam,772.287.2116x1524,penny32@example.com,2021-08-26
2667,Michael,Martinez,United States Virgin Islands,+1-956-338-2906x19210,april48@example.org,2021-08-30
2668,Robert,Jones,Bulgaria,+1-640-470-1881x1808,qdouglas@example.com,2022-06-02
2669,Heather,Lam,Oman,736-994-6526,vangalbert@example.net,2025-05-02
2670,Kayla,Bishop,Northern Mariana Islands,001-699-974-1642,andrew83@example.com,2020-10-20
2671,Peter,Wallace,Georgia,+1-365-255-4608x737,davisanthony@example.org,2025-10-13
2672,Carl,Diaz,Aruba,419-278-9411x54859,loweryjohnathan@example.com,2023-04-13
2673,Shannon,Park,Heard Island and McDonald Islands,414.630.8952x309,isutton@example.org,2024-09-06
2674,Cindy,Davis,Germany,001-764-341-2505x1169,davisthomas@example.com,2024-06-11
2675,Corey,Miller,San Marino,649-702-7705x550,landryrichard@example.org,2020-09-24
2676,Kelly,Barrett,Macao,+1-717-996-3051,kimberlythomas@example.com,2024-02-17
2677,Amanda,Mckinney,Ukraine,001-326-759-9962x2474,martinezmelanie@example.org,2020-08-31
2678,Amy,Choi,Saudi Arabia,001-240-682-9660x7583,michael12@example.org,2025-03-22
2679,Bill,Mitchell,Jersey,946-488-2371,gina28@example.com,2021-10-23
2680,Justin,Park,Russian Federation,777-409-9341x57356,nunezpatricia@example.com,2025-09-23
2681,Regina,Thomas,Armenia,(530)514-9405,catherinekelly@example.org,2024-04-25
2682,Derek,Green,Armenia,274.898.9669x0944,richard29@example.net,2020-02-22
2683,Kyle,Jefferson,India,+1-819-992-6779x3622,mmartinez@example.com,2021-04-28
2684,Stephen,Young,Qatar,823-297-3313x42543,sotocheryl@example.org,2025-01-25
2685,Richard,Francis,Barbados,(854)542-9805,rmartin@example.com,2025-12-06
2686,Jessica,Cox,Jordan,559.979.9414x57947,williamsmichelle@example.net,2022-01-06
2687,Russell,Sawyer,Hong Kong,001-277-733-2765x06060,jonathan48@example.net,2024-08-27
2688,Jackie,Gonzales,Denmark,789-269-2319x135,silvajerry@example.org,2025-05-24
2689,Richard,Ross,Lithuania,6384662904,darinsmith@example.net,2022-11-09
2690,Patricia,Scott,Guam,643.251.1519x2326,angel45@example.net,2020-12-05
2691,Dawn,Adams,Singapore,558.376.0401x8464,stewartsuzanne@example.net,2024-11-27
2692,Sara,Wise,South Africa,+1-458-973-2151x823,allison92@example.com,2023-06-18
2693,Troy,Dennis,Mongolia,661.847.4301,hayesmarcus@example.com,2020-04-01
2694,Ryan,Smith,Portugal,(665)584-9749,gedwards@example.com,2021-08-01
2695,Darius,Sanders,Romania,(833)786-2525,rebecca38@example.com,2022-02-26
2696,Katie,Myers,Azerbaijan,9133062498,michellemurphy@example.com,2022-05-15
2697,Larry,Schneider,Tonga,(953)495-8547,brian69@example.com,2024-04-22
2698,Sarah,Smith,Turkey,989-245-4067,tara07@example.com,2023-10-04
2699,Veronica,Johnson,Malaysia,821.869.8784x1529,rebecca09@example.net,2022-11-29
2700,Diane,Hall,Turkey,(887)605-4366x98531,nelsonbarry@example.com,2023-03-13
2701,Christopher,Craig,Botswana,638-578-3341,jake24@example.net,2021-09-23
2702,James,Lee,Iceland,(204)582-2440,brenda13@example.org,2021-06-13
2703,Derek,Brown,Norfolk Island,(538)574-8818,uhenderson@example.org,2020-07-06
2704,Janet,Frank,Liechtenstein,977.380.1158x182,trujillojose@example.org,2020-03-31
2705,Roger,Taylor,Grenada,6836700351,nguyenkatie@example.net,2021-06-13
2706,Mary,Anderson,Mali,(646)276-3259x63973,tbender@example.org,2022-06-19
2707,Holly,Carlson,Sudan,354-570-0912x56856,jamesharrison@example.com,2022-01-12
2708,Natasha,Huff,Albania,(310)880-0347x950,aburton@example.com,2025-01-31
2709,Victor,Huffman,Oman,753.489.8256x0306,ajones@example.net,2023-11-07
2710,Julie,Cantrell,Barbados,001-825-803-4506x1649,williamhicks@example.com,2021-02-02
2711,Mary,Roberts,Honduras,(931)523-0944x7319,erichall@example.com,2023-08-21
2712,Paul,Phillips,Equatorial Guinea,+1-586-785-0288x6476,morganfox@example.net,2023-04-29
2713,Denise,Mcguire,Heard Island and McDonald Islands,473-446-4144x6039,anna32@example.com,2022-11-07
2714,Sheila,Hernandez,Indonesia,430.897.6741,pamela00@example.org,2023-11-17
2715,Ann,Avila,Mayotte,001-402-721-7133x42248,laurahawkins@example.com,2022-01-30
2716,Amy,Meyer,Malaysia,437-407-8431,nancythomas@example.com,2021-09-04
2717,Henry,Gutierrez,Comoros,818-780-1656x2476,christianfitzpatrick@example.com,2024-08-26
2718,Charles,Campbell,Kazakhstan,863-348-1397x06587,drakebrandon@example.com,2022-07-13
2719,Belinda,Shah,Niger,246-721-7189x8976,robbinsjulie@example.org,2022-12-24
2720,Austin,Cohen,Lesotho,651.518.8516x21434,kmcmillan@example.net,2024-12-04
2721,David,Hoover,Libyan Arab Jamahiriya,001-807-838-2064x432,reginald56@example.com,2021-03-16
2722,Jacqueline,Warner,Dominican Republic,464-315-2665,elizabeth63@example.net,2022-03-31
2723,Jennifer,Wood,Israel,001-963-608-8542x75319,carrjoanna@example.com,2022-06-02
2724,Amanda,Rose,Marshall Islands,538.428.6654,byrdaudrey@example.org,2022-02-20
2725,Frank,Walter,Rwanda,567.933.2139x64618,amy10@example.net,2020-06-16
2726,Michael,Benjamin,Reunion,216.796.0051x619,andrewkane@example.net,2025-01-06
2727,Amber,Stevens,Israel,878.243.5378x38455,morgankenneth@example.com,2023-09-24
2728,Hannah,Zimmerman,Aruba,258-511-8464x01142,anthony54@example.org,2024-06-12
2729,David,Gordon,Tokelau,+1-555-936-3554x40649,sullivanclayton@example.com,2025-10-11
2730,Bryan,Boyd,Tuvalu,560.758.0680x704,kathleenlane@example.com,2023-07-08
2731,Amanda,Sawyer,Uganda,(695)980-3532x8491,elizabethhayden@example.net,2025-11-25
2732,Charles,Meyer,Sao Tome and Principe,001-375-474-7876x31450,kennethmathis@example.com,2023-01-09
2733,Joanna,Martin,Kazakhstan,+1-487-992-0295x6727,sherrimartin@example.org,2020-01-30
2734,Jeffrey,Mendoza,Pitcairn Islands,+1-933-473-1404x9122,icarter@example.net,2021-03-17
2735,Patrick,Cooper,Macao,947-524-4043x82990,hannahgonzalez@example.com,2024-12-16
2736,Jeremy,Hodge,Palestinian Territory,818.244.4526x607,brooksrandy@example.org,2025-08-30
2737,Lori,Rodriguez,Seychelles,932.863.9502x3720,makaylalarson@example.com,2022-08-19
2738,Susan,Miller,Mayotte,640.376.1946x9376,danielwest@example.com,2020-10-12
2739,Heidi,Maddox,Montserrat,001-684-856-8488x1856,blarsen@example.org,2020-05-22
2740,Anna,Thomas,Saudi Arabia,501.909.1241,margaretanderson@example.net,2020-11-01
2741,Elizabeth,Baker,United States Minor Outlying Islands,001-744-488-9654,ssmith@example.net,2024-02-16
2742,Joseph,Shelton,Maldives,621-959-6135x4182,portersarah@example.com,2024-12-05
2743,Kyle,Burton,Cote d'Ivoire,3083229233,bryan07@example.org,2026-02-28
2744,Gina,Lewis,Hong Kong,(211)530-7390x50357,michelemcintyre@example.com,2021-12-20
2745,Sean,Jimenez,France,001-736-374-8661x351,christopher78@example.org,2024-06-10
2746,Joseph,Owens,Argentina,735-212-0557,kmorrow@example.net,2023-11-07
2747,Gregory,Callahan,Reunion,001-210-605-9517x48920,yzuniga@example.net,2022-03-13
2748,Natalie,Nunez,French Guiana,001-815-438-4213x88949,amandaburns@example.net,2025-08-11
2749,Dustin,Reynolds,Venezuela,001-333-404-4008x296,smithwilliam@example.net,2021-11-07
2750,Ethan,Johnson,North Macedonia,(845)869-1370x697,teresacollier@example.net,2020-07-31
2751,Drew,Fletcher,Saint Vincent and the Grenadines,607-581-9046x5910,armstrongjeff@example.org,2024-10-17
2752,Leslie,Chavez,Macao,+1-671-370-1805,johncrawford@example.org,2024-11-02
2753,Audrey,Smith,South Georgia and the South Sandwich Islands,+1-622-586-9381x1550,kellybradford@example.org,2025-10-21
2754,Gregory,Harris,Western Sahara,459-400-8283x4659,kingmichael@example.com,2024-06-16
2755,Jonathan,Stevens,Lao People's Democratic Republic,881.663.7328x161,gatkinson@example.net,2024-12-16
2756,Karen,Hampton,Sierra Leone,289.677.4015x541,sullivancorey@example.com,2021-07-15
2757,Nicole,Johnson,Antarctica (the territory South of 60 deg S),(227)800-8449,brianmyers@example.org,2025-02-15
2758,Samantha,Evans,Uganda,001-281-659-4820x52569,reyescarlos@example.org,2021-10-26
2759,Austin,Peters,Philippines,001-909-824-9789x654,andrew72@example.org,2021-09-14
2760,Tammy,Arnold,Finland,(484)704-1835,tammybenitez@example.org,2022-03-04
2761,Michael,Garcia,Benin,912-982-6827x101,treynolds@example.net,2021-05-11
2762,Catherine,Cervantes,Serbia,818-610-8265x895,carl40@example.org,2020-05-22
2763,Jerry,Martinez,Monaco,001-825-524-8453x160,devin15@example.com,2021-05-24
2764,Gary,English,Cyprus,(694)677-8545x9371,johnlewis@example.org,2021-03-21
2765,Maureen,Simpson,Gambia,001-992-749-7941,christina98@example.com,2024-04-25
2766,David,Bradford,Burkina Faso,001-848-792-8154,parkerjoy@example.com,2022-05-31
2767,Joshua,Gardner,Uganda,001-646-629-5193x71360,parrishmisty@example.net,2025-02-05
2768,Steven,Jennings,Angola,610.806.5091x9784,martinlouis@example.org,2025-03-13
2769,Matthew,Villegas,Peru,(815)752-0183x68416,michael94@example.com,2023-11-06
2770,Eric,Harper,French Polynesia,001-441-432-5970x1698,vincent21@example.org,2022-03-14
2771,Terrance,Freeman,Indonesia,708.698.5042x75217,betty02@example.org,2021-01-07
2772,Steven,Sanders,Netherlands,3037425110,julia44@example.com,2026-02-09
2773,Cheryl,Parker,Indonesia,001-863-242-0227,wwarren@example.net,2025-04-17
2774,Matthew,Sexton,Mongolia,720-418-1603,sheryl79@example.com,2025-02-19
2775,Jonathan,Miller,Cocos (Keeling) Islands,+1-334-549-6527x79418,ryan23@example.net,2020-06-14
2776,Shannon,Johnson,Holy See (Vatican City State),(214)664-9543,joshuawiggins@example.net,2021-10-10
2777,Yvonne,Ferguson,Gibraltar,001-873-633-0818,wsmith@example.org,2020-03-25
2778,Tyler,Thompson,Libyan Arab Jamahiriya,001-966-825-5305x43930,colleenwalker@example.com,2024-03-16
2779,John,Nguyen,Guernsey,519.334.8751x70190,psanchez@example.net,2020-09-18
2780,Michele,Rodgers,Nauru,(928)315-2574,lopezsusan@example.com,2023-01-24
2781,Todd,Williams,Botswana,001-323-270-3733x200,davidwright@example.org,2020-03-28
2782,Kristen,Johnson,Belarus,(759)924-2620x216,beasleylisa@example.org,2021-06-21
2783,Julia,Scott,Maldives,(902)307-7310x9409,smithleslie@example.com,2023-07-25
2784,Christine,Johnson,Kazakhstan,001-713-396-3243x001,lauren38@example.org,2025-07-09
2785,Robin,Stephens,Netherlands,285.720.1322x519,donaldknox@example.org,2020-04-10
2786,Tracey,Wallace,United Arab Emirates,001-830-662-0744x43046,carlos45@example.com,2024-08-03
2787,Mary,Hart,Kenya,(741)529-9713,lee90@example.org,2022-12-10
2788,Stephanie,Jackson,Guinea-Bissau,285.396.4280x487,jonesjason@example.net,2024-06-04
2789,Lori,Ramos,Falkland Islands (Malvinas),891-730-1678x8976,samuel40@example.org,2022-08-25
2790,Catherine,Trujillo,Romania,515.295.6240x999,ypena@example.org,2026-02-24
2791,Brett,Walker,Cyprus,643-533-3636x391,crystal25@example.com,2020-03-11
2792,Daniel,Davis,Malaysia,001-285-454-2754x618,stephaniedavid@example.org,2025-04-27
2793,Mathew,Bennett,Zimbabwe,893.577.6349,smithmichael@example.org,2024-09-30
2794,Jack,Torres,Falkland Islands (Malvinas),398-843-7184x25021,christopherstewart@example.org,2025-08-30
2795,Reginald,Hodge,Bahrain,505-700-2463,harrislawrence@example.com,2024-02-27
2796,Ronald,Fuller,Kenya,271-637-7151,samanthaburnett@example.com,2025-12-23
2797,Margaret,Olsen,Heard Island and McDonald Islands,236-649-4094,lauren87@example.com,2025-11-27
2798,Brian,Wagner,Oman,5149171992,xdrake@example.net,2021-02-24
2799,Nancy,Garcia,Kazakhstan,425.990.4113x4975,jeffrey62@example.org,2020-05-11
2800,Jonathan,Ferguson,Romania,957.244.2700x34225,jenniferbutler@example.net,2023-10-10
2801,Steven,Shannon,Monaco,427-947-5455,morgananthony@example.net,2024-12-25
2802,Katherine,Davis,Bahrain,001-551-934-3440x13411,steven00@example.net,2022-12-23
2803,Zachary,Griffin,Luxembourg,975-951-0689x39722,danielgross@example.org,2025-10-28
2804,Mark,Morgan,Guernsey,612-886-5404x760,lewistina@example.net,2025-03-22
2805,Troy,Gonzalez,Uruguay,957.296.2639x63110,zsparks@example.org,2021-10-09
2806,Annette,Martinez,Congo,+1-893-516-0033x04493,xharper@example.com,2022-12-20
2807,Lisa,Dawson,Ecuador,+1-459-513-6444x471,christopherrichard@example.com,2024-06-27
2808,Latoya,King,Sierra Leone,001-378-452-4121x3975,jennifer35@example.net,2024-02-28
2809,Jason,Joseph,Singapore,001-699-921-7069,michael51@example.org,2022-09-18
2810,Brandon,Adams,Bangladesh,625.690.5553x9420,lopeztonya@example.org,2021-12-13
2811,Ashley,Clark,Northern Mariana Islands,5585425638,wmccoy@example.net,2025-03-21
2812,Bobby,Leonard,Taiwan,278-552-7931,qjohnson@example.org,2021-02-01
2813,Robert,Kane,Botswana,+1-783-868-1465,wdavis@example.com,2021-07-01
2814,Christopher,Morales,Zimbabwe,883-836-8886x7964,noah30@example.com,2022-07-13
2815,Marcus,Hernandez,Bosnia and Herzegovina,001-774-892-3534x9201,fcooper@example.org,2024-10-18
2816,Heather,Dunn,Svalbard & Jan Mayen Islands,(708)455-5934,davidmartinez@example.net,2023-05-02
2817,Raymond,Herrera,Jersey,001-463-375-5396x08917,hgarcia@example.org,2020-11-16
2818,Melanie,Brown,Ukraine,+1-965-707-4073x4151,sfrye@example.com,2020-03-28
2819,Jamie,Miller,Holy See (Vatican City State),+1-468-678-6847x873,jennifermorales@example.com,2020-10-23
2820,William,Flores,Germany,001-963-244-2153x82386,robert48@example.net,2022-04-01
2821,John,Robinson,Wallis and Futuna,296.376.4438x7202,lisa07@example.net,2025-12-21
2822,Michelle,Hopkins,Sierra Leone,+1-817-871-3540x1078,simpsonmegan@example.org,2020-02-27
2823,Kenneth,Adams,Belarus,(401)367-9484x1382,rosscaldwell@example.org,2023-07-11
2824,Melissa,Bowers,Fiji,001-203-641-3778x72421,qhall@example.org,2024-01-21
2825,Brian,Guerrero,Slovenia,+1-970-641-9800x46620,karensmith@example.org,2020-01-06
2826,Scott,Sweeney,Liberia,376-346-2694x942,rgarrett@example.net,2023-05-28
2827,Donald,Rowland,Guatemala,001-582-792-8609x3709,ggarcia@example.net,2023-07-27
2828,Travis,Benitez,Fiji,555-712-3598,pcastro@example.org,2025-02-13
2829,Joseph,Brown,Turkmenistan,001-317-679-6215x389,mary00@example.org,2022-03-01
2830,Marcus,Matthews,Trinidad and Tobago,+1-554-828-7767x45531,khooper@example.org,2021-03-13
2831,Tiffany,Martinez,Angola,371.201.7449x928,millerdylan@example.net,2023-06-27
2832,David,Garcia,Australia,+1-438-486-2801x3952,hartjames@example.com,2021-07-10
2833,Victoria,Wright,Hungary,(942)905-5949x8234,lisa63@example.net,2025-08-26
2834,Selena,Olson,Puerto Rico,001-925-534-1295x9331,avilazachary@example.com,2020-01-15
2835,Lisa,Mejia,Malta,001-785-450-7486x28554,catherineclarke@example.net,2024-10-30
2836,Carlos,Collins,Martinique,001-734-955-3709x646,jonathanbaldwin@example.com,2025-07-13
2837,Debra,Green,Sweden,(939)455-2854,srichardson@example.net,2021-09-17
2838,Jeremy,Williams,Equatorial Guinea,+1-752-260-5294x82020,kathryn80@example.org,2025-02-28
2839,Julian,Nelson,Syrian Arab Republic,378.377.3476x3583,barryortiz@example.com,2022-03-29
2840,Cheryl,Morales,Turkey,+1-492-916-6612x9041,ntrujillo@example.org,2020-09-12
2841,Anna,Marshall,Vanuatu,6868525198,glennolson@example.net,2020-10-20
2842,Gary,Camacho,French Southern Territories,(224)479-8544x464,anna03@example.net,2021-04-21
2843,Samuel,Jacobs,Guernsey,+1-555-880-0422,cynthia29@example.org,2025-07-28
2844,Colleen,Taylor,Belarus,001-351-844-7470x247,adrienne74@example.org,2020-12-17
2845,Catherine,Garcia,Chad,505.892.9472x16653,carlsoneileen@example.com,2024-02-20
2846,Scott,Good,Bolivia,001-883-742-6243x11881,hugheskatherine@example.com,2020-12-08
2847,Ashlee,May,Norfolk Island,(423)455-4477x6798,simschristopher@example.org,2020-07-07
2848,Brandon,Booth,Brunei Darussalam,+1-334-522-8637x13286,pamela23@example.net,2025-11-28
2849,Isaiah,Roberts,Bouvet Island (Bouvetoya),001-998-700-8909x0396,stanley34@example.com,2021-09-17
2850,Jo,Henry,Austria,+1-862-782-2408x54642,kevinfrancis@example.org,2020-02-20
2851,Jacqueline,Brooks,Denmark,+1-932-466-1974x5502,eross@example.org,2024-03-08
2852,Travis,Jones,Tonga,(656)604-9396,danielgoodwin@example.com,2023-12-09
2853,Michele,Reeves,El Salvador,(206)235-9026x4259,qstanton@example.com,2025-02-28
2854,Kathy,Edwards,Morocco,+1-298-887-7285,breannaanderson@example.net,2023-08-10
2855,Mary,Meza,Afghanistan,(346)412-9266x9116,egonzalez@example.org,2022-04-25
2856,Wendy,Allen,Jamaica,(327)464-7080,maddoxsean@example.net,2020-07-01
2857,Melissa,Young,United Kingdom,635.697.1666x814,christinacarter@example.com,2023-10-21
2858,Collin,Schneider,South Georgia and the South Sandwich Islands,2467261320,cannonkathy@example.org,2020-06-28
2859,Theresa,Mitchell,Senegal,(998)426-3178,robertwalker@example.net,2025-05-18
2860,Stacey,Yu,Bhutan,+1-679-586-4117x1323,nevans@example.net,2022-01-30
2861,Jeffrey,Johnson,Mauritius,(593)455-5598,eric59@example.com,2025-10-30
2862,Tiffany,Hamilton,Congo,(361)838-3990x57398,richard85@example.com,2025-04-26
2863,Zachary,Massey,Myanmar,666.302.2658,gwendolyn36@example.com,2021-04-10
2864,Robert,Williams,Switzerland,+1-948-887-8697,kimberly19@example.net,2020-06-24
2865,David,Thompson,Saudi Arabia,(538)843-7835x1241,riggsmary@example.com,2020-11-06
2866,Ronald,White,Madagascar,001-393-608-8659x0502,hoovercasey@example.net,2020-11-08
2867,Kimberly,Scott,Cameroon,960-752-0208x975,kristinacampbell@example.com,2021-04-13
2868,James,Thompson,Montenegro,(598)875-1508x15573,hardingantonio@example.net,2021-02-26
2869,William,Obrien,Saint Lucia,+1-395-994-0999x67364,amy14@example.net,2025-01-23
2870,Daniel,Hart,Western Sahara,001-523-985-3774x236,debbie43@example.net,2024-08-30
2871,Joseph,Griffith,Angola,479-323-3187x558,hernandezmichelle@example.net,2023-05-10
2872,Billy,Ramirez,Yemen,356.967.5401,vturner@example.org,2026-01-26
2873,Kristina,Burton,Mexico,408.849.8027,mnavarro@example.net,2021-07-30
2874,Erin,Campos,Marshall Islands,833.620.2605,joseph67@example.net,2021-10-27
2875,Nancy,Price,Mauritius,(758)562-5827x6420,davilalatoya@example.org,2020-01-28
2876,Mark,Griffith,Mongolia,001-292-943-1552x3385,zrobinson@example.org,2022-08-07
2877,Crystal,Osborn,French Southern Territories,567.545.5183x8361,parkerlisa@example.com,2024-08-19
2878,Heather,Case,Mozambique,847.366.7042x4754,ericaking@example.net,2022-04-06
2879,Marilyn,Green,Montserrat,001-825-369-4790,debra39@example.org,2021-10-11
2880,Denise,Carr,Antigua and Barbuda,7025466555,robertsjason@example.net,2026-01-26
2881,Rachel,Watson,Seychelles,001-955-850-6268x9227,nreyes@example.org,2025-06-02
2882,Gregory,Bell,Congo,733.282.2040,sandrafoster@example.net,2022-12-29
2883,Justin,Richardson,Cote d'Ivoire,811-780-3679x0823,jonesronald@example.org,2021-07-10
2884,Ashlee,Osborne,Uganda,701.824.0895x2373,colechristina@example.com,2021-02-19
2885,Anthony,Conley,Barbados,652.682.9488x5767,xpearson@example.com,2024-04-21
2886,James,Smith,Saint Vincent and the Grenadines,961.438.6518,daniel52@example.net,2023-04-20
2887,Nicole,Turner,Czech Republic,999.559.3538x255,wcox@example.org,2023-01-15
2888,Tammy,Ellis,Tokelau,971.950.0789x1326,kayla14@example.net,2021-05-07
2889,Susan,Gilbert,Bosnia and Herzegovina,304.214.1635x90270,vsellers@example.com,2022-08-04
2890,Jenna,Tran,Belarus,001-718-766-9023,terrinorman@example.org,2022-05-06
2891,Jennifer,Fowler,Costa Rica,233.686.9634,shawrandy@example.com,2024-02-11
2892,Heather,Benton,Nicaragua,+1-248-376-8188,joseph19@example.com,2021-09-25
2893,Andrea,Cameron,Korea,2216725528,robert46@example.com,2022-01-09
2894,Russell,Martinez,Algeria,291-508-2188x90760,becky97@example.com,2020-08-28
2895,Monique,Campbell,Kiribati,(891)817-5952x540,amccoy@example.net,2022-09-11
2896,John,Flores,Pakistan,(801)207-4873,sandrabrooks@example.net,2025-08-24
2897,Isaac,Thompson,Fiji,001-740-713-8726x4465,ncunningham@example.net,2024-10-12
2898,Jesus,Hopkins,Japan,001-555-776-4759x54555,hescobar@example.com,2025-12-15
2899,Amy,Thompson,Palau,308-529-0596x61424,beasleyscott@example.com,2023-01-19
2900,Juan,Jackson,Morocco,597.320.2107,davidlopez@example.org,2024-08-31
2901,Christian,Diaz,United Arab Emirates,001-806-634-3686x074,obrown@example.org,2023-06-25
2902,Diana,Austin,Mongolia,511-812-7018x548,dustinporter@example.net,2025-03-12
2903,Keith,Roberts,Falkland Islands (Malvinas),382.283.5409x5748,dhensley@example.com,2026-01-11
2904,Matthew,Evans,Iraq,001-793-442-1121x6174,gregory61@example.net,2023-01-29
2905,Adam,Holland,Cook Islands,+1-525-784-2576x8181,nancy09@example.com,2023-02-11
2906,Justin,Scott,Congo,7423528549,cynthiaroth@example.com,2026-02-16
2907,John,Williams,South Africa,+1-255-679-5461x299,adam77@example.org,2026-01-04
2908,Jessica,Wells,Tunisia,4279693151,deckeranthony@example.org,2020-06-23
2909,Anthony,Aguilar,Bhutan,456-852-1758,allenmary@example.com,2020-06-07
2910,Nathan,Stevenson,Saint Helena,380-312-5317,amandadouglas@example.com,2020-10-19
2911,Eric,Acosta,Solomon Islands,4275249848,kharris@example.net,2023-10-10
2912,Matthew,Johnson,Namibia,(252)980-0576x1706,nevans@example.net,2024-07-04
2913,Colleen,Reed,Angola,001-955-834-8466x16983,jenniferdavis@example.org,2020-08-08
2914,James,Peters,French Polynesia,6614685389,hollyzimmerman@example.net,2025-01-18
2915,Marcus,Mack,Libyan Arab Jamahiriya,(362)326-5323,khanchristina@example.com,2024-11-06
2916,Noah,Massey,Mauritania,+1-946-548-0484x092,abigail00@example.net,2025-03-10
2917,Justin,Barker,Jordan,001-446-573-4114x8182,thompsonsherry@example.com,2020-05-21
2918,Justin,Shepherd,Marshall Islands,001-848-471-3087x12584,ugarner@example.net,2020-03-25
2919,Joseph,Lopez,Chile,(496)615-1578,hsmith@example.com,2025-05-25
2920,Julie,Smith,Argentina,911-509-5628x429,aliciamadden@example.org,2020-03-31
2921,Lisa,Smith,New Caledonia,+1-766-299-7633x5630,ccarroll@example.org,2022-05-24
2922,Michael,Gonzalez,Cook Islands,475.302.0087,yyoung@example.com,2020-02-05
2923,Ruben,Williamson,Guatemala,326-521-2610x0950,ramirezkathy@example.com,2024-07-21
2924,Kelly,Woodard,Azerbaijan,+1-246-414-7700x089,robert24@example.org,2023-02-26
2925,William,Pearson,Guernsey,841-652-6554,tayloralexander@example.net,2021-02-21
2926,Sara,Mcfarland,Gabon,+1-353-292-6244x0960,xsmith@example.net,2026-03-07
2927,Jonathan,Davis,Niger,001-903-865-0830x090,christopheralexander@example.org,2022-01-02
2928,Meghan,Norman,Kiribati,001-318-214-1619x459,manuel09@example.net,2020-01-30
2929,Ryan,Smith,Thailand,+1-753-891-1825x28865,hcolon@example.org,2020-05-26
2930,Rachel,Smith,Belize,(385)410-0817x12933,tammy90@example.com,2021-02-17
2931,Michael,Richardson,Thailand,952.782.9721,annaweeks@example.net,2023-10-04
2932,Angela,Morris,Palestinian Territory,869-723-4020,kari50@example.net,2022-12-02
2933,Brian,Moyer,Falkland Islands (Malvinas),230-391-0659x6567,allenmichael@example.org,2020-06-09
2934,Brittany,Robinson,Greece,708.762.7548,ryan46@example.org,2023-05-04
2935,Sherry,Howard,British Indian Ocean Territory (Chagos Archipelago),001-516-823-5454x995,mezaelizabeth@example.org,2023-04-27
2936,Rachel,Wagner,Reunion,+1-282-215-4190x08773,ahoover@example.net,2024-05-18
2937,Andrew,Compton,Guernsey,5025332784,teresahodges@example.net,2020-05-21
2938,Dakota,Butler,Mali,001-944-310-0839x5761,sarah86@example.com,2022-12-12
2939,Cody,Patton,American Samoa,316.796.3074x8289,angelicacalhoun@example.org,2024-03-30
2940,Stephen,Clark,Nepal,392-726-0970x305,justinjensen@example.com,2022-04-02
2941,Diane,Moore,Benin,4996978394,wsmith@example.net,2023-08-19
2942,Steven,Cole,Uruguay,674-942-0014x8468,timothy54@example.org,2020-10-16
2943,Nicholas,Williams,French Southern Territories,001-427-437-6938x2987,murilloryan@example.org,2021-02-20
2944,Darlene,Norton,New Zealand,412.717.9563x0630,smithchristine@example.net,2020-08-14
2945,Hannah,Mullins,Sweden,(570)732-0684,johnsonkaitlin@example.net,2023-01-09
2946,Andrew,Roach,Jersey,3285950862,aaronhayes@example.com,2020-07-16
2947,Patricia,Olsen,Mozambique,543-252-5448x78667,haynesloretta@example.net,2023-05-15
2948,Daniel,Miller,Niue,534.448.3402x735,trogers@example.com,2025-05-08
2949,Michael,Torres,Kenya,574.641.0417x225,barbaramolina@example.com,2020-02-02
2950,Nancy,Carter,Panama,001-978-800-4658x2645,shannon49@example.com,2021-03-18
2951,Sally,Owens,Namibia,464-266-1884,stevenroberts@example.org,2024-02-12
2952,Jennifer,Baker,Tajikistan,(305)904-8421x7681,xlynch@example.net,2024-04-02
2953,Chase,Lawson,Bhutan,001-872-486-6046x86414,steindiana@example.net,2024-05-23
2954,Chelsea,Wilson,Lithuania,5918650760,kathleenrich@example.org,2022-09-08
2955,Angel,Little,Tanzania,001-950-973-6322x52188,gillsarah@example.net,2020-07-22
2956,Ashley,Jones,Micronesia,801-899-2636x065,montgomeryjeremy@example.com,2024-09-20
2957,David,Woodard,Croatia,001-805-337-9663x4263,martinlisa@example.org,2025-06-26
2958,Taylor,Ramirez,Papua New Guinea,(239)315-2187x913,heather02@example.com,2021-04-25
2959,Miguel,Lee,Finland,(571)750-4418x4660,lauren34@example.org,2023-01-28
2960,Stephanie,Brown,Saint Barthelemy,001-700-324-8125x20427,christinajames@example.net,2024-06-06
2961,Joel,Jackson,Turkmenistan,(713)684-6151x8101,jhowell@example.com,2025-09-22
2962,Collin,Farrell,Saudi Arabia,+1-481-803-7852x8185,elizabeth16@example.net,2024-04-21
2963,Douglas,Hill,Bhutan,(506)516-6043x19901,nperez@example.org,2020-09-27
2964,Travis,Ross,Malaysia,(981)675-6949x5942,jonmartinez@example.net,2024-07-18
2965,Cheryl,Washington,Guatemala,232-724-3220,george91@example.com,2020-03-10
2966,Kristin,Davis,Syrian Arab Republic,001-946-633-2805x71430,cwilkerson@example.org,2023-07-17
2967,Elizabeth,Lee,Kiribati,595.663.9668x7036,martinezpaul@example.com,2023-12-28
2968,Chase,Smith,Puerto Rico,455.343.3211x47870,danielterrell@example.com,2025-08-21
2969,Jenny,Sullivan,Heard Island and McDonald Islands,373-751-8384,zwagner@example.org,2022-09-26
2970,Ashley,Jones,Ecuador,765-888-2424,hillangela@example.net,2022-12-31
2971,Robert,Woods,Svalbard & Jan Mayen Islands,9273045911,markfriedman@example.net,2022-07-06
2972,Roy,Roberts,Brunei Darussalam,+1-342-343-2168x107,trobinson@example.org,2025-03-14
2973,Michael,Perez,Bangladesh,+1-664-230-6578x24516,pmooney@example.net,2020-04-18
2974,Benjamin,Odom,Macao,001-788-396-1950,srichard@example.net,2023-06-05
2975,Louis,Rose,Liberia,589.544.8780x446,hbutler@example.org,2022-03-23
2976,Kyle,Perez,United States of America,490.451.2278,henry47@example.org,2026-01-18
2977,Jennifer,Martinez,Jordan,8636181495,robin26@example.com,2022-07-16
2978,Aaron,Dawson,Kenya,+1-555-630-3908x363,clarkjoan@example.org,2022-09-27
2979,Thomas,Haynes,Montenegro,(584)900-3979,jennifer59@example.com,2021-08-17
2980,Jeremiah,Pearson,Greenland,+1-601-497-8098x819,nbriggs@example.org,2022-12-23
2981,Sarah,Fuller,Cape Verde,001-949-977-0568x1843,garneranthony@example.com,2022-04-22
2982,Stacy,Leon,Burundi,322.437.4139x7155,sanchezdeborah@example.com,2024-04-08
2983,Tiffany,Molina,Cyprus,001-272-535-6141x65549,cookmadeline@example.com,2020-04-12
2984,Kirsten,Sandoval,Canada,+1-966-476-8647x5502,robin64@example.org,2024-08-20
2985,Melinda,Perez,Guinea,620-292-2019,joseph48@example.org,2022-02-28
2986,Edward,Tucker,Sri Lanka,211.370.6116x9487,lauren02@example.com,2021-05-14
2987,Jennifer,Poole,Philippines,6517797519,oliversteve@example.org,2022-05-15
2988,Aaron,Moore,Tonga,+1-399-962-9458x900,cynthiaburgess@example.com,2023-11-16
2989,David,Bradford,Guernsey,850-321-1690,qjones@example.com,2025-10-11
2990,Brian,Alvarado,Seychelles,738.752.0353x9014,eclark@example.org,2021-03-15
2991,Melissa,Green,Honduras,(286)364-4015x695,garcialisa@example.com,2020-02-27
2992,Adam,Harris,Ethiopia,(204)307-2178x697,gillespiepaul@example.net,2024-06-15
2993,Michael,Moore,Uganda,001-447-733-4266,kempcharles@example.net,2023-11-04
2994,Amber,Petersen,Denmark,484.759.2205x49187,kelly71@example.org,2022-12-11
2995,Deborah,Morgan,Brunei Darussalam,+1-276-584-3396x97808,johnsonmisty@example.org,2025-10-16
2996,Aaron,Morgan,Tonga,001-264-996-4948,laura59@example.com,2021-10-15
2997,Jennifer,Kennedy,Benin,806.255.2154x41060,sdunn@example.org,2022-06-15
2998,Ruben,Freeman,Ghana,570-729-8179x79806,ashleyhoward@example.net,2023-09-26
2999,Nancy,Nunez,British Virgin Islands,375.697.3646,bethwalsh@example.org,2024-07-17
3000,Shawn,Johnston,Jersey,+1-635-873-7894x88570,ustein@example.com,2023-08-06
3001,Joshua,Clark,Cayman Islands,001-727-652-6010,paynedonna@example.org,2024-11-24
3002,George,Hale,Denmark,(574)918-8514x204,sandy64@example.net,2024-11-30
3003,Matthew,Lloyd,Malta,(720)263-8254x876,leonardbrent@example.net,2024-01-06
3004,Michael,Jackson,Tunisia,373-292-2540,mhernandez@example.org,2022-04-17
3005,Wendy,Gibson,Chile,+1-900-593-5074x435,ballen@example.net,2020-12-03
3006,Mikayla,Conway,Comoros,+1-522-293-5112,stephenmedina@example.org,2022-12-30
3007,Alyssa,Webb,Paraguay,+1-551-768-5550,davidtorres@example.net,2022-10-31
3008,Thomas,Miller,Western Sahara,685.714.7022x46807,nicolegregory@example.org,2025-07-17
3009,Ana,Harding,Guyana,+1-983-201-7715x153,hleblanc@example.com,2021-11-24
3010,Nicholas,Lloyd,Senegal,001-221-908-4937x0075,anna50@example.com,2024-01-28
3011,Jessica,Taylor,Ecuador,(330)787-4741x599,yewing@example.org,2020-01-12
3012,Eugene,Smith,Guinea,(779)740-9460x70739,barnettalbert@example.org,2025-10-07
3013,William,Fox,Malaysia,(472)470-2304x6318,earl99@example.com,2023-05-25
3014,Tyler,Foster,Saint Helena,001-269-465-7599x9354,williamstimothy@example.org,2021-09-24
3015,Sergio,Elliott,Brunei Darussalam,926.456.5085x78653,kevinwheeler@example.org,2021-10-28
3016,Jeffery,Boyle,Bulgaria,+1-936-635-3098,zwalters@example.org,2024-03-27
3017,Misty,Taylor,Puerto Rico,351-651-8026,jesse09@example.org,2020-10-01
3018,Daniel,Ortiz,Cameroon,9377802090,megan21@example.com,2022-03-05
3019,Mary,Myers,Zambia,478-341-3306x2761,lynchdylan@example.com,2025-05-13
3020,Nancy,Jordan,Isle of Man,001-462-788-5816x98799,brendarogers@example.org,2025-06-09
3021,Matthew,Osborne,Serbia,(395)869-2093x66918,hudsonwilliam@example.com,2024-02-15
3022,Shirley,Mosley,Timor-Leste,+1-544-207-7377x5064,chapmanteresa@example.org,2025-03-11
3023,Alvin,Miller,Syrian Arab Republic,297-794-8158,mjohnson@example.com,2022-09-27
3024,Christopher,Hernandez,Bouvet Island (Bouvetoya),445-607-3872x010,jeffreyjames@example.com,2020-07-24
3025,Andrea,Garcia,Benin,2205036527,cherylbarr@example.com,2020-09-13
3026,Erin,Pearson,Romania,905-532-8451x72062,yjones@example.com,2020-09-26
3027,Ryan,Jackson,Canada,242-823-0839,warnerdwayne@example.com,2025-12-27
3028,James,Ellis,Benin,+1-655-746-5752x9195,phumphrey@example.net,2025-09-25
3029,Ashley,Alexander,Antarctica (the territory South of 60 deg S),674.474.6146x0491,roger64@example.org,2023-01-14
3030,Denise,Myers,Korea,+1-811-455-3008x4668,raymondreed@example.net,2026-02-25
3031,Laura,Douglas,Niger,(299)512-2896x7060,fisherkevin@example.net,2020-02-06
3032,George,Mclean,Wallis and Futuna,864-392-0155x6327,qturner@example.org,2021-12-12
3033,Robert,Garrett,Saint Barthelemy,267-509-7109x063,eduardo73@example.com,2025-07-06
3034,Stacey,Gardner,Guatemala,695-990-3404,cristian47@example.com,2021-04-23
3035,Laura,Stout,Monaco,571.593.8392,mmitchell@example.org,2020-09-11
3036,Ashley,Hill,Grenada,001-999-703-6217x339,gabrielbeck@example.org,2024-07-11
3037,Angela,Rice,Argentina,+1-730-887-5896x678,patriciapeterson@example.net,2023-01-28
3038,Jenny,Huynh,United Kingdom,001-467-249-4530x935,gbradshaw@example.net,2024-09-15
3039,Benjamin,Rogers,Syrian Arab Republic,441.518.8348x270,patricia32@example.com,2025-12-12
3040,Cynthia,Wagner,Kiribati,+1-930-744-8940x7675,bmeyer@example.org,2023-04-06
3041,Eric,Davis,Ukraine,(211)724-6006,littlerichard@example.org,2023-07-31
3042,Gerald,Walker,Peru,535.724.3800,lindsaygray@example.org,2021-06-25
3043,Donald,Hawkins,Qatar,(657)691-2149x918,jeremiah63@example.com,2021-03-01
3044,Paul,Blanchard,Chile,9928837132,kimberly19@example.net,2021-04-22
3045,Amy,Thomas,Netherlands Antilles,3716406726,devinli@example.org,2024-06-19
3046,Dana,Harris,Italy,706.817.7339x3773,berryashley@example.net,2022-02-11
3047,Lauren,Stephens,Togo,+1-336-959-7517x17252,acarson@example.com,2020-01-09
3048,Kyle,Watson,Saint Lucia,(623)348-6909x830,matthew24@example.org,2022-07-23
3049,Cheryl,Johnson,Rwanda,(780)338-2015x726,isabelhouse@example.com,2022-07-12
3050,Jennifer,Gross,Kyrgyz Republic,(201)936-8581x8730,smithmark@example.org,2021-07-25
3051,Brandon,Mcclain,Isle of Man,241-831-4746x968,tyler35@example.net,2021-05-17
3052,Tyrone,Bray,Guam,641-275-4643x887,daviserin@example.com,2025-02-13
3053,Jennifer,Sparks,India,693.260.9272,laceyhill@example.org,2020-07-18
3054,Theresa,Chapman,Tonga,+1-658-402-5897x142,smithstephen@example.com,2023-04-06
3055,Wendy,Wood,Afghanistan,521-944-9414,nroberts@example.org,2024-10-22
3056,Catherine,Johnson,Tuvalu,(445)956-7601x3366,bradleystephens@example.net,2023-11-17
3057,Nathan,Johnson,Antigua and Barbuda,+1-453-312-9887,heidihoffman@example.net,2025-06-03
3058,Julian,Castro,Algeria,307-624-8837x63069,kenneth17@example.org,2025-08-07
3059,Crystal,Page,Oman,890.227.2909x998,andrea28@example.org,2024-09-26
3060,Jennifer,Smith,Turkmenistan,396.761.5870,rmccoy@example.com,2020-12-03
3061,Michael,Romero,Switzerland,5728246033,anthonyfry@example.org,2022-07-16
3062,Maria,Diaz,Holy See (Vatican City State),(887)506-5697,cheryl81@example.org,2020-10-25
3063,Kathleen,Jones,Oman,982-651-5232x1016,paulkoch@example.org,2026-02-23
3064,Deborah,Sandoval,Martinique,295.812.1072x673,ronald73@example.com,2022-12-29
3065,Wanda,Pitts,Cocos (Keeling) Islands,+1-541-259-2465x66725,james96@example.net,2023-12-16
3066,Lisa,Rivera,Martinique,(315)713-8107,chelsealee@example.org,2021-10-22
3067,Crystal,Hall,Mozambique,+1-258-339-8997x811,fjohnson@example.com,2024-06-30
3068,Timothy,Sims,France,+1-839-632-0170x1946,awhite@example.org,2026-01-19
3069,Sharon,Pugh,Cuba,688-757-0975,eric73@example.com,2024-02-19
3070,Bryan,Davenport,Portugal,601.579.4535,davidnelson@example.com,2024-10-15
3071,Michael,Quinn,Tokelau,(774)585-7098,bstewart@example.org,2024-11-18
3072,Julie,Bradford,Samoa,965.421.8087x700,millertammy@example.net,2020-11-26
3073,Bethany,Nunez,Kenya,2316739881,jacobsmith@example.com,2023-09-09
3074,Kristina,Jacobs,Seychelles,606-356-8670x099,jessica15@example.net,2023-07-31
3075,Robert,Scott,Australia,9679349917,ejones@example.net,2025-10-19
3076,Angela,Jackson,Wallis and Futuna,+1-844-562-0381x050,lloydashley@example.org,2020-09-01
3077,Lisa,Huffman,Tokelau,001-877-958-6568x4538,rodriguezlori@example.com,2025-03-06
3078,Teresa,Aguilar,Guam,471.716.8659,reedsandra@example.net,2021-04-29
3079,Joel,Rodriguez,Bhutan,4783010467,pashley@example.com,2025-09-21
3080,Michael,Bentley,Cameroon,001-275-243-1544x9436,scottmolly@example.com,2022-08-11
3081,Yvonne,Waller,Cameroon,+1-966-527-6389,smartin@example.com,2022-12-07
3082,Thomas,Jones,Cyprus,790.485.9869x47248,melanie05@example.com,2024-01-24
3083,Michael,Cooper,Gibraltar,715.633.8675x059,tguzman@example.org,2026-02-02
3084,Bradley,Harris,Cyprus,518-944-5777x46692,pgarrison@example.com,2025-03-09
3085,David,Warren,Portugal,781.306.5308,rhaynes@example.org,2024-10-08
3086,Michael,Gonzales,Mauritius,849.497.5356,ikramer@example.net,2021-04-22
3087,Paul,Young,Montenegro,825-544-5043x737,alexisayala@example.com,2024-09-12
3088,Jose,Walker,Israel,615-907-9413x84852,avilamatthew@example.org,2023-10-06
3089,Pamela,Schmidt,Timor-Leste,001-842-706-0606x49496,estradachristina@example.net,2022-07-14
3090,Kirsten,Doyle,Czech Republic,001-849-620-0039x4775,karenmann@example.org,2022-03-25
3091,Luke,Marquez,Palau,245.452.7458x24095,hendricksemily@example.com,2022-12-21
3092,Teresa,Hensley,Tunisia,406-786-8090x7593,smithmichael@example.com,2024-04-06
3093,Patricia,Atkins,French Polynesia,293-406-8167,michaelturner@example.net,2020-05-17
3094,Emily,Walker,Nauru,505.934.9209x60545,jeffrey55@example.net,2022-08-25
3095,Ronald,King,Antarctica (the territory South of 60 deg S),+1-483-858-4806x631,tylerwilliam@example.com,2022-03-30
3096,Marie,Dawson,Turkey,001-271-510-1569,stephanie56@example.org,2023-09-18
3097,Mary,Hall,Philippines,001-849-652-4623x753,uallen@example.com,2020-05-11
3098,Stephen,Bowman,Falkland Islands (Malvinas),445.464.1708x15600,clarketina@example.com,2025-02-16
3099,Frank,Robinson,India,(380)739-0328x408,barbernichole@example.org,2024-07-16
3100,Benjamin,Cox,Ireland,001-921-730-4414x631,ryanhopkins@example.org,2023-08-17
3101,Tanner,Black,Slovenia,+1-596-813-3185x497,mferguson@example.com,2024-04-15
3102,Andrew,Watson,Bhutan,629.460.5452x32683,wthompson@example.net,2025-08-05
3103,Leah,Frank,Slovenia,970-587-8641,cabreralisa@example.net,2021-12-09
3104,Marie,Alvarez,Comoros,4874610097,catherine19@example.net,2021-02-19
3105,Danielle,Ingram,Iceland,965.709.5090x2996,omatthews@example.net,2025-11-23
3106,Elijah,Cook,Albania,663-388-7635x9867,veronicafoster@example.net,2021-09-18
3107,Chase,Moses,Falkland Islands (Malvinas),720.331.4672,stephanie56@example.com,2021-02-23
3108,Katherine,Kramer,France,643-888-9986x10586,evanskristina@example.com,2023-11-21
3109,Michael,Rose,Venezuela,(548)874-8102x8568,donnajackson@example.com,2020-02-25
3110,Stephen,Robertson,Nepal,+1-772-423-8815x7643,jerome84@example.com,2026-02-18
3111,Justin,Bailey,Italy,547-733-2205x633,yjohnston@example.com,2021-11-02
3112,Tami,Walker,Croatia,4587349600,jasonkim@example.com,2023-07-12
3113,Andrew,Hicks,Malawi,001-376-941-7311x36556,millerjerry@example.org,2020-12-06
3114,Scott,Harris,Guinea,(433)408-7952,awright@example.com,2020-08-06
3115,Leslie,Allen,Madagascar,370.279.9995x655,nancy33@example.com,2023-06-06
3116,Melissa,Andrews,South Africa,758-816-2524,candiceshannon@example.org,2024-11-25
3117,Raymond,Stark,Thailand,(400)279-2532,jessicasanchez@example.net,2024-02-24
3118,Helen,Gomez,Brunei Darussalam,819-540-4235x0534,bjohnson@example.org,2025-03-31
3119,Shannon,Morris,Argentina,001-373-220-9335x4438,anthonysanders@example.net,2021-05-29
3120,Ashley,Ramos,Burkina Faso,001-649-253-7159x100,sanchezderrick@example.com,2021-03-08
3121,Mary,Gardner,Egypt,(372)954-5496x5575,salinassara@example.org,2021-09-24
3122,Tamara,Bird,Azerbaijan,497-996-5456,robertcoleman@example.com,2021-01-26
3123,Kristine,Anderson,Antigua and Barbuda,+1-688-690-3263x34304,tim67@example.org,2020-10-03
3124,Wendy,Mora,Canada,414-358-1244x335,mgonzalez@example.net,2021-04-09
3125,Emily,Harrison,Saint Barthelemy,001-613-824-7936,swebster@example.com,2020-03-06
3126,Julie,Phillips,Ecuador,+1-474-585-8253,arielharris@example.com,2024-02-21
3127,Phillip,Dorsey,Haiti,(828)969-5010x036,wdavies@example.net,2022-02-27
3128,Kimberly,Oliver,Sweden,(210)633-4891x257,susan06@example.net,2020-11-30
3129,Jessica,Tate,Cambodia,308-808-3427,alan33@example.com,2021-07-02
3130,Karen,Jackson,Puerto Rico,001-685-634-5708x11789,dalvarez@example.org,2020-12-03
3131,Lori,Cook,Czech Republic,+1-991-611-6550x0518,charleskim@example.org,2020-07-05
3132,Jennifer,Ingram,Cook Islands,001-659-848-2861x37686,julie72@example.net,2021-09-02
3133,Larry,Barrera,Montserrat,001-947-697-3515x714,stephen46@example.com,2023-06-12
3134,Wayne,Leonard,Guinea-Bissau,509-481-2675x831,charlotte24@example.com,2025-10-24
3135,Eric,Olson,Liberia,001-570-742-8098x00515,buchananbriana@example.com,2021-07-07
3136,Robert,Wells,Spain,591.270.3449x56278,robert49@example.net,2024-01-03
3137,Diane,Rogers,Turkey,+1-278-885-8722x1405,oortega@example.org,2026-01-28
3138,Craig,Bailey,Brazil,(684)433-3574,qbaker@example.com,2021-03-08
3139,Nicholas,Barnes,Netherlands Antilles,950-968-7656,charles34@example.net,2021-10-30
3140,Susan,Castillo,Tajikistan,9366475347,danielle40@example.net,2024-05-19
3141,Brooke,Webb,Uruguay,(470)846-6350x11403,westtimothy@example.org,2021-03-08
3142,Sally,Owens,Cuba,(776)351-9223x06275,antonio43@example.net,2025-08-25
3143,Rachael,Brown,Djibouti,626.508.0139x51776,wheelernicole@example.net,2023-01-10
3144,Ashley,Quinn,Mauritius,592-836-1222,ohawkins@example.net,2025-02-12
3145,Angela,Gonzales,Saint Vincent and the Grenadines,656.778.8556x5826,woodwarddaniel@example.org,2024-09-12
3146,Derek,Rios,Chile,001-366-209-1631,kristen65@example.net,2025-05-23
3147,Russell,Mcclain,United States Minor Outlying Islands,939.899.7207,vadams@example.org,2021-03-07
3148,Michael,Reeves,Tanzania,434.770.8319x4743,drewbell@example.com,2020-02-01
3149,Aaron,Gomez,Botswana,460-671-9774,nicoleramirez@example.net,2021-07-05
3150,Brian,Taylor,Madagascar,001-254-448-8809x8312,thomascole@example.org,2021-05-03
3151,Peggy,Kemp,Malawi,001-767-385-7129x3706,nicholemartin@example.org,2026-01-01
3152,Gary,Smith,Turks and Caicos Islands,713.409.0549x38531,wardkristine@example.com,2020-04-20
3153,Maria,George,Antigua and Barbuda,429.447.1921x2091,sgriffin@example.com,2021-03-11
3154,Megan,Gibbs,French Polynesia,513.543.0233x17111,melendezamanda@example.com,2025-06-07
3155,Yolanda,Murphy,Cote d'Ivoire,(702)217-8929x89246,elizabeth00@example.net,2023-02-15
3156,Sara,Sanders,Bouvet Island (Bouvetoya),(502)256-9158,krista89@example.com,2021-06-06
3157,Daniel,Velasquez,United States Virgin Islands,5135825576,morganmendoza@example.net,2021-04-20
3158,Joseph,Hansen,Kyrgyz Republic,551.358.9095x34870,leblancstephanie@example.net,2020-11-20
3159,Danielle,Houston,Rwanda,(326)869-8541,dixonrobert@example.org,2023-02-01
3160,Victoria,Smith,Palau,2665403830,terriking@example.com,2025-12-15
3161,Michael,Smith,Fiji,+1-561-515-4419,johnsonallison@example.net,2021-04-23
3162,Danielle,Allen,Bahrain,(705)524-7292x132,jenniferlopez@example.com,2026-02-21
3163,Melanie,Green,China,566.222.2039x188,jeffreyhernandez@example.net,2023-12-05
3164,William,Lewis,Albania,(671)920-9782,lewisandrea@example.com,2025-01-04
3165,Adrian,Taylor,Mali,551.691.6240,burchryan@example.net,2020-05-24
3166,Laura,Barnett,Bosnia and Herzegovina,001-443-760-9905x634,millermartin@example.com,2023-02-12
3167,Anna,Martinez,Mauritius,522.566.9481x00346,oconnordonna@example.com,2021-03-04
3168,Christopher,Davis,Tokelau,626.274.9315,lkoch@example.net,2025-12-16
3169,Lucas,Williams,Vanuatu,887-720-1720x57099,jennifer41@example.com,2022-04-11
3170,Adam,Jones,United Kingdom,001-948-240-8552,collinsrobert@example.org,2021-01-05
3171,Dale,Brennan,Isle of Man,001-929-829-2963x1415,keithnavarro@example.org,2023-07-18
3172,Rebecca,Kennedy,Somalia,(972)658-1114x132,adam88@example.net,2024-02-18
3173,Jeremy,Mitchell,Burundi,5067043978,joseph63@example.net,2025-08-15
3174,Sharon,Taylor,Cyprus,(470)505-9738x64173,kcohen@example.com,2022-05-23
3175,Lisa,Moore,India,001-854-221-9342x7239,meadowsallison@example.net,2022-03-04
3176,Wendy,Hayes,Sierra Leone,222.665.0873,andrew41@example.org,2026-01-24
3177,Kenneth,Macdonald,United States Virgin Islands,6513944298,robertstimothy@example.org,2024-05-13
3178,Jason,Mcbride,India,740.603.1707,crawfordalicia@example.com,2024-08-26
3179,Robert,Brown,Argentina,+1-315-454-3679x77931,tonyahoward@example.net,2024-01-23
3180,Erica,Smith,Nauru,(736)963-8379,jamesmckinney@example.org,2022-03-14
3181,Kathryn,Moore,Malta,+1-238-759-4269x51529,psimpson@example.org,2024-07-23
3182,Crystal,Santos,Holy See (Vatican City State),(495)515-1480x65754,imitchell@example.com,2021-05-02
3183,Kathleen,Torres,Bermuda,558-403-7279x259,robertharrison@example.com,2020-06-16
3184,Jared,Nelson,Comoros,768-951-5016x6626,ashley14@example.com,2021-10-23
3185,Jennifer,Chandler,Tajikistan,883-416-4204x497,ycontreras@example.net,2024-09-16
3186,Karen,Stokes,Antarctica (the territory South of 60 deg S),+1-653-875-1358x4975,rodneyreynolds@example.net,2023-09-15
3187,Shawn,Miller,Palau,+1-739-933-2503x76625,alexander36@example.com,2021-02-04
3188,Matthew,Scott,Dominica,969.982.8991x832,browland@example.com,2021-08-27
3189,Cole,Ramirez,Reunion,+1-429-622-6794x1646,larry92@example.com,2022-01-31
3190,George,Dillon,Slovenia,(299)366-9203,lpham@example.org,2024-11-05
3191,Ann,Livingston,Guadeloupe,438.496.6702x510,rgreen@example.com,2020-04-15
3192,Thomas,Garcia,Monaco,(904)940-5743x78074,lkeller@example.net,2024-08-13
3193,Lori,Murphy,Ghana,5946729640,ohall@example.com,2023-05-30
3194,Jeffrey,Malone,Trinidad and Tobago,001-549-443-9174x78971,kimgreen@example.org,2023-11-29
3195,Samuel,Brown,Jamaica,878.824.1882x31971,jreed@example.com,2022-09-26
3196,Charles,Stevens,Slovenia,365.628.8331x64017,abigailmills@example.com,2024-05-02
3197,Eugene,Wilson,Panama,+1-428-961-2440x482,norrisjill@example.com,2024-06-28
3198,Rebecca,Smith,Denmark,+1-304-359-8155,steven78@example.org,2024-09-06
3199,Christopher,Robertson,Serbia,+1-336-444-0551x16064,tschwartz@example.org,2024-06-01
3200,Heather,Grant,Greenland,527.317.9365x09046,brianyoung@example.net,2021-07-02
3201,Kristen,Miller,Jersey,001-787-720-8569x90056,garciaadrian@example.com,2022-08-17
3202,Melissa,Benton,Kiribati,001-569-522-1281x87861,htaylor@example.net,2022-01-26
3203,Katrina,Estes,Bosnia and Herzegovina,+1-985-998-9922x209,christophercalderon@example.org,2026-02-23
3204,Kelly,Weaver,Mexico,+1-367-829-3786x660,timothybradshaw@example.com,2023-04-12
3205,Ashley,Walker,Guatemala,001-826-251-2197,jonathan03@example.net,2021-08-18
3206,Kristen,Estes,Iran,+1-889-213-8110x4575,reedstephanie@example.net,2020-03-12
3207,Ana,Ramos,Azerbaijan,429-279-8296,alexandrarivera@example.com,2024-12-06
3208,Steven,King,San Marino,493-794-7781x267,blake34@example.com,2025-06-21
3209,Michael,Johnson,North Macedonia,564-500-9520x4697,hicksbeth@example.com,2021-02-19
3210,Elizabeth,Khan,Brunei Darussalam,(981)218-0264x994,gregoryveronica@example.net,2024-08-22
3211,Andrea,Green,Qatar,237.741.4545,mfletcher@example.net,2021-12-28
3212,Emily,Lucas,Ecuador,705.336.2785,vpennington@example.org,2024-10-09
3213,Lori,Hendrix,Estonia,(293)779-2690,wgonzalez@example.net,2025-04-05
3214,Joshua,Martin,Burkina Faso,715.521.8795x0349,thomascopeland@example.org,2023-08-11
3215,Christopher,Hall,Reunion,001-542-834-4257x981,xdelacruz@example.com,2023-10-06
3216,Karen,Owen,Equatorial Guinea,001-366-382-7435x39767,dudleydylan@example.net,2020-09-17
3217,Michelle,Moore,Netherlands Antilles,615-410-7473x5113,ppoole@example.net,2023-02-02
3218,Edwin,Davis,Azerbaijan,660-447-2802,hannanancy@example.org,2020-09-17
3219,Jessica,Wood,Korea,893.620.9904,steven38@example.com,2021-12-12
3220,Michael,Mcpherson,Sierra Leone,502.948.3366,austincobb@example.net,2021-11-27
3221,Lonnie,Brooks,Lesotho,+1-609-411-4769x672,nrodriguez@example.com,2024-04-20
3222,Victoria,Ware,Philippines,217.606.8413,ksimpson@example.org,2022-03-04
3223,Anna,Harris,Guyana,+1-913-617-4265x337,mistywashington@example.org,2024-05-21
3224,Ashley,Simmons,Jamaica,001-573-555-7578x4834,grantweaver@example.org,2021-03-20
3225,Patricia,Wood,Chile,399.927.0151,bcastaneda@example.org,2022-11-04
3226,William,Carney,El Salvador,+1-635-445-3734x7804,tdavis@example.net,2021-12-22
3227,Tammy,Walker,Svalbard & Jan Mayen Islands,+1-923-813-3694x72065,nicholaschen@example.net,2020-12-23
3228,Lisa,Bell,United Kingdom,001-309-848-4698x0935,stanleypaul@example.net,2022-11-08
3229,Renee,Dominguez,Azerbaijan,376-766-2431,ggarcia@example.net,2023-11-26
3230,Cheryl,Rich,Timor-Leste,514.251.0190,gabrielle60@example.net,2024-06-18
3231,Eric,Rojas,Moldova,(229)978-9477,matthew80@example.com,2021-02-01
3232,Andrea,Stewart,Saint Barthelemy,001-898-578-8954,erika66@example.org,2023-08-21
3233,Susan,Nelson,Sudan,835-882-3583x5139,trevinoashley@example.com,2024-01-08
3234,Desiree,Bowman,Western Sahara,001-490-800-8300x509,novakjacob@example.org,2024-09-05
3235,Brandon,Wong,Mayotte,947.621.8170x22346,stephensdevin@example.org,2023-04-30
3236,Austin,Levy,Guinea-Bissau,633-275-0690,fcook@example.net,2022-02-28
3237,Julian,Brown,Montenegro,001-941-784-8016,middletonjoe@example.net,2020-02-04
3238,John,Wilson,Fiji,311-424-9305,kdunn@example.org,2024-02-20
3239,Jessica,Brown,Netherlands,001-741-601-8640x488,fadams@example.com,2025-08-14
3240,Brandon,Gomez,Saint Kitts and Nevis,+1-910-614-9800x947,pattersonalan@example.org,2022-01-30
3241,Cory,Rowland,India,+1-604-613-6472x8165,jeffreyharris@example.net,2020-06-02
3242,Patricia,Lewis,Togo,+1-408-904-8883x24049,iparker@example.net,2025-03-05
3243,Monique,Thomas,Tunisia,788.623.0071,petersandrew@example.org,2022-02-27
3244,Christopher,Berg,Kyrgyz Republic,(370)965-8308,stacy84@example.net,2020-03-12
3245,Trevor,Weaver,Yemen,589.238.6114x06576,jonathan48@example.com,2020-07-25
3246,Matthew,Weber,San Marino,905-723-5183x51679,evanball@example.org,2023-07-29
3247,Regina,Jones,Japan,(316)438-9116x36020,kimberly73@example.org,2025-03-14
3248,Clifford,Dodson,Hungary,308.774.6177,robinjohnson@example.net,2022-01-15
3249,Joshua,Taylor,Comoros,267.661.8019x972,chenlarry@example.org,2023-04-12
3250,Karen,Vasquez,Gambia,488.993.2304,amywise@example.com,2025-10-14
3251,Danielle,Hartman,Denmark,(217)327-0598x359,goodmanbrandi@example.org,2020-04-09
3252,Donald,Cortez,Saint Barthelemy,+1-470-881-0753x2542,dwilliams@example.org,2021-11-25
3253,Roy,Boone,Timor-Leste,5116554546,patelanthony@example.net,2022-11-14
3254,Emily,Blake,Turks and Caicos Islands,860.315.6005,tylerweaver@example.net,2024-09-09
3255,Steven,Hernandez,Estonia,2338890531,wheelermichelle@example.net,2023-04-09
3256,Erica,Nelson,Niue,(375)842-5918x726,sean93@example.com,2023-07-29
3257,Judy,Cruz,Kyrgyz Republic,202.517.6172x0054,mgonzalez@example.org,2022-10-01
3258,Connie,Salinas,Iraq,(986)843-8400x54124,shayes@example.net,2021-04-15
3259,Jennifer,Ortiz,Malta,(709)276-9900,warecourtney@example.net,2025-12-02
3260,Holly,Williams,Saudi Arabia,+1-878-980-9592x7602,uesparza@example.org,2023-11-02
3261,Colleen,Anderson,Tonga,625-499-5224x3346,william98@example.com,2021-04-07
3262,Michelle,Gutierrez,Guam,281-923-9977,reynoldspatricia@example.com,2020-11-11
3263,Alison,Rogers,Palau,+1-786-827-4501x742,stephen10@example.net,2024-05-21
3264,Arthur,Chambers,Falkland Islands (Malvinas),+1-313-716-6328x690,micheal57@example.com,2025-04-08
3265,Emma,Vance,Saudi Arabia,(222)775-3957,xtaylor@example.org,2025-09-30
3266,Frank,Garza,Honduras,001-915-594-7305x9098,xcross@example.com,2020-07-13
3267,Erin,Martinez,Germany,341.653.1663x1454,justinwarren@example.com,2021-08-15
3268,William,Park,Vanuatu,3653795024,wrightpamela@example.org,2020-05-10
3269,Gregory,Pittman,Armenia,001-885-240-0746x1552,cobbsteven@example.net,2022-04-29
3270,Haley,Jones,North Macedonia,001-598-656-2844x4816,clawrence@example.org,2020-12-09
3271,Frances,Bennett,China,202-397-1007x3785,crystal57@example.com,2022-12-23
3272,Peter,Stephens,Tokelau,(756)637-5231x33480,bradleymartin@example.com,2023-05-26
3273,Debra,Avery,Vietnam,001-599-791-6421x978,grantmiller@example.net,2021-09-07
3274,Andrew,Robinson,Guyana,+1-445-697-0538x532,cody97@example.net,2021-07-19
3275,Valerie,Rhodes,Jersey,526-432-9090,littlenicholas@example.com,2025-11-20
3276,Katherine,Morgan,Monaco,001-252-520-3793x602,alan26@example.com,2021-10-09
3277,Lindsey,Lee,Namibia,203.851.5181x37727,munozrichard@example.org,2024-07-31
3278,Linda,Webster,Korea,001-613-408-8337x89928,whitakerdaniel@example.org,2021-03-19
3279,Maria,May,Iceland,996.204.6513x062,pmendoza@example.net,2020-09-24
3280,Samuel,Pope,Mali,509-974-8791,christopher12@example.net,2025-11-11
3281,Michelle,Rios,Timor-Leste,+1-234-463-2620,reginaldmartin@example.com,2024-04-16
3282,Kevin,Williams,Austria,344.846.3991x1907,awallace@example.net,2025-08-07
3283,Chase,Rodriguez,French Guiana,(245)597-1446x0700,brownlauren@example.org,2021-08-12
3284,Walter,Buck,Gabon,+1-826-439-7503x0543,snydermatthew@example.net,2024-02-16
3285,Michael,Hull,Ecuador,884.323.5593x45491,donald73@example.org,2024-04-07
3286,Robert,Powers,Greenland,482.465.1986,alyssaduran@example.net,2025-01-12
3287,Jean,Shaw,Niger,(806)801-4022x58892,travisbrooke@example.net,2024-11-19
3288,Lance,Bennett,Saint Martin,001-522-277-6608,omartinez@example.org,2024-10-26
3289,Cassandra,Smith,Tokelau,7624572163,becky17@example.org,2021-10-04
3290,Michael,Jones,Afghanistan,001-667-953-0054,vasquezsarah@example.net,2023-08-30
3291,Sherry,Flores,Australia,(745)699-8716x059,amber38@example.net,2024-09-16
3292,Alexis,Zamora,Vietnam,2828856327,danielroberts@example.net,2025-05-06
3293,Scott,Franklin,Thailand,+1-683-491-6491x84943,tonya27@example.net,2022-11-05
3294,George,Wells,Reunion,001-696-486-4068x915,caroline08@example.net,2022-05-21
3295,Emily,Reyes,Martinique,001-942-373-9978,amandaspencer@example.org,2022-04-25
3296,Deborah,Murray,Finland,(670)453-9768x980,larry23@example.com,2023-12-24
3297,Glenn,Riley,South Africa,+1-219-467-0641x485,kfletcher@example.com,2022-08-16
3298,Chelsea,Campbell,Barbados,948.831.0393x8212,cynthiamcneil@example.net,2023-02-02
3299,Brenda,Greene,Belize,+1-477-380-4265x3954,alex78@example.org,2025-09-25
3300,Kathleen,Smith,Morocco,+1-408-570-9087x971,pmarshall@example.org,2025-12-23
3301,Richard,Cox,Northern Mariana Islands,761.351.0396,xfisher@example.org,2021-08-10
3302,Angela,Carr,Sri Lanka,+1-784-837-2867x793,johnjordan@example.com,2025-07-17
3303,Arthur,Roth,Gambia,001-210-556-5124x5292,franklinburns@example.com,2023-10-24
3304,Anthony,Stevenson,Bhutan,(667)925-9495x262,johnsonrobert@example.org,2022-02-07
3305,Cathy,Diaz,Mozambique,3369411852,bethdavis@example.net,2021-06-08
3306,Paul,Kelly,Norway,+1-937-265-1537x25369,galvanethan@example.org,2025-12-29
3307,Veronica,Hanna,Burundi,+1-552-280-0817x37467,caroladkins@example.org,2022-10-22
3308,Robert,Estrada,Libyan Arab Jamahiriya,001-460-740-5798x575,erodriguez@example.com,2022-08-24
3309,Brandon,Graham,Grenada,(792)583-7388x6891,vargaslisa@example.net,2021-03-09
3310,Curtis,Green,Pakistan,708.552.0867,kmeadows@example.org,2025-12-09
3311,Ann,Hooper,Israel,496.576.3583x78190,wendypatterson@example.net,2024-01-14
3312,Douglas,Newman,Serbia,(817)280-6828x0490,alicia96@example.com,2023-05-16
3313,Melanie,Foster,Palestinian Territory,382.902.3724,asaunders@example.org,2025-02-19
3314,Marc,Brown,Qatar,306.222.6365x9650,charles89@example.org,2022-09-21
3315,Richard,Campbell,Burundi,(540)653-1759x562,joseph77@example.org,2025-09-11
3316,Helen,Thompson,Cambodia,(309)969-5935x6594,crystalbeasley@example.com,2021-12-28
3317,Zachary,Bolton,Finland,(760)893-0325x505,jenniferbuchanan@example.org,2020-02-01
3318,Rebekah,Guerrero,Martinique,(677)316-0170,carol63@example.com,2022-07-22
3319,April,Marshall,French Polynesia,630-409-0769x2554,michelle22@example.net,2023-03-31
3320,Richard,Conrad,Iraq,001-967-815-8253x839,nbrock@example.net,2024-02-29
3321,Billy,Lloyd,Saint Helena,(847)421-0686x27438,hkey@example.org,2020-07-27
3322,Isabel,Wong,Falkland Islands (Malvinas),(885)467-7002x035,erikamartin@example.com,2020-12-14
3323,Anne,Brooks,Guatemala,273.740.0195,amandabutler@example.org,2023-10-31
3324,James,Gonzalez,French Polynesia,(824)568-7423,zolsen@example.org,2021-04-26
3325,Martin,Nelson,Cyprus,934-534-8036,meghanschwartz@example.com,2022-07-17
3326,Steven,Hicks,Finland,001-483-220-9995,jacquelinejackson@example.org,2020-07-09
3327,Larry,Underwood,Ghana,+1-486-228-3847,rasmussenmelissa@example.net,2021-06-02
3328,Melinda,Richardson,Montserrat,730.218.9919,wagnerjared@example.net,2025-01-22
3329,Tina,Morgan,Uruguay,001-293-631-8532,michael55@example.org,2025-01-17
3330,Phillip,Williams,Anguilla,001-265-815-9304x6977,pcarter@example.net,2026-01-31
3331,Ryan,Riley,United States Virgin Islands,577.747.1124,davidrodgers@example.com,2024-12-31
3332,Lauren,Norris,Bahamas,851.297.9607x533,byrdpatrick@example.com,2020-02-02
3333,Danny,Williams,Pitcairn Islands,580-558-5002x4822,pmiller@example.com,2023-10-31
3334,Kevin,Brennan,Djibouti,001-691-872-7452x724,changtammy@example.org,2021-01-14
3335,Julia,Johnson,Equatorial Guinea,(902)617-3616,vcooper@example.com,2020-06-19
3336,John,Peters,El Salvador,3377434056,stevenprice@example.org,2020-03-09
3337,Deborah,Myers,Gibraltar,(240)524-6364,erikamueller@example.net,2023-11-16
3338,Megan,Ramirez,Sao Tome and Principe,+1-414-704-4733x27532,diazwilliam@example.com,2024-02-19
3339,Sarah,Bennett,Western Sahara,+1-982-341-2369x723,zcarrillo@example.net,2022-04-29
3340,Tina,Clark,Nauru,001-946-314-4861x5650,pharmon@example.org,2023-03-26
3341,Justin,Lopez,Chile,+1-906-860-0970x148,watsonregina@example.com,2025-05-08
3342,Tara,Clark,Mayotte,265-332-5522,melissa90@example.org,2023-10-19
3343,Michael,Griffin,Belgium,283-478-1558,yfoley@example.net,2020-05-30
3344,Shane,Chambers,Spain,518.941.8062,casey30@example.org,2025-07-17
3345,Stephen,Thomas,Greece,6293053225,angelhowe@example.com,2023-07-05
3346,Mitchell,Lee,Israel,+1-767-610-0847,lopezmatthew@example.net,2023-02-20
3347,Briana,Hampton,Suriname,(295)941-8261,carolineharrison@example.org,2024-12-16
3348,Brian,Bowman,Mali,967-251-7445x226,chris83@example.net,2021-02-07
3349,Anita,Bradley,Kiribati,(568)891-0169,bridgetwoods@example.org,2025-09-25
3350,Nancy,Patterson,Zambia,+1-319-247-0580x46295,samuelmoran@example.org,2024-10-17
3351,Richard,Brooks,Slovenia,001-763-287-7331,josephmarquez@example.com,2021-10-20
3352,Benjamin,Hernandez,Congo,807.462.1487x889,harrissara@example.org,2021-07-11
3353,Sierra,Meyer,Central African Republic,001-482-823-7952,kathy63@example.net,2021-11-15
3354,John,Shelton,Armenia,843.758.8980x8841,mrichardson@example.net,2024-06-29
3355,Randy,Meadows,Uganda,+1-833-988-0218,timothyflores@example.com,2024-09-23
3356,Joseph,Dalton,Belize,(797)830-7408,kellyclark@example.org,2022-07-23
3357,Pamela,Torres,Bulgaria,+1-370-264-3542x424,watersregina@example.org,2022-04-07
3358,Anthony,Daniel,United Arab Emirates,304.499.6770,saraanderson@example.net,2025-05-23
3359,Melinda,Ward,Nepal,001-237-360-2252,john10@example.org,2022-09-26
3360,Todd,Beltran,Guernsey,(215)339-7034x021,brandywalker@example.com,2023-07-01
3361,Jessica,Burton,Moldova,963-567-8093x43908,debra43@example.org,2024-07-05
3362,Katherine,Livingston,Zambia,(491)435-3146x25288,johnwalton@example.org,2022-07-30
3363,Michelle,Garza,Iran,993.527.4920x57309,kelsey93@example.org,2020-02-12
3364,Jesse,Cobb,Falkland Islands (Malvinas),+1-782-516-9442x0301,smithfelicia@example.com,2020-07-23
3365,Doris,Hurley,Gabon,+1-355-979-0732x5330,jjohnston@example.org,2025-12-24
3366,Holly,White,Austria,001-565-394-1971,contrerasalexandra@example.org,2020-05-07
3367,Brenda,Gill,Niger,(606)646-6435x493,whitneycarson@example.org,2021-04-27
3368,Eric,Howard,Sweden,969.887.4514x4340,annatyler@example.org,2023-02-23
3369,Christy,Mason,Latvia,001-271-620-5663x29337,kray@example.com,2020-05-08
3370,Philip,Walters,Antarctica (the territory South of 60 deg S),001-393-825-9662x135,thomaswhite@example.com,2025-03-31
3371,Cathy,Owens,Israel,655-269-4151x33336,slopez@example.com,2020-04-05
3372,Glenn,Norton,Samoa,876-806-7313x081,pottstimothy@example.org,2021-08-11
3373,Sheryl,Johnson,Congo,600-587-2678x827,hwerner@example.org,2020-01-07
3374,Amanda,Dunn,Ireland,001-981-960-4374x00678,csoto@example.com,2020-09-19
3375,Justin,Brown,Guatemala,679-994-2635,susan12@example.com,2022-11-06
3376,Rebecca,Long,Portugal,257.300.5405,prattann@example.net,2023-03-24
3377,Carl,Garcia,Svalbard & Jan Mayen Islands,396-366-1694,wsweeney@example.net,2020-09-23
3378,Chad,Bailey,Cape Verde,001-241-438-4813,yallen@example.com,2022-07-06
3379,James,Jackson,Italy,883.301.4651,rmills@example.net,2022-05-24
3380,Alexis,Haynes,Saint Kitts and Nevis,001-646-944-0158x544,sharpwilliam@example.org,2024-10-01
3381,Christopher,Mullen,Libyan Arab Jamahiriya,307.874.4877x672,michelle77@example.net,2025-02-16
3382,Laura,Aguilar,Central African Republic,(311)321-4194x8223,erichard@example.net,2024-09-04
3383,Mark,Andersen,Faroe Islands,863-346-3270x664,smithrebecca@example.net,2020-05-03
3384,Ryan,Moyer,Tanzania,+1-347-602-3477,lori03@example.org,2020-08-17
3385,Kimberly,James,Guyana,001-419-683-3379x036,ibrown@example.org,2020-05-18
3386,Scott,Diaz,Italy,676.741.3109x0513,hhowe@example.net,2021-05-01
3387,Michael,Sawyer,Nigeria,3334705001,crossshannon@example.net,2022-08-03
3388,Andrea,Davis,Chile,+1-929-728-1761x019,tyler05@example.org,2025-03-19
3389,Kathleen,Richards,Tanzania,258-234-6312x2936,msmith@example.net,2025-08-22
3390,Tonya,Austin,Pitcairn Islands,585-273-2811x9444,latoyasingh@example.org,2021-06-30
3391,Amanda,Martin,Guadeloupe,318-580-6894x47020,jameshoward@example.com,2021-06-16
3392,Joseph,Carlson,Guernsey,910-365-6276x1023,alicia41@example.net,2020-06-27
3393,Mary,Anderson,Estonia,(512)621-7821,zacharyblake@example.org,2024-03-03
3394,Theresa,Taylor,Bangladesh,001-426-329-3532x106,peterlopez@example.com,2024-07-05
3395,Pamela,Dixon,Cook Islands,(694)817-2532,heidischneider@example.com,2020-04-28
3396,Nicholas,Robinson,British Indian Ocean Territory (Chagos Archipelago),+1-286-735-3186x81682,heathsarah@example.com,2023-06-18
3397,Zachary,Kennedy,Mauritius,(651)685-4639,seanmendez@example.net,2026-02-14
3398,Linda,Martinez,Bulgaria,824-332-4064x3754,monica97@example.org,2026-02-09
3399,Sharon,Rivera,Moldova,001-866-557-8064,cody77@example.com,2020-12-10
3400,Brenda,Taylor,El Salvador,+1-535-384-4549x0289,mooreandrea@example.org,2020-07-18
3401,Donald,Thompson,Congo,335-299-5428,michaelabradley@example.net,2024-05-21
3402,Andrea,Curry,Tonga,253.230.3898,mguzman@example.org,2025-04-04
3403,Derrick,Turner,Saint Helena,+1-434-629-5863x5928,peter56@example.org,2021-12-21
3404,Christina,Davenport,Sudan,224.463.8992x64483,adeleon@example.com,2021-05-15
3405,Luke,Johnson,Turks and Caicos Islands,+1-932-350-2565x16073,baileyrichard@example.net,2023-01-09
3406,Scott,Anderson,Luxembourg,(433)703-5246,georgemorgan@example.com,2021-07-08
3407,Anthony,Mills,Bolivia,001-512-737-3883x8137,pcastro@example.org,2021-01-17
3408,Mary,Johnson,Swaziland,7689838680,edwardsemily@example.com,2024-04-07
3409,Deanna,Reeves,Gibraltar,531.743.4468,willie52@example.org,2021-09-24
3410,Bob,Johnson,China,(886)710-5344x694,williamsjillian@example.com,2020-05-28
3411,William,Cordova,India,(227)976-9472x359,olsenfrank@example.net,2025-07-11
3412,Bruce,Hill,Russian Federation,+1-823-241-1941,evanspeter@example.com,2025-09-24
3413,David,Brown,Poland,530.480.7210,ramirezsharon@example.org,2025-03-01
3414,Thomas,Gamble,Anguilla,+1-320-632-1582x4392,williamchase@example.com,2023-09-23
3415,Timothy,Sanchez,Chad,263-336-5128x937,mcdanielethan@example.org,2023-05-27
3416,Kimberly,Johnson,Marshall Islands,(566)971-5798x06337,umcclure@example.net,2022-02-08
3417,Douglas,Bowman,Myanmar,+1-590-699-8526x8942,jacksonmichael@example.net,2024-08-29
3418,Alexander,Castillo,Gibraltar,001-513-688-5565x980,gfernandez@example.com,2025-11-19
3419,Alexis,Adams,Micronesia,701-917-8828,gilbertfernandez@example.org,2022-07-14
3420,Timothy,Peters,Nepal,6789450224,wayne36@example.org,2023-02-20
3421,John,Matthews,Niger,242-422-8664x64986,scoleman@example.com,2020-07-08
3422,Logan,Jefferson,Antigua and Barbuda,(289)802-0186x97799,gmeyer@example.org,2022-06-10
3423,Michael,Rose,Poland,590-685-7465x566,craig17@example.org,2023-02-19
3424,Ashley,Haas,Denmark,(937)728-7892x7506,donwells@example.net,2022-03-12
3425,Lisa,Moran,Philippines,+1-503-920-9097x819,morenojason@example.net,2024-12-29
3426,Christopher,Shepard,Argentina,3606161698,dawngonzales@example.org,2020-02-09
3427,Kathryn,Lopez,Maldives,8914637205,jessicadonaldson@example.org,2024-07-19
3428,Cindy,Schneider,Somalia,286-814-9213x8897,orollins@example.org,2021-12-29
3429,Heather,Solis,United States Virgin Islands,001-235-724-0617x75141,josequinn@example.org,2021-03-25
3430,Shannon,Reid,Saint Barthelemy,236-382-5706,gordonmarvin@example.com,2020-04-28
3431,Kimberly,Wilson,American Samoa,001-755-582-6050x04961,brandon34@example.org,2025-12-03
3432,Matthew,Hansen,Bahrain,(403)226-9159,baldwinkeith@example.org,2024-05-26
3433,James,May,Morocco,539.248.5116x5028,rebeccareid@example.net,2020-03-17
3434,Joseph,Lowery,Faroe Islands,(726)630-0759x8080,moorejill@example.net,2024-08-23
3435,Jonathan,Russell,Congo,725.807.3655x46763,jenniferlopez@example.org,2024-03-07
3436,Daniel,Elliott,Greece,8594722681,jacqueline85@example.org,2024-10-23
3437,Craig,Martinez,Sudan,239.493.9223,smithphillip@example.com,2024-05-14
3438,Jimmy,Smith,Guatemala,(437)981-3878x222,plucas@example.net,2024-05-13
3439,Paul,Walker,Canada,913-969-7452x73128,joseritter@example.com,2021-03-26
3440,Sheila,Figueroa,Bouvet Island (Bouvetoya),001-915-643-2415x21092,melissajones@example.org,2023-02-14
3441,Melissa,Young,Turkmenistan,260.969.5614x017,nancycochran@example.org,2020-05-15
3442,Anthony,Howell,Saint Barthelemy,538-676-9469,huynhmatthew@example.com,2023-06-04
3443,Cheryl,Colon,Morocco,(849)375-1337x3518,patricia38@example.com,2022-05-29
3444,Robert,Boyd,Lebanon,+1-472-941-1291x713,jamie63@example.org,2022-08-13
3445,Christina,Horne,Guadeloupe,+1-397-654-2190x574,victoria83@example.com,2021-07-11
3446,Christopher,Briggs,Chad,001-444-707-5371x27360,pwade@example.org,2025-01-31
3447,Ariel,Hull,Libyan Arab Jamahiriya,832-659-8383,wanda46@example.net,2024-10-09
3448,David,Peters,Finland,657-751-5727x4405,ywest@example.net,2025-04-22
3449,Joshua,Little,Benin,880-852-8995x901,christy39@example.com,2022-02-11
3450,Jessica,Owens,Estonia,905.536.1599x859,bowerstiffany@example.net,2020-01-22
3451,Raven,Castillo,United Kingdom,001-633-838-4408x706,lesliebarry@example.org,2025-07-14
3452,Marvin,Martinez,Pitcairn Islands,460-590-4475,levimendez@example.com,2025-10-02
3453,Mackenzie,Garcia,Albania,332-750-9404,vwilliams@example.org,2024-08-01
3454,Peggy,Moody,Thailand,641-258-9314,morrischad@example.net,2021-05-03
3455,Ashley,Carpenter,Guinea-Bissau,826.923.6096x7494,michael56@example.com,2021-10-23
3456,Adam,Ross,Montserrat,+1-347-821-9091x5394,henryjennifer@example.com,2023-01-14
3457,Scott,Johnston,Madagascar,001-656-430-8109x73860,jillhaley@example.org,2020-04-29
3458,Aaron,Smith,Uzbekistan,001-677-344-1329x2505,keithlara@example.com,2022-09-12
3459,Deborah,Keller,Iraq,9647416762,jgreene@example.com,2022-11-29
3460,John,Malone,Saint Vincent and the Grenadines,489-306-5359x70756,zparks@example.com,2020-11-12
3461,Peter,Hughes,Guam,6539771100,mannrenee@example.com,2025-02-06
3462,Steven,Warren,Lithuania,3338237551,christopherturner@example.com,2024-06-10
3463,Jo,Phillips,Slovenia,578-506-3708x28026,kristin81@example.com,2023-10-06
3464,Thomas,Williamson,Guyana,(372)643-6176x367,jessica81@example.com,2021-01-08
3465,Kimberly,Warren,Belize,317.784.0033x30141,maustin@example.org,2024-02-16
3466,Nathan,Richards,South Africa,001-472-746-8589x708,andersonsusan@example.org,2021-09-07
3467,Tiffany,Gardner,Slovenia,001-604-942-8433x886,shannonhernandez@example.net,2025-10-31
3468,Steven,Smith,Sri Lanka,563-382-1178,nicholas25@example.com,2024-01-11
3469,Adam,Thomas,South Africa,874.307.0160x9821,joelwilliams@example.org,2025-02-27
3470,Kathy,Woods,Tonga,808.456.4142,rhonda35@example.com,2024-11-18
3471,Gabriel,Wheeler,French Guiana,(717)801-2288x18054,fjordan@example.net,2024-02-07
3472,Elizabeth,Clark,Norway,552-612-1041x55401,jennifermills@example.org,2020-05-06
3473,Scott,Peters,French Guiana,(256)429-2173,brenda63@example.net,2025-07-23
3474,Sean,Johnson,Slovakia (Slovak Republic),001-989-835-6660x6278,dmoore@example.com,2020-03-10
3475,Eugene,Zhang,Comoros,891.370.9078x777,stacey81@example.net,2022-10-21
3476,Donald,Jackson,Faroe Islands,836.933.9763,mercadotanya@example.com,2020-05-12
3477,Jose,Meyer,Dominican Republic,660-499-7713x75142,sandra98@example.com,2026-01-19
3478,Mark,Smith,Saint Lucia,(824)348-1898x1754,craigeric@example.org,2024-09-30
3479,Jesus,Wheeler,Saint Pierre and Miquelon,(501)358-3295x29733,blakeguerrero@example.net,2025-02-21
3480,David,Salazar,Dominica,001-745-428-0290x796,shawnsutton@example.net,2026-01-01
3481,Michael,Nixon,Lao People's Democratic Republic,969.348.2458,mark56@example.net,2021-05-30
3482,Katie,Diaz,Trinidad and Tobago,001-911-261-6314x1116,lindseykerry@example.org,2025-08-20
3483,Anna,Hanson,Grenada,272-316-1989x31729,williamsjennifer@example.org,2020-07-17
3484,Justin,Kelly,Kiribati,796.639.5017x86169,hillalexandria@example.net,2025-07-25
3485,Andre,Baldwin,Oman,+1-817-607-4997x04124,hudsonkiara@example.com,2022-10-14
3486,Jared,Kelley,Dominica,(796)664-4047x463,mullinsjoseph@example.com,2022-10-13
3487,Ryan,White,Niue,+1-611-848-1195x969,nhall@example.org,2022-01-06
3488,Billy,Herrera,Christmas Island,846-582-7484,jbarber@example.com,2023-11-05
3489,Helen,Morton,Burkina Faso,(568)834-9881,wyattderek@example.net,2025-01-29
3490,Dustin,Arnold,Sierra Leone,8273373065,krystal89@example.net,2024-09-07
3491,Chad,Brown,Malaysia,(866)828-1791x8137,yestes@example.com,2023-04-14
3492,Jesse,Gregory,Maldives,(576)219-4682,kellyreid@example.com,2023-09-04
3493,Kenneth,Oneal,Azerbaijan,001-458-379-3329,enichols@example.org,2021-03-17
3494,Charles,Arnold,Jersey,999.230.7249,kellyscott@example.org,2022-05-24
3495,Jennifer,Hobbs,Greece,219-742-7756x1443,ronald31@example.com,2020-11-19
3496,Natasha,Bell,Ireland,001-795-639-5744,brownjoseph@example.com,2025-08-07
3497,Thomas,Rodgers,Philippines,412-878-9216,robertedwards@example.net,2020-11-25
3498,Ashley,Brooks,Benin,+1-411-223-7120x609,lisa37@example.org,2024-02-10
3499,Stephen,Williams,Hong Kong,001-923-386-8931x302,mchristensen@example.com,2021-08-08
3500,Eugene,Phillips,British Virgin Islands,655.546.9093x22234,jeffrey25@example.org,2024-03-13
3501,Douglas,Knight,Myanmar,516.222.8558x7786,leemullins@example.net,2021-09-15
3502,Kevin,Hendrix,Dominica,+1-576-949-2770,leejennifer@example.net,2025-01-04
3503,Rachel,Golden,Zambia,(636)794-8515,jfranklin@example.com,2020-10-01
3504,Richard,Baldwin,Nepal,(646)573-0114x57858,robertshaw@example.net,2022-08-16
3505,Barbara,Scott,Ethiopia,001-841-478-7570x06322,sheppardcaitlin@example.net,2022-11-11
3506,Amber,Miller,Dominican Republic,001-861-383-7968,steven28@example.com,2022-11-09
3507,Brandon,Pope,Somalia,735-694-9690x2099,julia38@example.com,2021-11-02
3508,Robert,Smith,Azerbaijan,3539923729,mswanson@example.org,2023-04-26
3509,Maria,Johnson,Trinidad and Tobago,754.516.8150x698,rgarcia@example.net,2025-09-21
3510,Susan,Phelps,Liberia,(962)874-0691x41229,isaiah47@example.org,2020-10-30
3511,Travis,Gonzalez,Zambia,+1-882-737-1369x3352,rhays@example.net,2020-01-28
3512,Mindy,Cox,Samoa,647-936-9078x97809,jcontreras@example.net,2024-12-04
3513,Ann,Clark,Tunisia,(776)676-8838,sjoyce@example.com,2025-02-17
3514,David,Wright,Slovakia (Slovak Republic),982.385.6817x6711,ryanmendoza@example.net,2020-05-23
3515,Brian,Castillo,Spain,316.504.1883x41169,andrea77@example.net,2020-08-10
3516,Phillip,Davis,Equatorial Guinea,001-827-486-3753x1236,mwright@example.com,2024-04-01
3517,Jerry,Green,India,+1-481-914-7483,sarahdunn@example.org,2023-05-28
3518,Elizabeth,Acevedo,Christmas Island,383-864-1971,johnsonjennifer@example.com,2022-08-12
3519,Clinton,Solis,Mongolia,310.647.0912x048,kimkelly@example.org,2025-01-10
3520,Lisa,Moore,Nicaragua,001-774-915-8360,gravesfernando@example.com,2026-01-06
3521,Ashley,Allen,Grenada,001-825-500-5110x791,christina25@example.com,2023-04-17
3522,Dylan,Brown,Liechtenstein,(969)603-5053,wendyhicks@example.net,2024-11-16
3523,Bryan,Atkinson,Norway,+1-745-226-9870x3066,paulathomas@example.net,2024-11-27
3524,Adam,Hill,Saint Helena,(993)600-9891x49807,brodriguez@example.com,2021-03-06
3525,Stephen,Singh,Liberia,429.256.7880x1281,eevans@example.net,2020-09-07
3526,Paul,Ray,Guinea,+1-552-756-1331x51426,jennifergordon@example.org,2023-06-11
3527,Jose,Smith,Suriname,973.460.8137x064,fernandezshannon@example.org,2024-09-28
3528,James,Allen,Bangladesh,(318)744-7583x41739,james24@example.com,2024-10-20
3529,Frank,Sosa,Honduras,(825)625-7658x61650,yreed@example.com,2021-04-28
3530,Derrick,Vaughn,South Africa,5186198307,jcurtis@example.org,2022-06-16
3531,Tasha,Williams,Faroe Islands,001-687-305-0292x021,torreseric@example.com,2024-08-30
3532,Debbie,Davis,Bahrain,(879)481-0726x8358,johnpatel@example.org,2023-06-19
3533,Kevin,Vasquez,Morocco,593-908-3521x42537,nsanders@example.org,2025-10-02
3534,Melanie,Fisher,Grenada,(678)533-9560,joshuachristensen@example.org,2020-08-24
3535,Elizabeth,Bell,Liberia,(541)879-4085,xfernandez@example.com,2020-05-30
3536,Paula,Chapman,Netherlands,879.649.1440x290,taylordiane@example.net,2023-03-06
3537,Joseph,Evans,Venezuela,965.782.1906x6923,iwalker@example.net,2025-11-18
3538,Chase,Nichols,Niger,671-722-8533,cvalencia@example.net,2020-08-23
3539,Danielle,White,Guinea-Bissau,(890)707-3850,mirandaamy@example.net,2025-12-28
3540,Christine,Reed,Christmas Island,001-943-953-4727x2992,christopher08@example.net,2020-05-01
3541,Jennifer,Schaefer,Bouvet Island (Bouvetoya),+1-906-869-7344,xtaylor@example.org,2021-04-22
3542,Jennifer,Fletcher,Tonga,386.717.9212,frank66@example.net,2020-03-26
3543,Sarah,Rios,Bahamas,234-236-8618,espinozapamela@example.com,2022-12-18
3544,Steven,Wade,Marshall Islands,567.769.6440,cisnerosdonna@example.net,2024-08-29
3545,Joel,Yates,Belarus,(622)980-3247,jay94@example.net,2024-06-30
3546,April,Mcguire,Tonga,603-979-2410x4555,tracey43@example.com,2026-02-01
3547,Michael,Daniel,Argentina,+1-727-260-3481,anna12@example.org,2023-05-09
3548,Bobby,Crosby,Bahrain,(522)626-4775x4938,lopezthomas@example.com,2024-09-20
3549,Carolyn,Klein,Saint Martin,(645)712-3158,briancrawford@example.net,2021-05-29
3550,Elizabeth,Hughes,Korea,001-426-589-6362x435,nbush@example.org,2020-07-25
3551,William,Clark,Angola,540.522.2059x2828,radams@example.org,2026-03-01
3552,Laura,White,Nigeria,762-711-2349,orodriguez@example.org,2020-06-28
3553,Kristine,Jones,Western Sahara,7502749085,nicholas13@example.com,2023-11-03
3554,Deborah,Velez,American Samoa,(525)618-8153,mbrown@example.com,2022-04-16
3555,Frank,Green,Japan,+1-273-948-7186x636,xharris@example.net,2022-12-06
3556,Yolanda,Anderson,Cambodia,+1-237-743-6544x3996,huffann@example.net,2022-01-14
3557,Joshua,Johnson,Greece,+1-319-486-3672x866,ale@example.net,2023-08-01
3558,Thomas,Hopkins,Greece,+1-513-772-2302,patriciatorres@example.net,2022-02-12
3559,Joshua,Robinson,Gabon,+1-909-897-3728x791,dfitzgerald@example.org,2024-01-26
3560,Ryan,Berg,Senegal,(591)919-2421x511,brian31@example.net,2023-08-25
3561,Karen,Meadows,Tokelau,971.799.7938x71933,joannaclark@example.com,2022-06-20
3562,Cindy,Cruz,Ethiopia,583-529-7728,michael99@example.com,2025-10-16
3563,Diana,Nelson,Bermuda,494.867.7351,suzanne58@example.com,2020-04-24
3564,Charles,Gentry,Kazakhstan,501.605.7502,wcase@example.org,2025-09-02
3565,Daniel,Woodward,Myanmar,994-726-0831x2976,megan14@example.net,2020-08-31
3566,Christopher,Gutierrez,India,465-853-6038,vperry@example.com,2023-08-16
3567,Jeffery,Wright,United Kingdom,3434520854,kellyjones@example.net,2022-04-03
3568,Michael,Powell,Bahrain,+1-548-804-8300x384,jimhoward@example.org,2022-01-08
3569,Chad,Miles,Monaco,626-229-8618x128,adickerson@example.com,2022-04-05
3570,Charles,Conrad,Australia,581.293.4002,slang@example.org,2020-01-19
3571,Mark,Phillips,Qatar,702-208-7079,adam28@example.com,2025-06-03
3572,Aaron,Jones,Serbia,(244)314-4834,bennettolivia@example.net,2024-06-18
3573,Benjamin,Wagner,Northern Mariana Islands,778-231-1018x5922,kimhelen@example.com,2025-01-16
3574,Joann,Jones,United States Minor Outlying Islands,001-927-220-9441x4176,patriciasanchez@example.com,2024-09-18
3575,Sarah,Sanchez,Spain,248.556.6115,balldale@example.net,2025-11-08
3576,Brooke,Adams,Sudan,+1-933-411-8660,oschwartz@example.net,2025-07-17
3577,Alexandra,Mcdonald,Barbados,(688)204-8438,courtneyweiss@example.org,2021-09-22
3578,Joshua,Beck,Serbia,647-618-6963,emma68@example.com,2023-09-18
3579,Whitney,Ward,French Southern Territories,226.519.7192x2781,jamesallison@example.net,2024-04-14
3580,Justin,Gibson,Lesotho,(721)551-8510x26124,eallen@example.com,2020-06-06
3581,Eddie,Thomas,Georgia,(786)577-8905,greensherry@example.net,2021-03-28
3582,David,Martinez,Congo,(432)627-9322,bensonstephen@example.net,2025-09-09
3583,Wesley,Smith,Bermuda,206.287.1184,gardnerlori@example.com,2022-11-24
3584,Phillip,Phillips,Afghanistan,642-833-6069x2354,michael84@example.com,2024-06-27
3585,Christopher,Hudson,Netherlands,9479051649,michellemiranda@example.org,2025-09-26
3586,Robert,Sparks,Macao,(489)492-8489,kennethburnett@example.com,2023-11-05
3587,Jessica,Maynard,Czech Republic,(234)854-9040x50903,brookevillarreal@example.org,2021-03-16
3588,Samantha,Patel,Eritrea,947.978.3276,rodney15@example.com,2024-06-09
3589,John,Rodriguez,Turks and Caicos Islands,(533)712-7924x13643,carrollpatricia@example.com,2024-11-25
3590,Vincent,Griffin,Denmark,(657)379-9563,davidfletcher@example.com,2024-09-29
3591,Brandon,Smith,Rwanda,(536)394-3625,aguirrepatrick@example.com,2023-02-28
3592,Rachael,Gibson,Lithuania,9487154763,kanderson@example.net,2022-03-07
3593,Erin,Gamble,Suriname,001-667-690-9331x67419,debra28@example.net,2021-04-18
3594,Rhonda,Ballard,Switzerland,281-799-5337x5630,richardlisa@example.net,2022-08-28
3595,Emily,Phillips,Serbia,730-422-3728x366,jeffreyrodriguez@example.com,2024-06-04
3596,Zachary,Smith,United States Virgin Islands,219.486.8131x007,millerjoan@example.com,2022-08-21
3597,Nancy,Williams,Liechtenstein,219-847-1806x91587,wardcharlotte@example.org,2023-08-25
3598,Joseph,Monroe,Saint Lucia,+1-680-470-1682,vjames@example.org,2025-01-31
3599,Rita,Hickman,Costa Rica,5683904743,ypena@example.org,2025-10-13
3600,John,Andrews,Guyana,944-469-6811,sydneybennett@example.com,2021-02-25
3601,Jeffrey,Jordan,Montserrat,(420)310-1742,abigail25@example.org,2022-06-21
3602,Michael,Pratt,Bouvet Island (Bouvetoya),787-281-0738,stacyhorton@example.com,2025-02-05
3603,Scott,Hinton,Northern Mariana Islands,(755)251-7439x71739,jessica15@example.net,2020-01-11
3604,Charlotte,Owens,Madagascar,(610)748-6664,robertsmary@example.com,2021-07-18
3605,Natalie,Morris,Greece,+1-399-306-3786x345,morrisdouglas@example.net,2021-02-15
3606,Rebecca,Smith,Guam,6522200630,stacey37@example.org,2021-04-06
3607,Brian,Lyons,Belize,(654)577-3077x53473,alyssathompson@example.net,2024-12-21
3608,Robert,Kelly,Saint Pierre and Miquelon,2763160408,merrittjack@example.com,2023-11-24
3609,Edward,Frye,Suriname,592.731.6533x4205,martinmorgan@example.com,2023-05-14
3610,Suzanne,Campos,Liberia,891.379.4176,hhouse@example.com,2021-08-31
3611,Jennifer,Watson,Mexico,330.637.5686x117,brownernest@example.com,2020-08-01
3612,Erica,Conrad,Kiribati,(812)449-9114x98373,martinmatthew@example.org,2023-12-09
3613,Devin,Hess,Saint Lucia,001-538-216-1239x24123,welchcrystal@example.com,2023-02-12
3614,Richard,Berg,Kyrgyz Republic,857.757.6573x4187,tylerhansen@example.org,2022-11-16
3615,George,Moore,Rwanda,+1-940-889-0947,jsullivan@example.net,2025-05-14
3616,Stephen,Perez,Malawi,771-278-4017,vjackson@example.net,2020-02-04
3617,Angela,Wilson,Myanmar,948-898-8232,selliott@example.net,2023-07-14
3618,Michael,Ryan,Norfolk Island,+1-786-736-2709x9397,carrie07@example.org,2025-08-29
3619,Tim,Crawford,Korea,396.951.0414x6271,ashleytoni@example.net,2022-11-28
3620,Kelly,Silva,Georgia,001-734-829-3246x856,reyeskaren@example.net,2022-01-20
3621,Jacob,Johnson,Gibraltar,+1-736-320-3057,michaelbartlett@example.com,2020-02-05
3622,Kathy,Velasquez,Saint Kitts and Nevis,9037591212,amywatts@example.net,2020-02-03
3623,Jeffrey,Moore,Dominican Republic,255-345-1085,juliamiles@example.net,2024-08-04
3624,Amy,Davis,Norfolk Island,+1-466-847-2592x5769,thomasjoshua@example.com,2023-06-14
3625,Stephanie,Schmidt,Puerto Rico,624.556.7463,brownanna@example.com,2021-10-30
3626,Larry,Watts,Anguilla,883.766.2589x81619,taylormatthew@example.net,2025-01-01
3627,Justin,Nichols,Norway,(558)552-7908x83160,reynoldsbrandi@example.org,2022-05-07
3628,Destiny,Conner,Bosnia and Herzegovina,(419)408-8818,angelicaevans@example.org,2024-02-26
3629,Thomas,Chambers,Saint Pierre and Miquelon,433-283-1331x10373,alyssa24@example.org,2024-07-30
3630,Todd,Acosta,Thailand,674.599.1490x734,smithmaria@example.org,2024-08-09
3631,Virginia,Velez,Mayotte,991-838-7405x6520,taylorpayne@example.org,2023-09-14
3632,Luke,Huffman,Seychelles,(878)571-5044x844,grimeschelsea@example.org,2025-04-30
3633,Peggy,Ramirez,Marshall Islands,8035967513,rhondaclark@example.net,2020-11-23
3634,Stacey,Curry,Cayman Islands,001-381-958-5885x21075,katherine50@example.org,2024-12-06
3635,Tracy,Perez,Belgium,377.306.5400,joseph01@example.net,2025-05-13
3636,Kenneth,Mendez,Benin,+1-722-673-5881x198,kathryn06@example.net,2023-12-01
3637,Christina,Dixon,Rwanda,822.291.3104x801,michaelsmith@example.net,2022-02-09
3638,Thomas,Baldwin,Kenya,850-712-0978,vrodriguez@example.com,2025-08-27
3639,Emily,Robinson,Saint Martin,376.672.8933x09203,kjohnson@example.com,2023-10-11
3640,Brian,Kelly,Svalbard & Jan Mayen Islands,929.547.1010,vasquezmelinda@example.com,2023-10-06
3641,Roger,Rivas,Saint Barthelemy,828-858-9269,njohnson@example.net,2023-03-20
3642,Tiffany,Nash,Faroe Islands,5254350827,andrew85@example.net,2023-04-13
3643,Laurie,Brown,Yemen,+1-361-318-2189x801,vjones@example.com,2023-09-28
3644,Brittney,Wilson,Australia,9215831160,austingonzalez@example.net,2021-08-27
3645,David,Norton,Mayotte,672-694-3886,erinchambers@example.net,2022-10-04
3646,Stephanie,White,Gabon,(838)766-1666,xjohnson@example.org,2020-11-06
3647,Kelly,Gilmore,Chile,6372068059,jonestammy@example.com,2022-03-03
3648,Jose,Hicks,Niger,272.510.9273x4516,pflynn@example.com,2022-03-05
3649,Sarah,Bennett,Niue,+1-466-489-7307x71895,eric92@example.org,2023-04-29
3650,Valerie,Cox,Saint Kitts and Nevis,(873)236-2512x92690,czuniga@example.net,2025-09-06
3651,Phillip,Riggs,Brunei Darussalam,001-825-972-7114x9446,pattersonmarc@example.org,2024-01-20
3652,Melanie,Sanders,Mayotte,416-448-7148x0412,josephwagner@example.net,2020-08-16
3653,Cameron,Martinez,Azerbaijan,720-912-2400x0196,elizabeth99@example.net,2025-12-03
3654,Steven,Malone,Thailand,356.584.1799x52805,gilbertdale@example.net,2021-11-10
3655,David,Sawyer,China,(444)649-5561,christopherwoods@example.com,2020-07-14
3656,Joe,Diaz,Cuba,+1-837-277-5960x81242,forderic@example.com,2024-01-01
3657,Richard,Dean,Benin,636.301.8914x92014,williamssue@example.net,2021-02-05
3658,Chelsea,Phillips,French Polynesia,+1-236-407-2721x715,riosjoshua@example.net,2020-09-18
3659,Sue,Jones,Kiribati,426.389.4945x067,pacekurt@example.net,2024-06-11
3660,Erica,Joseph,Latvia,+1-834-976-7248x56612,wmaxwell@example.net,2023-07-29
3661,Virginia,Bradley,Estonia,001-382-618-5881x1084,silvanicholas@example.net,2025-05-28
3662,Stephen,Williams,Zambia,(596)583-1899x66713,vbrady@example.com,2022-02-17
3663,Edward,Alvarado,Cuba,+1-988-904-0251,schneiderkrystal@example.org,2023-11-14
3664,Alexander,Calhoun,El Salvador,+1-613-863-2326,terrilopez@example.com,2022-03-30
3665,Whitney,Grimes,Brunei Darussalam,687-263-7050x5914,davidmurphy@example.org,2025-03-09
3666,Pedro,Carter,Niue,001-280-903-7552,cathy57@example.com,2024-11-03
3667,Charles,Malone,Seychelles,+1-645-218-8701x926,gordonterrence@example.org,2023-05-30
3668,Stephen,Miles,Bolivia,+1-382-568-4291,johnmcguire@example.com,2022-09-27
3669,Lisa,Carlson,Brunei Darussalam,7895765641,rasmusseneric@example.org,2024-12-25
3670,Daniel,Bryant,Saint Kitts and Nevis,691-632-2186,kylepeterson@example.com,2025-01-28
3671,Jeffery,Gardner,Afghanistan,(266)323-9656,nancyjones@example.com,2021-05-05
3672,Robin,Watson,Romania,9963831082,lisabradford@example.org,2022-11-06
3673,Nicholas,Lopez,United States of America,565-794-6911x8866,adriannguyen@example.com,2024-05-09
3674,Laurie,Sanchez,Mexico,(917)943-6967x1944,ghernandez@example.com,2025-08-23
3675,Stephanie,Barnes,Mali,001-343-958-4216x0673,benjamindickerson@example.com,2025-12-20
3676,Janet,Harding,Indonesia,+1-290-865-8099x292,leejoshua@example.com,2024-08-16
3677,David,Ramirez,Northern Mariana Islands,(361)783-3089,xanderson@example.org,2025-05-09
3678,Donald,Castro,Equatorial Guinea,474-843-4777x609,jasonnielsen@example.org,2024-09-16
3679,Douglas,Singleton,Togo,8543775405,maria57@example.com,2025-10-29
3680,Scott,Brown,Fiji,(944)515-6893,harrisgloria@example.net,2024-06-30
3681,Suzanne,Valenzuela,Bermuda,(669)263-1001x707,christina62@example.net,2023-11-16
3682,Tyrone,Ellis,Micronesia,(816)298-5363,umyers@example.net,2025-05-08
3683,Pamela,Castro,Palau,+1-782-954-0392x1446,aferguson@example.com,2023-06-11
3684,Eric,Ayala,United Kingdom,818.722.5316,mcfarlandleah@example.com,2020-02-24
3685,Elizabeth,Velazquez,Heard Island and McDonald Islands,2156676983,rsoto@example.com,2022-02-19
3686,Jack,Nelson,Liberia,856.498.8833,bhodge@example.com,2020-02-13
3687,Charles,Walker,Venezuela,+1-360-856-7398x570,reynoldsjamie@example.org,2021-08-13
3688,Danielle,Hess,Holy See (Vatican City State),688.547.8560,escobarjeffery@example.net,2021-04-22
3689,Caitlyn,Miller,United States Virgin Islands,(831)789-7615x91844,csteele@example.org,2020-02-17
3690,Elizabeth,Martin,Costa Rica,754-546-7471,velazquezian@example.net,2025-12-27
3691,Martin,Duke,French Guiana,001-685-430-6446,gruiz@example.org,2025-02-07
3692,Elizabeth,Joyce,Barbados,+1-826-416-9468x431,lynntoni@example.org,2024-06-27
3693,Heidi,Torres,Cyprus,973.410.8523x802,laneangela@example.net,2021-03-10
3694,Virginia,Chapman,Peru,742.255.6725x85575,millerjohn@example.org,2020-05-20
3695,Stephen,Castaneda,Armenia,(828)390-5245x98649,carol85@example.net,2023-08-30
3696,Robert,Jacobs,Cameroon,001-208-398-5378x073,jeffrey28@example.com,2022-12-24
3697,James,Richardson,Guinea,001-786-419-7250x364,chelseamercado@example.net,2020-03-01
3698,Wesley,Douglas,Congo,453-384-4083x907,scott54@example.net,2020-05-21
3699,Thomas,Walsh,Eritrea,001-842-973-7219x88827,csmith@example.com,2020-08-09
3700,Jaime,Kirk,Palestinian Territory,674.259.5539x696,wendyvillarreal@example.com,2021-07-30
3701,Lauren,Jackson,Bouvet Island (Bouvetoya),243-329-9134x720,davilarachel@example.org,2021-01-03
3702,Rebecca,Russell,Ethiopia,361.455.2524x95515,uhoward@example.net,2024-04-02
3703,Tommy,Jones,Saint Helena,(536)774-2834x76455,courtneyvazquez@example.net,2023-11-09
3704,Michael,Evans,Chile,+1-838-709-4097x60854,fuenteseric@example.org,2024-02-02
3705,Vanessa,Jacobs,Belarus,352.464.3666x088,adamsjerry@example.com,2023-02-20
3706,Aaron,Gonzalez,Trinidad and Tobago,+1-811-315-0559x223,qvazquez@example.net,2021-11-07
3707,Diane,Shields,Netherlands Antilles,+1-655-921-1205x270,kristinafoster@example.org,2020-07-27
3708,Shelley,Murray,Mauritius,896-597-6481,wilsonyolanda@example.net,2024-04-14
3709,Adam,Sanders,Congo,777.387.3638x253,karenrichards@example.net,2025-12-04
3710,Sara,Whitehead,Pitcairn Islands,963-627-2523x3765,josephsims@example.com,2024-06-16
3711,Dominique,Walker,Falkland Islands (Malvinas),571-548-9698x6029,tgray@example.com,2021-09-01
3712,Sherri,Allen,Turkmenistan,(547)622-1102x189,hhebert@example.org,2024-08-21
3713,Michael,Smith,Bolivia,+1-449-934-4446x7551,annjacobs@example.net,2024-01-17
3714,Brandon,Campbell,Aruba,373.236.2236,kkim@example.com,2024-07-16
3715,John,Thompson,Barbados,(557)884-4774,ryan32@example.com,2022-11-13
3716,Brittany,Brown,Ukraine,001-413-237-9339x0841,dmendez@example.net,2022-08-12
3717,Alexandra,Salazar,New Zealand,001-661-309-9279x17107,joshuachapman@example.com,2022-01-01
3718,Brooke,Wilcox,Cyprus,2648427098,williamsana@example.net,2025-02-28
3719,Cameron,Sanders,Sri Lanka,+1-527-877-5106x8748,fcastillo@example.net,2025-01-23
3720,James,Mckinney,Suriname,986-972-3813x4081,westmark@example.org,2020-05-15
3721,William,Smith,Madagascar,749.416.3490x611,theresajohnson@example.net,2024-08-18
3722,Matthew,Smith,Dominican Republic,(461)493-9752,jenniferallen@example.com,2021-01-14
3723,Louis,Chavez,Bahamas,906-233-6165x1561,gilbertdawn@example.net,2022-09-09
3724,Tanya,Jackson,Switzerland,001-812-449-8831x781,christinachen@example.com,2024-08-24
3725,Ruben,Dickson,Anguilla,+1-814-395-7410,saunderskayla@example.net,2022-10-23
3726,Brandon,Moore,Sri Lanka,001-257-574-7199,qpayne@example.com,2023-09-18
3727,Lance,Smith,Norfolk Island,814-744-8180,bbaird@example.org,2026-02-17
3728,Amy,Faulkner,Guyana,340.891.1669x1904,yprice@example.org,2023-07-19
3729,Richard,Cooper,Japan,838.307.0937x7349,mporter@example.org,2024-07-26
3730,Joe,Taylor,Syrian Arab Republic,+1-461-320-1057,christopher33@example.com,2020-07-22
3731,Ryan,Reyes,Gabon,(302)511-6652x7891,richard71@example.net,2020-01-25
3732,Joy,Valencia,Sri Lanka,343.957.7936x876,tmeyer@example.net,2020-03-14
3733,Daniel,Scott,Cook Islands,(762)240-9590x6089,russokaitlyn@example.net,2020-06-08
3734,Luis,Cuevas,Comoros,001-872-615-8026x473,dharris@example.net,2021-01-21
3735,Meagan,Barton,Turks and Caicos Islands,001-816-609-0531x38969,zmiller@example.org,2020-10-07
3736,John,Huang,Burkina Faso,895.899.6364x954,james90@example.com,2020-10-24
3737,Mark,Johnson,Uganda,(987)271-8576x1784,crawfordjason@example.com,2024-05-26
3738,Brandon,Thomas,Peru,001-245-650-2068,webbmolly@example.com,2021-10-02
3739,Adam,Velez,Grenada,+1-489-474-4067x96631,monica08@example.com,2021-01-11
3740,Robert,Atkins,Chad,247.619.6624x95969,erica98@example.org,2020-11-14
3741,Teresa,Scott,Congo,627-265-4501x226,nicole05@example.net,2021-10-21
3742,Marissa,Haynes,Lesotho,414-551-5748,gregoryconway@example.com,2022-03-21
3743,Daniel,Vazquez,Norway,(994)434-6746,jeffreyrobertson@example.com,2025-09-21
3744,Melissa,Perry,Lithuania,+1-591-416-9850x42315,npitts@example.com,2024-11-07
3745,Erica,Allen,Montserrat,001-480-220-7330x1454,grahamchristine@example.com,2025-08-02
3746,William,King,Northern Mariana Islands,001-798-861-3119x172,housebrittany@example.net,2020-10-24
3747,Laura,Rich,Mexico,+1-607-335-8550,ana74@example.net,2024-08-13
3748,Stephen,Downs,Germany,+1-466-453-5095,jenniferoneill@example.org,2023-05-10
3749,Crystal,Rice,Iraq,+1-298-538-6079x92964,joyce63@example.com,2022-04-27
3750,William,Ward,Gambia,311-912-7585,matthewdavis@example.com,2021-12-28
3751,Jason,Terrell,Lithuania,279-321-8602x7745,ysmith@example.net,2022-10-03
3752,Joseph,Underwood,China,5292545981,obrown@example.net,2025-10-09
3753,John,Nelson,Singapore,710-795-8502x95455,johnsonnancy@example.com,2020-07-26
3754,Victoria,Weaver,Dominica,361-991-4504x17420,davidcoffey@example.com,2023-12-05
3755,Michael,Prince,Norway,+1-364-223-7536x98651,skinnerkelsey@example.org,2025-10-11
3756,Charles,Cook,Andorra,4634461157,andrew47@example.net,2022-05-17
3757,Michelle,Durham,Nigeria,689-365-3944x991,shaunward@example.net,2025-04-10
3758,Paul,Short,Niue,316-617-1439,eric88@example.net,2024-12-18
3759,Kristine,Bennett,Brazil,(480)610-9531x22302,marissaschmidt@example.org,2022-01-21
3760,Jessica,Marks,Bhutan,(841)655-2564x951,ewelch@example.com,2022-01-06
3761,Zachary,Garcia,Isle of Man,995-674-0192x96120,melissa28@example.com,2025-04-29
3762,John,Davis,Gabon,327-559-7895x7071,uholmes@example.com,2021-12-03
3763,Ashley,Brown,Indonesia,+1-341-692-5254x7158,jenniferrobertson@example.com,2021-08-01
3764,Dana,Parker,Indonesia,331.622.5777x219,michael49@example.org,2020-04-18
3765,Joseph,Barry,Ethiopia,6694825416,tgrant@example.org,2022-08-14
3766,Joshua,Brown,Sierra Leone,(459)869-7779,pgarcia@example.net,2020-10-13
3767,Edgar,Young,Turkey,001-635-329-8617x8001,esnyder@example.org,2021-11-01
3768,Brandon,Franklin,Iran,924-478-4634x7654,amanda02@example.net,2024-10-04
3769,James,Smith,Eritrea,001-696-599-2984x1422,mendozasamuel@example.com,2021-05-16
3770,Trevor,Barnes,Turkmenistan,643-464-3085x00184,daltondaniel@example.net,2022-08-14
3771,John,Murray,Fiji,648.840.3385x132,davidcrawford@example.net,2020-01-24
3772,Emily,Faulkner,Colombia,9175929290,jamesperry@example.net,2025-03-21
3773,Leroy,Washington,Denmark,808-829-2758x1074,josephharris@example.org,2022-08-20
3774,Michael,Wagner,United States Minor Outlying Islands,001-773-689-4485x1721,perezmonica@example.org,2023-01-20
3775,Jennifer,Hunter,Lebanon,(892)933-1052x2477,walkergabriel@example.com,2020-12-03
3776,Stacey,Rice,Tajikistan,(946)365-0816,nancy13@example.com,2022-08-11
3777,Christopher,Boyd,Bosnia and Herzegovina,(594)677-7753,kristin80@example.org,2022-03-23
3778,Edward,Simpson,Iraq,(872)641-1540x682,williamscarl@example.com,2022-06-20
3779,Tiffany,Williams,Macao,+1-958-648-5077x171,hwilliams@example.net,2021-03-10
3780,Sydney,Miller,El Salvador,597.263.3547x537,david56@example.net,2021-02-13
3781,Andre,Norris,Vanuatu,351-668-8797,ryanbrown@example.org,2022-05-20
3782,Dillon,Olson,Nigeria,001-308-265-3086,patrick56@example.com,2024-09-15
3783,Danielle,Jackson,Sweden,001-650-618-0204x46402,colin92@example.net,2021-08-07
3784,Ashley,Lee,Martinique,526-599-9054,oshaw@example.net,2025-07-19
3785,Evan,Simmons,Georgia,001-958-781-1653x295,bradleygardner@example.org,2021-07-14
3786,William,Oconnell,Japan,947.872.4046x564,nathanieljohnson@example.org,2026-03-07
3787,Virginia,Montes,Comoros,(720)206-2478,tiffanyjennings@example.net,2025-06-19
3788,Aaron,Moyer,Philippines,001-809-763-6312x0665,jameslewis@example.com,2025-07-22
3789,Dominique,Rodriguez,Western Sahara,001-925-836-3327,burnsholly@example.com,2025-12-01
3790,Edward,Frye,Turkey,(520)848-0094x610,travisrobin@example.net,2021-09-10
3791,Carol,Hogan,Liechtenstein,001-555-690-6926x040,reyesheather@example.org,2025-07-09
3792,David,Smith,Montenegro,448-224-8349x814,samuelharris@example.org,2023-11-30
3793,Cassandra,Nelson,French Polynesia,988-300-5470x49233,michael03@example.com,2023-02-20
3794,Maria,Mccormick,Pitcairn Islands,(490)400-1376x37999,susan04@example.com,2024-09-07
3795,Ricardo,Schmidt,Namibia,6495099290,victorglover@example.net,2020-12-29
3796,Cynthia,Castillo,France,+1-278-695-7937x927,suzanne15@example.com,2022-04-30
3797,James,Lopez,Mozambique,+1-363-730-3221x05701,brandywilson@example.com,2025-05-27
3798,George,Huber,Senegal,399.342.0237,qjohns@example.net,2021-07-04
3799,Crystal,Green,Sierra Leone,556-578-2717x94610,linmark@example.org,2021-12-03
3800,Kelly,Howard,Micronesia,+1-848-302-6147x16027,yedwards@example.org,2024-11-11
3801,Beverly,Knapp,Nigeria,290.975.2097x91078,shawcarolyn@example.net,2024-04-26
3802,Victor,Miller,Jordan,7695164529,thompsonlisa@example.net,2026-02-06
3803,Jeremy,Thompson,Solomon Islands,(769)692-0239x5732,ellisondenise@example.net,2020-07-13
3804,Melinda,Michael,Uruguay,(331)380-5929x946,ericksonjennifer@example.org,2021-02-01
3805,Lisa,Rogers,Czech Republic,+1-577-425-4652x3729,mitchellmiller@example.org,2022-04-21
3806,Thomas,Cobb,British Indian Ocean Territory (Chagos Archipelago),001-991-886-5884,williamsbrenda@example.org,2024-12-28
3807,Cindy,Serrano,Serbia,340-281-5610,smitchell@example.com,2023-10-07
3808,Russell,Cruz,Cook Islands,(719)927-7625,shelly68@example.org,2021-01-10
3809,Johnny,Young,Congo,801-530-3418,archerkatrina@example.net,2024-08-28
3810,Leah,Reeves,Cote d'Ivoire,4947050309,sheryl88@example.org,2025-10-06
3811,Michael,Knox,Bhutan,001-896-602-7747x710,linda90@example.com,2021-03-12
3812,Amanda,Simpson,Sierra Leone,3325883198,derekwilliams@example.com,2025-02-04
3813,Dustin,Foley,British Indian Ocean Territory (Chagos Archipelago),(513)283-9417,rodriguezreginald@example.com,2020-06-29
3814,Cynthia,Miller,Singapore,(246)887-8243x5869,hharvey@example.net,2021-08-06
3815,Stephanie,Vasquez,Netherlands,(432)367-1789x628,ntaylor@example.net,2023-06-18
3816,Jacob,Hartman,Northern Mariana Islands,+1-379-647-1401x919,franklinbrian@example.net,2021-07-23
3817,Mary,Rodriguez,Dominica,+1-814-647-9441x891,davisjill@example.net,2021-10-11
3818,John,Sanders,Saint Lucia,001-850-256-7860x92190,duraneric@example.org,2020-06-22
3819,Alexis,Collins,Mayotte,715.406.0536x627,ronaldharrison@example.org,2022-05-16
3820,Allen,Smith,Singapore,508.449.9924x96546,davidgraham@example.org,2021-01-28
3821,Julie,Tucker,Suriname,(670)523-9553x0895,tsmith@example.org,2023-01-07
3822,Caroline,Grant,Saint Martin,571-753-1102,perryjohn@example.org,2024-08-31
3823,David,Willis,Algeria,(521)448-4630x3980,josephbryant@example.net,2021-07-02
3824,William,Holmes,Cuba,4552052835,paulthompson@example.net,2023-11-05
3825,Alejandro,Moore,Kazakhstan,291-633-7962,ppotts@example.com,2025-02-02
3826,Anna,Lutz,Chile,3072759337,kaylagonzalez@example.org,2025-07-17
3827,Amy,Owens,Belgium,001-897-636-5531,rmorris@example.org,2022-09-29
3828,Gerald,Oneal,Malawi,(424)901-5965x267,lauriewilliams@example.org,2023-08-12
3829,Tammy,Olson,Qatar,315.569.3488,mullinsmichael@example.org,2025-10-14
3830,Diane,Snyder,San Marino,470.786.0548x8218,elizabeth01@example.com,2022-11-20
3831,Joseph,Robinson,Faroe Islands,001-833-501-0555x67073,kimberly26@example.com,2022-06-10
3832,Connor,Hayes,Gibraltar,+1-459-916-8565,christopherhoward@example.com,2022-08-27
3833,Laura,Walker,Netherlands,001-688-396-1864,csanders@example.org,2021-07-21
3834,John,Mitchell,Bangladesh,448.935.9980x39318,vincent56@example.com,2021-01-09
3835,Tracy,Marshall,Iceland,001-862-890-7364x42371,ymunoz@example.net,2023-03-16
3836,Tina,Carter,French Polynesia,001-647-469-4878x746,cory15@example.net,2022-01-21
3837,Tom,Mills,Yemen,001-408-910-6220,robertwilliams@example.org,2025-05-20
3838,Jamie,Hubbard,Mayotte,+1-614-972-6325x9995,brivera@example.org,2021-06-24
3839,Eugene,Gonzalez,Tuvalu,754-245-0027x31374,randy15@example.com,2025-08-20
3840,Carla,Holmes,Niue,001-570-280-5635x18646,shelbybarnes@example.net,2020-08-16
3841,Leslie,Hughes,Cyprus,291-658-8844x72271,dana96@example.com,2025-01-08
3842,Robert,Fitzgerald,Togo,001-445-755-3003,scott86@example.net,2023-08-11
3843,Stephanie,Howard,Andorra,001-821-732-4292x15704,grayamanda@example.org,2022-12-11
3844,Henry,Castro,Poland,001-990-653-8307x161,daniel58@example.net,2023-02-04
3845,Amanda,Cuevas,Sweden,+1-264-844-4854x421,kjones@example.net,2021-03-31
3846,Benjamin,Clay,Ireland,+1-698-788-0817x40615,wgentry@example.org,2025-07-17
3847,Kelsey,Herman,Israel,+1-239-668-3584x920,christine49@example.net,2026-01-05
3848,Michael,Cruz,Saint Kitts and Nevis,+1-697-985-5263,debra36@example.net,2025-04-27
3849,Peggy,Hernandez,Nigeria,001-875-266-7392x758,bolson@example.org,2020-07-25
3850,Christine,Bishop,Algeria,001-382-476-1401x7569,melissamata@example.com,2020-08-26
3851,Brian,Jones,Lesotho,+1-880-464-2495x1239,jonesjohn@example.com,2022-01-24
3852,Regina,Williams,Iceland,(450)448-3612x889,kirbysean@example.com,2023-09-26
3853,Molly,Deleon,Guinea,001-304-773-1287x8425,pagekerri@example.net,2023-10-28
3854,Regina,Gillespie,Iraq,969.603.9802x520,claycheryl@example.com,2025-01-14
3855,Jared,Roach,Dominica,(305)380-1510,drangel@example.org,2021-05-25
3856,Sydney,Hopkins,Ireland,2416956070,ricky72@example.net,2021-08-31
3857,Stephen,Wong,Georgia,001-297-821-5269x1622,timothy22@example.org,2022-02-26
3858,Johnathan,White,Canada,798-857-1212x16723,dgonzalez@example.net,2025-08-10
3859,Trevor,Herman,Greenland,805.986.6896x66639,dennis89@example.com,2020-03-20
3860,Steven,Keller,China,819.721.0177,michael27@example.net,2024-12-19
3861,Richard,Grant,Iceland,+1-924-826-6212x73653,yvonnepage@example.net,2022-07-19
3862,Valerie,Robinson,Spain,534.865.5189x100,peggy65@example.net,2025-05-28
3863,Reginald,Perez,Senegal,+1-479-788-6725x781,angela65@example.org,2025-04-02
3864,Jacqueline,Rosario,Kuwait,001-517-965-0158x7012,barrkaren@example.net,2020-12-26
3865,Jacqueline,Strong,Uzbekistan,001-205-615-1151x5853,april83@example.org,2021-10-09
3866,Brian,Durham,United States of America,001-476-977-3425x77541,batesaustin@example.net,2023-07-11
3867,Kenneth,King,Saint Kitts and Nevis,+1-807-517-3453x591,yjohnson@example.net,2024-03-18
3868,Jason,Watkins,Slovenia,001-280-860-5308x09044,michael65@example.org,2020-08-01
3869,Anne,Turner,Heard Island and McDonald Islands,745-898-3068,clarkjorge@example.com,2021-01-29
3870,Derrick,Francis,Dominican Republic,557.509.5504,xmolina@example.com,2020-04-16
3871,Catherine,Thomas,Ghana,(366)774-4975x151,droberts@example.com,2025-02-18
3872,Melanie,Murray,Barbados,3154296645,ibrady@example.com,2021-03-01
3873,Aaron,Stafford,Comoros,5518398293,smithcody@example.org,2023-01-31
3874,James,Ferguson,Macao,377.276.7765,victoriatran@example.com,2020-03-28
3875,Adriana,Harris,Guyana,+1-498-969-8616x2309,richard55@example.org,2023-08-14
3876,Craig,Wells,Estonia,+1-917-890-8482x93492,caldwellbrian@example.com,2020-06-10
3877,Michael,Diaz,Falkland Islands (Malvinas),001-565-603-9562,xmitchell@example.com,2023-08-30
3878,Kaitlyn,Stanley,Lithuania,(416)494-0058x604,tyler70@example.net,2020-10-25
3879,Christopher,Hubbard,Tuvalu,896-910-7530,thomasthompson@example.net,2022-07-26
3880,Raymond,Smith,Angola,537-944-1614x82698,georgescott@example.net,2025-03-05
3881,Kevin,Jones,Netherlands Antilles,794-671-8488x51052,morrissherry@example.com,2020-12-24
3882,Jimmy,Johnson,Taiwan,(886)800-7898x5973,melinda56@example.net,2020-06-19
3883,Jim,Taylor,Madagascar,9124572766,eileenjohns@example.net,2022-01-25
3884,James,Kelley,Bahrain,874-567-3520x35847,rwhite@example.org,2025-08-09
3885,Amanda,Pierce,Kyrgyz Republic,001-577-439-5907,rodriguezdaniel@example.com,2021-06-06
3886,Keith,Williams,American Samoa,001-619-841-7227x510,oparker@example.com,2021-02-01
3887,Melissa,Hart,Ireland,546-698-5086,gabrielmcdonald@example.org,2023-01-17
3888,John,Baker,Northern Mariana Islands,399.721.8312x555,wilsonrachel@example.com,2021-07-02
3889,Timothy,Alexander,Cuba,(338)994-6477,mthompson@example.org,2025-06-06
3890,Heather,Hamilton,Argentina,(717)952-8344,xdelacruz@example.com,2025-06-15
3891,Ashley,Perez,Georgia,(272)759-4554,vanessa59@example.com,2020-04-01
3892,Miguel,Carroll,Thailand,6912444177,qsmith@example.org,2021-08-15
3893,David,Sims,Albania,001-277-397-5977x1387,karen96@example.org,2022-12-02
3894,Crystal,Matthews,Thailand,(838)225-7962x472,julianterry@example.com,2023-02-08
3895,Alexander,Smith,Cayman Islands,5997423994,ubarajas@example.net,2022-12-13
3896,Jared,Gibbs,South Africa,530.976.7240x8652,uandrews@example.com,2021-04-03
3897,Veronica,Leblanc,United Kingdom,(549)514-8055x27183,andrewjohnson@example.org,2022-01-26
3898,Jeanette,Carter,Luxembourg,(847)548-2581x987,ehowell@example.net,2025-09-10
3899,Joseph,Williams,Cyprus,2765461465,qjones@example.org,2020-09-24
3900,April,Keller,Thailand,(509)320-1870x7996,ballandrew@example.com,2021-05-06
3901,Jodi,Gardner,Italy,9679504253,ashley58@example.net,2024-04-21
3902,Janice,Greer,Turks and Caicos Islands,+1-678-843-7392x58129,ashley14@example.org,2021-05-19
3903,Kimberly,Fletcher,Saint Pierre and Miquelon,633.262.7429,donnaarellano@example.net,2023-12-03
3904,Rachel,Poole,Sao Tome and Principe,804-587-3213,jesseatkins@example.com,2024-11-30
3905,Kendra,Knight,Turkey,697.455.3540x85235,cathy94@example.net,2025-08-06
3906,Gerald,Berry,Bouvet Island (Bouvetoya),(517)510-0752x119,gcraig@example.com,2020-02-13
3907,Jesse,Butler,Cape Verde,8338832569,mckeetiffany@example.net,2021-07-03
3908,Chad,Miller,Kiribati,+1-995-996-6415x902,wcollins@example.com,2022-06-22
3909,Justin,Coffey,Liberia,(931)834-7412x941,danielthomas@example.org,2022-04-09
3910,Julian,Smith,United Kingdom,760-873-5755x93248,dsmith@example.com,2020-07-14
3911,Joel,Ingram,Haiti,6203960847,michael00@example.net,2025-08-23
3912,Daniel,Clark,South Africa,(621)996-7699,cfernandez@example.com,2024-02-29
3913,Priscilla,May,Honduras,956.233.1626x55069,kevingraham@example.net,2023-04-10
3914,Chelsea,Ferguson,Moldova,2117375716,akim@example.com,2021-06-15
3915,Judith,Clarke,Uganda,(550)278-5798x693,crystalmarks@example.org,2024-04-05
3916,Heidi,Meadows,American Samoa,(652)819-4831,elizabethfrederick@example.net,2023-03-11
3917,Casey,West,Solomon Islands,7436713233,chelseyharvey@example.org,2023-07-30
3918,Steven,Perez,Belarus,001-815-580-7531x3371,lrose@example.org,2024-07-16
3919,John,Stone,Burundi,428-481-8768x50677,sarahardy@example.com,2024-08-14
3920,Harold,Richard,Costa Rica,298.874.2314x0918,scottgarcia@example.net,2023-12-25
3921,Michele,Spencer,Portugal,001-434-993-2708x80210,shernandez@example.com,2022-10-12
3922,Dawn,Burnett,Togo,001-958-552-7350,soliskenneth@example.org,2022-09-12
3923,Michael,Malone,Seychelles,(516)754-7968x0118,todd26@example.org,2024-07-01
3924,Brandon,Byrd,Estonia,(378)847-5441x2522,ballardrobert@example.com,2025-08-14
3925,David,Johnson,Uganda,001-875-325-6664,malonelaura@example.org,2023-04-19
3926,Richard,Phillips,Suriname,5573369017,chelsey89@example.org,2022-10-20
3927,James,Mitchell,Yemen,+1-227-650-8504x3413,millerstephanie@example.net,2022-02-12
3928,Eric,Wheeler,Qatar,(365)227-2134x36045,grantwilliam@example.net,2020-05-31
3929,Stephanie,Tran,Oman,(341)865-8020x5606,michaelwilliams@example.com,2020-09-21
3930,Emily,Sloan,Guatemala,001-381-376-0701x894,pbryant@example.org,2025-04-18
3931,John,Roy,Andorra,896.915.4247x09787,joelmitchell@example.org,2023-06-23
3932,Brittany,Long,Hungary,001-899-890-5552,joshuagarza@example.org,2025-05-27
3933,Amber,Martinez,Mali,584.927.5485x54799,orivera@example.com,2022-03-20
3934,Karen,Ward,Hong Kong,(615)568-2563,blake20@example.org,2025-01-31
3935,Debbie,Hammond,Azerbaijan,2656837088,suttonrobert@example.net,2024-05-17
3936,Sharon,Smith,Dominica,(833)307-7126,whitefrances@example.org,2025-11-12
3937,Megan,Pollard,Svalbard & Jan Mayen Islands,661.429.0247x68640,colejeffery@example.net,2022-05-09
3938,Kevin,Gentry,Honduras,(496)398-9065,ericbender@example.org,2025-09-10
3939,Bill,Hanson,Botswana,001-646-991-4019x36299,tracy32@example.com,2026-01-08
3940,David,Torres,Falkland Islands (Malvinas),+1-546-488-5038,ogordon@example.net,2024-01-22
3941,Becky,Day,United Kingdom,243.690.0498,jennalee@example.org,2024-05-31
3942,Kathleen,Smith,Guinea,(647)865-3327x14713,michellesalinas@example.org,2024-09-06
3943,Kelli,Sweeney,Bosnia and Herzegovina,+1-836-679-1646x7210,victoria75@example.net,2020-11-14
3944,Christina,Fernandez,Lao People's Democratic Republic,757.704.7603,etrevino@example.com,2023-06-18
3945,Tanya,Jones,Turkmenistan,001-338-890-7988x2746,teresa97@example.org,2024-07-14
3946,Kathleen,Burke,Latvia,533.337.4878x623,danielflowers@example.net,2025-04-29
3947,Anthony,Smith,Nicaragua,(734)345-4195x2700,lbrown@example.org,2020-03-30
3948,Ruth,Wiggins,Croatia,940.296.2430x11259,kristenallen@example.net,2020-11-19
3949,Amanda,Jensen,Indonesia,850.239.9075x8142,kaitlynward@example.org,2023-08-31
3950,Trevor,Parker,Tuvalu,7144563046,tharper@example.org,2023-05-09
3951,Christine,Lee,Moldova,001-943-347-2528x2125,lduffy@example.com,2024-08-12
3952,Joseph,Hayden,Israel,001-576-271-9148,kingcaitlin@example.org,2020-06-25
3953,Samantha,Patterson,British Virgin Islands,496-754-2847x717,cindymcconnell@example.org,2020-01-17
3954,Travis,Watkins,Luxembourg,001-966-883-8435x54218,rebecca60@example.org,2026-02-03
3955,Bradley,Young,Tokelau,871-717-9243x79243,martindominguez@example.com,2020-12-04
3956,Michael,Brown,Bermuda,+1-508-630-3091x48272,ywoods@example.org,2024-08-04
3957,Robert,Curtis,Gambia,001-286-520-2538x4625,copelandchad@example.com,2025-08-03
3958,Amanda,Wagner,Saint Lucia,498-528-4600,donaldtownsend@example.net,2024-04-21
3959,Francisco,Johnson,Anguilla,001-672-711-0421,brittney98@example.org,2024-04-12
3960,Shaun,Cannon,Saudi Arabia,+1-564-923-2483x82800,robinsonadrian@example.org,2026-01-14
3961,Robert,Kirby,Isle of Man,(401)231-4232x6457,katieanderson@example.net,2020-01-12
3962,Patrick,Ramirez,Guinea,(700)396-3753,melissalawrence@example.com,2021-09-20
3963,Richard,Stokes,Madagascar,001-951-426-6940,ashleyholland@example.org,2023-09-05
3964,Kyle,Evans,Guernsey,427.335.1088x0802,jennifer13@example.com,2023-12-26
3965,Ashley,Sanchez,French Guiana,839-353-8063x38721,frostdeborah@example.net,2020-10-24
3966,David,Hill,Anguilla,+1-866-424-5252,pellis@example.org,2021-02-20
3967,Katie,Jacobson,Tunisia,+1-332-523-8083x00336,brucemiller@example.net,2021-12-20
3968,Judy,Mays,Bangladesh,801.497.3404x20168,hollandamy@example.com,2025-03-06
3969,Robert,Perez,Moldova,794.237.3112,johnherman@example.net,2022-06-04
3970,Michael,Baker,India,658-736-0193,christybrown@example.org,2025-12-31
3971,Jessica,Fox,Brunei Darussalam,+1-528-813-2957x581,fwilson@example.net,2025-03-25
3972,Charlene,Jackson,Turkmenistan,701-895-9954x254,james89@example.com,2023-09-01
3973,James,Miller,British Virgin Islands,8286387462,allison91@example.com,2025-05-01
3974,Patrick,Stewart,Singapore,8206498567,natalie38@example.net,2022-02-21
3975,Richard,Warren,Vanuatu,001-457-665-7244x796,xmiddleton@example.net,2022-04-22
3976,Joseph,Miller,Portugal,001-269-552-4373,lcooke@example.org,2021-07-27
3977,Alyssa,Peters,San Marino,822-890-3085,harrisonkevin@example.com,2022-01-09
3978,Angela,Carter,Mozambique,(794)754-2344,hernandezalexis@example.com,2023-06-13
3979,Craig,Mcconnell,Hong Kong,815-307-5878x80738,wking@example.org,2022-02-23
3980,Robert,Patel,Belgium,973-668-8543x5711,owebb@example.org,2024-12-21
3981,Michael,Price,Poland,945-573-9384x44620,angela42@example.net,2026-01-27
3982,Melinda,Hill,Cape Verde,831.484.3929,sabrina24@example.org,2021-11-28
3983,Michael,Ellis,Antarctica (the territory South of 60 deg S),001-654-606-8427x64710,rhernandez@example.com,2023-04-30
3984,Lisa,Greer,Liberia,631-781-8351x37249,gstevenson@example.org,2023-02-09
3985,Donna,Barnes,Croatia,+1-440-780-9866x8880,jason59@example.com,2022-02-03
3986,Jonathan,Robinson,Ecuador,793.253.5288,brian35@example.net,2022-08-18
3987,Ernest,Morris,Senegal,977.624.7717,wheelerchristina@example.net,2024-06-10
3988,Anthony,Bowman,Sao Tome and Principe,487.546.2874,salazarjesse@example.net,2025-02-25
3989,Natalie,Davis,Gibraltar,+1-704-811-8714,diana61@example.com,2024-10-01
3990,Lisa,Brown,Romania,001-320-667-7138,brettcooper@example.com,2023-03-31
3991,Karen,Graham,Pitcairn Islands,(845)273-3089,catherine62@example.org,2021-01-02
3992,Michael,Espinoza,Nigeria,(219)279-3865,andrewcastro@example.net,2021-05-23
3993,John,Grant,Malaysia,222-635-0179x356,jesse78@example.net,2021-02-01
3994,Christina,Miller,Vietnam,5388664303,craigmiller@example.com,2021-12-17
3995,Shane,Jensen,Kiribati,4932298438,paynekenneth@example.net,2022-02-08
3996,Robert,Garcia,Panama,6072803524,kathleen26@example.net,2024-01-05
3997,Isaiah,Ingram,Monaco,845.463.6339,james45@example.net,2023-05-21
3998,David,Barker,Saint Pierre and Miquelon,749.700.2375x7327,lcortez@example.net,2020-10-21
3999,Patrick,Mills,Afghanistan,(624)672-3689x866,stephanieperez@example.com,2021-07-15
4000,Denise,Robbins,Myanmar,534-395-9135x9575,wrightpaul@example.net,2020-07-06
4001,Melissa,Tapia,Peru,359.580.9287,davistyler@example.com,2021-10-20
4002,Amy,Aguirre,Cayman Islands,(727)984-6044x00766,yedwards@example.org,2024-03-19
4003,Valerie,Andrews,Nauru,908-391-1498,kennedydavid@example.com,2020-04-29
4004,Karen,Barker,France,717-264-4891x26306,stephanie05@example.com,2021-12-12
4005,Lisa,Anderson,Lithuania,379-706-5550x52978,aguilaramber@example.org,2021-12-03
4006,Michael,Valdez,Colombia,001-281-530-4433x51917,don08@example.net,2020-06-25
4007,Gerald,Turner,North Macedonia,754.318.0576,nhicks@example.org,2023-10-09
4008,Pamela,Jordan,El Salvador,999-821-7368x421,johnsonanthony@example.org,2023-11-14
4009,Raymond,Brown,United Arab Emirates,362.366.9005,justin74@example.com,2025-04-27
4010,Tiffany,Gonzalez,Ukraine,(745)333-3376x3865,brittany45@example.org,2026-02-24
4011,Steven,James,South Africa,(994)796-7202x57955,iparsons@example.net,2022-09-30
4012,Michelle,Carroll,Guadeloupe,2652476333,garciarachael@example.com,2021-03-05
4013,Edward,Castillo,Latvia,+1-291-212-2973x9768,jhiggins@example.org,2025-06-28
4014,Jennifer,Good,Ethiopia,+1-671-396-7903x75765,robertgraham@example.com,2020-01-17
4015,Stephanie,Jackson,Belize,253-960-4607x016,edwardsdaniel@example.org,2025-06-13
4016,Jeffrey,Stevens,Singapore,(259)259-9574,william43@example.net,2022-07-21
4017,Amy,Noble,Singapore,629-525-5309x080,andrebryant@example.net,2021-10-02
4018,Tyler,Cohen,Guinea,(304)932-0005x864,carlos54@example.net,2022-01-16
4019,Cory,Galloway,Georgia,637-740-0137x00307,briananderson@example.com,2022-09-12
4020,Brandon,Ferguson,Belgium,+1-717-515-4770x301,bradley90@example.com,2020-09-01
4021,Lauren,Mcdonald,Wallis and Futuna,+1-313-343-0006,hodgecatherine@example.com,2020-04-23
4022,Johnathan,Cain,Kazakhstan,(593)623-7889x91170,dorothy02@example.com,2024-03-12
4023,Jermaine,Cole,Netherlands Antilles,+1-614-694-5308x22112,hhenderson@example.org,2025-06-07
4024,Megan,Soto,Togo,(491)451-4791x14805,bmassey@example.net,2024-09-15
4025,Kenneth,Austin,Belgium,+1-338-334-8324x97593,alvin53@example.org,2021-06-19
4026,Dana,Andrade,Tokelau,+1-895-434-8739x441,dennisking@example.com,2020-03-07
4027,Janet,Richardson,Saint Pierre and Miquelon,780-420-8966x415,pnelson@example.net,2025-12-27
4028,Victoria,Berger,United States of America,954.655.5138x47490,vincentlong@example.net,2020-09-13
4029,Michael,Cervantes,Antigua and Barbuda,+1-398-422-4133,robert94@example.org,2024-06-30
4030,Allen,Smith,Iran,001-889-483-2091x3569,douglas81@example.net,2022-12-24
4031,William,Bryant,Yemen,527-408-2035,johnsonclaire@example.net,2021-11-22
4032,Katherine,Griffith,Paraguay,943.391.9852,solisjennifer@example.org,2022-12-23
4033,William,Rogers,Ireland,996-278-1081,uwilliams@example.org,2021-05-23
4034,Christina,Rangel,United Arab Emirates,490-735-3533x42344,zjones@example.org,2025-02-23
4035,Jesus,Preston,Jersey,604.955.1066,gjones@example.org,2023-07-05
4036,Luis,Reyes,Spain,(371)519-8858,kweaver@example.org,2023-01-12
4037,Kim,Reilly,Cameroon,001-978-753-1317x980,cpugh@example.org,2023-08-05
4038,Heather,Mitchell,Saint Martin,738.936.0498x185,prodriguez@example.com,2026-01-24
4039,Ashley,Colon,Netherlands Antilles,796.883.9217x579,amy04@example.net,2021-09-12
4040,Kevin,Smith,Liberia,+1-504-612-7091x08583,ddavis@example.net,2021-09-03
4041,Bryan,Taylor,Ukraine,883.363.2388,tiffany58@example.org,2020-06-02
4042,Casey,Mason,Israel,385.561.5299,tracy41@example.com,2026-03-05
4043,Zoe,Hill,Thailand,(735)782-7029x34147,alexanderrogers@example.org,2026-02-16
4044,Megan,Case,Armenia,770.289.6527x45479,randall80@example.org,2024-05-16
4045,Laura,Lambert,Svalbard & Jan Mayen Islands,(205)821-3643x202,tgonzalez@example.com,2023-11-11
4046,Mary,Butler,Brunei Darussalam,394.794.1568,mathewsjoshua@example.net,2021-10-25
4047,Zachary,Hunt,Yemen,001-955-979-2719x633,kingtimothy@example.org,2023-05-25
4048,Andrew,Hendricks,Greenland,727.933.2720x1881,mjennings@example.net,2020-05-27
4049,Sherry,Powell,Zimbabwe,876-648-5420,jeffreymendez@example.net,2022-11-11
4050,Nicholas,Garcia,Indonesia,351-610-1973,penamelissa@example.org,2021-10-15
4051,David,Powers,Hungary,583-737-6479x9411,amy42@example.com,2025-05-27
4052,Gabriella,Alexander,United States of America,(275)606-0401,huffjeffery@example.com,2023-11-12
4053,James,Berger,Malta,+1-962-799-8520x311,deanna55@example.com,2025-06-07
4054,Kathryn,Moses,Equatorial Guinea,+1-512-299-2646x6556,lejason@example.com,2022-01-16
4055,Sharon,Ruiz,Burundi,001-838-496-5590x6248,hollydaniels@example.com,2023-04-23
4056,Julie,Rowland,Kiribati,001-849-935-3406x3732,jamesmcfarland@example.com,2024-12-04
4057,Abigail,Santiago,Macao,906-811-0184x56282,russelljacqueline@example.org,2023-02-25
4058,Christine,Ortega,Bulgaria,001-368-593-5586x81233,lauren62@example.org,2023-09-05
4059,Katie,Phelps,Cook Islands,(654)481-5885,thompsonmelissa@example.org,2025-03-31
4060,Lawrence,Cooke,Portugal,(836)352-7406x28993,butlerbenjamin@example.net,2021-11-27
4061,Devon,Rowe,Macao,200-307-4501,gatessherri@example.com,2023-04-28
4062,Kathryn,Hampton,Kyrgyz Republic,001-642-592-6784x91239,rebecca27@example.net,2024-10-05
4063,Cody,Edwards,Ethiopia,+1-655-478-7185x6857,leah71@example.net,2022-12-02
4064,Robert,Ruiz,Korea,311.649.3209,christine15@example.com,2025-03-30
4065,Joan,Porter,Norfolk Island,001-690-524-0112x803,danny85@example.com,2022-01-29
4066,Melissa,Frazier,Cuba,001-748-274-3536,amandasmith@example.com,2024-06-24
4067,Ashley,Pena,Mayotte,(906)399-5283x36127,thebert@example.com,2020-02-17
4068,Michael,Thompson,Pakistan,001-307-642-8761,robert72@example.net,2022-01-08
4069,Tyler,Morales,Portugal,001-792-328-9472x5684,bruce34@example.net,2020-02-21
4070,Michael,Garcia,New Zealand,5373978503,jeffrey06@example.org,2022-05-11
4071,Dawn,Ross,Iceland,208-448-7354,crystalrios@example.com,2024-10-09
4072,Tammy,Brown,Antarctica (the territory South of 60 deg S),803.638.7290,williamsrobert@example.com,2023-04-26
4073,Samuel,Hunter,Anguilla,815-237-3386x8455,tina04@example.com,2021-02-07
4074,Jerome,Greene,Pakistan,7593151578,bburton@example.org,2022-08-29
4075,Barbara,Walker,Lithuania,629-550-4836x03195,kendralane@example.org,2024-07-19
4076,Garrett,Garcia,Romania,(348)571-8459x2407,qtran@example.org,2025-04-24
4077,David,Welch,Montenegro,207.996.3384x752,brookesmith@example.net,2025-05-11
4078,Tina,Taylor,Kuwait,+1-790-629-8496,ddalton@example.org,2021-12-20
4079,Denise,Butler,New Zealand,318.809.2399,jamesnathaniel@example.org,2025-03-30
4080,John,Khan,Portugal,439-305-7344,sandrawolfe@example.org,2020-08-20
4081,Angela,Williams,Gambia,616.281.2168,loricontreras@example.net,2023-01-09
4082,Michelle,Valencia,French Polynesia,503.610.7202x00814,spencer41@example.net,2021-11-12
4083,John,Bowen,Malta,737-895-6354,david99@example.org,2023-10-17
4084,Tiffany,Flores,Norway,644-504-6034x4984,gilesbrandon@example.com,2023-11-14
4085,Mitchell,Kline,United States of America,788-545-9164,bpeterson@example.org,2021-09-29
4086,Tiffany,Moore,Cote d'Ivoire,(437)810-2838,princejose@example.net,2024-05-03
4087,Jon,Larsen,Saint Vincent and the Grenadines,242.895.6140,timothy93@example.com,2020-02-14
4088,Michael,Mcguire,Guernsey,001-333-780-8380,skerr@example.org,2022-08-26
4089,Angela,Martinez,Mongolia,256.526.2127x137,brendaelliott@example.org,2024-11-21
4090,Christopher,Lopez,Nicaragua,2564339823,randallleslie@example.org,2021-03-21
4091,Kimberly,Hahn,United States of America,203-538-6351,davisjacqueline@example.org,2023-11-26
4092,Elijah,Welch,Monaco,(763)653-3717,browningjamie@example.com,2023-09-20
4093,Jeanette,Romero,Turks and Caicos Islands,720-794-1088,mbrown@example.net,2024-02-02
4094,Christopher,Barr,Philippines,(319)591-5082x60351,isabella80@example.net,2024-05-15
4095,Ryan,Scott,Congo,+1-747-506-5336x891,uwarren@example.com,2024-12-02
4096,Kathleen,Evans,Palestinian Territory,(440)644-8569x81686,curtis26@example.com,2023-12-17
4097,Dustin,Pierce,Saint Helena,850-227-3573,josephkennedy@example.org,2020-09-02
4098,Christian,Maynard,Namibia,2355736621,acampbell@example.net,2025-07-09
4099,Tristan,Wilson,Guam,302.596.3641x61962,cunninghammarcia@example.org,2022-06-25
4100,Michael,Russell,Congo,411.665.4923x95618,timothybarr@example.com,2025-09-22
4101,Elizabeth,Long,Zambia,244.355.3334x715,cole01@example.net,2025-02-18
4102,Elaine,Hernandez,Sudan,831.565.8418,thomastroy@example.com,2022-02-10
4103,Christine,Gillespie,Christmas Island,551.756.4389x8371,brandon70@example.com,2020-07-30
4104,Allen,Warren,Philippines,806-581-8022x30000,alexmarks@example.com,2022-04-20
4105,Emily,Pena,Barbados,(628)633-5429x78284,lfry@example.net,2021-03-21
4106,Linda,Wu,Estonia,630-845-0489x622,rushdylan@example.org,2020-09-07
4107,Teresa,Kim,Thailand,309.394.1750,karencordova@example.net,2021-09-05
4108,Sydney,Wood,Rwanda,533-991-9599,geneeaton@example.com,2025-06-17
4109,Bradley,Griffith,Slovenia,572-269-0813x65484,nunderwood@example.net,2023-02-17
4110,Ashley,Jackson,Cayman Islands,(834)314-5425,samuel00@example.com,2023-06-09
4111,Robert,Reyes,Syrian Arab Republic,(689)703-0329x444,amolina@example.com,2020-03-12
4112,Erika,Dean,Grenada,931.530.2115x7912,hector17@example.com,2024-10-23
4113,Michael,Nelson,Cameroon,001-490-411-8804x5989,jessica79@example.org,2022-06-02
4114,Kenneth,Smith,Netherlands,(467)312-5233x7007,rgallagher@example.net,2021-04-17
4115,Christopher,Townsend,Cocos (Keeling) Islands,001-453-413-6810,jacksonjoshua@example.net,2024-12-09
4116,Sara,Fisher,Lao People's Democratic Republic,001-930-744-8409x34934,richardjimenez@example.org,2020-09-02
4117,Elizabeth,Baird,Somalia,367-370-1101x845,raymondwilliams@example.com,2024-10-11
4118,Douglas,Norris,Latvia,(381)928-3417x9554,vickie71@example.com,2022-05-10
4119,Cynthia,Mcclain,United Kingdom,611-344-8367x833,amanda56@example.com,2024-07-15
4120,Melissa,Simmons,Malta,599.844.8325x303,josephlloyd@example.org,2023-08-28
4121,Christina,Hayes,Mauritius,431-598-0185x8018,thomasmark@example.net,2024-11-07
4122,Raymond,Alvarez,Ireland,718-907-4996,jeffrey81@example.org,2025-08-26
4123,David,Rodriguez,Antarctica (the territory South of 60 deg S),7604157205,jhunt@example.org,2020-09-07
4124,Gary,Hart,Mali,(969)507-3857,crichards@example.org,2024-06-30
4125,Wendy,Rodriguez,Japan,001-394-895-0908,snydermonica@example.com,2022-06-19
4126,Jamie,Charles,Angola,329-424-6393,leesmith@example.net,2024-10-25
4127,Amy,Ray,Vietnam,9585872428,williamsashley@example.net,2021-02-23
4128,Donald,Perry,Israel,(566)203-2752x388,nancy39@example.net,2021-04-25
4129,Stephanie,Jordan,Marshall Islands,+1-219-410-2790x744,bryanmckinney@example.org,2020-12-09
4130,Justin,French,Egypt,001-817-379-7065x411,michael18@example.org,2020-04-16
4131,Kristen,Huerta,Belgium,001-682-255-0069x4622,mannmary@example.net,2023-02-03
4132,Brandon,Gomez,Russian Federation,001-868-417-9478x420,iscott@example.net,2022-10-07
4133,Andrea,Hughes,Myanmar,879.583.0865,gnolan@example.com,2020-10-25
4134,Katie,Castro,Paraguay,001-737-494-7977,royowen@example.net,2022-05-05
4135,James,Bailey,Turkey,+1-851-322-1231x3610,priceian@example.com,2024-01-26
4136,Kayla,Skinner,Tajikistan,+1-741-842-9845x99502,torrespaul@example.com,2022-04-20
4137,William,Collins,Brazil,+1-603-429-3193x0977,davidsonangela@example.org,2022-12-12
4138,Stephen,Jackson,Western Sahara,001-986-359-2950,lindseyking@example.net,2025-01-24
4139,Timothy,Velasquez,Canada,955-715-0067x902,matthew68@example.org,2020-05-14
4140,Ryan,Oliver,Equatorial Guinea,001-646-828-9948,jerryoliver@example.org,2025-12-19
4141,Kevin,Jones,Zambia,332.648.0362,paul76@example.net,2022-10-02
4142,Karina,Thompson,Mayotte,+1-541-932-1974x9185,claytonmatthew@example.com,2026-02-09
4143,Jennifer,Allen,Nigeria,948.720.0122x0518,rachaelmann@example.org,2022-05-27
4144,Charles,Frank,Guatemala,001-864-478-4834x482,costalaura@example.org,2020-04-22
4145,Michael,Valdez,South Africa,(294)208-9432x62705,molinavictoria@example.org,2022-05-24
4146,Donald,Young,United States of America,(208)868-5631x38679,llopez@example.com,2021-01-20
4147,Patrick,Watkins,Bosnia and Herzegovina,001-349-345-0737x1939,danielle55@example.net,2026-02-17
4148,Timothy,Peterson,Tokelau,(235)655-3704x7443,dawn89@example.com,2021-11-14
4149,Sarah,Doyle,Australia,(937)255-2895x78057,samuelmiller@example.net,2025-05-03
4150,Jennifer,Conway,Iraq,352.679.0435,lisahernandez@example.org,2024-07-30
4151,Keith,Armstrong,Martinique,(722)908-4044x5690,perryvelasquez@example.net,2023-08-25
4152,Diana,Smith,Yemen,(797)577-9903,dellis@example.com,2020-03-07
4153,Patrick,Lindsey,Switzerland,001-683-776-3747x3951,kentsara@example.net,2024-10-10
4154,Trevor,Macdonald,Botswana,5534937036,lindahale@example.org,2025-07-25
4155,Paul,Glover,Central African Republic,856-990-9808x002,ruben21@example.com,2023-06-11
4156,Christopher,Spencer,Timor-Leste,001-384-303-5802x0077,christopher56@example.org,2020-02-01
4157,Christopher,Fowler,Djibouti,7856779302,ytrujillo@example.com,2025-02-15
4158,Rebecca,Martin,Cook Islands,440.760.7458x5062,paullee@example.net,2024-01-07
4159,Angela,Harrison,Botswana,(322)787-4731,megansmith@example.com,2022-09-04
4160,Mary,Leon,Macao,001-492-870-4478,parksmikayla@example.org,2024-02-24
4161,Brittney,Wilcox,Palestinian Territory,873-989-8423x07985,haasjuan@example.net,2021-12-05
4162,Melissa,Robinson,Trinidad and Tobago,(401)513-6813x43567,stevenslindsay@example.org,2020-04-23
4163,Alicia,Thomas,Romania,241.690.9234,derrickturner@example.net,2024-10-26
4164,Emily,Rivera,Saudi Arabia,815-314-8598x44623,castrocassandra@example.org,2024-01-10
4165,Peter,Pennington,Honduras,(615)511-0828x82622,james36@example.net,2026-01-22
4166,Mark,Doyle,Northern Mariana Islands,915.690.0144x755,bellerin@example.net,2023-10-01
4167,Edwin,Reeves,Northern Mariana Islands,982-749-4004x468,sarah27@example.net,2025-09-12
4168,Emma,Allen,Russian Federation,(993)582-4080,hernandezamy@example.org,2022-10-15
4169,Jacob,Mccoy,Marshall Islands,(779)794-4365x7755,benjamin90@example.com,2023-03-10
4170,John,Wood,Dominican Republic,681.965.9070x29597,smithsamantha@example.net,2021-01-10
4171,Anna,Mercado,Belgium,582.492.9858,dana90@example.org,2020-09-15
4172,Andrew,Gutierrez,Saint Pierre and Miquelon,743-580-4385x48920,rachaeljames@example.com,2023-12-22
4173,Lisa,Rodriguez,Togo,+1-299-275-0509x7488,clifford89@example.org,2021-04-18
4174,Matthew,Mooney,Kenya,+1-453-349-0794x1484,sierra97@example.net,2023-12-07
4175,Robert,Cook,Liberia,206-363-7832,michellemalone@example.com,2022-11-28
4176,Jeremy,Curtis,India,+1-500-461-8297x4529,fletcherrebecca@example.org,2021-07-02
4177,Blake,Holloway,Tanzania,493-202-1858x5517,tristan48@example.org,2020-05-15
4178,Rebecca,Sharp,Central African Republic,759.776.9097,johnsonadam@example.com,2025-11-21
4179,Kathleen,Cervantes,Serbia,874.230.2422x600,steven72@example.org,2020-10-06
4180,Victoria,Chapman,Qatar,+1-777-967-7181,jillian18@example.org,2025-06-04
4181,Amanda,Gordon,Honduras,+1-244-824-1624x75371,hendersonbeth@example.org,2025-02-25
4182,Nicole,Carey,American Samoa,887.807.1437x91937,nhorn@example.org,2026-01-30
4183,Shirley,Roth,Hungary,813.744.7304x308,ljenkins@example.org,2021-04-11
4184,Kelsey,Erickson,Anguilla,708.312.0510,jamiebrown@example.net,2021-03-28
4185,Eric,Baker,Qatar,001-215-578-4155,danielle52@example.com,2024-02-11
4186,Chad,Scott,Thailand,463-882-1781,jasonhamilton@example.net,2024-12-28
4187,Mark,Butler,Japan,736.532.3167,bradleychristopher@example.com,2022-03-21
4188,Stephanie,Floyd,Pakistan,+1-681-883-9938x0166,sscott@example.net,2023-08-27
4189,Wendy,Garcia,Martinique,+1-873-827-6366,tgilbert@example.net,2021-12-10
4190,Mike,Escobar,Mauritius,(646)566-7988,knelson@example.net,2023-05-01
4191,Daniel,Murray,Reunion,457-652-5470x55989,fross@example.org,2022-01-01
4192,Dale,Barker,Reunion,9627278632,jchavez@example.org,2023-07-05
4193,Marco,Werner,Slovenia,4525131794,mathew84@example.com,2021-08-11
4194,Danielle,Li,Syrian Arab Republic,001-843-569-5291x0920,shellyhale@example.com,2025-12-08
4195,Johnny,Martinez,Falkland Islands (Malvinas),3565771784,thompsonjoshua@example.org,2021-08-05
4196,Samantha,Jones,Latvia,(791)310-8810,hernandezyvonne@example.org,2020-10-31
4197,Annette,Roach,Guinea-Bissau,(302)429-2899x088,scott39@example.com,2024-09-22
4198,Robert,Davis,Cambodia,001-706-954-9453,brucemax@example.com,2022-09-07
4199,Lisa,Kelly,Trinidad and Tobago,+1-227-606-4726x899,armstrongjon@example.org,2022-05-26
4200,Becky,Hernandez,India,(467)800-8301,plam@example.org,2025-07-26
4201,Jeremy,Wallace,Cuba,(203)589-8047,joshua40@example.com,2020-04-01
4202,Alisha,Clayton,British Indian Ocean Territory (Chagos Archipelago),5437938480,michellebarrett@example.com,2021-03-15
4203,Christine,Summers,Seychelles,414-506-2437,veronicamoore@example.org,2020-03-08
4204,Andrea,Davis,Albania,(602)481-9219x014,baileycatherine@example.net,2021-09-15
4205,Thomas,Shaw,Guernsey,(436)801-6271x733,brandy11@example.net,2021-10-27
4206,Steven,Gross,Pakistan,613.324.6437x98689,ifreeman@example.com,2023-04-21
4207,Lisa,Davis,Djibouti,903.576.5278,hannahhurley@example.net,2021-07-20
4208,Heather,Griffin,Palau,822-304-4545x0993,ssaunders@example.com,2025-05-13
4209,Nathan,Smith,Azerbaijan,858.522.2746,aimeelowe@example.com,2024-07-24
4210,Breanna,Petty,Norfolk Island,676.391.5787x71664,bwheeler@example.net,2023-05-17
4211,Douglas,White,Barbados,+1-333-872-0427x64075,clarknatalie@example.org,2023-02-04
4212,Bradley,Armstrong,Tuvalu,001-279-674-7992x87346,christinemartin@example.net,2024-12-25
4213,Diane,Ramos,Bolivia,835.931.7376,singhsharon@example.com,2024-08-28
4214,Timothy,Webb,Albania,933-483-1097x5469,johnsongail@example.org,2020-04-01
4215,Todd,Martinez,Tokelau,(404)455-2390x23985,melindagillespie@example.com,2024-02-28
4216,John,Ward,Bermuda,+1-537-786-7241x762,perrydunn@example.net,2024-01-31
4217,Deborah,Hernandez,Luxembourg,250.879.1494x84646,jimenezdylan@example.net,2024-12-30
4218,Matthew,Hughes,Djibouti,(417)364-7209,wujuan@example.com,2023-02-26
4219,Kimberly,Newton,Equatorial Guinea,+1-915-462-5170x3233,brent23@example.org,2020-07-09
4220,Kathleen,Smith,Chad,(325)564-9191,davislisa@example.com,2024-05-12
4221,Christina,Smith,Gabon,(502)723-1345,taylor13@example.org,2024-03-02
4222,Sergio,Martinez,Comoros,+1-916-835-7321x19208,douglas28@example.org,2024-06-15
4223,Monique,Kemp,Albania,+1-875-526-7144x237,kaitlynward@example.net,2020-08-14
4224,Tammy,Allen,Antarctica (the territory South of 60 deg S),371-543-0431,grantmatthew@example.com,2020-04-13
4225,Connie,Smith,San Marino,001-779-335-2917x5157,beckymoss@example.com,2025-03-03
4226,Jacqueline,Johnson,Monaco,4982263417,bbennett@example.com,2022-08-18
4227,Cynthia,James,Netherlands Antilles,559.322.9509x76749,ebyrd@example.com,2024-10-08
4228,Steven,Washington,Sierra Leone,867.522.4639,robingarcia@example.com,2024-03-13
4229,Kristen,Blake,Gambia,654.508.2168,jmcmahon@example.org,2021-04-29
4230,Patricia,Stephens,Cape Verde,+1-859-799-9708x203,sheena32@example.com,2024-06-29
4231,William,Garcia,Dominica,410-254-1047x739,andrewhobbs@example.org,2021-02-11
4232,Maria,Hunt,Georgia,655.570.8991x29420,stokesfelicia@example.com,2020-03-23
4233,Billy,Flores,Niue,+1-956-923-6237,howellnathan@example.org,2021-03-07
4234,Ian,Costa,Philippines,833-899-0941,howardkathryn@example.com,2023-01-18
4235,Kevin,Ray,Antigua and Barbuda,001-376-802-3820x159,brianawatson@example.com,2022-09-09
4236,Jerry,Bell,Iceland,(388)625-6016x887,ynewman@example.org,2023-06-28
4237,Diana,Huang,Czech Republic,734.924.7823,anthony58@example.org,2021-09-05
4238,Alejandro,Jones,Jordan,315-766-5025x8744,andrew19@example.net,2025-09-05
4239,Anna,Fuller,Israel,+1-326-807-8568,michelledawson@example.net,2024-09-06
4240,Mark,Hartman,Gabon,654.962.2448x83244,zgarner@example.org,2025-04-14
4241,Jason,Garcia,Bermuda,(316)825-6486x1514,stacey79@example.org,2025-01-20
4242,Damon,Bennett,Kazakhstan,001-512-678-0432,tommymedina@example.org,2025-06-16
4243,Jonathan,Ward,Greece,317-251-9281,cmorales@example.net,2023-03-18
4244,Maria,Blair,Turkey,279-931-8223x5068,sduncan@example.com,2025-07-27
4245,Christopher,Love,Macao,001-237-915-7753x8319,jamesjeffrey@example.org,2022-07-26
4246,Jennifer,Crawford,Canada,798-959-2972x1169,daniel91@example.net,2025-05-20
4247,Patrick,Moore,Congo,+1-381-783-6810x35422,scottaaron@example.net,2021-09-30
4248,Joshua,Cooper,Samoa,001-743-298-7681x318,shelby33@example.org,2021-10-08
4249,Joseph,Green,Taiwan,(336)558-2153,valdezlori@example.com,2025-10-03
4250,Maria,Burch,Panama,568.472.3959x55257,juanbarrett@example.org,2023-12-12
4251,Albert,Davis,Montserrat,(636)828-2699,xwalker@example.org,2025-11-29
4252,Dennis,Rodriguez,Malta,001-834-615-8602x56958,rosetaylor@example.net,2023-10-14
4253,Christopher,Brown,American Samoa,(975)408-3406,xtrujillo@example.net,2025-01-12
4254,Jeffrey,Kelly,Hungary,358-907-2419,ijohnson@example.com,2023-04-17
4255,Andrew,Webster,Grenada,+1-372-994-0120,houstonkimberly@example.org,2024-07-18
4256,Andrew,Jackson,Bhutan,001-967-243-4898x05794,edwardssamuel@example.net,2020-11-11
4257,Amy,Barnes,Spain,+1-676-640-7772x372,nicholas03@example.org,2023-05-18
4258,Jamie,Sandoval,Mozambique,001-319-766-0154x82743,jacqueline03@example.net,2020-03-07
4259,John,Mcmillan,Lithuania,339-241-8038x7389,gday@example.net,2021-09-15
4260,Christina,Munoz,Belize,001-922-818-0879,xwolfe@example.org,2025-09-28
4261,Adrienne,Bond,Cocos (Keeling) Islands,939-643-1097x1782,andrea86@example.net,2023-04-17
4262,Denise,Huffman,Serbia,990-468-1322,petersonmichelle@example.org,2025-11-07
4263,Steve,Hall,Norfolk Island,(962)569-6987x65769,johnmcdaniel@example.org,2023-02-06
4264,Mary,Vargas,El Salvador,231-235-3070,michelle29@example.net,2022-12-02
4265,Benjamin,Walter,Panama,4586484120,sellersmarco@example.org,2024-02-27
4266,Travis,Johnson,Israel,+1-253-416-9292x53794,anthonypatricia@example.net,2025-11-12
4267,Eric,Ward,Taiwan,5388893599,larry39@example.com,2022-02-03
4268,Billy,Yu,Botswana,268.307.6747x709,youngscott@example.org,2023-04-13
4269,Christopher,Guzman,Somalia,(578)621-4579x9373,kristen74@example.org,2024-01-08
4270,Patricia,Nguyen,Cape Verde,+1-681-924-8712,heather45@example.com,2023-09-02
4271,Breanna,Brown,French Guiana,(598)375-8614x8760,jacobhall@example.com,2023-03-10
4272,Nicholas,Nelson,Christmas Island,001-680-652-3857,lbaker@example.com,2020-09-27
4273,Anna,Powers,Latvia,772-313-7291x19952,jeremiahwebb@example.net,2021-10-15
4274,David,White,Angola,+1-797-418-3245x7122,andrewgarcia@example.net,2025-02-05
4275,Jo,Fox,Indonesia,749.585.2943,jasminevazquez@example.com,2023-12-22
4276,Ryan,Huff,Chad,001-908-593-0554x511,jamieduran@example.net,2021-08-10
4277,Martha,Pacheco,Antigua and Barbuda,(854)556-8182x19355,ginaibarra@example.net,2021-05-31
4278,Joseph,Mckee,Yemen,602.843.3140,john03@example.com,2020-08-29
4279,Christina,Lin,Cyprus,837.257.0520,scottderek@example.com,2024-02-29
4280,Timothy,Pitts,Mauritius,+1-524-362-8365x554,scottnicole@example.com,2023-03-02
4281,Madeline,Pruitt,Gambia,3756862758,karla39@example.org,2025-12-30
4282,Jermaine,Mayo,Nicaragua,345.857.4602,timothy60@example.org,2026-02-11
4283,Laura,Soto,Kiribati,266-924-0755x46108,alexiscollins@example.org,2023-07-31
4284,April,Avila,Mauritius,001-873-971-7755x73962,jackmorales@example.org,2023-11-18
4285,James,Hanson,Albania,+1-624-876-9260x70536,krista92@example.com,2022-10-02
4286,Ronald,Sexton,Chile,+1-950-853-9955x67219,jennifer63@example.org,2020-01-10
4287,Claire,Gibbs,Niue,+1-583-746-4517,matthewlong@example.com,2024-05-05
4288,Leonard,Hughes,Belgium,453-444-1503x93823,benjamingordon@example.net,2021-03-29
4289,Jared,Boyer,Guam,(810)534-2812x40552,kathleen51@example.com,2022-10-18
4290,Bruce,Huerta,Sierra Leone,(276)312-1259x69301,cgarza@example.com,2020-08-22
4291,Mark,Edwards,Slovenia,001-585-215-6228x58024,smithkathryn@example.net,2024-11-12
4292,Jason,Davis,Marshall Islands,001-248-492-6860x3043,ronniewilkins@example.com,2025-05-02
4293,Kelly,Smith,China,001-684-603-1389,kellythompson@example.org,2025-01-06
4294,Dustin,Woodward,Guinea,(332)759-7615x4639,lindafitzgerald@example.com,2022-01-17
4295,Monica,Smith,Gabon,+1-737-208-0464x29340,gberg@example.com,2021-01-07
4296,Zoe,Hudson,Bouvet Island (Bouvetoya),(785)736-5238,lewisjason@example.org,2021-05-16
4297,Pamela,Craig,South Africa,857.201.6626x6941,schultzsteven@example.net,2022-02-06
4298,Laura,Shepherd,Reunion,(996)437-7127,nguyenmaria@example.org,2020-10-30
4299,Renee,Garza,Timor-Leste,(989)557-5365x839,brandonreese@example.com,2022-05-04
4300,Julie,Diaz,Korea,(473)444-5139,ochoacassidy@example.net,2025-01-11
4301,Jeffrey,Martinez,Eritrea,(495)390-8739x02167,waynehuynh@example.com,2021-05-05
4302,Pamela,Kirk,Jamaica,739.608.7712x9445,kyleshelton@example.net,2025-02-14
4303,Lacey,Smith,Cook Islands,+1-582-679-2120,pamela59@example.org,2020-08-06
4304,Jenny,Smith,Korea,+1-283-834-4156x6595,lbailey@example.net,2023-09-05
4305,Donna,Fisher,Suriname,764-451-5730,jamesbarnett@example.org,2025-05-08
4306,Paula,Dougherty,Heard Island and McDonald Islands,711-783-3550,vriley@example.net,2020-05-14
4307,Rick,Sanchez,Argentina,941-804-0578x16265,ohughes@example.com,2024-01-24
4308,Cassandra,Johnson,Estonia,974-548-2704x2388,ehooper@example.org,2020-10-27
4309,Katherine,Perkins,Portugal,(331)842-4892x254,johncummings@example.net,2022-10-31
4310,Nicole,House,Barbados,961-953-1762x16446,oscarmendoza@example.org,2023-10-12
4311,Amanda,Diaz,Grenada,(925)694-3020x55765,heathermcdowell@example.com,2024-08-06
4312,Sara,Clark,Turkey,001-656-530-1423x87299,znunez@example.com,2020-04-14
4313,Matthew,Castro,Kiribati,+1-325-694-5997x4731,tmartinez@example.net,2021-04-12
4314,Lucas,Villarreal,Ireland,(532)865-8927x77153,stacy32@example.net,2024-12-26
4315,Robert,Matthews,Czech Republic,+1-410-521-9171x491,fordjoann@example.net,2021-07-31
4316,Jennifer,Turner,Benin,485.333.4872,wcrawford@example.org,2020-12-15
4317,Alexis,Hudson,Cote d'Ivoire,331.462.4069,ucruz@example.com,2021-01-11
4318,Jeffrey,Sanchez,Saint Martin,(772)659-2683x97761,jessicaflores@example.org,2020-11-03
4319,Alison,Logan,Togo,001-959-559-1154x002,debra19@example.com,2021-06-18
4320,Aaron,Warner,Dominica,(292)607-5222x44052,carlosmartin@example.org,2021-05-22
4321,Justin,Richardson,Burundi,4203461789,ericterry@example.org,2024-01-22
4322,Antonio,Hammond,Pitcairn Islands,(793)863-2110,kblack@example.net,2024-01-26
4323,James,Wilson,Turkey,526.291.9468x544,kmartinez@example.net,2024-07-03
4324,Heather,Robinson,Uganda,(625)768-5340x6658,zanderson@example.com,2020-10-17
4325,Justin,Klein,Libyan Arab Jamahiriya,001-648-765-2797x5114,katherinescott@example.net,2020-06-08
4326,Janice,Sawyer,Niger,555.675.1032x1172,hesterjessica@example.net,2022-08-04
4327,Jeffrey,Kelly,French Polynesia,785.347.2300x32768,ofisher@example.net,2021-03-10
4328,Benjamin,Baker,Haiti,(654)435-4438,clairemartinez@example.com,2022-01-31
4329,Crystal,Jones,Marshall Islands,227.654.8675x68421,kylewagner@example.com,2021-02-11
4330,Kimberly,Bautista,Czech Republic,(712)856-8261x4884,sandersernest@example.org,2023-03-24
4331,Jason,Hernandez,Bahrain,297.979.7263x15721,anthonyharris@example.net,2024-06-02
4332,Jill,Ray,Brazil,691-476-4665,garciadaniel@example.net,2022-10-24
4333,Alexandra,Barron,Czech Republic,001-209-764-7122,hernandezandrea@example.org,2023-08-25
4334,William,Payne,Bosnia and Herzegovina,626.390.1582,mstephens@example.com,2025-08-10
4335,Janice,Williams,Cyprus,(605)243-2388,spencerchristine@example.org,2024-08-24
4336,Jennifer,Rodriguez,Sierra Leone,686.804.2041,wendyoliver@example.net,2024-07-30
4337,James,Clarke,Suriname,+1-505-662-9397x668,wendy70@example.net,2022-03-09
4338,Charles,Fitzpatrick,Burundi,796-302-5072,jonathanjohnson@example.net,2020-12-14
4339,Darlene,Burgess,Anguilla,(588)736-7857,sheppardmichelle@example.net,2025-06-19
4340,Bryce,Jones,British Virgin Islands,(361)339-6068,wandagarner@example.com,2022-12-28
4341,Bobby,Francis,Algeria,(257)642-2680x489,richardsstephanie@example.com,2023-08-17
4342,Amber,Stone,Central African Republic,909-775-8771,patrick40@example.com,2021-11-13
4343,Luis,Wheeler,Venezuela,6554917950,thomas09@example.org,2025-02-01
4344,Danielle,Nichols,United Arab Emirates,(986)426-1240x6950,romerojames@example.net,2025-06-28
4345,Marisa,Lopez,Saudi Arabia,001-725-528-5835x50084,stewartjessica@example.net,2022-08-21
4346,Eugene,Howe,Barbados,001-660-899-8191x478,humphreybrian@example.org,2020-08-20
4347,Adam,Clark,Uzbekistan,+1-212-735-7254x077,travisdaniel@example.org,2024-12-15
4348,Barbara,Carpenter,Eritrea,997-501-9947x8648,llevine@example.org,2022-07-07
4349,Danielle,Ponce,Maldives,(712)572-8236,connormorales@example.net,2022-06-02
4350,Daniel,Keith,Bermuda,350.476.9902,sullivantravis@example.com,2023-12-30
4351,Laura,Jones,French Southern Territories,001-203-403-5538x82241,waltercook@example.net,2025-06-19
4352,Laurie,Hernandez,Papua New Guinea,293-659-9815x950,qrodriguez@example.com,2020-08-03
4353,Christie,Dean,Netherlands,257-961-4978x21247,xbird@example.net,2022-10-24
4354,Carrie,Johnson,Bosnia and Herzegovina,+1-535-344-4893x0791,schaeferjohn@example.com,2021-05-14
4355,Lauren,Walker,Azerbaijan,225.811.6455,hmoon@example.net,2020-10-25
4356,Ashley,Young,Philippines,403.300.9439,pierceabigail@example.net,2021-10-08
4357,Mark,Bennett,Heard Island and McDonald Islands,+1-691-724-6233,pdiaz@example.org,2023-09-05
4358,Ethan,Holland,South Georgia and the South Sandwich Islands,628-624-2615x438,kyliehaas@example.com,2020-10-10
4359,James,Lawrence,Sri Lanka,(613)865-8421,cjacobs@example.org,2024-11-29
4360,Linda,Knapp,Lithuania,001-710-797-0699x0042,wblack@example.com,2022-05-13
4361,Erica,Tran,Vanuatu,712-612-1250,sullivanvalerie@example.net,2022-09-10
4362,Ashley,Stewart,Germany,440.969.9411x84663,ysharp@example.org,2020-05-15
4363,Diane,Nelson,Netherlands,+1-962-990-9928,donald98@example.com,2021-08-15
4364,Jennifer,Schultz,Tajikistan,001-622-970-2277,reginaldmoyer@example.com,2020-03-06
4365,Nancy,Todd,New Zealand,+1-898-517-7838x105,johnmartin@example.org,2026-01-29
4366,Adam,Lopez,Argentina,+1-699-657-6050x971,pameladaniel@example.com,2022-02-19
4367,Rebecca,Green,Libyan Arab Jamahiriya,+1-902-330-0597x468,mhernandez@example.net,2025-05-01
4368,Matthew,Richard,Holy See (Vatican City State),001-274-723-8023x21335,smithalexis@example.net,2026-01-07
4369,David,King,New Caledonia,556.755.0004x012,staffordpaula@example.net,2024-04-14
4370,Michael,Rangel,Qatar,412-529-5787,patricia41@example.org,2024-12-07
4371,Lynn,Barrera,Cuba,001-223-950-2423x73214,elloyd@example.net,2022-07-04
4372,Tyler,Mcdaniel,Benin,936-462-1841,joenelson@example.com,2024-10-09
4373,Amanda,Lawson,Saint Helena,709-382-4672,ejohnson@example.org,2024-09-20
4374,William,Harvey,Malawi,9145724519,barbara45@example.net,2022-02-22
4375,Mary,Roberts,Somalia,+1-293-237-8077x21098,scollins@example.net,2021-08-28
4376,Tiffany,Graham,Albania,529.508.4866x7839,yparker@example.net,2024-06-14
4377,Aaron,Ortiz,Sweden,(437)294-2217x70841,tiffany78@example.net,2021-12-21
4378,Latoya,Holden,Cuba,268-582-7348x90929,rodgerssharon@example.com,2020-11-12
4379,Jason,Nielsen,Kuwait,+1-786-583-9490x6433,brownkenneth@example.org,2025-08-01
4380,Michael,Smith,Cocos (Keeling) Islands,+1-635-443-3296x57716,ynguyen@example.org,2022-12-29
4381,Albert,Macias,Bahamas,731.724.8866,hannahestes@example.com,2023-07-02
4382,Alexander,Wilson,Sweden,(303)201-4342x2152,dawnbauer@example.org,2022-11-27
4383,Angela,Davis,Cote d'Ivoire,+1-920-218-6708x767,ramireznicholas@example.org,2024-04-10
4384,Brian,Ortiz,Italy,488.824.2943,smallalbert@example.com,2025-02-11
4385,Melissa,Gray,Hong Kong,(484)463-0669,uroach@example.org,2020-03-17
4386,Lisa,Booth,Saint Martin,(712)567-6479x05562,hansennatalie@example.com,2023-07-08
4387,Joshua,Thomas,Heard Island and McDonald Islands,+1-497-209-6745x7316,ashleyhorton@example.org,2024-02-13
4388,Amanda,Olson,Panama,8329071226,taylorbrown@example.net,2023-01-27
4389,Glen,House,Somalia,001-415-849-0418,heathergonzalez@example.org,2022-01-18
4390,Jennifer,Lucas,Poland,6018504226,christopherharrison@example.net,2020-04-01
4391,Anthony,Bray,Liberia,001-339-757-9366x576,lisa16@example.com,2023-01-24
4392,Lance,Scott,Israel,815-812-6168x26382,jonathan05@example.org,2021-03-21
4393,Kristina,Bennett,France,001-398-337-6465x26377,mikemathews@example.net,2023-06-11
4394,Jerry,Rojas,Senegal,516-375-3076,angela31@example.org,2020-10-01
4395,Kirk,Roberson,Lao People's Democratic Republic,935.825.4546,jeromejones@example.net,2023-05-14
4396,Vanessa,Solomon,Saint Lucia,+1-634-975-6041x836,catherine95@example.org,2020-07-20
4397,Daniel,Cole,Maldives,+1-374-467-0375x286,mooreshannon@example.net,2023-09-24
4398,Jason,Brewer,Reunion,001-588-979-6186,hendersonebony@example.org,2023-11-26
4399,Diana,Banks,Comoros,430.653.1601x391,frank59@example.com,2022-08-27
4400,Meredith,Edwards,Palau,(229)219-3727,hahnbrian@example.org,2022-02-26
4401,Michael,Campos,Mexico,+1-917-784-0350,mary87@example.org,2022-11-05
4402,Gregory,Johnson,Czech Republic,(435)317-9941,chaneyrobert@example.net,2025-03-20
4403,Daniel,Goodwin,French Guiana,416-249-1912x096,brandongilbert@example.net,2025-07-30
4404,Sharon,Holmes,Gambia,(742)743-8261,jamesbowman@example.com,2021-10-28
4405,Christopher,Terry,Ethiopia,001-803-521-6948x52725,stewartcatherine@example.net,2025-07-25
4406,Katherine,Clark,Monaco,001-612-800-7995x832,zhernandez@example.net,2021-07-30
4407,Monica,Baker,Indonesia,(476)749-6652,michaellawrence@example.net,2022-02-01
4408,Robyn,Gomez,Argentina,771.528.7715x05504,scottjacob@example.net,2023-10-22
4409,Danielle,Johnson,North Macedonia,910.394.5785x3988,wsanchez@example.org,2020-01-02
4410,David,Wells,Russian Federation,(379)374-5251,walkerlauren@example.com,2023-03-18
4411,Kevin,Brown,Norfolk Island,434.683.8456,williamssarah@example.net,2021-08-28
4412,Tony,Young,Guatemala,738-330-6272,cooleypatrick@example.net,2021-09-01
4413,Jonathan,Chapman,Svalbard & Jan Mayen Islands,+1-569-639-1386x366,hannahgonzalez@example.org,2020-10-27
4414,Paige,Love,Niger,+1-525-700-9413,mmcintyre@example.com,2020-11-10
4415,David,Stokes,Panama,(396)336-8267x21358,william05@example.org,2022-08-02
4416,Nathaniel,Kennedy,Equatorial Guinea,001-250-896-8246x7867,ethornton@example.com,2024-07-11
4417,Caroline,Pierce,Gambia,998-287-7725,qquinn@example.org,2024-05-24
4418,James,Pitts,Heard Island and McDonald Islands,982-243-7844x61777,amandacline@example.net,2020-09-14
4419,Patrick,Carroll,Zimbabwe,+1-235-815-2240x0250,qroberts@example.org,2021-06-12
4420,Brian,Sanders,Pakistan,240-628-8556x052,jessicajohnson@example.org,2024-09-16
4421,Matthew,White,Sudan,282-431-3840x6275,mollyrogers@example.org,2025-06-17
4422,Kenneth,Wright,Wallis and Futuna,523-880-6831x99919,vmayer@example.com,2025-07-30
4423,Ashley,Richardson,Cameroon,292-241-3016,kenneth60@example.com,2023-11-29
4424,Angel,White,Sao Tome and Principe,736-322-4917x413,georgeconley@example.com,2021-06-27
4425,James,Shah,Burkina Faso,(608)499-3903,hamiltonjoseph@example.org,2025-12-26
4426,Wesley,Howard,Congo,001-696-527-9007x48497,christian50@example.org,2020-02-12
4427,Janice,Reynolds,Mayotte,2855757061,ryananderson@example.org,2025-01-13
4428,Patricia,Garcia,Mauritius,+1-563-543-5125x47349,xstark@example.com,2023-04-06
4429,Danielle,Lawson,Norfolk Island,925.591.9484,llopez@example.com,2025-11-08
4430,John,Castillo,Armenia,2443841119,laurahunt@example.com,2020-09-13
4431,Angela,Gomez,Cocos (Keeling) Islands,001-351-889-3769,hbray@example.com,2022-10-21
4432,Wayne,Davis,Burundi,513.687.5768x40604,patrick72@example.org,2023-10-21
4433,Hunter,Goodwin,Lithuania,2159324455,carlos34@example.net,2025-10-02
4434,Marcus,Wilson,Finland,331-541-3036x772,brandisullivan@example.net,2021-11-28
4435,Connor,Weaver,Svalbard & Jan Mayen Islands,849.691.5787,bryan63@example.net,2024-02-22
4436,Brian,Williams,Cuba,+1-208-500-1738x894,kelseymedina@example.com,2020-05-20
4437,James,King,Guyana,8234633481,thompsonamy@example.com,2024-05-23
4438,Pamela,Chase,Suriname,371-940-0935,dlucas@example.com,2024-04-06
4439,Ricardo,Burnett,Saint Barthelemy,(976)675-0143,cortezjohn@example.net,2021-08-23
4440,Stephanie,Hamilton,Equatorial Guinea,001-946-562-4287x762,colemandana@example.com,2020-06-01
4441,Tony,Lewis,Switzerland,(235)807-7105,uhernandez@example.org,2024-07-29
4442,Jason,Sanford,Bahrain,582.868.4100,millsjennifer@example.com,2025-07-06
4443,Amanda,Abbott,British Virgin Islands,+1-224-563-3089x75184,charlesthompson@example.net,2022-11-11
4444,Steven,Taylor,Guadeloupe,(721)836-0336x67799,barberkatherine@example.org,2025-04-20
4445,Rachael,King,Niger,+1-309-365-9076,rcarlson@example.com,2022-01-16
4446,Daniel,Case,Tuvalu,+1-637-451-9579,cristinamcgee@example.com,2020-06-15
4447,Roberto,Washington,Jersey,001-891-815-8324x96464,gthomas@example.org,2020-02-13
4448,Natalie,Thompson,Korea,500.859.9457,nathan48@example.net,2021-05-16
4449,Michael,Farrell,Slovenia,(234)617-9568,eric41@example.com,2024-09-25
4450,Joshua,Mendez,Switzerland,944-313-0038x123,aprilgalvan@example.com,2025-04-19
4451,Sergio,Price,Uruguay,645-202-7969x4993,cynthia05@example.org,2022-09-10
4452,Julie,Garcia,Mali,(606)405-6463,petersonjustin@example.net,2021-11-10
4453,David,Morris,Singapore,(540)890-7803x798,cynthia82@example.net,2024-10-24
4454,Lori,Conway,United States Virgin Islands,001-366-555-0735x5421,michellebarton@example.com,2026-01-26
4455,Cynthia,Hernandez,Saint Vincent and the Grenadines,(569)851-8091x046,robertdonovan@example.org,2024-10-21
4456,Matthew,Johnson,Albania,+1-927-958-8689,john86@example.net,2025-07-28
4457,Matthew,Boone,Cuba,397-626-8175x82236,tramos@example.net,2022-09-24
4458,Brenda,Shields,India,4003791045,ronaldfigueroa@example.com,2025-09-30
4459,Sheila,Jackson,Kiribati,+1-487-333-9301x5699,smartinez@example.net,2026-03-02
4460,Andrew,Williams,Korea,001-616-462-4734x31133,dmitchell@example.net,2023-01-08
4461,Kathleen,Robinson,Guyana,2516171255,pdean@example.org,2020-07-27
4462,Zachary,Taylor,Libyan Arab Jamahiriya,5835865944,rosarioamy@example.net,2026-01-11
4463,Melissa,Bryant,Senegal,001-666-314-8984x9162,david17@example.org,2020-06-23
4464,Heather,Morris,Romania,(763)436-7013,jonathanlopez@example.net,2022-07-14
4465,Hector,Wheeler,Philippines,426-313-1158x8297,amygallegos@example.com,2025-06-08
4466,Stefanie,Hall,Vietnam,(234)927-7557x756,danielle34@example.com,2020-09-05
4467,Jessica,Williams,Bulgaria,(453)707-7060x55513,bryantdennis@example.com,2024-01-04
4468,Cody,Holmes,Fiji,+1-657-553-8847x6310,mcmahondavid@example.org,2021-09-19
4469,Monica,Weaver,Macao,504.522.3795,chansen@example.org,2025-09-08
4470,Michael,Ross,Saint Pierre and Miquelon,601.328.7844,austin86@example.net,2023-01-15
4471,Tina,Williams,Armenia,001-539-968-9423,carolyn35@example.com,2025-11-28
4472,Ryan,Anthony,Jamaica,5052689628,lfranklin@example.com,2020-07-12
4473,Cameron,Henson,Tanzania,4103846865,jason58@example.org,2025-10-18
4474,Suzanne,Bean,Netherlands,(979)868-1990x6681,william57@example.com,2021-09-25
4475,Larry,Mcpherson,Romania,462-267-6567,greentamara@example.org,2025-11-13
4476,Bernard,Patterson,Azerbaijan,(230)869-5430x5149,johnsmith@example.com,2022-03-30
4477,Thomas,Griffin,Senegal,+1-696-531-0297x301,patricia81@example.net,2021-01-12
4478,Jeff,Patrick,Gambia,3945533266,ronaldball@example.net,2024-08-18
4479,Clayton,Lucas,Canada,603-292-0620x57640,gabriel21@example.org,2020-09-09
4480,Erica,Lee,Saint Barthelemy,+1-748-549-7717,torresjesse@example.com,2024-11-15
4481,Brian,Cowan,Nicaragua,(488)290-4175x3117,kevin16@example.org,2021-10-03
4482,Brenda,Thomas,Uzbekistan,834.275.3080x5154,sbrown@example.net,2026-01-24
4483,Nathaniel,Thomas,Western Sahara,+1-333-641-5449x0493,coledebra@example.net,2020-02-15
4484,Jaclyn,Thomas,Puerto Rico,518-945-9887,vaughanrobert@example.com,2024-03-13
4485,Karen,Price,Bolivia,(478)472-6200,dmoore@example.com,2020-08-09
4486,Sherry,Dean,Cambodia,+1-859-734-1360x75116,hpatton@example.org,2025-12-01
4487,Alexis,Moreno,San Marino,726-306-9931x18918,maryschroeder@example.org,2020-01-30
4488,James,Solomon,Pakistan,001-466-733-4829x2084,williamcooper@example.com,2026-01-02
4489,Jordan,Howell,Cocos (Keeling) Islands,+1-724-785-1881x51442,benjaminmontes@example.net,2023-09-18
4490,Joyce,Holmes,Belgium,001-897-259-5947x817,millerdana@example.net,2023-04-10
4491,Edward,Nunez,Malta,408-272-9558,esolis@example.net,2023-06-17
4492,Justin,Cohen,Tonga,524.385.7531x4541,toconnor@example.org,2024-05-04
4493,Colin,Martinez,Falkland Islands (Malvinas),(249)920-9829x977,vfrey@example.org,2022-07-10
4494,David,Gallegos,Turkmenistan,684.371.0875x5516,carlos31@example.com,2025-08-26
4495,Cynthia,Everett,Guernsey,(576)210-1985,coreygalloway@example.org,2020-09-13
4496,William,Obrien,Isle of Man,774-803-6038x95418,markwalters@example.com,2021-05-03
4497,Yvonne,Mcguire,Kuwait,3304316895,markbell@example.org,2021-09-23
4498,Sean,Vaughn,Saudi Arabia,222.978.3971,katherinechapman@example.net,2024-07-27
4499,Monique,Henson,Kuwait,702.965.9793x62441,keyjohn@example.com,2025-09-02
4500,Melissa,Green,Tanzania,(669)698-1188,jlozano@example.com,2020-03-24
4501,Kyle,Allen,Indonesia,591.544.5442x5008,oblair@example.net,2024-08-05
4502,Amy,Conley,Equatorial Guinea,+1-556-508-1097x08445,michaelrobinson@example.org,2020-04-27
4503,Jeffery,Brown,Equatorial Guinea,3169173422,tchapman@example.net,2020-05-09
4504,Kristen,Duke,Liechtenstein,403-345-5121x87124,mackenziecollins@example.org,2025-11-26
4505,Robert,Beasley,Honduras,(277)552-6560x8915,emilyjackson@example.net,2023-10-21
4506,Wesley,Smith,India,(913)422-6761,christophersmith@example.net,2024-02-24
4507,Tara,Long,Swaziland,230.223.4710,meghan79@example.com,2023-07-06
4508,Alexandra,Larson,Monaco,001-536-360-5860x68978,esmith@example.net,2023-12-04
4509,Duane,Lee,Jamaica,001-634-618-2453x745,bridget50@example.org,2022-08-06
4510,Robin,Pitts,Montserrat,+1-414-414-5086x396,ovilla@example.net,2022-06-18
4511,Mark,Hernandez,Cambodia,362-368-6982,kimberlygomez@example.com,2023-02-24
4512,Kaitlyn,Phillips,Singapore,+1-512-608-4153x65281,shannon73@example.com,2020-02-02
4513,Thomas,Richards,Gabon,745.935.1966,pgriffith@example.org,2025-08-27
4514,Erica,Lee,Algeria,293.429.8458x96992,cristianneal@example.org,2021-05-06
4515,Karen,Huffman,Nepal,(690)401-4549x37838,robinsonjohnathan@example.net,2024-08-04
4516,Kimberly,Bowers,Austria,230-542-2189,williamsmariah@example.org,2020-11-15
4517,Jonathan,Mitchell,Tonga,866.235.3140,ingramlaura@example.org,2024-08-18
4518,Terri,Kennedy,Guernsey,986.713.1768x6933,kennethnewman@example.org,2024-02-25
4519,Tiffany,Adams,Netherlands,001-345-621-1285x3076,pbrown@example.net,2021-10-06
4520,Matthew,Fernandez,Solomon Islands,517-480-0643x0024,klogan@example.org,2025-08-26
4521,Kayla,Casey,Venezuela,864.304.1903,jacquelinewashington@example.org,2021-01-09
4522,Mary,Adams,Equatorial Guinea,+1-861-478-0302x03181,lisamartin@example.net,2022-07-14
4523,Molly,Reed,Palestinian Territory,+1-940-732-7376x192,cunninghamnicole@example.org,2020-01-12
4524,Joan,Rodriguez,Thailand,(520)501-9460,gmyers@example.org,2022-12-08
4525,Brenda,Green,Mayotte,001-572-318-7013x60192,jacobnguyen@example.com,2024-02-04
4526,Anthony,Turner,Malawi,846-742-4609,fjacobson@example.net,2022-03-31
4527,Laura,Landry,Guinea-Bissau,(990)239-3727x219,melissamiller@example.com,2020-08-25
4528,Michael,Walker,Uruguay,(975)311-1241x5393,stephanie10@example.org,2024-06-29
4529,Kathryn,Stafford,Namibia,351-759-2813x565,cassandrahoffman@example.com,2024-05-07
4530,James,Olson,Ukraine,001-383-756-8941,warddouglas@example.net,2020-05-19
4531,Jennifer,Blair,Mauritius,+1-446-528-0376x2115,david74@example.net,2023-09-14
4532,Stephanie,Hernandez,Sudan,(851)955-3223x801,ugarcia@example.org,2025-08-28
4533,David,Keller,Uzbekistan,919.230.7333,brittany50@example.net,2023-09-02
4534,George,Fisher,United States Minor Outlying Islands,+1-671-300-6150x072,bcallahan@example.org,2025-03-14
4535,Allison,Brewer,Guinea-Bissau,001-350-979-8929x0958,mperez@example.org,2021-04-25
4536,Maurice,Thompson,Nigeria,9989501312,kellywilson@example.com,2025-05-06
4537,Scott,Larson,Nigeria,470-735-9602x185,reedmelanie@example.net,2024-03-07
4538,Annette,Gilmore,Belarus,(613)800-8677,martinezamanda@example.org,2025-04-01
4539,Sabrina,Rasmussen,Greenland,+1-274-601-3040x108,douglasortiz@example.org,2024-04-28
4540,Andrew,Rivera,Croatia,+1-851-391-6862x961,melissastevens@example.com,2024-01-12
4541,Carol,Smith,Bolivia,+1-916-355-1657x369,vrobles@example.org,2020-09-03
4542,Brittany,Williams,Malawi,+1-744-312-2690x786,icrawford@example.net,2020-02-22
4543,Joseph,Roberts,Saint Helena,+1-387-688-5312x69664,wyatt65@example.net,2020-12-12
4544,Kathleen,Evans,Uruguay,(579)772-6972,adamlang@example.net,2024-10-05
4545,Melinda,Bowman,Panama,+1-312-232-9646x1685,mguerrero@example.com,2025-01-18
4546,William,Kelly,China,001-926-758-9655x136,jonathanespinoza@example.com,2025-10-05
4547,Laura,Davis,Ghana,+1-612-791-6295x948,margaret74@example.com,2020-04-06
4548,Dawn,Hunt,Jersey,(419)868-4010,ojackson@example.net,2020-09-22
4549,Frances,Pope,Mozambique,+1-386-352-3195x4442,tjohnson@example.org,2025-11-29
4550,Anita,Oconnell,Christmas Island,5803985431,jodirodriguez@example.org,2024-01-14
4551,Anthony,Anderson,Andorra,906.773.0382x32853,robertjohnson@example.net,2021-01-26
4552,Patricia,Ward,Nauru,7528841097,elizabeth09@example.org,2024-04-21
4553,Michelle,Sullivan,Kazakhstan,(620)452-0343,robert31@example.com,2022-03-23
4554,Thomas,Reyes,Gabon,+1-901-840-7903,rachel26@example.net,2020-04-14
4555,Olivia,Taylor,Liberia,+1-927-850-7125x1129,mcdonaldchristian@example.com,2024-03-03
4556,Troy,Bryant,Bosnia and Herzegovina,(884)306-0721x8274,whiteregina@example.net,2023-09-12
4557,Brittany,Jackson,Sweden,3719741113,andrewwarner@example.net,2026-02-26
4558,Jennifer,Martin,Qatar,(806)933-3619x2390,ncastillo@example.com,2025-06-06
4559,David,Banks,Ecuador,930.907.8484x211,sabrinawaters@example.net,2020-03-19
4560,Mary,Richardson,Austria,906.344.1085,doylevalerie@example.org,2024-09-16
4561,Benjamin,Sanchez,Dominica,001-656-347-0662x258,williamsclayton@example.org,2022-09-16
4562,Timothy,Rivera,Argentina,786-828-5075,nicholasrios@example.net,2025-04-18
4563,Charles,Serrano,China,9923859629,howard25@example.org,2020-06-26
4564,Jessica,Norris,Portugal,330.862.7952x2735,luis25@example.org,2024-12-12
4565,Rebecca,Bauer,Denmark,829-296-7662,james60@example.com,2024-07-02
4566,Donna,Rosales,Cyprus,(246)468-8934,jessicaharris@example.net,2024-10-13
4567,Travis,Knight,Myanmar,+1-876-200-5691,lisa38@example.org,2024-07-23
4568,Connie,Young,Seychelles,673-869-0494x3671,tara77@example.com,2021-04-28
4569,Sabrina,Rodriguez,Syrian Arab Republic,+1-507-601-0022x7592,morganrocha@example.com,2022-06-14
4570,Heidi,Anderson,Bahrain,572-836-5227x2590,jasonpaul@example.com,2025-03-03
4571,Kyle,Lopez,Palestinian Territory,(922)228-4397,fosteradrienne@example.com,2024-04-17
4572,Alexander,Garner,Falkland Islands (Malvinas),7583143741,powellcourtney@example.com,2024-06-15
4573,Christopher,Williams,Somalia,577-257-6034x948,alexander86@example.com,2024-04-27
4574,Mary,Rivera,Belize,+1-490-394-1046x9606,veleztina@example.net,2022-06-06
4575,Linda,Delacruz,Chad,001-782-723-6779x4909,mrodriguez@example.net,2023-10-20
4576,Stephanie,Frost,Anguilla,709-284-6113,kristin39@example.org,2024-05-16
4577,Jasmine,Edwards,Brunei Darussalam,(643)697-9058x710,janet59@example.org,2024-09-30
4578,Claire,Spencer,Germany,(816)909-0751x8305,amy42@example.net,2020-01-19
4579,Lisa,Mcbride,Germany,(803)763-9812,karenfloyd@example.net,2024-10-22
4580,Joshua,Norman,Equatorial Guinea,3004110532,vwells@example.net,2025-06-24
4581,Rebecca,Thompson,Moldova,661-470-9574x54811,lowesharon@example.net,2023-03-27
4582,Marcia,Allison,Moldova,+1-750-372-3073,aliciaharrington@example.net,2021-10-03
4583,Nancy,Cortez,Liberia,794.581.8304x0165,halejoshua@example.com,2022-03-12
4584,David,Ewing,Dominican Republic,+1-997-590-2475x3163,baileyalexis@example.org,2021-01-17
4585,Gerald,Neal,Martinique,856.897.5762,icordova@example.net,2023-12-03
4586,Grant,Gonzales,Vietnam,001-680-226-0795x2025,laurapreston@example.net,2021-01-31
4587,James,Davis,Bolivia,001-451-977-1952x981,jocelyn00@example.org,2020-10-29
4588,Bryan,Smith,Reunion,3812087614,tpierce@example.net,2025-09-22
4589,Aaron,Mills,American Samoa,223.262.1095x02119,aalexander@example.org,2020-06-28
4590,Joshua,Jones,Tonga,204.799.6113x764,zgomez@example.org,2025-04-06
4591,Luke,Nolan,Luxembourg,4064843236,charris@example.com,2020-10-28
4592,Alyssa,Parsons,Bosnia and Herzegovina,001-264-335-0586x69819,erinbrown@example.com,2021-09-20
4593,Lisa,Thompson,Chile,+1-588-720-4622x080,tnorton@example.com,2022-07-19
4594,Kristin,Moreno,Aruba,826.946.6012,yferguson@example.com,2026-02-12
4595,Bailey,Hines,Ecuador,001-979-516-8630,bryanjasmine@example.net,2025-05-05
4596,Angela,Fields,Tuvalu,001-556-511-1467x70405,fmorris@example.com,2021-05-20
4597,Alexander,Hall,Papua New Guinea,249-842-4481x496,garciaeric@example.org,2020-01-26
4598,Sergio,Walton,Latvia,(464)725-7532,wandahughes@example.com,2024-05-05
4599,Cassidy,Clark,Guam,871-898-3480,stephen70@example.net,2022-04-19
4600,Erin,Marshall,Qatar,786.690.4269x149,donnakemp@example.org,2021-09-13
4601,Bobby,Murphy,Angola,254.533.0311x147,jennifer08@example.com,2021-06-19
4602,Cathy,Meyers,Lao People's Democratic Republic,509.290.5830x733,ysmith@example.net,2024-09-09
4603,Sarah,Williamson,Saint Helena,(818)924-5970,jessicaacosta@example.net,2026-01-28
4604,Emily,Everett,United Arab Emirates,859.556.5021x403,regina30@example.net,2020-04-28
4605,Hunter,Wilson,Liechtenstein,001-407-785-6594x39128,tgilbert@example.org,2020-03-27
4606,Sarah,Thomas,Haiti,9098038340,dixonpaul@example.org,2023-09-09
4607,Misty,Parker,Jamaica,(382)501-1431x5561,emma03@example.net,2021-01-08
4608,Amber,Jones,Slovakia (Slovak Republic),001-937-903-8752x60038,reyesricardo@example.com,2025-08-19
4609,Jason,Spears,Jamaica,353.788.0785x492,lindsey52@example.org,2025-08-12
4610,Eric,Robinson,Faroe Islands,001-568-462-1026x347,hriggs@example.org,2023-01-22
4611,Amanda,Green,Botswana,334.272.9878,ramseyoscar@example.org,2024-06-08
4612,Sarah,Wilson,Netherlands Antilles,001-405-343-1197x34977,nicole65@example.com,2023-12-23
4613,Katelyn,Burns,Norfolk Island,475-942-0360x17309,sandra12@example.net,2024-08-29
4614,Claudia,Shaw,Philippines,426.762.3137x458,gnelson@example.net,2020-07-04
4615,Angela,Shaw,Colombia,606.426.9510x7323,fferguson@example.com,2021-01-02
4616,Michelle,Liu,Northern Mariana Islands,216-355-2134x16138,michael64@example.org,2026-03-09
4617,Tanya,Hoffman,Croatia,555.901.4869x8506,tyronemitchell@example.org,2026-02-14
4618,Brian,Mcdonald,Sierra Leone,001-858-824-0617x466,patrickkline@example.org,2020-05-10
4619,William,Campbell,Belarus,(599)735-1803,ahampton@example.net,2021-06-24
4620,David,Moss,Thailand,(797)655-4901,john94@example.org,2024-04-27
4621,Carrie,Jackson,Lesotho,984-427-9200x9751,hamiltongeorge@example.org,2025-04-06
4622,Brian,Barton,New Caledonia,+1-453-224-5599x6259,gking@example.net,2021-12-12
4623,Kathryn,Rios,Central African Republic,(851)813-9896x6674,kenneth12@example.org,2024-06-07
4624,Dana,Bernard,Maldives,3322931612,liusean@example.net,2023-07-23
4625,Frances,Estrada,Comoros,(773)827-4033x16675,mark40@example.com,2026-01-12
4626,Tyler,Palmer,Tanzania,431.228.4637x06979,moniquemitchell@example.net,2024-07-21
4627,Shannon,Thomas,United States of America,(592)235-0130x93837,wallaceashley@example.org,2020-08-20
4628,Dominic,Scott,Switzerland,7483576264,fraziernicole@example.org,2020-02-24
4629,Jennifer,Miles,India,001-271-728-0828x768,lauren81@example.com,2021-02-22
4630,Scott,Sims,Guyana,3295861191,nsanchez@example.net,2022-04-10
4631,Evan,Hester,Belize,001-331-261-7311x5660,rtucker@example.com,2021-02-20
4632,Jimmy,Lopez,South Georgia and the South Sandwich Islands,+1-574-278-6385x06281,eflores@example.com,2020-10-17
4633,Christopher,Sanders,Norfolk Island,(723)980-9020,ianarnold@example.net,2022-12-17
4634,James,Vasquez,Equatorial Guinea,(567)255-7402x3212,sharongarcia@example.net,2021-11-02
4635,Christopher,Ward,Honduras,541-598-5802x111,jenniferjohnson@example.org,2021-08-01
4636,Terrance,Lewis,Heard Island and McDonald Islands,4958265031,tuckervictoria@example.org,2024-01-12
4637,Jennifer,Green,Thailand,5203901761,diana92@example.com,2020-06-20
4638,Nathan,Gray,Gibraltar,851.620.1825x8503,millerjoshua@example.com,2025-04-20
4639,Ethan,Miller,Niger,(990)310-3119,steven21@example.org,2022-07-09
4640,Matthew,English,Eritrea,288-691-4414x303,willie94@example.net,2022-02-26
4641,Mary,Jones,Northern Mariana Islands,+1-302-723-2440x220,alexander64@example.com,2021-06-03
4642,Isabel,David,Saudi Arabia,270.434.1715,lanejulia@example.net,2021-11-01
4643,James,Anthony,Czech Republic,001-470-762-7866x81091,jose07@example.net,2025-09-11
4644,Randy,Anderson,Samoa,(775)568-0518x340,taylorblake@example.net,2021-04-25
4645,Steven,Burke,Mozambique,495.477.8818x155,gregorymyers@example.net,2025-04-14
4646,Melissa,Bradshaw,Brunei Darussalam,224.519.4952,bglenn@example.org,2022-08-28
4647,Brian,Martinez,Tanzania,539-791-3767,tcowan@example.org,2021-06-27
4648,Samuel,Alvarez,Benin,001-447-626-8756x2856,gonzalezmark@example.com,2020-09-27
4649,Alyssa,Mitchell,Luxembourg,417-518-1920,xjohnson@example.com,2023-04-10
4650,Randy,Nelson,South Africa,(358)661-7924x8636,lauren41@example.org,2023-07-08
4651,Timothy,Wells,Anguilla,242-571-4543,beth33@example.com,2023-11-13
4652,Joel,Castro,Cyprus,(501)393-9084,perezsarah@example.com,2022-01-09
4653,Daniel,Cooper,Saint Kitts and Nevis,001-374-331-1889x25217,jimeneznatalie@example.com,2022-03-01
4654,Grant,Howard,Equatorial Guinea,464-536-4452x53425,barbaradixon@example.net,2025-12-11
4655,Joel,Byrd,Gambia,+1-788-678-6050x6323,jaime38@example.net,2021-04-01
4656,Richard,Hernandez,Tokelau,(473)822-8673,zachary51@example.com,2023-04-19
4657,Keith,Ingram,Panama,(642)259-8604x9405,ericmann@example.com,2023-02-10
4658,Joel,Vega,Liechtenstein,001-670-651-6686,dchristensen@example.net,2021-02-15
4659,Curtis,Gates,Dominican Republic,001-621-810-3602,ggonzalez@example.net,2023-10-05
4660,Aaron,Barton,Lebanon,001-611-561-9493x9429,robert36@example.org,2024-09-14
4661,Suzanne,Maldonado,Monaco,709-723-1688x15755,anne25@example.com,2025-11-07
4662,Ronald,Matthews,Cocos (Keeling) Islands,730.224.9558x753,ashleylozano@example.com,2025-06-28
4663,Doris,Sullivan,Cote d'Ivoire,454-585-6589x02654,walkerandrew@example.net,2021-11-19
4664,Bradley,Lam,Mongolia,973.541.7958x38274,evelyn79@example.com,2021-08-18
4665,Melissa,Webb,Zimbabwe,001-735-627-0872x69589,payneashley@example.net,2020-03-23
4666,Brandi,Ferrell,Algeria,(516)652-1613,allisongeorge@example.net,2022-03-07
4667,Misty,Clark,Georgia,956-210-6536x5268,lopezmonica@example.org,2020-02-19
4668,Paula,Taylor,Turkmenistan,5404792679,castrodaniel@example.com,2024-03-07
4669,Tracey,Wilkerson,French Southern Territories,756-802-0748x1179,rosstracey@example.org,2021-11-01
4670,Diane,Jones,Bolivia,470-483-0047x470,laurahill@example.com,2024-08-24
4671,Shannon,Griffin,Timor-Leste,231-508-4443,ricky50@example.org,2025-04-22
4672,Jeremy,Logan,Martinique,(910)250-9061x6409,elewis@example.net,2024-05-29
4673,Barbara,Williams,Seychelles,001-963-368-8541x13361,jasminekramer@example.org,2022-09-13
4674,Darren,Farmer,Finland,+1-849-702-1207x46107,ychavez@example.org,2025-05-17
4675,Oscar,Hill,Sierra Leone,8437372375,robert03@example.com,2023-02-28
4676,Lauren,Shaw,India,306-566-3290x241,morrowjessica@example.com,2020-07-17
4677,Noah,Wilkins,Saint Lucia,439.314.5755x4459,gferguson@example.org,2023-01-08
4678,Brooke,Brown,Gabon,001-778-925-2662x9504,ryanclark@example.org,2022-03-18
4679,Robin,Lawson,Tokelau,3373302290,shannonharvey@example.org,2022-08-04
4680,Matthew,Sawyer,Italy,(421)419-4349x6474,baileythomas@example.com,2020-05-28
4681,Sylvia,Green,Argentina,394.292.5878,bestemily@example.org,2021-03-02
4682,Brenda,Knight,Serbia,203-705-0501,gary12@example.net,2024-03-11
4683,Glenn,Henry,Guam,001-580-458-6660x85481,dustin04@example.com,2021-11-20
4684,Christopher,Morrison,Palau,001-985-654-4606,reyeskimberly@example.org,2023-11-05
4685,Kaylee,Smith,Tunisia,(962)215-1550x7349,kylecruz@example.net,2021-07-22
4686,Steven,Bridges,Lithuania,(896)230-8900x1081,brianaparker@example.org,2020-06-28
4687,Christopher,Castro,Congo,(621)855-5348x096,olsonjeanette@example.net,2021-08-07
4688,Jimmy,Sparks,Trinidad and Tobago,820-309-7603,samantha50@example.com,2023-05-03
4689,Aaron,Campos,Tonga,+1-819-901-1950x1419,cunninghamchristopher@example.org,2023-05-03
4690,Lisa,Walls,Serbia,3629876245,jennifervincent@example.org,2025-04-22
4691,Terri,Mosley,Suriname,550-514-1044,kyleellison@example.com,2021-11-02
4692,Cindy,Carpenter,Seychelles,001-583-702-6799x195,kathleenjohnson@example.org,2023-03-23
4693,Christian,Atkinson,Azerbaijan,874.539.1773,rollinsdaniel@example.org,2023-05-13
4694,Laura,Mitchell,Jordan,(418)794-1878x303,lamalyssa@example.com,2022-02-28
4695,Carol,Morrison,Poland,(535)708-7148,keith71@example.com,2024-03-09
4696,Maria,Armstrong,Uzbekistan,864-654-3388,taylormatthew@example.net,2020-07-22
4697,Barbara,Leon,Sri Lanka,290-808-8845x18960,lecynthia@example.net,2023-05-14
4698,Perry,Lyons,British Virgin Islands,001-847-699-3049x69475,anthonysherman@example.com,2025-04-02
4699,Mason,Johnson,Haiti,828.548.4223,chadstevenson@example.net,2024-01-20
4700,Taylor,Stewart,Hong Kong,(306)624-0329x2511,stephanie90@example.com,2024-05-21
4701,Emma,Myers,Reunion,990-357-0510,kimberly50@example.com,2025-11-10
4702,Jonathon,Greene,Togo,001-668-418-0768,brittanyspencer@example.net,2025-10-12
4703,Brenda,Caldwell,Malta,744-656-2406,ustephens@example.net,2020-07-22
4704,Justin,Montgomery,Hungary,001-984-941-3695x31810,walter82@example.net,2025-02-13
4705,Matthew,Baker,Malaysia,493-541-5656,bmedina@example.org,2021-09-13
4706,Ryan,Hayes,Senegal,627-525-6363,beverlyparker@example.net,2021-08-08
4707,Rhonda,Bishop,Guatemala,(617)844-2449x1009,grace21@example.org,2021-09-11
4708,Thomas,Cantu,Belarus,930.219.5370,christinecarey@example.net,2022-07-14
4709,Joshua,Jackson,Micronesia,9223945571,michael06@example.com,2021-11-04
4710,Jessica,Moore,Timor-Leste,+1-758-541-9080,jessica45@example.org,2020-08-23
4711,Brianna,Scott,Palestinian Territory,(576)677-9288x464,john27@example.net,2020-04-29
4712,Renee,Randolph,Christmas Island,(354)822-7162x04560,nicole44@example.com,2020-10-18
4713,Robert,Hernandez,North Macedonia,(941)460-5528x16246,nunezrobert@example.net,2022-02-05
4714,Patrick,Hall,Jersey,(915)666-4311x7159,robertsonjoseph@example.com,2022-05-22
4715,Joanne,Martin,United Kingdom,(811)602-2143,drogers@example.net,2023-10-08
4716,Jeremy,Martinez,Swaziland,590-635-5551x897,tstevens@example.org,2020-09-26
4717,Leah,Martinez,Botswana,+1-286-284-2249x792,stephanie13@example.com,2025-05-13
4718,Daniel,Williams,United States Virgin Islands,569-360-7280,briggsmelissa@example.net,2026-02-18
4719,Lonnie,Ferguson,Luxembourg,347-780-4447x901,prosales@example.com,2020-12-18
4720,Dawn,Bryant,Bahrain,+1-652-396-3878,vberg@example.org,2020-10-10
4721,Kelly,Waller,Armenia,+1-534-948-1118x77175,masonjessica@example.net,2022-12-18
4722,Christine,Barnett,Guinea-Bissau,988.665.7045,philipkim@example.org,2020-03-27
4723,Melvin,Liu,El Salvador,8654760291,rebecca00@example.org,2020-01-13
4724,Anita,Mccoy,Venezuela,(442)465-1754x30095,christineshaffer@example.net,2022-06-19
4725,Valerie,Harding,Martinique,(577)206-0730x6516,churchcatherine@example.net,2021-06-12
4726,Kristi,Andrews,Gabon,365.716.8616x1562,aarontanner@example.net,2020-04-15
4727,Stephanie,Smith,Korea,682.231.7605x356,maysanthony@example.net,2021-06-03
4728,Robert,Baxter,Cook Islands,672-377-7122,amy65@example.net,2021-12-18
4729,Emily,Lee,Antigua and Barbuda,001-989-595-6551x07604,williampatton@example.org,2025-06-01
4730,Bradley,Krueger,Wallis and Futuna,(372)925-8716,gilesmichael@example.net,2025-01-05
4731,Debra,Cruz,Ireland,303-805-2082x82201,millsangela@example.com,2022-01-23
4732,Kayla,Haynes,Armenia,+1-805-811-2587x596,parsonskristin@example.org,2024-11-05
4733,Jacob,Green,Christmas Island,854-915-0527x6599,walkerdiana@example.com,2023-03-25
4734,Alan,Baker,Chile,001-343-250-1227,barbararuiz@example.net,2022-10-09
4735,Dana,Clements,Uzbekistan,241.769.2496x8526,gibbsmelissa@example.com,2025-01-08
4736,Randy,Butler,Costa Rica,829.903.4759x8502,frivera@example.net,2021-03-25
4737,Anthony,Zuniga,Timor-Leste,(265)643-3461x3143,rbyrd@example.net,2020-07-05
4738,Carolyn,Ramirez,Thailand,(792)934-7253x850,meganwilson@example.net,2024-12-24
4739,Rebecca,Wallace,Botswana,+1-739-339-8106x6272,matthew08@example.org,2020-09-12
4740,Victor,Carter,Kuwait,+1-787-808-7852x0113,piercemarilyn@example.com,2024-11-12
4741,Stephanie,Miller,Norfolk Island,+1-947-810-8947x4565,josephjohnson@example.net,2022-04-07
4742,Frank,Herring,Myanmar,+1-593-738-9769,pdaniel@example.com,2020-10-13
4743,Terry,Young,Anguilla,846.398.0503x67867,reyesdavid@example.com,2023-06-11
4744,Gerald,Jones,Bahamas,332-939-0463x7625,whitneyashley@example.net,2024-02-28
4745,Sarah,Snow,El Salvador,(541)881-4664x19798,thomas53@example.com,2024-03-16
4746,Bradley,Caldwell,Venezuela,+1-409-369-5307x319,stacy09@example.org,2021-05-13
4747,David,White,Luxembourg,969-735-8768,riveracristina@example.com,2025-02-22
4748,Diane,Dougherty,Nauru,961.771.0270x666,jnguyen@example.com,2024-04-22
4749,Charles,Hernandez,Cameroon,867.996.5542,santosmary@example.org,2023-06-03
4750,Jenny,Schultz,Holy See (Vatican City State),7459334721,fostermichael@example.net,2026-01-01
4751,Keith,White,Georgia,(500)893-3911x6157,tsantiago@example.org,2023-12-03
4752,Jason,Ellis,Tajikistan,(840)927-1670x67152,martinezadriana@example.com,2023-02-25
4753,Jacqueline,Becker,Cook Islands,(482)471-2770x69793,riveraderek@example.org,2023-09-06
4754,Donald,Stevenson,Mayotte,419.356.5205x3158,stephen38@example.org,2024-12-18
4755,Tracy,Bruce,Serbia,+1-571-512-5888,michaelmontgomery@example.net,2024-12-21
4756,Jacob,Fuller,Uzbekistan,+1-873-583-4614x408,gregory54@example.net,2023-10-21
4757,Meagan,Velasquez,Bahrain,+1-295-458-6564x7183,adam32@example.org,2021-03-30
4758,Suzanne,Jones,Mayotte,+1-572-324-7094x7497,robert65@example.org,2021-12-05
4759,Julie,Roberson,Haiti,442.869.6938x52166,jameswilliams@example.net,2022-08-09
4760,Brittany,Gardner,Cyprus,001-475-735-1300x85104,catherinebaker@example.net,2026-02-26
4761,Christopher,Haas,Suriname,988-559-7809,whitebrent@example.com,2025-05-19
4762,Claire,Anthony,Albania,(658)601-1869x0188,katie15@example.org,2023-07-15
4763,Crystal,Harvey,Ireland,001-752-617-7885,fwhite@example.net,2025-01-04
4764,Tyler,Torres,Central African Republic,5765150260,james45@example.net,2021-01-29
4765,Tracie,Hamilton,Djibouti,(323)914-2799,kristen32@example.com,2020-04-23
4766,Kara,Jackson,Slovenia,+1-882-814-6729x3648,ericcox@example.com,2023-03-21
4767,Bryan,Galloway,France,001-988-983-7958x8265,gmason@example.org,2020-08-13
4768,Alexandra,Summers,Bosnia and Herzegovina,806.909.6513x4217,jessica20@example.com,2025-10-26
4769,Antonio,Johnson,Mongolia,+1-970-758-3086,danderson@example.org,2023-07-25
4770,Antonio,Lowe,Aruba,378.408.7896,qthomas@example.net,2024-11-27
4771,Thomas,Alexander,United States Minor Outlying Islands,(574)358-7327x83332,oneillrichard@example.net,2025-09-20
4772,Leslie,Willis,United States Minor Outlying Islands,(239)706-2454x58861,gregorymercado@example.net,2025-10-01
4773,Stacy,Davis,Mozambique,892-656-5013x55747,zramirez@example.com,2025-01-20
4774,Daniel,Jenkins,Zimbabwe,+1-396-687-3849x4639,jessicaholmes@example.org,2024-07-25
4775,Joanne,Stone,Tanzania,(259)794-2668x4507,isummers@example.org,2025-11-29
4776,Patricia,Pearson,Romania,590.508.4868,harrismichelle@example.com,2024-06-19
4777,Tammy,Richardson,Algeria,927-911-1264x386,racheltorres@example.com,2024-12-08
4778,Joshua,Pacheco,Mozambique,+1-828-434-7692,burchthomas@example.com,2022-01-06
4779,Amber,Moran,Grenada,+1-227-653-9706,gtorres@example.net,2023-02-23
4780,Drew,Evans,Algeria,+1-382-497-2775x988,sanfordjennifer@example.org,2020-04-05
4781,Luke,Brown,Slovenia,001-597-864-8877x35591,rubiotoni@example.org,2023-02-12
4782,Mary,Jones,Heard Island and McDonald Islands,(538)668-4130x0328,greencarrie@example.org,2020-05-22
4783,Amber,Daniels,Swaziland,599.315.6827,afleming@example.net,2024-04-07
4784,Lisa,Stewart,Cameroon,677-303-1605,rodriguezdonna@example.org,2022-03-13
4785,Robert,George,Czech Republic,(854)840-7508,riveracurtis@example.org,2020-07-30
4786,Vicki,Gutierrez,Barbados,594-878-1026,lisaparker@example.net,2023-10-08
4787,Angela,Smith,Cocos (Keeling) Islands,(827)231-5681,davidacosta@example.com,2024-02-11
4788,Karen,Little,Cameroon,+1-825-489-1535,ifuller@example.com,2020-04-03
4789,Lisa,Alvarez,Moldova,585.718.7800x970,colemandaniel@example.com,2021-01-06
4790,Jessica,Gilbert,Guam,001-225-986-1022x9274,stevenpacheco@example.org,2022-12-31
4791,Sharon,Adams,Northern Mariana Islands,+1-757-890-9045x954,holmesbrian@example.net,2026-01-25
4792,Martha,Cunningham,Bahrain,515-714-1086,reeddavid@example.net,2022-11-06
4793,Katherine,Stanley,Cuba,+1-624-849-3219x79343,hernandezlauren@example.org,2026-02-25
4794,James,Herrera,French Southern Territories,408-341-5622x1161,hunterjon@example.org,2025-10-28
4795,Linda,Cooley,Zimbabwe,729-516-5159,mccoygabriel@example.net,2025-03-26
4796,Jeffrey,Baker,Belize,980-410-8566,sgraves@example.org,2024-05-14
4797,Charles,Martin,Argentina,541-758-9080x603,allison72@example.net,2024-02-21
4798,Amanda,Carr,Kiribati,(720)536-4493,john84@example.net,2020-04-29
4799,Michael,Rosario,Korea,(313)640-6728x2364,allisongibbs@example.com,2020-08-24
4800,Mark,Anderson,Seychelles,(554)260-1750x23787,hilljeffrey@example.net,2021-09-07
4801,Steve,Stanley,Chile,+1-542-862-0245x3612,joshuaholt@example.com,2021-08-14
4802,Joshua,Rodriguez,Iceland,6386786071,jonesandrew@example.com,2024-08-22
4803,Jennifer,Vargas,Belgium,001-375-589-2557x167,troberts@example.org,2026-02-22
4804,Catherine,Bowman,United States Minor Outlying Islands,818-409-9226,kimberly75@example.net,2024-10-23
4805,Ashley,Barrett,Kazakhstan,8325579764,william04@example.net,2023-07-23
4806,Eric,Diaz,Peru,795.745.1793x088,tina32@example.org,2024-07-04
4807,Jeremy,Johnson,United States of America,214.375.4383x4744,melissa72@example.com,2022-07-09
4808,Bradley,Rodriguez,Cook Islands,(582)965-7798x263,davidbarton@example.org,2022-01-31
4809,Bryan,Howell,Tuvalu,6319165285,ycurry@example.com,2021-12-17
4810,Stephanie,Harris,Bermuda,4958088481,larryorr@example.com,2025-08-01
4811,April,Smith,Syrian Arab Republic,763-865-3819x680,frankboyd@example.com,2025-10-31
4812,Christina,Randall,Argentina,+1-783-405-1444x84204,mccannmeredith@example.org,2024-12-28
4813,Gary,Williams,Jersey,621.399.8454,tracy03@example.net,2024-12-31
4814,Margaret,Mcdonald,Norway,001-584-633-3973,tmurray@example.org,2023-06-24
4815,Amy,Maxwell,Colombia,+1-697-635-2046x21238,matthew28@example.net,2022-09-17
4816,Patrick,Mcintosh,Suriname,456-867-5149,scott79@example.com,2023-08-18
4817,Victoria,Pittman,Albania,(963)614-2933,riversleonard@example.com,2024-09-26
4818,Paul,Lara,Saint Barthelemy,(438)324-9280,heatherfleming@example.net,2022-04-09
4819,Michael,Webster,Kiribati,+1-287-381-5916x68374,wsmith@example.net,2023-04-26
4820,Juan,Beard,Djibouti,001-821-861-6417,karenkoch@example.org,2024-08-01
4821,Anthony,Gordon,Poland,305-395-1676,icrosby@example.net,2021-08-21
4822,John,Hill,Saint Helena,001-933-477-3925x342,williamsjay@example.net,2024-03-30
4823,Latasha,Garrett,Vanuatu,(315)472-5902x899,ewilson@example.com,2020-03-30
4824,Judy,White,Morocco,+1-849-698-9849,justingomez@example.com,2022-05-26
4825,Daniel,Rubio,Maldives,001-348-466-9849x682,harold80@example.net,2021-08-24
4826,Alyssa,Fisher,Tuvalu,(436)949-4107,parkertravis@example.net,2024-12-26
4827,Hector,Blair,Christmas Island,7075825482,esims@example.org,2024-06-15
4828,Emily,Ayala,Burundi,883-312-2195x15299,charleslawson@example.net,2022-10-15
4829,Rachel,Miller,Palestinian Territory,(525)720-7270,vtrujillo@example.com,2021-12-28
4830,Jennifer,Graham,Tanzania,001-347-439-3255x89034,karenwheeler@example.org,2023-12-23
4831,Brittany,Gonzalez,Iran,680.586.5943x69585,vpowers@example.com,2020-09-09
4832,Christopher,Lamb,Malawi,+1-204-802-3476x4695,ayalamelissa@example.net,2025-06-11
4833,Richard,Lloyd,United States Virgin Islands,488.941.8953x300,msmith@example.com,2023-05-26
4834,Melissa,Marquez,Chile,+1-550-524-9407x4645,kylesmith@example.com,2025-08-09
4835,Karen,Malone,Northern Mariana Islands,+1-810-669-9221x684,david73@example.com,2021-03-18
4836,Vanessa,Molina,Myanmar,+1-433-882-2847x2387,piercemark@example.net,2021-09-19
4837,Joshua,Bailey,Hungary,+1-744-925-0843x8446,rsanford@example.org,2022-12-08
4838,Tristan,Baldwin,Korea,3863120255,kevin49@example.com,2023-08-09
4839,Brian,Adkins,Czech Republic,744.436.9259,john20@example.org,2025-03-22
4840,Lisa,Cantu,French Southern Territories,971.452.1706,felicia52@example.com,2020-12-17
4841,Shelly,Butler,Bermuda,435.641.7980x69804,christopheravila@example.com,2025-02-14
4842,Jake,Patel,Thailand,304.965.6079,fordrenee@example.org,2020-06-15
4843,Margaret,Khan,Libyan Arab Jamahiriya,+1-940-202-0034x636,amendez@example.com,2021-01-31
4844,Alexander,Johnson,Guinea,001-699-912-3358x057,davidjennings@example.org,2025-04-06
4845,Phyllis,Price,Nigeria,001-766-724-1625x5681,melinda63@example.net,2021-05-07
4846,Caroline,Vasquez,Guatemala,480.363.8645x1859,trevinoyolanda@example.com,2022-01-05
4847,Darlene,Wood,Mozambique,598.737.1287,morgankathleen@example.com,2022-08-23
4848,Joseph,Smith,Guatemala,001-236-783-4024x73100,fjones@example.com,2024-07-18
4849,Ronald,Wood,Tokelau,(353)221-4413x42846,traviscordova@example.org,2023-08-18
4850,Jennifer,Leblanc,Vietnam,485-727-5810,sandovalkevin@example.com,2026-01-25
4851,Edward,Lopez,Gabon,913.877.3830,christinabruce@example.net,2023-03-22
4852,Kenneth,Peters,Tuvalu,3318780101,chelsey36@example.org,2021-03-25
4853,Eric,Guzman,Ghana,001-369-253-8894x9863,amandawilliams@example.org,2023-04-25
4854,James,Owen,Ghana,+1-273-394-2529x7381,carrie42@example.com,2021-11-26
4855,Jonathan,Sanchez,French Polynesia,001-975-853-1784x8340,travis94@example.net,2025-03-13
4856,David,Coleman,Iran,703.265.8904,robertsdaniel@example.org,2024-06-22
4857,Tammy,Alvarez,Korea,732-993-4742x25741,johnsonmark@example.com,2024-05-22
4858,William,Myers,Martinique,+1-556-821-6979,amandasnyder@example.net,2022-02-07
4859,Marie,Adams,Chile,299-622-8355x4809,lwhite@example.net,2025-09-14
4860,Kenneth,Glenn,Albania,846-391-6160x549,delacruztodd@example.org,2024-06-07
4861,Stacey,King,Sao Tome and Principe,657.689.2781x94588,warebrad@example.com,2020-02-21
4862,Joseph,Farrell,Azerbaijan,847.534.2900x9693,plindsey@example.org,2025-03-28
4863,Wendy,Garcia,Iraq,6806113644,tyler28@example.net,2024-09-18
4864,Tracy,Yates,India,001-440-396-8217x29370,heathermyers@example.com,2024-06-14
4865,Paul,Sharp,Burundi,967.996.5911x715,hudsongregory@example.org,2021-06-18
4866,Tiffany,Clark,Germany,001-807-255-6838,spencer79@example.org,2021-05-02
4867,Dennis,Rodriguez,Sri Lanka,001-598-871-7483x90624,donalddavis@example.net,2024-06-19
4868,Robert,Evans,Syrian Arab Republic,(490)865-4205x90784,acoleman@example.net,2020-09-08
4869,Angela,Trevino,Iran,925-783-3635,connordelacruz@example.com,2025-12-03
4870,Dale,Welch,Turkey,001-736-752-1004x136,cookalexis@example.net,2025-07-24
4871,Devon,Walker,Malta,945.398.4260,asmith@example.org,2025-04-06
4872,Patricia,Reese,Malawi,994.844.9983,mccarthyjackie@example.com,2020-12-12
4873,Ashley,Burgess,Fiji,(477)752-2288x144,prubio@example.org,2021-07-13
4874,Henry,Russell,San Marino,+1-553-260-4216x012,ethompson@example.com,2020-08-10
4875,Larry,Flores,Bouvet Island (Bouvetoya),(511)825-4027,carl16@example.org,2022-09-20
4876,Jennifer,Rasmussen,Lesotho,(516)560-0642,cwells@example.com,2025-08-12
4877,Kristen,Gibson,Belgium,334-213-7412x259,castroheather@example.com,2025-02-04
4878,Mary,Valencia,Sierra Leone,(311)901-2453x5389,thomasharris@example.net,2025-01-08
4879,John,Davis,Pitcairn Islands,935-380-2896,janiceespinoza@example.com,2021-04-07
4880,Julie,Diaz,Ecuador,642.767.9717x446,iharris@example.net,2022-02-23
4881,Vincent,Rodriguez,Cambodia,+1-631-939-8811x018,ygarcia@example.org,2025-03-15
4882,Robert,Leonard,Palau,(808)217-5664,elizabethpacheco@example.com,2021-09-04
4883,Tyler,Sherman,United States Minor Outlying Islands,(709)690-5418x410,david35@example.org,2023-07-16
4884,Andrew,Berger,Slovakia (Slovak Republic),284-907-2655x432,freid@example.org,2021-04-09
4885,Brooke,Hess,British Virgin Islands,001-213-496-6560x6288,mcmahonthomas@example.org,2021-02-12
4886,Jessica,Higgins,Falkland Islands (Malvinas),7758533086,john83@example.com,2025-11-05
4887,Roger,Koch,Costa Rica,+1-550-929-5996x942,qadams@example.com,2025-06-09
4888,Erica,Garcia,Namibia,835-225-9340x9010,codyrodgers@example.org,2021-02-07
4889,Jonathan,Bailey,Saint Helena,+1-335-237-7391x647,dcooper@example.com,2023-05-16
4890,Austin,Guerrero,Antigua and Barbuda,856.396.0090x6952,benjamindavis@example.net,2023-09-24
4891,Jennifer,Sanchez,Nigeria,890.428.7894x75582,rick06@example.org,2023-06-29
4892,Ryan,Austin,Sweden,001-410-703-7061x921,adrian84@example.net,2023-05-14
4893,Mckenzie,Jackson,Dominica,(710)750-8165x37684,maria93@example.net,2023-08-21
4894,Amanda,Jones,Angola,(339)889-2363,gwilliams@example.net,2021-02-09
4895,Richard,Vaughn,Samoa,922-791-7762x36531,hcopeland@example.com,2020-04-15
4896,Keith,Smith,Niger,(357)237-7449x586,vholland@example.org,2024-11-22
4897,Cody,Mcbride,Guernsey,001-714-719-0661x84835,llewis@example.com,2025-02-14
4898,Catherine,Delgado,Bulgaria,+1-407-458-8545,jessicaturner@example.com,2024-05-08
4899,Julie,Miller,Poland,001-214-753-2489x9671,kathleen32@example.org,2021-10-07
4900,Clinton,Rodriguez,Saint Barthelemy,+1-751-796-8424x90042,vsimmons@example.net,2023-12-31
4901,Janet,Lamb,Israel,655.943.6310,millerpatricia@example.org,2020-06-17
4902,Jamie,Franco,Austria,3885027934,nray@example.net,2021-10-27
4903,Jeffrey,Fisher,Bangladesh,(291)620-5880,david00@example.org,2024-06-09
4904,Aaron,Harris,Guernsey,+1-504-470-5068x42856,cmiller@example.com,2022-11-29
4905,Christina,Gomez,Lesotho,001-437-298-8248x937,tracy65@example.org,2023-03-18
4906,Michael,Johnson,Cape Verde,+1-902-973-5501,johnsonkurt@example.com,2022-02-21
4907,Lisa,Butler,Netherlands,354-949-5942x1145,tina06@example.com,2025-12-24
4908,Shawn,Grimes,Sri Lanka,4233986502,ghall@example.org,2022-04-30
4909,Renee,Gonzalez,Slovenia,608-804-0411x812,darrenatkins@example.net,2025-03-23
4910,James,Young,United States Minor Outlying Islands,(711)534-3174,santanaryan@example.net,2023-05-01
4911,Antonio,Ward,Honduras,709.336.2306x200,careysean@example.net,2025-09-09
4912,James,Mason,Denmark,+1-344-300-3171x65952,mmatthews@example.org,2020-03-01
4913,Christopher,Braun,Namibia,+1-536-900-5373,burtontammy@example.com,2020-06-22
4914,Jane,Hernandez,Egypt,001-574-295-0944x9656,timothy28@example.net,2025-04-08
4915,Wayne,Flores,French Southern Territories,(846)258-6895x76499,wilcoxmegan@example.com,2020-05-11
4916,Lisa,Wagner,Burkina Faso,7199699531,anthonyward@example.net,2023-09-08
4917,Matthew,Moore,Belarus,001-274-375-2096x46298,jonathanwright@example.com,2025-09-28
4918,Claire,Taylor,Myanmar,+1-325-541-7658x545,michaelyoung@example.org,2022-02-06
4919,Joshua,Crawford,Slovakia (Slovak Republic),001-476-757-7329,steven64@example.org,2021-06-23
4920,Amy,Cobb,Libyan Arab Jamahiriya,(862)763-2230x667,plyons@example.com,2021-09-08
4921,Tim,Sanchez,Tokelau,899-964-4598x301,elizabeth93@example.com,2021-04-24
4922,Leonard,Collins,Sweden,+1-953-255-1747x57283,ihull@example.org,2022-05-06
4923,Jason,Gutierrez,Svalbard & Jan Mayen Islands,3412925916,bartonrichard@example.com,2020-02-17
4924,Mary,Turner,Anguilla,310.388.8093x39791,alexandersparks@example.com,2024-05-02
4925,Julian,Cooley,New Zealand,9572859420,tom51@example.org,2025-08-03
4926,David,Davis,Swaziland,5297767226,tnewton@example.com,2023-02-26
4927,Allison,Chang,Japan,+1-552-470-3852x085,hmcknight@example.org,2020-09-09
4928,Casey,Caldwell,Vanuatu,+1-511-759-4797,nfigueroa@example.net,2021-12-16
4929,Troy,Mckenzie,Niger,001-586-473-6230x6570,armstrongjordan@example.com,2023-06-27
4930,Robert,Gay,Portugal,783.221.3448,bjoyce@example.org,2024-09-27
4931,Kimberly,Perez,Saint Lucia,(358)313-7957x24288,hgriffith@example.net,2025-01-25
4932,Darin,Booth,Vietnam,636.543.4103x38290,thomasgentry@example.com,2022-04-06
4933,Amy,Elliott,Costa Rica,320-739-8125,adam61@example.com,2022-08-13
4934,Gabrielle,Miller,Papua New Guinea,748.691.2850,abigail23@example.com,2021-10-21
4935,Johnathan,Hudson,Palestinian Territory,5094222701,john40@example.net,2020-02-28
4936,Jessica,Anderson,Netherlands Antilles,(815)267-3575,anne32@example.net,2021-04-29
4937,Mandy,Anderson,Brunei Darussalam,001-466-963-4180x7653,torresbreanna@example.net,2021-07-05
4938,Kristen,Weeks,Guatemala,6932437103,cobbjoshua@example.net,2024-12-03
4939,Melissa,Brooks,Ethiopia,001-800-378-0506x71539,johnsoncody@example.com,2025-03-10
4940,Mary,Mendoza,Moldova,754.384.7802x242,hartroy@example.com,2025-03-22
4941,Julie,Barton,Canada,352-596-4350x42276,lindseyrussell@example.org,2022-10-09
4942,Rodney,Davis,Sri Lanka,001-472-315-9167x010,ronald32@example.com,2024-01-12
4943,Savannah,Williams,Kuwait,911-627-3563x48271,rebecca38@example.org,2020-02-13
4944,Dawn,Smith,Latvia,+1-731-410-1033,cassandra74@example.net,2025-01-21
4945,Frances,Drake,Slovenia,399-931-3354x9181,rossshirley@example.com,2022-07-15
4946,Roger,Alexander,Kiribati,+1-316-338-7707,jamesward@example.net,2022-12-30
4947,Anna,Pittman,Pitcairn Islands,(723)411-0815,cameronramirez@example.com,2024-11-22
4948,Alexis,Thompson,Rwanda,689.602.8351x17716,willie62@example.com,2023-10-02
4949,Brenda,Petersen,Tokelau,8002231735,smithwilliam@example.net,2022-04-27
4950,Tyrone,Morris,Sudan,001-407-920-1610x625,robinsontheresa@example.org,2024-02-20
4951,Jose,Woods,Mayotte,+1-815-487-0164x913,thess@example.com,2020-07-19
4952,Willie,Smith,Montenegro,645.397.6508,barbara54@example.com,2021-10-17
4953,Joel,Key,Sudan,(941)313-8807x08593,johnsandrew@example.org,2022-05-28
4954,Tracey,Phillips,Christmas Island,258.544.5263,gregoryjulie@example.org,2022-03-23
4955,Shawn,Robinson,Western Sahara,+1-849-859-3352,william22@example.com,2024-11-23
4956,Patrick,Wise,Papua New Guinea,348.524.1543x51462,jodibrooks@example.org,2024-04-23
4957,Linda,Berry,Turkey,+1-972-636-9276x01695,wilsonbrett@example.org,2024-05-05
4958,Paul,Williams,Uruguay,412-651-5740x865,woodjohn@example.com,2023-12-28
4959,Michael,Perry,Burkina Faso,710-633-7509x36909,rdavenport@example.com,2022-11-16
4960,Jennifer,White,France,(817)456-2667x411,david03@example.net,2025-05-01
4961,Gina,Berg,Portugal,001-322-984-5538,elizabeth19@example.com,2023-02-13
4962,Daniel,Baker,Honduras,(867)334-1592x99681,gsmith@example.org,2026-02-17
4963,Robert,Carroll,Guatemala,3825629797,lynn98@example.com,2023-02-02
4964,Alice,Leach,Saint Vincent and the Grenadines,956.464.7264x63390,uanderson@example.org,2026-01-31
4965,Chad,Sellers,Mozambique,352-840-2300x4828,michaeldavenport@example.org,2022-07-09
4966,Paul,Price,Sierra Leone,001-494-521-5026,marshalljoseph@example.com,2023-02-26
4967,Sandra,Garcia,Mozambique,757.466.5380x28601,glassgina@example.com,2022-08-12
4968,Cheyenne,Gonzalez,Tanzania,001-451-680-3986x445,cochrankimberly@example.net,2023-09-08
4969,Thomas,Lyons,Lebanon,001-222-567-0939,marshalljames@example.org,2023-09-05
4970,Caroline,Collins,Vietnam,+1-339-786-7751x0586,dpatterson@example.com,2023-08-13
4971,Jeffrey,Reyes,Sierra Leone,001-519-246-0110,sharikirk@example.org,2024-09-20
4972,Alexis,Fleming,Costa Rica,(522)248-1356,michelle51@example.org,2025-12-04
4973,Veronica,Ford,Paraguay,+1-426-974-2850x1161,dmccormick@example.org,2020-04-01
4974,Dominique,Ramsey,Benin,+1-771-815-9073x316,patrickgarrett@example.com,2020-07-25
4975,James,Brown,Aruba,744-672-3612x24745,audrey09@example.com,2024-01-19
4976,Matthew,Lozano,China,839-402-7502x734,holly77@example.com,2022-09-16
4977,Dillon,Cook,Netherlands,776-442-7176,rose51@example.com,2025-05-24
4978,Paul,Robinson,Guadeloupe,850-977-3871x627,lucasstrong@example.org,2024-02-14
4979,Brittany,Johnson,Australia,001-264-576-8187x34112,lisawolfe@example.org,2022-08-01
4980,Natasha,Hunter,Japan,(565)336-1353x375,zcervantes@example.com,2022-09-27
4981,Andrew,Hernandez,New Zealand,775-815-5853x2012,evanslinda@example.net,2023-02-23
4982,Lisa,Barker,Lithuania,390-205-3914x26327,melaniewells@example.org,2022-11-08
4983,Thomas,Bright,Palau,233-432-5125,scottbowers@example.org,2024-08-20
4984,Gina,Alexander,Saudi Arabia,(370)778-9880x508,jenniferatkinson@example.org,2023-05-25
4985,James,Smith,Slovakia (Slovak Republic),+1-330-274-3347,steinjeffrey@example.org,2021-05-02
4986,Lynn,Smith,Albania,+1-248-623-4139x296,ghanson@example.com,2021-06-06
4987,Jimmy,Harper,Mali,(203)623-6467,johnnymendez@example.net,2023-09-11
4988,Victor,Keller,Seychelles,001-329-505-8026x8630,wjohnson@example.net,2020-04-14
4989,Carmen,Gomez,Ukraine,(526)487-2154x267,kirktimothy@example.net,2025-10-15
4990,Nathan,Wagner,Eritrea,+1-237-620-9900,shaunblair@example.net,2025-10-26
4991,Richard,Snow,Benin,(287)429-7530x80641,stevensondavid@example.net,2021-08-24
4992,Bryan,Combs,Northern Mariana Islands,(282)502-9579x326,anna29@example.org,2021-07-03
4993,Aaron,Bond,Philippines,001-248-990-1119x35140,tammy91@example.org,2022-07-13
4994,Karen,Cooper,Hungary,001-338-695-5431,edwardjones@example.com,2022-07-24
4995,Pamela,Young,Bulgaria,681.520.2309x58858,xwalker@example.org,2025-01-24
4996,Sandra,White,British Indian Ocean Territory (Chagos Archipelago),889-887-9804x9858,awang@example.net,2024-02-13
4997,Sarah,Collins,Oman,949-535-5355x96615,timothyroach@example.org,2022-03-01
4998,Nicole,Johnson,Somalia,796-763-8797x38942,rcain@example.net,2023-06-11
4999,Larry,Andrade,Zimbabwe,440-748-5677,amylewis@example.net,2021-05-31
5000,Christine,Owens,Djibouti,434-469-3933,wpatterson@example.com,2024-11-28
5001,Samantha,Wilson,Mali,5746215490,danielle94@example.com,2025-01-11
5002,William,Morales,Grenada,(913)309-3158,tuckerjohnny@example.com,2024-09-26
5003,Jane,Bell,British Indian Ocean Territory (Chagos Archipelago),+1-479-424-0152x079,hartheather@example.org,2021-07-18
5004,Michelle,Jimenez,Thailand,+1-294-399-1884,ramirezshannon@example.org,2026-03-08
5005,Sheila,Gamble,Bosnia and Herzegovina,658-769-9673x414,phunt@example.com,2025-08-04
5006,Chad,Davis,France,(505)697-7018x3853,james71@example.com,2021-10-24
5007,Dave,Miller,Morocco,+1-628-429-3230x66549,nicholashall@example.org,2022-01-16
5008,Hannah,Phillips,Timor-Leste,663-409-7222x773,alexanderporter@example.com,2023-06-18
5009,Manuel,Griffin,Maldives,+1-991-841-8173x9394,asimpson@example.net,2023-03-29
5010,Rebecca,Nguyen,Haiti,+1-322-972-9335x82436,xlopez@example.com,2024-11-14
5011,Jennifer,Mcgrath,Malta,7999566895,todd17@example.net,2023-10-21
5012,Elizabeth,Perry,Taiwan,264-771-3644,wisenichole@example.com,2020-05-17
5013,David,Jackson,Somalia,(431)670-1595,sharpjeffrey@example.net,2025-07-12
5014,Elizabeth,Davis,Belarus,553.903.3334x822,lroach@example.org,2021-01-15
5015,Charlotte,Fisher,Heard Island and McDonald Islands,+1-226-888-1661x305,katherine66@example.com,2020-05-21
5016,Gary,Hart,Sri Lanka,(836)928-7566x9047,areid@example.com,2022-05-03
5017,Angela,White,Portugal,937.688.1465,melissagrimes@example.com,2020-09-28
5018,Michelle,Bowen,Lithuania,666.767.0232,raymond39@example.com,2024-05-19
5019,Jacob,York,El Salvador,782-869-7768x804,bgray@example.net,2022-11-10
5020,Valerie,Johnson,Netherlands Antilles,(646)510-6709,taylorsarah@example.net,2021-10-25
5021,Justin,Wilson,Heard Island and McDonald Islands,(763)439-6270,thomasjohnson@example.com,2022-01-18
5022,Julie,Fox,Estonia,707.384.6527,pollardcarolyn@example.com,2025-06-22
5023,Amanda,Patel,Cocos (Keeling) Islands,001-633-930-4313,cunninghamemma@example.org,2022-07-01
5024,Samuel,Ward,Liberia,483-762-2899x699,montoyajudith@example.net,2020-10-02
5025,Adrienne,Hill,Bahrain,904-621-9243,daniel98@example.org,2024-05-25
5026,Meghan,Martin,Afghanistan,(401)355-6486x3129,lisasnyder@example.net,2024-01-17
5027,Zachary,Jenkins,Sri Lanka,6654895853,powellkevin@example.org,2020-01-03
5028,Megan,Mcdonald,India,+1-709-902-3512x7428,gonzalezanthony@example.org,2022-11-15
5029,Kristen,Williams,Cameroon,(921)444-8240x435,gailtaylor@example.net,2024-06-26
5030,Elizabeth,Richardson,Nicaragua,+1-510-516-1025,jrodriguez@example.org,2023-02-22
5031,Stacy,Villarreal,Australia,8538984830,uowens@example.org,2020-04-26
5032,Chelsea,Black,Comoros,001-238-827-2435x55828,fryjulie@example.net,2022-01-03
5033,Cynthia,Campos,Cape Verde,895-676-2853,xsteele@example.net,2024-12-04
5034,Nicole,Shea,Bolivia,391.971.5165x5897,andrewjohnston@example.org,2022-08-15
5035,Michael,Ruiz,Lao People's Democratic Republic,(369)536-0223,catherine87@example.org,2021-12-02
5036,Madison,Kelly,Albania,554.746.1727x9006,hharrington@example.org,2020-11-26
5037,Erika,Berry,Tajikistan,001-763-600-2585x2485,andrew75@example.org,2020-03-14
5038,Derek,Beltran,Chile,+1-330-440-7493x40445,david32@example.org,2023-08-26
5039,Thomas,Jordan,Zimbabwe,(730)260-1761x7990,saraandersen@example.net,2023-10-26
5040,Ann,Howell,Finland,001-567-987-0377x8539,davidsoncharlotte@example.com,2020-11-07
5041,Stephanie,Miller,Maldives,001-696-325-3233x62406,iguzman@example.org,2022-05-27
5042,Amanda,Skinner,Azerbaijan,560.724.2289x1887,michelleprice@example.com,2024-11-13
5043,Bailey,Flores,Comoros,+1-212-529-2577x567,michael98@example.org,2021-07-09
5044,Katherine,Rice,Spain,2829787113,wmarquez@example.com,2021-12-21
5045,George,Faulkner,Liberia,930.623.3427,andrew44@example.org,2025-12-28
5046,Scott,Delacruz,United Arab Emirates,500-309-9726x6551,keith45@example.org,2022-08-16
5047,Robert,Cameron,Trinidad and Tobago,915.427.6229,simmonsjamie@example.org,2020-07-06
5048,Benjamin,Diaz,Guinea-Bissau,923.566.5579,ycooper@example.net,2023-12-26
5049,Jessica,Smith,Kyrgyz Republic,7092642335,eparsons@example.net,2025-02-11
5050,Lori,Smith,Ghana,+1-659-837-4295,robert14@example.org,2024-10-21
5051,Katherine,Myers,Venezuela,+1-460-666-9212x347,peggy45@example.com,2024-06-14
5052,Dakota,Jordan,Kenya,696.405.0995x24792,joycemclaughlin@example.net,2022-06-17
5053,Jon,Simmons,Malta,399.603.4403x737,tchapman@example.net,2024-06-28
5054,Nancy,Glenn,Saint Helena,(997)571-1220x103,andrea61@example.org,2022-12-20
5055,Joseph,Lee,Greece,+1-524-293-9270x643,brianna62@example.com,2020-09-21
5056,Sally,Rice,Bouvet Island (Bouvetoya),858-473-3103x529,michelledavis@example.net,2024-05-11
5057,Michael,Martinez,Denmark,651-788-3042x72832,geraldleach@example.org,2020-11-21
5058,Tara,Williams,Sudan,(763)386-8251x146,elizabethmcbride@example.org,2023-09-07
5059,Brian,Cooper,Tonga,399.242.0412,cindy44@example.net,2024-01-09
5060,Gary,Anderson,Saint Helena,+1-673-802-4975x05790,billyjackson@example.org,2025-09-18
5061,Jonathan,Howell,Vietnam,+1-727-760-0926x1825,veronicafreeman@example.net,2025-05-13
5062,Mark,Jackson,Cocos (Keeling) Islands,284.276.9709x5933,stewartcorey@example.com,2026-01-27
5063,Angela,Cummings,Yemen,(245)544-0454,bryan70@example.com,2026-02-09
5064,Tricia,Nguyen,Suriname,001-838-386-7418x42952,ismith@example.net,2025-06-16
5065,Ann,Cox,Northern Mariana Islands,550-943-5466x66529,thomastroy@example.net,2022-06-18
5066,Jay,Guerra,Liberia,450.523.7471x528,catherinevaughn@example.org,2023-03-10
5067,Jon,Johnson,Martinique,001-379-427-6298x1322,changmegan@example.net,2024-07-04
5068,Jerry,Chan,Lesotho,635-518-3313x2113,amycunningham@example.net,2022-03-26
5069,James,Zuniga,Afghanistan,507.347.2535x934,edwardroy@example.com,2025-08-25
5070,Daniel,Mitchell,Tajikistan,001-485-888-3994x455,miguelsexton@example.net,2022-07-07
5071,Amber,Willis,Christmas Island,693.953.3232x3096,kylewashington@example.com,2023-03-30
5072,Arthur,Torres,Puerto Rico,222-616-4478,reynoldsnicole@example.com,2024-09-16
5073,Edward,Green,Mayotte,+1-605-978-8720,zstein@example.net,2023-11-10
5074,Rebecca,Stephens,Kazakhstan,8842823868,jerry67@example.com,2023-01-12
5075,Susan,Davis,Bulgaria,001-726-550-2924x2083,stevenanderson@example.org,2021-07-12
5076,Christopher,Jones,Yemen,7193051696,dawn17@example.com,2024-03-27
5077,Eric,Ortega,Cayman Islands,879.626.9094,katrina34@example.org,2022-07-19
5078,Jerry,Little,Cyprus,(331)208-3995,kelly30@example.com,2023-11-07
5079,Nicholas,Hernandez,Tunisia,+1-855-554-2690x2911,adam94@example.com,2020-06-25
5080,Austin,Harrison,Libyan Arab Jamahiriya,(610)578-9073,ilewis@example.net,2023-06-03
5081,Keith,Davenport,Congo,001-520-970-5099x311,hamiltonleon@example.org,2024-05-31
5082,Bradley,Turner,Guernsey,325-648-8240x9495,michele79@example.net,2024-10-11
5083,Kara,Silva,Cocos (Keeling) Islands,645.735.5955x795,georgewall@example.com,2021-09-25
5084,Jessica,Williams,Western Sahara,5662895156,amysingh@example.org,2020-01-10
5085,Patricia,Perez,Albania,734.976.6775,katielee@example.net,2025-05-02
5086,Veronica,Baker,Norfolk Island,+1-356-233-3359x62856,michael06@example.org,2021-11-25
5087,Diane,Gilbert,Libyan Arab Jamahiriya,+1-390-256-0728x504,watsonstephanie@example.net,2020-01-02
5088,Wesley,Sanders,Guinea-Bissau,001-595-231-3614x91365,catherinedavidson@example.com,2020-09-29
5089,Molly,Hayden,Cote d'Ivoire,416-687-4817,quinnmichael@example.org,2020-02-13
5090,David,Villa,Liberia,761-473-4457x87584,jason77@example.com,2022-08-29
5091,Crystal,Knox,Kuwait,001-619-892-9421x00319,gmoore@example.com,2021-07-27
5092,Claudia,Campbell,Faroe Islands,001-358-847-7507,heather99@example.net,2021-04-29
5093,Edward,Schmidt,Ecuador,205.634.5834x7724,lsimmons@example.org,2026-01-31
5094,Tammy,Dunn,Ecuador,001-270-225-7923x1280,rebecca64@example.org,2021-11-25
5095,Theresa,Morales,Poland,767.231.9540x6901,adamskimberly@example.org,2021-08-05
5096,Ronnie,Williams,North Macedonia,001-255-880-0583x45748,brian36@example.org,2022-08-02
5097,Steven,Holder,Malaysia,(304)659-1801x3591,dspencer@example.net,2023-09-19
5098,Andre,Bell,Italy,870.799.8978,vortiz@example.com,2020-05-12
5099,Chad,Cabrera,South Georgia and the South Sandwich Islands,4879893959,owoods@example.com,2026-01-28
5100,Sherri,Padilla,Mongolia,291.960.3639,adamwilliams@example.net,2021-09-15
5101,Jessica,Clark,Albania,001-992-917-2863x7336,anthonydominguez@example.com,2026-03-10
5102,Thomas,Henry,Saint Helena,3714420213,mariaevans@example.org,2025-03-05
5103,Isaac,Anderson,French Guiana,001-316-972-8122x5146,vgonzales@example.com,2024-03-11
5104,Christopher,Ellis,Mauritius,001-817-639-3361x31798,pmartinez@example.org,2020-02-21
5105,David,Barker,Mali,591.291.6811,oparks@example.net,2020-11-10
5106,Donna,Perez,Sweden,708.586.4158x987,dennisruiz@example.net,2023-08-31
5107,John,Perkins,Spain,218-666-0638,xkelly@example.org,2020-09-09
5108,Mariah,Hunt,Guam,929.988.2754,jason18@example.net,2021-03-29
5109,Melissa,Craig,Madagascar,206-392-2336,fishermichael@example.org,2023-12-21
5110,Frank,Mcbride,Cote d'Ivoire,(876)598-0111,amber79@example.net,2022-12-13
5111,Nicholas,Atkinson,Bouvet Island (Bouvetoya),(448)954-0229x7145,yvettegutierrez@example.net,2020-08-16
5112,Sandra,Flynn,Trinidad and Tobago,841.277.2443,dustin76@example.com,2020-03-25
5113,Sandra,Lawson,Syrian Arab Republic,+1-287-392-1168,courtney03@example.net,2022-04-25
5114,Eric,Wagner,Serbia,454-696-2160,mperry@example.org,2021-01-25
5115,Kevin,Lopez,French Guiana,968.806.3337x03861,moorevictor@example.net,2023-12-18
5116,Stephanie,Mccarthy,Anguilla,267-888-2930x871,toddperry@example.org,2024-07-04
5117,Darren,Roy,China,(387)645-4051x53877,lsanchez@example.com,2022-11-06
5118,Megan,Macias,Palestinian Territory,357.794.2115,riveraronald@example.com,2024-02-04
5119,Barry,Gordon,Bouvet Island (Bouvetoya),001-694-462-5804x19669,frederick42@example.org,2021-02-14
5120,Kara,Carroll,Syrian Arab Republic,+1-302-993-8571x1756,cball@example.org,2025-10-13
5121,Michael,Johnson,Cook Islands,(710)867-2068x32896,archerkevin@example.com,2023-07-21
5122,Benjamin,Miller,Thailand,778.259.1892,twalker@example.com,2020-01-20
5123,Cindy,Stokes,Northern Mariana Islands,+1-642-963-9752x840,deannaalvarado@example.org,2024-10-19
5124,Bradley,Kane,South Africa,001-991-304-3631x284,donaldfrye@example.org,2023-05-09
5125,David,Harris,Guinea-Bissau,737.604.7200,qsanchez@example.net,2022-08-27
5126,Cheryl,White,Turks and Caicos Islands,001-617-376-2072,susan82@example.com,2025-01-19
5127,Jacob,Palmer,Moldova,665.622.5050x2545,katiehenderson@example.org,2020-03-14
5128,Samuel,Brown,Dominica,+1-341-809-4286x144,stevenevans@example.net,2025-01-28
5129,Sarah,Martinez,French Polynesia,001-276-813-0721,badams@example.net,2023-06-05
5130,Michael,Lin,Antigua and Barbuda,9998274450,john04@example.net,2025-11-22
5131,Brenda,Bush,Nepal,368-789-7697x9526,lopezrandy@example.net,2023-03-29
5132,Michael,King,Belgium,616-563-7780,obishop@example.org,2024-01-30
5133,Darlene,Alexander,Namibia,416.890.2450,bowmanbrittany@example.net,2021-04-07
5134,Dorothy,Flores,Swaziland,574.991.3898x8141,lauren26@example.org,2023-04-26
5135,Lisa,Monroe,Saint Vincent and the Grenadines,959.392.9534,christopherflores@example.com,2024-10-28
5136,Michael,Griffin,Mayotte,001-300-551-1151,katherinejohnson@example.com,2022-09-16
5137,Todd,Johnson,Portugal,419-698-8305,kingjohn@example.org,2022-01-21
5138,Jessica,Riley,Mauritius,317-555-8330x6559,uwilson@example.net,2023-07-24
5139,Sarah,Braun,Saint Helena,4316561016,kari59@example.org,2022-11-18
5140,Sarah,Lang,Kyrgyz Republic,(366)980-7416,murphysandra@example.com,2023-09-11
5141,Roger,Williams,Ukraine,(815)377-4912,paul78@example.com,2025-02-01
5142,Nathan,Johnson,Northern Mariana Islands,(540)591-1180,dgray@example.org,2022-10-01
5143,Joshua,Grimes,San Marino,001-637-986-3607x641,andrewhampton@example.net,2023-01-23
5144,Shannon,Bautista,Burkina Faso,975.451.4124,clarklauren@example.com,2023-08-19
5145,Kyle,Morris,Andorra,511-902-9535,cristina84@example.org,2023-05-14
5146,Janet,Bush,Bahrain,(379)673-3958x0751,samanthahughes@example.com,2020-05-16
5147,David,Bradshaw,Hong Kong,+1-654-271-0194x02338,harryjordan@example.com,2024-04-01
5148,Sean,Mitchell,Canada,001-233-753-6508,tjones@example.net,2020-09-07
5149,Bethany,Mcdonald,Slovenia,980-969-6381,careycalvin@example.org,2023-06-06
5150,Dominic,Patterson,Czech Republic,001-676-686-6041x2212,danielmorgan@example.org,2020-01-12
5151,Traci,Jones,Philippines,960-235-2677,stephanievelez@example.net,2021-04-17
5152,Alicia,Evans,Haiti,9196636440,karenbarajas@example.com,2021-12-10
5153,Denise,Cook,Marshall Islands,8402012953,shernandez@example.net,2022-06-11
5154,Julia,Lamb,Vanuatu,+1-404-452-5064x637,hudsonchristopher@example.org,2025-05-29
5155,Brandon,Vega,Wallis and Futuna,972.932.1490,caitlin09@example.com,2022-01-25
5156,Kathryn,Adams,Mongolia,342.943.4453,raymond02@example.net,2020-04-13
5157,Kevin,Simmons,Nicaragua,512.541.8455,audreysimmons@example.net,2020-03-17
5158,Nancy,Rice,Reunion,001-433-798-2414x61430,michellelynch@example.com,2020-10-02
5159,Monica,Johnson,Sweden,+1-649-550-5614x6898,salasbrandi@example.org,2021-12-22
5160,Melanie,Wade,Morocco,+1-930-617-6158,catherinephillips@example.org,2020-03-27
5161,David,Goodman,Nauru,398.293.6630,yadams@example.com,2025-06-30
5162,Antonio,Lee,Niue,374-212-0716,owenspatrick@example.net,2021-07-26
5163,Derrick,Allen,Thailand,001-814-865-3494,ubailey@example.com,2020-06-26
5164,Ian,Carter,Wallis and Futuna,(384)441-6017x26937,xmartinez@example.com,2025-04-27
5165,Dennis,Hubbard,Bouvet Island (Bouvetoya),965-221-9092,bbrown@example.net,2023-08-22
5166,Chad,Miller,France,+1-837-479-9085,elizabeth78@example.com,2025-10-22
5167,Joseph,Davis,Belgium,+1-526-762-3516x92673,madisonirwin@example.com,2025-09-17
5168,Ruben,Vargas,Lebanon,813.233.1050,ggeorge@example.com,2021-01-02
5169,Theresa,Rocha,Martinique,+1-383-298-9293x14821,trujillogabriel@example.net,2025-08-24
5170,Erik,Wolfe,Nauru,+1-561-330-5063x309,browntamara@example.org,2026-02-18
5171,Bradley,Pham,Jersey,926-657-8407x096,clarkdonald@example.org,2022-04-13
5172,Kelly,Owens,Bosnia and Herzegovina,564.481.4090,annekirby@example.com,2025-06-04
5173,Marvin,Buckley,Dominican Republic,5803112104,williamskristi@example.net,2020-11-29
5174,Crystal,Morrow,Guinea,675.372.7363x889,asolomon@example.com,2024-07-09
5175,Alexandra,Kim,Niger,502-266-9363x150,gillespiejacqueline@example.org,2021-04-29
5176,Ruben,Martin,Mexico,(730)505-3445x813,stephanie43@example.org,2022-06-26
5177,Audrey,Brown,Togo,(582)810-7176,bauerashlee@example.com,2021-03-17
5178,Michelle,Reynolds,Turks and Caicos Islands,+1-611-360-2383x85797,jacqueline27@example.org,2025-07-27
5179,Whitney,Hall,Antarctica (the territory South of 60 deg S),+1-340-616-3278x7203,aleon@example.com,2026-01-25
5180,Samantha,King,Norfolk Island,001-817-481-1562x420,ablanchard@example.net,2024-10-16
5181,Christina,Wilson,Aruba,2325119509,ruizspencer@example.org,2023-08-05
5182,Jesse,James,Antarctica (the territory South of 60 deg S),+1-734-740-1654,bennettbeverly@example.com,2022-12-07
5183,Kevin,Jacobs,Myanmar,476-761-6912,anthony86@example.com,2023-08-05
5184,Derek,Stuart,United Kingdom,001-309-294-0706x02866,elizabeth71@example.net,2025-07-07
5185,Harold,Jennings,Slovenia,502.641.1582x0847,tvalencia@example.net,2020-04-21
5186,David,Allen,New Caledonia,001-314-860-6407x30220,kennethmays@example.org,2024-12-12
5187,Daniel,Marshall,Bhutan,(377)292-1009x4726,susan29@example.org,2025-09-14
5188,Marc,Christian,Lesotho,(549)576-7501x588,maddoxmatthew@example.com,2020-04-28
5189,Stephen,Walker,Timor-Leste,930.617.2971x6026,sanderskenneth@example.net,2023-01-22
5190,Theresa,Fernandez,Guinea,497.867.8616x21318,tammyrobertson@example.net,2026-02-17
5191,Robert,Montoya,Afghanistan,001-656-686-1518,dunlapjohn@example.net,2022-08-21
5192,Chris,Mills,Suriname,480.242.0017,jasonayala@example.org,2021-07-11
5193,Billy,Martinez,Malawi,(616)724-1730x002,michael51@example.org,2020-12-09
5194,Dwayne,Christian,Cuba,718-718-8045x0454,timothy73@example.org,2021-01-18
5195,Carla,Long,Sao Tome and Principe,(329)828-7358x7534,smithchristian@example.org,2025-11-07
5196,Thomas,Sexton,Ireland,001-221-498-7036x3822,amber68@example.org,2025-01-11
5197,James,Mason,France,(466)785-0075x690,edwardlong@example.com,2023-05-12
5198,Pamela,Good,Eritrea,001-333-761-9221,christopher95@example.org,2024-12-12
5199,Jessica,Braun,Sweden,505.441.6192,antonio19@example.com,2024-09-22
5200,Warren,Harris,Argentina,919-801-0809x70776,tammywilliams@example.org,2025-07-24
5201,Daniel,Fuller,Japan,990.884.6015x34986,zhendrix@example.net,2026-02-19
5202,Stephen,Shaffer,Netherlands,756-543-1746,wilkersondennis@example.net,2023-04-06
5203,Joshua,Holt,Tajikistan,455-406-3292,jenniferking@example.net,2025-01-14
5204,Angela,Price,Saint Helena,+1-378-479-1472x080,fstevens@example.net,2021-11-25
5205,Blake,Gonzalez,Zambia,529-460-9476x435,johnsondrew@example.com,2025-03-07
5206,Kara,Jackson,Cote d'Ivoire,001-940-886-9353x887,benjaminbryant@example.com,2025-10-31
5207,Matthew,Howard,Argentina,5652581237,thomasmanning@example.com,2021-01-26
5208,Heidi,Harrington,Aruba,970-943-4769,jamesalexander@example.org,2025-10-16
5209,Jeremy,Wright,Australia,+1-691-934-2190x16762,higginscynthia@example.org,2024-07-22
5210,Shawn,Johnson,Central African Republic,(205)762-5770x6006,alyssagentry@example.com,2024-07-31
5211,Nicholas,Ruiz,Korea,808-328-1065,esanders@example.com,2026-01-23
5212,Nicholas,Evans,Wallis and Futuna,001-696-330-0892x127,oray@example.com,2024-12-05
5213,Heather,Myers,Mayotte,(892)472-5570x157,twillis@example.org,2023-04-25
5214,William,Petty,Portugal,884-546-3617,misty01@example.com,2022-07-07
5215,Michael,Butler,Albania,(567)777-1035x1770,nguyenjennifer@example.net,2020-02-09
5216,Traci,Rivera,Mongolia,252.935.5352x0495,nwright@example.com,2024-09-10
5217,Sierra,Sutton,Ireland,001-407-947-9219x1258,jessica37@example.org,2025-04-20
5218,David,Lee,Singapore,387-879-3926,allenmeagan@example.org,2026-03-10
5219,John,Middleton,Philippines,(503)510-0070x35819,clopez@example.com,2021-02-19
5220,Thomas,Nguyen,Bosnia and Herzegovina,+1-856-585-2742x27484,michelle51@example.org,2023-07-09
5221,Kimberly,Harris,Barbados,257.920.6638x1378,evelyn28@example.net,2020-07-29
5222,Kenneth,Schwartz,New Caledonia,001-509-790-4457x416,sherrythompson@example.net,2021-06-28
5223,Laura,Smith,Saint Helena,+1-695-278-7332x409,zgarcia@example.org,2024-11-07
5224,Michelle,Hall,Turkey,6482051381,linda98@example.org,2022-02-09
5225,Rita,Arnold,Belgium,573.636.0914,mileskimberly@example.net,2020-10-10
5226,Corey,Martinez,Saint Martin,(720)401-3091x95783,joann17@example.com,2021-01-30
5227,Alexis,Weber,Paraguay,(646)323-8975x1600,grimesapril@example.org,2020-09-01
5228,Tamara,Burke,United States Virgin Islands,(316)906-9510,diana62@example.net,2023-03-11
5229,Mary,Johnson,Albania,001-673-279-4310x07813,bishopedgar@example.net,2020-12-02
5230,Laura,Diaz,Saint Helena,(912)215-6030x041,jenniferbeasley@example.com,2022-06-22
5231,Ethan,James,British Indian Ocean Territory (Chagos Archipelago),6344608052,jonesjanet@example.com,2021-11-05
5232,Jordan,Brown,Bosnia and Herzegovina,930.589.4692x1150,nschmidt@example.org,2021-12-10
5233,Wayne,Allen,Afghanistan,(730)622-2636x612,yangmaria@example.org,2024-04-11
5234,Samantha,Chapman,Vietnam,(971)216-2326x72389,clarksusan@example.org,2025-02-19
5235,Christopher,Gray,Bosnia and Herzegovina,001-879-482-5878x694,georgeheath@example.com,2023-11-18
5236,Peter,Riley,Palau,(789)363-1336,karenhorn@example.com,2025-07-20
5237,Angela,Young,Czech Republic,860.460.9066,bensonlaura@example.net,2020-04-12
5238,Aaron,Rodriguez,Kuwait,001-556-959-2355x14168,floresmark@example.com,2021-04-27
5239,Melanie,Johnson,Netherlands Antilles,(700)323-0342x488,joseph81@example.com,2023-01-08
5240,Kimberly,Ward,Luxembourg,225.314.4718x785,scottsullivan@example.com,2022-12-29
5241,Lawrence,Edwards,Guernsey,699.510.2978x61306,ocollins@example.org,2022-08-01
5242,Kathryn,Dunn,Slovakia (Slovak Republic),6574669548,sheila85@example.org,2023-03-28
5243,Robin,Moses,Guatemala,001-921-557-1741x092,xwilson@example.com,2022-06-12
5244,Christina,Bray,Montenegro,001-277-816-2537,dan29@example.com,2020-06-22
5245,Noah,Black,South Georgia and the South Sandwich Islands,909-411-6627,evanhogan@example.net,2022-06-16
5246,Kenneth,Gillespie,Solomon Islands,001-957-759-3267x733,ashley30@example.com,2020-10-14
5247,Christina,Contreras,Netherlands,+1-231-252-5660x24546,tylerdavis@example.org,2025-05-29
5248,Paul,Edwards,Belize,666.286.6810x8319,kaitlynhill@example.org,2025-01-06
5249,Monica,Molina,Korea,220-923-3208x9686,eric45@example.net,2022-01-31
5250,John,Lopez,French Polynesia,001-792-778-0303x558,wlyons@example.org,2020-06-17
5251,Luke,Hunt,Aruba,995-513-9843x80253,hutchinsonemily@example.net,2023-04-26
5252,Victoria,Smith,Liberia,(726)476-6443x92767,andersonjustin@example.net,2026-02-02
5253,Richard,Sellers,Korea,001-377-359-8262x578,isilva@example.com,2020-04-02
5254,Jennifer,Price,Equatorial Guinea,+1-202-868-0870x912,francis41@example.net,2022-01-28
5255,Jerry,Johnson,Isle of Man,+1-407-887-5823x3417,uward@example.org,2023-07-03
5256,John,Li,Antarctica (the territory South of 60 deg S),260.726.0453x71698,kathryn77@example.com,2020-04-16
5257,Matthew,Rice,Venezuela,357-959-8078,johnporter@example.com,2024-04-25
5258,Taylor,Parks,Guatemala,(414)897-1758x3108,leejanet@example.net,2023-12-05
5259,Austin,Perry,China,563.513.8401,houstonwendy@example.com,2020-07-21
5260,Christopher,Bates,Turkey,647.895.5247x56935,bryantdavid@example.com,2021-07-18
5261,Dawn,Huynh,Guinea,340-904-0020x820,normanwilliam@example.com,2021-01-29
5262,Alicia,Lee,Somalia,(447)467-9049,rmiller@example.org,2022-08-15
5263,Andrew,Nelson,Micronesia,+1-943-881-8522x874,tim36@example.com,2025-01-21
5264,Wendy,Hernandez,Greenland,001-766-441-7419x43393,natashadowns@example.net,2024-06-04
5265,Emily,Richards,Northern Mariana Islands,+1-230-701-7602,ibruce@example.net,2024-07-26
5266,Kevin,Ibarra,Ukraine,+1-356-536-8556x7303,ssavage@example.org,2025-08-18
5267,Raymond,Torres,Saint Kitts and Nevis,+1-469-651-2061,nsmith@example.net,2021-11-07
5268,Kristin,Crawford,Jersey,684.858.6221,tiffanychandler@example.com,2024-11-26
5269,Sarah,Freeman,Peru,001-684-505-6881,heatherdaniel@example.org,2021-05-31
5270,Ashley,Anderson,Mongolia,001-332-697-8510x201,deleonrobert@example.org,2021-04-11
5271,Douglas,Rodriguez,Gambia,(393)202-2052,robert01@example.com,2022-07-27
5272,Alan,Waters,Czech Republic,238.674.2406,jonescarlos@example.net,2020-03-20
5273,Nicholas,Caldwell,Cambodia,001-697-421-7762x0191,amybryant@example.net,2023-01-23
5274,Lydia,Bonilla,Bahamas,+1-848-985-5304x7285,priscillawheeler@example.net,2021-06-29
5275,Ashley,Johnson,Cote d'Ivoire,948.353.8799x94234,cfowler@example.com,2020-06-08
5276,Megan,Berger,Hong Kong,787.751.4399x5969,steven67@example.net,2024-06-27
5277,Jeremy,Scott,Tokelau,001-822-576-8408x42676,ggonzalez@example.net,2025-05-25
5278,James,Scott,Niue,700-491-5633,tiffanyalexander@example.com,2020-10-25
5279,Charles,Taylor,Palau,624-767-2139x240,grantjoseph@example.net,2021-04-12
5280,Jennifer,Smith,Dominica,+1-647-443-3596x6106,theresamunoz@example.org,2023-02-13
5281,Christopher,Salinas,Belize,+1-239-544-2511x427,alexis48@example.org,2021-11-30
5282,Tammy,Mendez,Iraq,001-706-229-3285,hdunn@example.com,2022-05-02
5283,Todd,Chang,Fiji,001-901-369-7449x8931,rhonda04@example.com,2026-02-10
5284,Kristi,Campbell,Austria,001-850-238-5818x922,ccunningham@example.org,2022-05-05
5285,Matthew,Osborne,Angola,(878)695-5138,michael13@example.org,2025-02-23
5286,Anna,Berger,Malaysia,9295042705,colonkathleen@example.net,2022-09-10
5287,Eric,Owens,Ethiopia,(466)275-0272,gallagherjill@example.net,2025-09-01
5288,Dawn,Jones,Vanuatu,213-518-0229x3549,sierracook@example.com,2024-07-15
5289,Maria,Crane,Gambia,+1-830-679-0261x149,barreradavid@example.org,2026-02-19
5290,Kimberly,Frye,Greenland,638.844.2535,nduran@example.com,2024-06-08
5291,Allison,Salazar,Dominica,(841)662-8432x393,qramirez@example.com,2025-05-02
5292,Stephanie,Hahn,Senegal,385.653.4893x9297,fergusonjason@example.net,2022-06-03
5293,Chad,Love,Holy See (Vatican City State),+1-585-467-4815x199,valerie92@example.com,2022-08-20
5294,Rachel,Cole,Angola,7238211751,lisaanderson@example.org,2025-11-11
5295,Sally,Bates,Guam,374-518-1901x8542,pateldaniel@example.net,2021-07-15
5296,Brendan,Boyd,Cape Verde,(414)516-7566x78410,jbrown@example.net,2022-12-11
5297,Monica,Lee,Uruguay,001-921-274-5042x68137,kenneth91@example.net,2023-07-06
5298,Lorraine,Fleming,Angola,671.576.8589,reginald82@example.org,2022-07-21
5299,Diana,Jimenez,Saint Martin,+1-543-288-4631x99326,stephanie58@example.org,2025-04-05
5300,John,Russo,Anguilla,(692)247-8915,heather96@example.org,2022-04-24
5301,Alejandro,Garcia,Guinea,442.733.1034,heathdaniel@example.net,2023-06-27
5302,Michael,Barnes,Jersey,556.417.4617,gregorywilson@example.net,2021-02-18
5303,Holly,Price,Comoros,(766)557-3118x42750,vdavis@example.com,2024-08-11
5304,Kayla,Santos,Tajikistan,882.434.6486x535,thomasjesse@example.org,2021-01-27
5305,Patricia,Powell,Korea,462-389-0230,cody48@example.com,2020-08-15
5306,Sarah,Rice,Guadeloupe,439-824-0264x6212,gary14@example.com,2025-05-12
5307,Jeremy,Clark,Cyprus,970.582.5615,david30@example.net,2022-05-11
5308,Gabriel,Robbins,Liberia,824.804.0360x51021,heather75@example.net,2020-11-16
5309,Timothy,Smith,Senegal,001-233-596-0766,zhenry@example.com,2023-06-26
5310,Courtney,Mason,Northern Mariana Islands,916.381.9695x68113,andrewsalinas@example.net,2023-09-28
5311,Bradley,Osborne,Lebanon,+1-302-547-3169,townsendlynn@example.com,2022-06-03
5312,Kimberly,Francis,Palestinian Territory,(782)482-7369x9300,stephaniebentley@example.com,2022-06-21
5313,Lee,Wagner,Saint Kitts and Nevis,001-508-833-7407x211,matthewenglish@example.net,2021-02-25
5314,Timothy,Ferrell,Kiribati,+1-221-948-9547x876,rogerlane@example.net,2024-10-12
5315,Ryan,Hanson,South Africa,(436)874-3008,tony45@example.org,2021-08-24
5316,Lisa,Williams,Cyprus,001-529-737-9893x1118,jonathandunlap@example.com,2020-01-16
5317,Patricia,Richardson,Grenada,+1-733-928-3714x5645,timothy82@example.org,2023-10-12
5318,Jerry,Davis,Djibouti,+1-468-764-8384x5125,garrettamanda@example.com,2022-02-10
5319,Stephen,Stanley,Antarctica (the territory South of 60 deg S),+1-344-878-6271x93573,steinjean@example.com,2025-07-28
5320,Ellen,Garcia,Moldova,+1-720-543-9226x3791,paulrenee@example.net,2020-12-30
5321,Christine,Bowen,Qatar,621-366-5969x8394,hansenstacy@example.org,2020-05-10
5322,Kevin,Brown,Slovenia,271.903.9062,brianclayton@example.net,2023-09-07
5323,Nathan,Watkins,Gibraltar,(637)421-4806x751,ryan53@example.org,2023-04-16
5324,Jaime,Peterson,Kuwait,(685)577-8153x2631,jsmith@example.org,2022-02-15
5325,Anthony,Morse,Sierra Leone,737-785-9162,ososa@example.net,2020-05-17
5326,Dave,Carter,Algeria,563-521-4160,melissa16@example.org,2025-07-04
5327,Stephanie,Bailey,Morocco,(402)927-2066,mbell@example.com,2024-10-11
5328,Thomas,Winters,Estonia,+1-306-674-1819x076,rwilliams@example.net,2025-06-22
5329,Robert,Crawford,Albania,001-475-516-8444x460,hughesalexandra@example.org,2025-02-08
5330,Robert,Hardy,Ecuador,(825)379-0964,ladams@example.net,2021-10-04
5331,Lauren,Stuart,Grenada,932-388-2512x4674,diazphillip@example.net,2025-04-21
5332,Jason,Haynes,San Marino,743-211-2640,sanchezbrittany@example.org,2022-02-27
5333,Jason,Ryan,Macao,2436916106,scottrivas@example.org,2024-08-13
5334,Andrea,Boyle,Belgium,242.268.1217,natalieconley@example.net,2022-07-08
5335,Crystal,Rose,Sudan,2548310544,websterjessica@example.com,2020-04-05
5336,Gregory,Poole,Kuwait,(546)687-8663x051,brandonesparza@example.com,2020-01-06
5337,Daniel,Lawson,Samoa,503-811-7005x499,tinadavis@example.com,2021-09-10
5338,Sara,Nelson,Australia,3093486776,james68@example.net,2022-02-06
5339,Heather,Strong,Switzerland,+1-834-630-6447x9520,tmcdonald@example.com,2023-01-19
5340,Robert,Pineda,Honduras,+1-641-939-2631,dawnweaver@example.org,2022-02-17
5341,Joseph,Osborne,Canada,001-413-421-0349x112,michael37@example.com,2025-06-12
5342,Aaron,Holmes,Yemen,(518)491-1460x5113,ntaylor@example.org,2024-09-30
5343,Brandon,Gonzalez,Bahamas,302.302.0880x78926,jhall@example.org,2022-10-18
5344,Margaret,Herman,Ghana,+1-751-443-9910x30669,clarkkristen@example.net,2023-08-23
5345,Elizabeth,Walter,Ukraine,001-551-343-7428x41307,kevin63@example.org,2024-04-25
5346,Tony,Johnson,Monaco,+1-685-555-2076x8654,danielcrosby@example.org,2022-04-15
5347,Andrew,Park,Burundi,6923300203,toddherrera@example.net,2021-08-18
5348,Tracy,Barnes,Cameroon,602.947.3455x0156,michelle78@example.org,2024-01-22
5349,Brandon,Roman,Puerto Rico,721.650.5270,roberta55@example.net,2023-06-04
5350,Michele,Herrera,Solomon Islands,+1-286-968-3165x2476,smithjohn@example.com,2023-12-26
5351,Kimberly,Gill,Cape Verde,(888)996-6050x7405,fitzgeraldmeagan@example.org,2025-06-02
5352,Andrew,Beasley,Bulgaria,395.295.0649,collinsbradley@example.com,2021-02-14
5353,Edward,Olson,Bouvet Island (Bouvetoya),592.384.0561x579,smithamanda@example.com,2020-12-01
5354,Robert,Nelson,Spain,404-845-8435x062,martinabigail@example.net,2022-05-13
5355,Larry,Santiago,Peru,+1-365-316-1950,ramirezpenny@example.org,2020-07-22
5356,Jamie,Gomez,Mongolia,001-410-349-9447x98844,mcbridebenjamin@example.com,2021-03-26
5357,Stephanie,Johnson,Chad,996-214-6553,bradley93@example.com,2024-12-27
5358,Katherine,Yang,Congo,(958)792-3683x19842,ltaylor@example.net,2023-06-22
5359,Zachary,Delacruz,Austria,+1-346-917-6242,matthewlloyd@example.net,2022-12-28
5360,Jordan,Colon,Singapore,001-744-664-8391x2324,dwatson@example.net,2020-03-03
5361,Jacob,Gomez,Spain,956.585.1812x169,wendy18@example.com,2022-01-10
5362,Alan,Howe,Egypt,(845)314-5987,cassandra50@example.net,2020-10-30
5363,Debra,Schultz,Solomon Islands,669-239-6587,urodgers@example.org,2023-10-29
5364,Sean,Davis,Liechtenstein,(525)781-5970x12967,upetersen@example.org,2024-02-23
5365,Danielle,Blake,Guam,001-395-392-5732x9850,lmosley@example.org,2021-09-27
5366,Nicholas,Rivers,Slovenia,+1-603-940-0659x5694,oreed@example.org,2024-06-13
5367,Adrienne,Curtis,Nepal,(350)549-8949x32226,ymarks@example.org,2025-03-13
5368,Jose,Leblanc,India,3562457991,travisandrew@example.net,2022-04-14
5369,Michelle,Parrish,Ireland,338.781.8834x1746,eric41@example.com,2024-09-04
5370,Tiffany,Johnson,Jordan,001-386-864-7712x82426,robertjones@example.net,2025-01-07
5371,Gail,Joyce,Palestinian Territory,(616)686-3681,hannah20@example.org,2025-10-31
5372,Mitchell,Jones,Luxembourg,(522)320-0008x312,randy33@example.com,2024-10-13
5373,Brian,Coleman,Croatia,532-381-7197x454,cassandra06@example.org,2021-11-23
5374,Sarah,Walker,Uzbekistan,(208)857-1912,aliciachung@example.com,2023-01-23
5375,Jennifer,Roberts,Tuvalu,3824164417,michaelalvarez@example.com,2020-01-18
5376,Rachel,Vasquez,Burundi,+1-507-345-8093x26223,adavis@example.org,2024-12-20
5377,Bryan,Snyder,Cameroon,353-472-6666,alexis54@example.net,2022-12-02
5378,Brenda,Jones,Maldives,001-997-729-6054x926,hunterstephen@example.com,2024-07-11
5379,Danielle,Collins,Dominican Republic,001-447-896-8860x69876,marissamorales@example.com,2020-06-03
5380,Patricia,Nguyen,Antigua and Barbuda,312-521-7601x47888,theodore57@example.com,2025-09-21
5381,Stacey,Hernandez,Vanuatu,001-289-539-6549x065,emilymosley@example.com,2020-10-21
5382,Michael,James,Congo,(698)618-9414x6122,paulwise@example.org,2020-12-17
5383,Dawn,Howard,Libyan Arab Jamahiriya,001-474-608-1417x97142,nrobinson@example.net,2020-08-06
5384,Andrew,Clark,El Salvador,001-214-493-2882x193,huangjustin@example.com,2023-03-26
5385,Sara,Johnson,Svalbard & Jan Mayen Islands,(403)376-5191,blanchardtyrone@example.org,2025-07-16
5386,Stephanie,Ramirez,Solomon Islands,+1-878-819-8883x161,kendra82@example.net,2022-03-23
5387,Bruce,Lee,Solomon Islands,+1-299-437-1193x626,rollinsdaniel@example.net,2021-03-27
5388,Megan,Norris,Japan,(342)733-1286x3813,jonesruben@example.net,2021-05-09
5389,Kendra,Beck,Germany,+1-822-287-3805,michellewilliams@example.com,2024-04-19
5390,Stephanie,Ray,Mauritania,(410)327-8409x038,rhughes@example.com,2021-05-26
5391,Renee,Hill,El Salvador,(873)740-1328,taylordavid@example.com,2021-05-20
5392,Derrick,Lopez,Poland,+1-311-571-7633x8163,john89@example.com,2022-06-02
5393,Danielle,Gilbert,Moldova,001-505-936-7641x883,dholmes@example.org,2025-06-15
5394,Jennifer,Reese,Argentina,959-387-7023x77247,juan06@example.org,2025-06-23
5395,Brenda,Allen,Bhutan,(280)351-3591,ryanmendoza@example.org,2020-05-09
5396,Christina,Meyer,Singapore,001-864-884-3823x690,hooversean@example.org,2025-12-02
5397,Philip,Ward,Equatorial Guinea,605-981-0975x428,cassandra09@example.com,2020-11-02
5398,Amy,Johnson,Qatar,001-339-501-7038x6914,michaelfarrell@example.com,2021-10-01
5399,Margaret,White,Iraq,804-843-4781,thomas27@example.com,2023-06-06
5400,Thomas,Sanders,Cayman Islands,(445)521-3101x07899,uscott@example.org,2020-05-01
5401,Whitney,Becker,Switzerland,523-990-3609x0350,larrysavage@example.com,2023-06-01
5402,Chad,Johnson,Canada,872-281-7237,jeffreyphillips@example.net,2025-12-30
5403,Linda,Christensen,Australia,5849419370,caleb99@example.org,2021-07-18
5404,Blake,Hall,Christmas Island,001-676-599-4860x766,ashley47@example.net,2024-04-15
5405,Lori,Green,Vanuatu,428.986.1274,maryyork@example.net,2023-12-11
5406,Elizabeth,Nguyen,Hungary,923.280.0837x577,laustin@example.net,2023-09-12
5407,Kayla,Floyd,Ecuador,+1-778-734-9419,thomas82@example.net,2025-12-07
5408,Frances,Salinas,Uzbekistan,(997)282-8174,johnbrooks@example.org,2026-02-05
5409,Larry,Coleman,Norway,+1-850-815-4802,michellebarton@example.net,2020-04-09
5410,Jessica,Weaver,Honduras,(709)355-4241,thomasdeanna@example.com,2023-04-10
5411,Christopher,Andrews,Saint Helena,001-572-764-9199x089,skelley@example.com,2020-04-15
5412,Alyssa,Navarro,Fiji,5426101668,wmartinez@example.com,2021-10-17
5413,Kevin,Rowland,Switzerland,(421)675-5928,william04@example.com,2022-01-19
5414,Barbara,Edwards,Papua New Guinea,+1-412-212-1911,jonathanhenderson@example.com,2020-09-18
5415,John,Yang,Croatia,619.388.2640,ashley01@example.com,2022-06-18
5416,Patricia,Miller,United Kingdom,(502)350-0137,michael93@example.org,2026-02-04
5417,Gregory,Salazar,San Marino,(730)777-5646x3226,asherman@example.org,2021-03-17
5418,Charles,Taylor,United Kingdom,001-544-816-0199x3366,aprilgreene@example.net,2021-05-19
5419,Christopher,Alexander,Estonia,+1-881-402-5622,robert53@example.org,2020-01-04
5420,Dean,Jones,Faroe Islands,001-601-808-1526x0452,katie60@example.org,2021-04-21
5421,Edward,Snow,Jordan,720.221.7997,fgarcia@example.org,2025-04-10
5422,Jay,Leonard,Iraq,962.689.0999,gardnercatherine@example.org,2023-05-24
5423,Jose,Johnson,Ethiopia,247-984-5110x0080,robin95@example.net,2023-04-04
5424,Dylan,Bartlett,Cambodia,(763)442-1547,gomezbelinda@example.org,2021-10-25
5425,Wanda,Washington,Greenland,3165908940,mharris@example.org,2021-04-30
5426,Curtis,Wiggins,Wallis and Futuna,+1-257-404-9136x21587,dennisperez@example.com,2021-05-11
5427,Natalie,Willis,Papua New Guinea,7477490318,jeff60@example.org,2023-02-24
5428,Sarah,Hester,Swaziland,(373)648-7397x15237,jennifer68@example.net,2022-05-26
5429,Dominique,Brown,Portugal,+1-219-295-8154,david87@example.com,2025-05-12
5430,Jamie,Spence,American Samoa,(328)487-8978,ytaylor@example.net,2020-04-22
5431,Joseph,Sparks,Venezuela,6995673196,boltonronald@example.net,2022-10-23
5432,Michelle,Diaz,Bhutan,4283818060,nbates@example.com,2025-09-26
5433,Brian,Callahan,Yemen,001-519-379-8264x41147,ysmith@example.net,2026-02-25
5434,Ann,Ramos,Reunion,+1-584-336-6916x32645,matthew30@example.com,2020-05-07
5435,John,Fisher,Brunei Darussalam,+1-532-291-3519x4018,tjohnson@example.com,2023-04-29
5436,Erica,Robbins,Aruba,622-286-3326x1365,richard74@example.com,2021-02-09
5437,Angie,Carroll,Iceland,370-260-6495x2224,monicahall@example.org,2024-11-15
5438,Lori,Wade,Kuwait,5135059646,denise30@example.net,2026-01-28
5439,Debra,Taylor,Iceland,326.256.9468x2727,ogonzalez@example.com,2020-09-11
5440,Adam,Hunt,Togo,(569)267-8230x62127,karen16@example.net,2023-07-15
5441,Lauren,Donaldson,Andorra,+1-601-736-5751x965,pmoore@example.org,2020-02-11
5442,Michael,Lopez,South Georgia and the South Sandwich Islands,288-562-0868,riley04@example.org,2023-05-20
5443,Eric,Miles,Northern Mariana Islands,+1-884-997-9498,travisemily@example.com,2020-09-25
5444,Robert,Castillo,Equatorial Guinea,+1-872-797-5413x66190,scott87@example.com,2020-09-04
5445,Eric,Mitchell,Barbados,209-766-2501x81619,farmstrong@example.com,2024-04-26
5446,Scott,Mahoney,Brazil,(341)627-3983x6358,meyerallison@example.org,2025-04-28
5447,Austin,Hayden,Guam,(657)689-2666x663,austinhoffman@example.net,2024-04-16
5448,Rhonda,Smith,Guyana,841.593.3342x061,christopher93@example.net,2021-12-05
5449,Alexandra,Martinez,Algeria,417.793.1539,smithdarren@example.net,2023-03-06
5450,Stacy,Allen,Sweden,537.690.9843,james87@example.org,2023-02-10
5451,Nicolas,Perez,Libyan Arab Jamahiriya,4617898995,lponce@example.org,2022-09-10
5452,Amanda,Ford,Guinea-Bissau,772-746-5661x4270,paulaknapp@example.net,2024-08-03
5453,Heather,Hall,Rwanda,001-758-556-3809x78571,oellis@example.com,2023-05-25
5454,Jenny,Montes,Guadeloupe,(323)875-1532,bbass@example.com,2022-04-08
5455,Janice,Murphy,Greece,001-202-396-9518x8451,adam17@example.net,2023-10-03
5456,Leah,Smith,Lao People's Democratic Republic,520-576-3077x40297,brownmary@example.com,2022-02-22
5457,Jennifer,Campbell,Peru,555-858-0623,mark02@example.com,2020-06-10
5458,Ashley,Davis,Aruba,+1-540-854-0801,aprillyons@example.org,2023-03-16
5459,Bryan,Compton,Hungary,781.473.3893,ashley62@example.org,2022-02-17
5460,Joel,Miller,Chad,(844)355-9855,groberts@example.com,2024-08-12
5461,Chris,Le,Central African Republic,(837)577-4116,heatherkaiser@example.com,2025-07-18
5462,Jacqueline,Douglas,Aruba,366.470.7485,hillann@example.com,2023-07-31
5463,Sharon,Mosley,North Macedonia,(614)771-4091,jenniferstevenson@example.com,2021-07-26
5464,Annette,Davis,Tuvalu,+1-363-895-4599x0919,jonathon46@example.com,2021-04-27
5465,Gina,Hall,Dominican Republic,947-388-4212x872,deborahedwards@example.org,2023-12-11
5466,Kyle,Hill,Ethiopia,412.241.1268x85648,debrameza@example.org,2020-11-15
5467,Amanda,Short,Egypt,(333)702-2701,dsandoval@example.net,2022-12-26
5468,Jose,Butler,Thailand,(829)428-3579,ingramsamantha@example.org,2021-06-07
5469,Michael,Harris,Monaco,551-402-6423x932,mark23@example.com,2022-03-29
5470,Elizabeth,Lang,Montenegro,598.253.5736x2930,zjoyce@example.org,2025-09-29
5471,Logan,Smith,Montserrat,4513118125,umorgan@example.org,2021-04-13
5472,Candace,Jackson,Afghanistan,+1-401-427-5719x599,jonesjack@example.com,2025-09-17
5473,Robert,Armstrong,Spain,665.807.3029,michelle30@example.com,2021-03-18
5474,Cynthia,Garcia,Iceland,859-213-5920x120,diana22@example.net,2022-01-14
5475,Thomas,Stark,Philippines,598-434-5154x161,manndesiree@example.com,2021-06-05
5476,Tyler,Washington,Philippines,929-272-2845x07818,gabriellaanderson@example.com,2025-10-29
5477,Laurie,Bell,Latvia,(490)866-4061x9493,kelli86@example.org,2020-06-27
5478,Wanda,Walters,Kuwait,401.308.3940,lperkins@example.net,2024-03-31
5479,Mark,Silva,Guernsey,929.380.0950,ramosdavid@example.com,2022-12-31
5480,John,Powell,Romania,(370)821-8778,amanda42@example.org,2024-04-16
5481,Brandon,Riley,Tokelau,001-417-889-6830x99382,alexandrapotts@example.com,2025-03-27
5482,Leslie,Johnston,Belgium,893-764-4399x290,ryan27@example.com,2024-08-26
5483,Amanda,Hernandez,Swaziland,222-845-0101x93310,stevenmartinez@example.com,2021-10-01
5484,Brian,Roberts,Bouvet Island (Bouvetoya),001-714-990-8690x86340,johngarcia@example.com,2020-01-24
5485,Michaela,Clarke,Azerbaijan,402.876.2292,gwendolyn60@example.org,2022-04-13
5486,Melinda,Sawyer,Israel,+1-504-339-6253x2555,jacqueline80@example.com,2026-02-27
5487,Sarah,Carter,Namibia,+1-506-239-0193x6105,rodriguezleslie@example.org,2024-11-03
5488,Patricia,Carter,Argentina,(663)285-0983,twells@example.net,2025-08-21
5489,Earl,Tran,Kiribati,(723)224-0825,lewisangela@example.net,2023-12-08
5490,Kelly,Harrison,Gambia,(353)893-1038x25845,laurasmith@example.org,2023-10-01
5491,Dean,Walton,Slovenia,001-928-807-5224x76469,steven94@example.org,2021-06-20
5492,James,Mata,Poland,(227)549-9418,huynhscott@example.com,2020-10-03
5493,Julie,Johnson,Afghanistan,(215)872-3385,tomnovak@example.net,2022-06-14
5494,Scott,Hughes,Bahamas,(647)803-8395x189,lawrencewilliam@example.com,2022-07-30
5495,Roy,Stewart,Russian Federation,379.923.2019x12858,racheltrujillo@example.org,2023-06-07
5496,Meghan,Wheeler,Turkmenistan,390-553-5965,vhenry@example.org,2021-11-22
5497,James,Jones,Algeria,2167543113,dmejia@example.org,2025-03-28
5498,Alicia,Gallagher,San Marino,797.744.8898,andreachavez@example.net,2025-11-03
5499,Jessica,Webster,Madagascar,(530)994-9513x34269,belledward@example.net,2025-07-12
5500,Victoria,Alvarado,Denmark,332-415-3134x7971,zgarcia@example.com,2021-09-08
5501,Michelle,Moore,Brazil,001-841-817-7856x79848,waguilar@example.com,2021-11-11
5502,Michael,Donovan,British Indian Ocean Territory (Chagos Archipelago),001-732-732-1603,natalie41@example.net,2023-07-06
5503,Denise,Rodriguez,Thailand,+1-831-506-8973x08954,rachelhamilton@example.net,2021-01-26
5504,Steven,Munoz,Svalbard & Jan Mayen Islands,+1-988-670-9416x5527,rebeccahill@example.net,2023-03-04
5505,Marc,Johnson,Suriname,001-284-473-5264,elizabeth44@example.org,2020-01-24
5506,Samuel,Richardson,Puerto Rico,661-219-1022,edwardseric@example.org,2024-06-15
5507,Bailey,Johnson,Bolivia,496-635-4277,arthur42@example.org,2025-06-05
5508,Eric,Smith,Indonesia,752.324.5268x18037,awashington@example.net,2020-10-25
5509,Steven,Rice,Central African Republic,(267)559-9856x635,ruben83@example.org,2021-02-06
5510,Isabella,Hanna,Portugal,250.667.6641x439,wallsjustin@example.com,2020-04-05
5511,Susan,Welch,Nauru,+1-339-641-7685x1028,gabrielajackson@example.net,2025-12-26
5512,Courtney,Gentry,Mexico,674-611-8422x4630,perrymarissa@example.com,2021-11-27
5513,Robert,Gould,Peru,921-785-5782x5164,steeleamanda@example.com,2020-09-14
5514,Michelle,Dalton,Uganda,(417)514-7389,jimwalker@example.org,2022-02-09
5515,Alicia,Thornton,Guinea-Bissau,(380)698-9793,amy67@example.com,2024-11-21
5516,Joseph,Meyer,Liberia,608.645.4309x384,cookjohn@example.org,2022-05-31
5517,Kimberly,Stephenson,Mauritania,(306)780-9007,sarah15@example.com,2025-10-14
5518,Trevor,Cruz,Maldives,001-386-276-4453x410,oliviamendoza@example.org,2021-04-08
5519,Matthew,Zhang,Cyprus,400-564-4857x4277,dandersen@example.org,2022-03-27
5520,Jerry,Ramos,Cayman Islands,845-359-0429x5663,kennethprice@example.org,2023-05-06
5521,Brooke,Humphrey,Barbados,804.530.0797,heatherschaefer@example.com,2025-09-14
5522,Anthony,Clark,Andorra,830.263.5476x47308,umullen@example.com,2025-01-22
5523,Emily,Brown,Austria,001-226-479-8646x5803,emilymartinez@example.com,2020-03-27
5524,Heather,Wang,Congo,(790)652-0438,todd37@example.org,2025-05-08
5525,David,Larson,Taiwan,(809)760-6538,timothy81@example.org,2022-06-06
5526,Gary,Murphy,Fiji,+1-719-482-1504x703,peterprice@example.com,2025-02-11
5527,Colleen,Green,Norfolk Island,5103797875,ywarner@example.com,2021-04-10
5528,Kyle,Reed,Russian Federation,568.755.8629x85713,flemingmelissa@example.net,2022-06-26
5529,Lori,Wilson,Seychelles,+1-831-589-7691x7956,pdavidson@example.net,2025-07-12
5530,Karla,Brown,Pakistan,2324582310,tonyadiaz@example.net,2022-08-02
5531,Marilyn,Martin,Gibraltar,429-983-3060,amills@example.net,2021-09-14
5532,Samantha,Munoz,Bahrain,+1-602-612-0773,zcoffey@example.org,2022-10-11
5533,Julia,Griffin,United States Virgin Islands,392-692-1228,chavezcaitlin@example.net,2020-03-15
5534,Christopher,Murray,Kuwait,(609)597-8652x943,allenmorgan@example.org,2022-12-07
5535,Robert,Robbins,Hungary,(960)764-1526x91405,cassidygibson@example.com,2022-04-21
5536,Rhonda,Fernandez,Tunisia,001-723-694-6223x803,simmonsjoshua@example.net,2025-11-21
5537,Allison,Munoz,Bermuda,(502)681-7553,howard41@example.net,2024-06-22
5538,Jose,Galvan,Martinique,853.841.7157,wsmith@example.net,2020-09-24
5539,James,Campbell,Niger,001-692-416-8160x481,kalexander@example.com,2021-03-02
5540,Tammy,Lee,Kiribati,(862)760-5105,masonthompson@example.net,2022-07-18
5541,Dominique,Flores,China,+1-903-686-3226,robbinserin@example.net,2021-08-07
5542,Patty,French,Mayotte,+1-906-376-6134x887,elizabethmiller@example.net,2023-12-28
5543,Julie,Alvarado,Mali,2003451433,moranamber@example.com,2024-08-12
5544,Jared,Hale,Timor-Leste,474-271-0578x88344,smithroberta@example.net,2023-04-28
5545,Nichole,Lopez,Zimbabwe,922.447.5151,edward25@example.org,2024-05-18
5546,Rebecca,Tran,Mozambique,647.830.5612x522,robert16@example.net,2024-12-10
5547,Stephanie,Walter,Solomon Islands,(900)553-0720,rayvanessa@example.net,2023-12-10
5548,John,Robbins,Canada,+1-736-713-2548x73132,cnelson@example.com,2023-12-12
5549,Heidi,Silva,Austria,521-585-7313x965,courtney84@example.com,2021-05-22
5550,Christina,Lewis,Azerbaijan,832.790.9006,marcus12@example.org,2023-08-15
5551,William,Young,Central African Republic,(715)899-3694,jsnow@example.net,2023-09-14
5552,Michael,Harris,Belgium,001-629-569-5230x8551,michael87@example.com,2021-05-23
5553,Mary,Gutierrez,Mauritania,512-796-1203x66377,hallnicholas@example.com,2022-05-01
5554,Gary,Phillips,Mauritania,8565943732,joshuadodson@example.org,2020-09-22
5555,Lindsay,Dominguez,French Polynesia,001-250-748-0975x608,charleswilliams@example.net,2020-08-23
5556,Tina,Jarvis,Marshall Islands,911.563.4481x418,jonanderson@example.org,2024-04-19
5557,Walter,Coleman,Marshall Islands,+1-636-841-7702,lisa07@example.com,2020-03-28
5558,William,Santiago,Turkey,+1-814-705-7158x5991,jacqueline37@example.net,2021-10-15
5559,Kimberly,Taylor,San Marino,850.936.6157x991,parkkrista@example.org,2025-07-01
5560,Brenda,Parks,Slovakia (Slovak Republic),489-384-7711,bbrown@example.net,2022-01-11
5561,Cameron,Adams,Tunisia,426-616-9426,tkeller@example.net,2025-01-27
5562,Emily,Nelson,United States Minor Outlying Islands,001-918-659-7354x048,griffithsavannah@example.net,2020-11-23
5563,Anne,Fritz,Bolivia,+1-926-351-6255,heather79@example.net,2022-02-12
5564,Alexandria,Pena,Sao Tome and Principe,(462)286-2286x908,william84@example.com,2023-05-29
5565,Kenneth,Ferguson,Kyrgyz Republic,(518)402-7030x5612,rhonda07@example.com,2024-01-10
5566,Jose,Mcintyre,Saint Vincent and the Grenadines,(376)886-4620,wallerjulie@example.org,2025-01-08
5567,Veronica,Smith,Guadeloupe,001-720-247-9755x187,amcgrath@example.com,2021-09-13
5568,Eric,Lambert,Niue,001-866-554-7490x81328,rvillarreal@example.com,2023-04-14
5569,Lauren,Smith,Liberia,725-975-0546x2447,cruzjohn@example.com,2022-10-15
5570,Brandon,Brown,Libyan Arab Jamahiriya,+1-363-320-9986x822,fguerra@example.org,2025-05-15
5571,Bridget,Sheppard,Seychelles,274-754-3705,jenningskatrina@example.net,2023-02-15
5572,Jerry,Keller,China,(368)454-8054x1805,andrea00@example.com,2023-03-23
5573,Matthew,Berry,Nicaragua,367.602.9946,icarr@example.org,2020-06-19
5574,Tracy,Booker,Chile,(333)613-6141x3321,kwade@example.com,2023-02-15
5575,Katie,Haynes,Cayman Islands,001-325-669-2040,dgreen@example.org,2021-01-18
5576,Shannon,Thompson,Greenland,2955767196,jessica47@example.org,2024-10-05
5577,Natasha,Collins,Vietnam,+1-862-661-5364,denise52@example.org,2020-01-17
5578,Felicia,Higgins,Nauru,+1-926-200-6667x85038,nicolekane@example.com,2025-02-01
5579,Diana,Morales,Singapore,(759)500-7040,jennifersmith@example.org,2024-01-08
5580,Justin,James,Lao People's Democratic Republic,(482)768-4201x295,jblack@example.net,2021-05-24
5581,Harry,Anderson,Lao People's Democratic Republic,460-588-2316x8081,elizabeth19@example.net,2020-06-30
5582,John,Ewing,Central African Republic,001-589-311-5432x0350,rnavarro@example.net,2025-09-16
5583,Cassandra,Weber,Bosnia and Herzegovina,7873099324,freemankelly@example.org,2022-08-21
5584,Johnny,Johnston,Falkland Islands (Malvinas),8675050913,patricia57@example.com,2025-03-04
5585,Robert,Pena,Heard Island and McDonald Islands,001-649-805-0123x088,diana87@example.org,2020-05-11
5586,Rebecca,Kelly,Mali,(581)322-7617x000,danielcook@example.com,2025-01-07
5587,Jasmine,Orozco,Brunei Darussalam,(742)753-5959x93547,anita44@example.net,2022-10-16
5588,Christy,Smith,Madagascar,925-562-3362x246,qwright@example.com,2022-03-23
5589,Ryan,Anderson,Portugal,(386)925-0487,jasoncox@example.org,2020-09-19
5590,James,Hartman,Angola,(967)472-0076,alyssagoodwin@example.net,2024-12-30
5591,Patricia,Tate,Cote d'Ivoire,001-648-299-2180x154,codyhorton@example.com,2022-12-20
5592,Thomas,Morgan,Latvia,+1-910-713-8051x38207,johnstonpeter@example.com,2025-05-30
5593,Brandon,Archer,Uganda,001-331-912-8539x77402,contrerasmatthew@example.org,2023-06-05
5594,Whitney,Stone,Saint Pierre and Miquelon,244-315-7721x9971,ycampbell@example.org,2021-09-17
5595,Gregory,Young,Montenegro,+1-580-639-9483x3049,wpratt@example.com,2025-01-06
5596,Zachary,Crawford,Ghana,(337)589-6198x03356,stevenbennett@example.org,2021-12-01
5597,Michelle,Conley,Greenland,+1-397-997-5604,jared59@example.net,2024-02-05
5598,Kimberly,Tyler,Dominican Republic,296.593.8680x64139,tamara02@example.net,2023-10-28
5599,Austin,Garcia,Algeria,+1-740-438-5388,jtate@example.net,2025-02-27
5600,Pam,Guerra,Estonia,001-245-758-2346x37697,hayesjessica@example.com,2025-06-23
5601,David,Mendoza,Korea,001-798-357-5455x360,roger23@example.org,2022-07-10
5602,Kelly,Brown,Switzerland,444.735.5956,jessica29@example.org,2022-12-02
5603,Victor,Price,Cook Islands,6615137111,hcook@example.org,2023-11-17
5604,Kimberly,Palmer,Chad,453-792-3653x69497,stevenmartin@example.com,2020-10-23
5605,April,Hogan,Chile,+1-499-576-6925x367,stacy83@example.net,2024-12-09
5606,Chelsea,Austin,Thailand,270-527-9371,devin99@example.com,2023-08-28
5607,Joseph,Smith,Bosnia and Herzegovina,968-504-3431,tparker@example.net,2024-01-04
5608,Dawn,Peterson,Oman,800.761.1489,hcummings@example.com,2025-11-30
5609,Richard,Martinez,United States Virgin Islands,948.908.4601x6603,ruthhouston@example.com,2023-04-15
5610,Hannah,Williams,Faroe Islands,(895)849-8661x4310,jreyes@example.com,2022-10-10
5611,Justin,Washington,Kiribati,(634)988-3104x1261,wgiles@example.com,2024-10-26
5612,Shawn,Owen,Fiji,825.979.9313x2672,tmueller@example.org,2024-02-12
5613,Jennifer,Taylor,Tonga,488.791.8816,ntaylor@example.net,2023-11-23
5614,Rebecca,Manning,Cocos (Keeling) Islands,305-757-9332x2998,aolson@example.org,2023-08-15
5615,Amanda,Guerrero,Honduras,973.685.5761x424,andre86@example.org,2023-11-27
5616,Jacob,Miller,Antarctica (the territory South of 60 deg S),359.715.2768x0883,christine87@example.org,2025-03-18
5617,William,Powell,Kazakhstan,(554)787-3088,lrivas@example.com,2024-11-25
5618,Tara,Guerrero,Timor-Leste,237.441.0715,dorozco@example.com,2023-06-05
5619,Joel,Johnson,Cote d'Ivoire,(872)470-7891,mosleyjoshua@example.org,2020-08-08
5620,Joseph,Davis,Luxembourg,677-221-4305,millersuzanne@example.net,2023-10-27
5621,Joshua,Ruiz,Austria,(214)542-1572,jasmine45@example.org,2021-04-17
5622,Stephanie,Johnson,Saint Lucia,+1-629-550-3210x132,fcurtis@example.com,2024-12-07
5623,Wayne,Meyers,Mali,(896)670-6866,huntervictoria@example.org,2020-07-30
5624,Teresa,Arnold,Central African Republic,867.746.0795x115,michelle12@example.org,2020-11-17
5625,Hannah,Castillo,Malawi,001-329-972-3151,elizabethsummers@example.org,2020-12-22
5626,Michele,Warren,Congo,(959)502-7581,andrewhurley@example.com,2025-10-06
5627,Mark,Gutierrez,Rwanda,906-334-5064,danielgreen@example.com,2020-07-11
5628,Stephanie,Harvey,Niger,(844)557-9150,brittany73@example.net,2025-01-03
5629,Desiree,Cooper,Equatorial Guinea,790.349.2365x0784,vnelson@example.net,2022-07-30
5630,Paul,Ramirez,French Polynesia,318-259-2695x732,acevedoallison@example.com,2025-04-05
5631,Sarah,Thomas,Bulgaria,+1-826-985-5841x176,molly48@example.net,2024-09-04
5632,Lisa,Lewis,Ireland,001-415-313-9606,costaernest@example.org,2021-11-19
5633,Mark,Day,Ireland,(975)467-3184x317,rebecca78@example.com,2026-01-17
5634,Melvin,Marshall,Gibraltar,671.660.4444x43928,antonioalvarado@example.net,2020-02-15
5635,Anthony,Kennedy,Moldova,951-411-7044x2934,wmerritt@example.net,2020-09-23
5636,Cameron,Guerra,Tuvalu,(978)289-3768,wlong@example.org,2026-02-09
5637,Michael,Brewer,Ecuador,+1-832-802-8057x30480,jjohnson@example.com,2023-02-24
5638,Joseph,Lopez,Kuwait,001-661-289-1861,jacqueline48@example.com,2025-10-17
5639,Melissa,Hamilton,Liberia,7335874707,phillipsnathaniel@example.com,2024-11-22
5640,Nicole,Smith,Isle of Man,302.458.6260x1518,knightchristopher@example.net,2021-11-06
5641,Carlos,Hood,Angola,001-982-764-1649,xbarnes@example.org,2021-10-16
5642,Cindy,Contreras,Thailand,868-407-0236x52289,edwardduran@example.org,2021-03-25
5643,Amanda,Francis,Costa Rica,001-492-696-6734x13339,john64@example.org,2021-01-24
5644,Susan,Brown,Korea,001-762-303-4115x44114,xhawkins@example.org,2023-02-11
5645,Joseph,Hill,Algeria,(461)497-9754x64361,smithalyssa@example.org,2025-11-02
5646,Lisa,Wilson,Andorra,479-703-8520x8475,joanna88@example.net,2023-09-22
5647,Robert,Evans,Sudan,727-428-6233,colleenfitzgerald@example.net,2023-03-07
5648,Dominique,Kennedy,Falkland Islands (Malvinas),(278)287-9636x83075,umcfarland@example.com,2020-05-27
5649,William,Cruz,United States Virgin Islands,870-640-6349x26116,leerenee@example.org,2026-02-27
5650,Frank,Randall,Japan,760.777.7245x409,bradleystuart@example.org,2023-04-29
5651,Kayla,Mcknight,Niger,969-301-5380,kspence@example.com,2020-06-08
5652,Jacob,Doyle,Romania,001-540-628-5528x12209,wcoleman@example.org,2023-11-22
5653,Jason,Christian,American Samoa,(525)273-6061x898,alexander77@example.org,2023-01-14
5654,Kellie,Waters,Georgia,(949)867-4377x926,sarawalker@example.org,2024-12-12
5655,Aaron,Montgomery,Russian Federation,351.786.4276x508,patriciaclayton@example.net,2021-06-07
5656,John,Robinson,Hong Kong,711.940.7253x507,hunter88@example.net,2020-08-23
5657,Jose,Davis,Philippines,(316)544-1476x54279,santosallison@example.net,2022-02-17
5658,Marilyn,Roy,Guatemala,+1-464-507-5259x53311,heidi42@example.org,2024-03-11
5659,Linda,Powell,Reunion,661-620-7172x81530,christinemontes@example.com,2021-10-03
5660,Christopher,Stevenson,India,866-234-3657x992,hubermary@example.net,2025-10-21
5661,Daniel,Adams,French Polynesia,555.858.5101,murphytimothy@example.org,2024-10-30
5662,Jose,Peck,French Guiana,(851)359-5785,davisbrenda@example.org,2024-04-22
5663,Carla,Martin,San Marino,842-778-4998x17855,nwagner@example.com,2020-12-23
5664,Sara,Green,Guatemala,(736)546-5204x96095,sherry55@example.org,2021-05-07
5665,Jacob,Mendoza,Bahrain,613-764-3636,davidsherman@example.org,2023-10-30
5666,Carla,Smith,Morocco,545-328-4181x9370,adrienne32@example.net,2026-02-17
5667,James,Snyder,North Macedonia,(427)536-1199,stephaniecarpenter@example.net,2021-06-30
5668,Dylan,Harvey,Mali,(485)805-6155x630,kwalker@example.com,2025-02-20
5669,Joshua,Murphy,Norfolk Island,(878)902-6990x8825,david70@example.com,2023-01-22
5670,Lisa,Byrd,Luxembourg,5603723522,sergiosmith@example.net,2025-08-04
5671,Nathan,Hatfield,Cook Islands,227-319-3234,wrightcrystal@example.com,2021-10-19
5672,Mark,Escobar,Syrian Arab Republic,(859)701-9948x253,nealwilliam@example.com,2023-06-13
5673,Eric,Smith,Ukraine,+1-335-377-4060x67515,ashleywaller@example.org,2021-11-22
5674,Christian,Ware,Cook Islands,2313534475,louisprice@example.org,2020-12-12
5675,Dawn,Robbins,Israel,592.660.9857x577,mcculloughmark@example.net,2022-09-18
5676,Kyle,Salazar,Albania,001-756-632-5417x6389,wendymartinez@example.org,2025-06-24
5677,Andrew,Thomas,Marshall Islands,349-974-1438,ewaller@example.org,2020-11-01
5678,Daniel,Jordan,Svalbard & Jan Mayen Islands,(392)668-7978,savery@example.com,2022-04-20
5679,Scott,Simmons,United Kingdom,+1-672-729-7580,tfleming@example.com,2023-10-11
5680,Mark,Shea,Monaco,602.646.4556x5771,singletonmichael@example.org,2024-12-03
5681,Bianca,Roberts,Lebanon,+1-797-655-0467x654,wmartin@example.com,2024-08-30
5682,Ruth,Webb,Saint Pierre and Miquelon,319-926-2302x346,ritteramy@example.com,2020-05-27
5683,Julie,Jones,Jersey,001-453-965-7476x7789,lori65@example.net,2023-04-15
5684,Craig,Chaney,Micronesia,683-336-2666x59676,lauren02@example.org,2021-03-15
5685,Deborah,Gillespie,Brazil,305-799-5208x793,chris25@example.org,2024-01-14
5686,Victoria,Cuevas,Congo,215-232-9323,amber01@example.com,2023-10-11
5687,Jessica,Wagner,Andorra,+1-755-709-8392,ramosteresa@example.com,2022-05-03
5688,Zachary,Smith,Pitcairn Islands,937-439-4596,john21@example.com,2024-03-07
5689,Ana,Robinson,Thailand,466-884-3936,guzmantrevor@example.net,2024-06-01
5690,James,Lambert,Cayman Islands,631.222.5389x0567,fcardenas@example.org,2023-01-07
5691,Cheryl,Howard,Taiwan,9168235642,paul97@example.net,2022-11-16
5692,Michelle,Daugherty,Romania,300-342-2194x363,sharonjames@example.net,2021-09-01
5693,Eric,Berry,Bosnia and Herzegovina,790-971-0385,yfigueroa@example.org,2023-05-01
5694,George,Fuller,Syrian Arab Republic,257-828-9980x8045,markmiller@example.net,2023-05-30
5695,Kyle,Hammond,India,(469)831-5945x5582,vjohnson@example.org,2024-02-04
5696,Randall,Vargas,Singapore,(385)689-6337x220,elizabethschwartz@example.org,2020-07-26
5697,Megan,Oliver,Peru,+1-885-764-8237x188,tylermelanie@example.net,2024-08-05
5698,Summer,Figueroa,Netherlands Antilles,+1-465-512-7106x20554,jfrey@example.net,2025-08-27
5699,John,Bush,Timor-Leste,(538)700-6695x987,dscott@example.org,2022-05-24
5700,Heather,Perez,El Salvador,990.878.4094x23862,jenkinsscott@example.com,2025-10-10
5701,Steven,Johnson,Indonesia,001-484-668-5011x651,courtneyherring@example.org,2020-06-28
5702,Matthew,Williams,Italy,724-392-0492x305,bradley43@example.com,2024-10-15
5703,Trevor,Cox,Lebanon,+1-589-537-2503,stephenglover@example.net,2023-04-10
5704,Tiffany,Rojas,United States Virgin Islands,(436)848-2824,usmall@example.net,2022-04-12
5705,Sandra,Wise,Antarctica (the territory South of 60 deg S),430.742.9411,sean91@example.net,2024-01-08
5706,Amy,Baker,Cambodia,+1-653-926-0800x636,katherinekelley@example.org,2020-08-10
5707,Emily,Lara,Venezuela,+1-460-685-7071,msmith@example.org,2023-11-15
5708,Sarah,Smith,Poland,879.566.1736,georgewilkinson@example.org,2024-06-07
5709,Candace,Carter,Malaysia,(306)654-4250,pmartin@example.net,2022-05-02
5710,Veronica,Russell,Netherlands,756-226-8756x6986,klopez@example.net,2026-02-17
5711,Daniel,Moore,Wallis and Futuna,+1-938-919-6267x163,robinsonrobert@example.com,2023-07-11
5712,Julie,Miller,Cambodia,953.733.7035x654,lisabrown@example.net,2020-06-18
5713,Eddie,Holmes,South Georgia and the South Sandwich Islands,2656050836,nsmith@example.com,2025-04-15
5714,Brandi,Martinez,Latvia,001-822-200-2156x74924,williamswilliam@example.com,2024-06-25
5715,Bridget,Schneider,Brunei Darussalam,717.249.5028x01020,ssmith@example.org,2021-08-22
5716,Sean,Holt,Belize,+1-242-905-3469x86502,bennettadam@example.org,2021-08-29
5717,Matthew,Ayers,Antigua and Barbuda,001-483-212-7301x84171,timothycarey@example.net,2026-01-06
5718,Wendy,Short,Lesotho,001-216-336-9579,jason62@example.com,2025-05-11
5719,Kristina,Mcdonald,Tuvalu,334.785.0120,travis75@example.net,2022-12-21
5720,Monica,Pena,Venezuela,9958709104,princealicia@example.net,2020-10-23
5721,Michael,Johnson,Tonga,(692)513-5873x3816,umitchell@example.org,2021-02-01
5722,David,Torres,Italy,457.947.3539,dennis10@example.com,2021-04-01
5723,Lonnie,Waters,United Kingdom,238-404-0547x762,colejohn@example.net,2020-10-05
5724,James,Torres,New Caledonia,990.829.8293,brendagarcia@example.org,2021-02-16
5725,Ashley,Williams,Pitcairn Islands,001-277-400-6246x9945,hhughes@example.org,2023-11-17
5726,Bianca,Stokes,Mongolia,204-806-1367,phyllis20@example.net,2025-10-28
5727,Sherry,Bell,Zambia,893-438-0602x95163,parkeramber@example.com,2020-06-20
5728,David,Carroll,Turkey,997-720-9137x6024,hweber@example.net,2025-08-18
5729,Cindy,Smith,Haiti,809-424-4701x224,ypeterson@example.com,2024-05-06
5730,Jason,Davidson,Mexico,240-248-5431x28575,cheryl47@example.org,2022-08-11
5731,Brandon,Sullivan,Niger,(269)393-5618x61225,fisheralejandra@example.net,2023-11-20
5732,Jeffrey,Nelson,Thailand,640-348-6748,jonesjonathan@example.com,2021-08-07
5733,Pamela,Gomez,Cook Islands,875-420-2319,dburns@example.net,2022-09-02
5734,Stephen,Moran,Colombia,001-663-688-2555x3325,ochoabrooke@example.com,2024-10-21
5735,Katie,Morse,Mexico,925-983-3005,graymichelle@example.net,2021-11-29
5736,Marilyn,Skinner,Nicaragua,4843429414,zpollard@example.net,2020-05-14
5737,Christy,Evans,Greenland,964-329-4369x8679,janice24@example.org,2025-05-05
5738,Stacy,Kidd,Hong Kong,6046861976,brownchris@example.com,2023-06-19
5739,Tamara,Potts,Djibouti,8547867188,rodneysmith@example.com,2023-05-07
5740,Michael,Clark,Germany,(291)347-6059x43837,speterson@example.com,2025-06-09
5741,David,Horton,Sierra Leone,(551)396-9062x80324,lukejohnson@example.org,2021-10-14
5742,Cassandra,Ward,Samoa,922.575.8546x030,colemanchristina@example.com,2022-09-14
5743,Glen,Martin,Maldives,(443)314-8999,wmartin@example.net,2022-12-04
5744,Cynthia,Walter,Netherlands,(765)547-7529x492,julie84@example.com,2020-02-10
5745,Ashley,Ross,Czech Republic,001-849-332-6889x786,burnskimberly@example.net,2026-02-19
5746,Donald,Edwards,Saint Pierre and Miquelon,913.243.1967,julieadams@example.com,2021-10-07
5747,April,Jones,Indonesia,608-992-2314x839,fwhite@example.net,2020-05-17
5748,Robert,Young,Guyana,(469)720-6007x789,whiteamanda@example.net,2020-03-17
5749,Carol,Smith,Turks and Caicos Islands,+1-557-501-8326x62889,tanya97@example.com,2021-11-17
5750,Devin,Baldwin,Yemen,787.327.5488x063,tmadden@example.org,2020-06-18
5751,Taylor,Brooks,Svalbard & Jan Mayen Islands,001-503-922-8397x537,mark28@example.org,2022-04-23
5752,George,Taylor,Brazil,(403)920-2811,barbaravaldez@example.org,2024-11-15
5753,Michael,Spencer,Latvia,855.811.3762x225,johnsongary@example.org,2021-11-07
5754,Philip,Randolph,Christmas Island,653-789-1658x35577,maddentimothy@example.net,2026-01-29
5755,Mark,Schroeder,Reunion,928-386-8690,james96@example.com,2022-11-14
5756,James,Salas,Suriname,316-943-4966,sierrafletcher@example.org,2022-02-13
5757,Mark,Smith,Saint Vincent and the Grenadines,528-563-2476x55799,zgrimes@example.com,2021-04-09
5758,Patricia,Brewer,Iran,(222)999-4070x040,thamilton@example.net,2025-08-19
5759,Justin,Santos,Thailand,796.409.4551x182,nmoreno@example.org,2020-06-09
5760,Laura,Miller,Anguilla,+1-422-989-2302x40438,kylenguyen@example.net,2023-02-11
5761,Charles,Hart,Italy,644-491-9576x73685,tbrown@example.com,2023-02-08
5762,Joshua,Martinez,Saint Kitts and Nevis,+1-588-376-6360,daniel38@example.com,2020-01-09
5763,Kevin,Wells,Holy See (Vatican City State),001-693-893-9783x936,morankylie@example.org,2025-11-07
5764,Cathy,Ramos,Benin,433.380.3537x10511,hsmith@example.com,2022-08-22
5765,Barbara,Montgomery,Namibia,+1-208-265-8578x3002,kcharles@example.com,2024-08-04
5766,Jesse,Aguilar,Iceland,001-873-568-0958x5918,durhamgeorge@example.net,2021-03-02
5767,Larry,Jones,Norway,001-245-652-6722x873,james89@example.com,2021-01-03
5768,Tracy,Hamilton,Tunisia,+1-583-397-1200x0482,donovandennis@example.com,2022-06-18
5769,Anthony,Bell,Albania,(980)965-7601,colerodriguez@example.org,2020-10-29
5770,Jim,Cox,Bahrain,(801)209-4096x3341,jandrews@example.com,2025-10-06
5771,Rhonda,Barnes,Russian Federation,(494)606-1653x8279,marylewis@example.com,2021-01-27
5772,Rachel,Gilbert,Timor-Leste,(449)516-3238x6703,aguilaramy@example.net,2021-06-17
5773,Betty,Patel,Cote d'Ivoire,+1-869-523-0692x67846,crystalmiller@example.net,2021-11-21
5774,Samantha,Freeman,Latvia,456-831-6088,stephanie12@example.net,2021-03-08
5775,Pamela,Eaton,Canada,001-534-924-6512x2005,sharon76@example.net,2020-02-11
5776,Kristen,Black,Gambia,528.530.6131,jswanson@example.com,2022-06-12
5777,Sharon,Mendez,Falkland Islands (Malvinas),001-433-684-5376x60240,kimberlymunoz@example.com,2021-07-29
5778,Kim,Cole,Guyana,001-568-390-3829x648,catherine47@example.net,2023-12-29
5779,Joel,Bailey,Cameroon,688-240-9540x24687,ethomas@example.com,2025-05-08
5780,Melissa,Smith,Syrian Arab Republic,001-612-231-2295x6003,sherry74@example.com,2025-07-23
5781,Eddie,Horton,Philippines,654-397-4465x8784,jenningsclaudia@example.com,2022-07-30
5782,Diana,Pineda,Sao Tome and Principe,001-923-339-0087x1221,wilkinsthomas@example.com,2024-02-06
5783,Laura,Jones,Malaysia,6914950700,walkerjose@example.com,2025-05-05
5784,Logan,Dodson,Syrian Arab Republic,001-549-794-8648x29662,millermichael@example.net,2023-03-16
5785,Gerald,Carlson,Sudan,(411)642-3499x6830,kfranklin@example.net,2024-09-15
5786,Tony,Burgess,Ecuador,001-292-981-9629x2865,thenry@example.com,2020-02-07
5787,Roy,Smith,Spain,494.859.4563x30905,edwardedwards@example.com,2020-02-26
5788,Jessica,Baker,Swaziland,529.788.4628,saraolson@example.com,2020-06-14
5789,Benjamin,Watson,Cocos (Keeling) Islands,643.372.6237x574,lshaffer@example.com,2024-08-28
5790,Gabriel,Haney,Antarctica (the territory South of 60 deg S),586.288.4216x184,waltersjoshua@example.net,2025-04-27
5791,Jennifer,Jones,Singapore,414-923-5798,simsjohn@example.org,2023-01-17
5792,Rachel,Daniels,Cambodia,550.629.9149x456,nicolevillarreal@example.org,2021-10-11
5793,Kathleen,Harrison,Jersey,(290)863-0575x24104,ryan18@example.com,2024-02-21
5794,Barbara,Contreras,Rwanda,568-580-2469x402,hughesbrian@example.net,2022-11-14
5795,Kenneth,Fowler,Samoa,(507)659-9764x6481,icalhoun@example.com,2024-06-06
5796,Diamond,Wright,Spain,743.858.2676x914,qmiller@example.net,2024-06-16
5797,Eileen,Wright,Saint Helena,813-731-7942x48593,pnewman@example.com,2021-08-28
5798,Robert,Potter,Kuwait,(929)242-6143,yvasquez@example.net,2024-03-21
5799,Scott,Brown,Saint Pierre and Miquelon,001-342-412-1101,rebecca34@example.net,2021-08-15
5800,Alex,Jackson,Kuwait,(884)391-6653,aaguilar@example.org,2022-06-10
5801,Michael,Johnson,Anguilla,688.527.1908x0913,kathryn45@example.org,2025-11-25
5802,Michael,Lee,Solomon Islands,7749812462,gregorygarcia@example.net,2025-10-14
5803,Diana,Sullivan,Saint Barthelemy,867-522-9479x7840,murphylauren@example.org,2023-11-21
5804,David,Smith,Oman,861.350.4082,tarabullock@example.net,2024-02-13
5805,Traci,Thomas,Monaco,4852638478,ferrelljay@example.net,2021-08-26
5806,Denise,Griffin,Bahrain,9528118395,sarahmcdonald@example.org,2022-12-14
5807,Morgan,Roberts,Bahrain,384.819.7395x36282,bryanzuniga@example.org,2025-06-02
5808,Randall,Clark,Argentina,001-413-354-8553x025,brian40@example.com,2020-08-11
5809,David,Wolfe,Pakistan,001-921-733-3662x708,tammy61@example.org,2021-04-14
5810,Bridget,Bailey,North Macedonia,+1-262-277-0899x752,jlewis@example.com,2024-04-16
5811,Caitlin,Morrow,Zambia,431-760-3669x1765,ashley32@example.com,2020-03-08
5812,Jason,Mccann,Mauritius,370-424-0656x036,margaretmoore@example.com,2025-09-02
5813,Paul,Medina,Heard Island and McDonald Islands,437.627.1120,jermaine85@example.org,2022-01-26
5814,Ashley,Hogan,Guadeloupe,555-261-5889,matthew12@example.com,2023-11-17
5815,Heather,Lewis,Sao Tome and Principe,557-235-9722x528,angela10@example.org,2024-04-01
5816,Nathaniel,White,Holy See (Vatican City State),(324)821-7689x46490,xalexander@example.net,2025-04-03
5817,Richard,Quinn,Burkina Faso,583.369.7369x5494,gpatel@example.net,2024-05-25
5818,Jacqueline,Walters,Zimbabwe,+1-577-572-0316,jasonsoto@example.com,2022-11-10
5819,Kathleen,Keller,Heard Island and McDonald Islands,(452)716-7895x9964,antonio41@example.com,2025-04-25
5820,Daniel,Pham,Sweden,352.934.3147x01442,jordanross@example.org,2022-11-15
5821,Grace,Bird,Northern Mariana Islands,8036064108,wrightbill@example.com,2024-05-11
5822,Michelle,Fuller,Liberia,313-806-2545,hmclaughlin@example.org,2021-04-14
5823,Michael,Wilson,Azerbaijan,508.615.0450,henrymichelle@example.com,2021-11-08
5824,Candice,Johnson,Holy See (Vatican City State),001-870-592-3386x166,teresajohnston@example.net,2021-03-01
5825,Donna,Fields,Myanmar,4492241937,benitezmeredith@example.org,2022-02-02
5826,Albert,Carrillo,United States Minor Outlying Islands,+1-360-893-5682x57362,doughertyjennifer@example.org,2024-09-30
5827,Adam,Nunez,Timor-Leste,(201)436-0772,parktaylor@example.net,2024-05-18
5828,Benjamin,Taylor,Greenland,+1-620-863-5808x2687,eric28@example.com,2021-04-02
5829,Joshua,Bryan,Nepal,(760)203-8659,kellylowe@example.net,2025-05-10
5830,Kenneth,Munoz,Monaco,394.551.7271x0682,corey94@example.org,2024-07-12
5831,Steven,Murphy,Kyrgyz Republic,(741)837-6421x3558,zrangel@example.com,2022-09-12
5832,Jacqueline,Jimenez,Romania,+1-681-918-6664,mary40@example.net,2021-11-13
5833,James,Sanders,Lesotho,+1-944-697-2790x64371,brandiyoung@example.org,2021-02-15
5834,Andrew,Stafford,French Southern Territories,823.957.3552,erin09@example.com,2026-02-20
5835,Kathy,Morgan,Andorra,358-596-3827x58623,jessicasanders@example.net,2021-07-19
5836,Nicholas,Williams,North Macedonia,001-744-539-8132x815,parksjerry@example.com,2025-04-17
5837,Mitchell,Parker,Tuvalu,001-385-623-6176x714,kathyramirez@example.org,2021-11-22
5838,Michael,King,Chad,(928)346-4150,ddominguez@example.net,2021-01-25
5839,James,Carpenter,Congo,864.882.7896,jose91@example.org,2023-11-21
5840,Catherine,Rose,Algeria,580-713-8054x1358,robertslydia@example.net,2022-09-18
5841,Samantha,Mccullough,Congo,+1-495-402-3188x3517,dbarton@example.org,2025-05-17
5842,Randy,Clarke,Peru,+1-888-856-5185x351,joshua88@example.net,2025-06-17
5843,Matthew,Joseph,Mali,001-794-610-7019x1227,lisa29@example.com,2020-11-03
5844,Carrie,Castillo,Malta,+1-344-345-4613x943,ryangary@example.com,2023-01-16
5845,Justin,Salazar,Greece,+1-476-494-2169x619,fhunter@example.net,2024-07-15
5846,Jeffrey,Harris,British Virgin Islands,970.476.8156x168,jessica80@example.org,2022-01-04
5847,Joseph,Mcdonald,Liberia,001-612-912-6128x90349,johnsonanthony@example.org,2025-07-29
5848,Kelsey,Carlson,Tunisia,(253)600-3273x9176,efoster@example.org,2021-11-07
5849,Robert,Williams,Latvia,(687)708-8613x89496,mayomisty@example.net,2022-05-18
5850,Melvin,Hoover,Cameroon,001-288-717-9729,amanda93@example.com,2020-10-06
5851,Victor,Elliott,Equatorial Guinea,636.340.4009,davislauren@example.org,2024-02-15
5852,Briana,Gonzales,Israel,001-778-743-8453,kara33@example.net,2023-12-13
5853,Rachel,Wyatt,Mexico,832-779-5602,iforbes@example.com,2022-05-10
5854,Emily,Carroll,Antarctica (the territory South of 60 deg S),(884)338-5033x27133,dolsen@example.com,2025-05-06
5855,Joanna,Davis,Anguilla,204.617.5949,laura30@example.net,2022-06-05
5856,Frank,Mendez,Lao People's Democratic Republic,(966)769-2084x79290,michellecurry@example.com,2026-03-09
5857,James,Marquez,Peru,(713)325-7079,tammy04@example.com,2024-06-11
5858,Peter,Adams,Qatar,(964)846-9265,bakertammy@example.net,2021-01-16
5859,Jacob,Payne,Svalbard & Jan Mayen Islands,(883)747-4444,zhardin@example.net,2025-11-30
5860,Sarah,Harris,Micronesia,001-431-648-5288x03824,ystafford@example.org,2025-11-23
5861,Ruben,Payne,United States Minor Outlying Islands,481-407-2688x5304,angelicaramirez@example.net,2025-02-09
5862,Gregory,Rojas,North Macedonia,001-613-814-9654,tammymartin@example.net,2024-11-09
5863,Grace,Koch,Bermuda,+1-308-341-6755,xbishop@example.com,2025-07-03
5864,Jason,Torres,Croatia,511-658-0600x13387,dawn91@example.org,2021-10-17
5865,Michele,Boyd,Rwanda,+1-773-426-5867x7139,sharonpreston@example.org,2021-05-18
5866,Joseph,Ortega,Solomon Islands,001-275-749-2455x9258,jenniferwhitaker@example.com,2021-02-02
5867,Kimberly,Cohen,El Salvador,841-439-7989,clayton57@example.org,2026-02-04
5868,Robert,Miller,Vietnam,264-239-4543x588,washingtonjohn@example.com,2023-07-11
5869,Christine,Wang,Equatorial Guinea,001-823-924-3812x1009,kimberly22@example.org,2021-09-24
5870,Richard,Nunez,Saint Barthelemy,307.319.7252x190,carmen10@example.net,2025-02-20
5871,Katherine,Wright,Martinique,360.559.6030x84015,michaelmack@example.net,2022-04-27
5872,Michelle,Rollins,Finland,752-596-7807x8732,meyerrobert@example.org,2024-11-12
5873,Michelle,Ryan,Barbados,(875)395-9662x1357,vduran@example.com,2020-01-03
5874,Laura,Paul,Switzerland,338.474.2487x21579,susan72@example.net,2020-11-28
5875,Amanda,Jones,United Kingdom,8326928391,iyork@example.com,2020-04-01
5876,Todd,Weaver,Burkina Faso,8748396876,wilsonsteven@example.net,2021-11-05
5877,Lisa,Lynch,Jamaica,001-940-354-2179x4010,brittneycarpenter@example.org,2024-02-14
5878,Denise,Cline,Chile,2469906433,larry79@example.net,2025-09-07
5879,Nicholas,Cohen,Korea,410-746-1953x3116,xjimenez@example.com,2022-10-26
5880,Andrea,Morales,Micronesia,(932)308-4335,christinereed@example.com,2024-01-17
5881,Adrian,Hayes,Australia,514-636-2260,rachellopez@example.com,2024-10-29
5882,Megan,Joyce,Netherlands Antilles,+1-883-889-9093,jacobstodd@example.org,2023-11-08
5883,Joanna,Burns,Greenland,645-507-7061,dennisheather@example.org,2023-08-04
5884,Travis,Williams,Malawi,843-345-5106x423,kristine76@example.net,2021-11-18
5885,Raven,Reynolds,Vietnam,(807)666-9597x10500,grimescarlos@example.com,2023-05-26
5886,Julie,Howell,South Africa,338.775.9143x6717,joseph25@example.org,2025-01-15
5887,Alexandra,Patterson,Palestinian Territory,001-780-566-5963x7722,cynthiapierce@example.net,2023-11-04
5888,Kelly,Cook,Guinea-Bissau,790-464-6546,yruiz@example.net,2020-09-05
5889,Darin,Henderson,United States Virgin Islands,265-263-5838,buchananscott@example.net,2020-07-31
5890,Lisa,Hodges,Niger,941-983-2636x9834,joseph36@example.net,2021-09-23
5891,Jeffrey,Mullins,Nicaragua,935-947-6069x47194,imeyers@example.net,2021-01-15
5892,Joseph,Dillon,Myanmar,(246)954-3295,thomas36@example.net,2024-04-22
5893,Anthony,Smith,Saint Lucia,597-259-1941x9036,grobertson@example.com,2022-01-30
5894,Anthony,Hart,New Zealand,(874)338-7523,jason21@example.org,2026-01-31
5895,Kathryn,Brown,Korea,+1-887-471-4933x64454,yosborn@example.net,2020-10-07
5896,Lisa,Hernandez,Brunei Darussalam,260.270.2019,john78@example.net,2022-03-21
5897,Brandon,Snyder,French Polynesia,+1-634-409-5523x3864,andrewsingleton@example.org,2021-03-21
5898,Devin,Young,Tokelau,9929669636,monica13@example.com,2020-01-22
5899,Jeff,Gross,Antarctica (the territory South of 60 deg S),(559)220-5100x01997,iblack@example.net,2021-04-17
5900,Kathryn,King,Isle of Man,001-409-950-2155x9893,zleonard@example.com,2025-11-22
5901,Michael,Merritt,South Africa,001-776-778-4449x0105,billlawrence@example.com,2024-04-12
5902,Samantha,Mitchell,Norway,692-695-3507,gary84@example.org,2021-12-03
5903,Victoria,Atkins,Holy See (Vatican City State),973.912.3382x899,rollinslisa@example.com,2023-06-30
5904,Kim,Miller,Falkland Islands (Malvinas),9366403353,stodd@example.com,2022-11-15
5905,Joseph,Allison,Iran,001-878-931-3634,jill63@example.net,2023-12-20
5906,Sandra,Weber,Panama,444-963-6558,timothyjohnson@example.org,2024-07-02
5907,Robert,Nichols,Cuba,318.652.2049x06442,mwilliams@example.net,2021-08-11
5908,James,Warner,Cote d'Ivoire,977.472.2711x2689,dbass@example.org,2024-06-10
5909,Dustin,Ray,Somalia,+1-545-449-5665,tsmith@example.com,2025-07-04
5910,Bonnie,White,Georgia,5198896115,karencole@example.net,2020-11-20
5911,Charles,Roy,Burkina Faso,+1-391-973-4452x5097,timothy86@example.org,2020-11-12
5912,Kevin,Hall,Reunion,922.532.1163x96968,charles63@example.net,2020-03-12
5913,Melvin,King,Benin,(365)688-9720x657,cummingsjustin@example.com,2023-12-20
5914,David,Hampton,Switzerland,7726893926,russellspencer@example.com,2020-06-27
5915,Stacy,Wolfe,Tajikistan,769-317-8072x7914,dorisanderson@example.net,2025-01-12
5916,Lance,Snyder,United Kingdom,(564)242-0718,francistina@example.org,2026-01-22
5917,Katie,Jones,Mexico,9283745506,jillhart@example.net,2024-12-30
5918,Thomas,Watts,Lithuania,001-973-520-2956x342,john10@example.com,2023-11-01
5919,Andrew,Flores,Denmark,+1-549-388-6140x6006,zerickson@example.org,2021-08-17
5920,Micheal,Navarro,India,524.346.0516,craigcastaneda@example.org,2020-07-03
5921,Samantha,Brown,Fiji,237-448-6451x204,juanbennett@example.org,2020-11-10
5922,Christine,Williams,Vanuatu,001-394-657-9660x304,esalinas@example.org,2023-02-12
5923,Michael,Walker,Ireland,(666)974-0001x0385,yhicks@example.com,2020-10-12
5924,William,Simpson,Dominica,585-313-6327x375,sandovalangie@example.org,2022-12-24
5925,Emily,Young,Maldives,+1-262-713-9185,allison83@example.com,2020-07-09
5926,Craig,Perry,Djibouti,545.720.7513,tlee@example.com,2020-01-17
5927,Whitney,Patton,Vanuatu,(339)469-9812,jacksonjohn@example.org,2022-02-09
5928,Patrick,Long,Tanzania,784.855.5945x40796,rachelzavala@example.net,2024-06-20
5929,Sarah,Torres,Bahrain,(261)250-1860x468,kelsey29@example.net,2020-09-07
5930,Kristopher,Acosta,Guam,(693)944-0686,garrettchelsea@example.net,2022-12-14
5931,Donna,Mcconnell,Aruba,416-532-4049x8779,kellybailey@example.net,2024-07-27
5932,Kristen,Perkins,Netherlands Antilles,794.534.9980x99388,fmiller@example.com,2022-03-27
5933,Amanda,Brown,Mauritius,+1-801-485-2144x00675,marygonzalez@example.net,2025-08-01
5934,Ashley,Weaver,Cayman Islands,+1-350-445-4245x384,shannon62@example.org,2023-01-27
5935,Andrea,Cruz,Benin,750-349-6142,bonnie03@example.com,2024-09-17
5936,Joseph,Lewis,United States Minor Outlying Islands,795.695.1065x27728,xsandoval@example.org,2024-08-15
5937,Cindy,Hall,Venezuela,569-453-9718x51363,larry25@example.com,2022-09-22
5938,Lisa,Johnson,Congo,599.637.3254,michael69@example.com,2025-10-02
5939,Benjamin,Bailey,Gibraltar,729.471.3920x715,ediaz@example.org,2024-11-23
5940,James,Watson,India,001-216-373-6959x122,jeffreyfisher@example.net,2026-02-15
5941,Kevin,Kaufman,Ethiopia,913.262.9032x099,leonardmonica@example.net,2020-06-20
5942,Sandy,Robinson,Madagascar,594.225.5425,jennifer69@example.com,2020-01-20
5943,Sabrina,White,Marshall Islands,(955)992-1887x29859,carlahansen@example.org,2023-04-11
5944,Shane,Figueroa,Cuba,9367174913,wilsondonna@example.org,2023-09-13
5945,Brian,Flores,Jamaica,(896)960-8051x9263,joannerichardson@example.com,2023-01-13
5946,Jamie,Clark,Bahamas,7739902117,kevin55@example.net,2021-07-30
5947,Monique,Reid,Turkey,791-364-2820x71943,fking@example.net,2024-08-03
5948,David,Schroeder,Kiribati,680.684.2600x5556,manuel44@example.org,2022-02-21
5949,Paul,Castaneda,French Guiana,693-714-7442x6448,tjohnson@example.net,2025-04-18
5950,Kristen,Campbell,Marshall Islands,646.885.0877x0780,trevor34@example.com,2023-06-10
5951,Stephen,Williams,Micronesia,001-391-781-6917x05641,donna87@example.com,2023-01-21
5952,Michele,Lucas,Guernsey,987-532-0405,david35@example.net,2023-05-22
5953,Traci,Anderson,Netherlands Antilles,3324507858,susanwilliams@example.org,2023-06-16
5954,Cindy,Evans,San Marino,(900)700-4600x7622,perryjames@example.org,2023-10-18
5955,Jennifer,Faulkner,Spain,(380)834-7702,jonathan96@example.net,2022-02-13
5956,Matthew,Castro,Cocos (Keeling) Islands,001-678-384-5507x0904,iwerner@example.org,2020-08-24
5957,Hannah,Miller,Guatemala,(914)628-4026,bjohnson@example.com,2020-10-23
5958,Gina,Alvarado,Cape Verde,628-705-3224x2851,yoderangela@example.org,2024-09-06
5959,Patrick,Munoz,Burundi,(611)286-6038x81751,ashleymacias@example.com,2025-06-11
5960,Charles,Simpson,Montserrat,+1-231-894-1979x586,hunterboyd@example.com,2021-02-08
5961,Reginald,Perkins,Palau,680.253.1107x780,jermaineortiz@example.net,2021-02-26
5962,Kimberly,Stephens,Anguilla,+1-338-992-0713,bryan10@example.org,2026-01-20
5963,Bryan,Rojas,Sweden,228-216-5452,jallen@example.net,2026-02-20
5964,Jessica,George,Micronesia,001-690-561-9327x6802,welcheric@example.com,2021-11-18
5965,Brandon,Ross,Macao,220-278-3637x07760,erinturner@example.org,2022-05-02
5966,Alison,Saunders,Antigua and Barbuda,918-729-2171,ogaines@example.com,2023-07-19
5967,Brandi,Thornton,Montenegro,721-378-8860x446,paynejames@example.net,2023-02-15
5968,Joanne,Davis,Madagascar,(546)935-6930x567,leeashley@example.org,2023-08-19
5969,Mark,Reed,Spain,(324)415-2138x8019,kfox@example.net,2021-05-06
5970,Tammy,Chaney,Antarctica (the territory South of 60 deg S),990.609.0238,sperez@example.net,2023-09-13
5971,Matthew,Baker,Rwanda,685.241.6626x9689,gerald17@example.net,2023-05-21
5972,John,Foster,Macao,2125897595,ygarrison@example.net,2024-10-15
5973,Marcus,Patterson,Armenia,+1-899-614-3903x2130,stevewillis@example.org,2025-08-15
5974,Christopher,Medina,Czech Republic,(484)898-5085,danielmorris@example.net,2023-05-24
5975,Kristy,Rangel,Tajikistan,457-232-3748x685,wwilliams@example.com,2023-06-05
5976,Mark,Howard,Costa Rica,506.673.3599,coxemma@example.net,2022-06-25
5977,Michele,Hernandez,Montenegro,(492)482-5789x526,bondmark@example.com,2023-01-20
5978,Joshua,Moore,British Indian Ocean Territory (Chagos Archipelago),001-404-607-2615x857,carl45@example.com,2023-02-03
5979,Andre,Anthony,Philippines,764.702.1492,anguyen@example.net,2026-02-27
5980,Jonathan,Chavez,Bulgaria,352-619-3063x221,kgraham@example.net,2023-04-27
5981,Christina,Hoover,Gambia,226-251-6967x3883,smendez@example.net,2021-02-20
5982,Tyler,Jones,Indonesia,001-789-643-5037x37450,goodwinbenjamin@example.net,2020-04-13
5983,Dalton,Allen,Cocos (Keeling) Islands,001-604-376-2160x7813,chungamy@example.net,2020-11-25
5984,Tammy,Bennett,Fiji,557.925.1468x278,betty05@example.net,2023-02-13
5985,Melissa,Garcia,Mexico,(831)750-0264x1141,arthurwatkins@example.org,2021-03-06
5986,Sharon,Hobbs,French Southern Territories,(827)261-1308,gonzalezerica@example.org,2020-12-28
5987,John,Pope,Latvia,963-751-1795,meyersjason@example.org,2021-05-20
5988,Rachel,Flores,Senegal,(940)244-5580x409,meganbowman@example.net,2024-03-16
5989,Steven,Cain,Anguilla,(538)571-7512,abigail88@example.com,2021-10-27
5990,Andrew,Bailey,Sao Tome and Principe,545-769-8790x92319,johnny62@example.com,2022-06-09
5991,Katrina,Wall,Belarus,(356)227-7659x3416,madeline07@example.net,2023-11-03
5992,Hannah,Smith,Oman,(815)675-0772x322,jeffreykhan@example.org,2023-01-08
5993,Gary,Sherman,Svalbard & Jan Mayen Islands,724-359-1721x8379,gregorymichelle@example.com,2023-05-19
5994,Angela,Hawkins,Greenland,001-911-334-2194x106,daystacy@example.net,2023-06-17
5995,Joshua,Hoffman,Mauritius,505.622.6885x2490,rebecca51@example.net,2020-11-12
5996,Laurie,Barnett,Hungary,(682)331-4818x3217,brownjeremy@example.com,2024-03-13
5997,Darrell,Williams,Kiribati,327.616.3101,austinmichael@example.net,2023-06-28
5998,Eileen,Jackson,Guinea,294-955-2432,lisa60@example.com,2023-02-18
5999,Jason,Johnson,Korea,+1-991-647-7764x52210,perkinscarolyn@example.net,2026-01-30
6000,Charles,Stewart,Slovakia (Slovak Republic),619.805.6302,guerrerodavid@example.com,2025-06-28
6001,Joseph,Strickland,Albania,(573)501-4091x06372,kadams@example.net,2024-01-13
6002,Paul,Turner,Montenegro,(827)224-0372,egilmore@example.com,2024-03-27
6003,Darlene,Mcgee,Martinique,746.907.3200x8181,williamsnancy@example.org,2021-09-18
6004,William,Noble,Samoa,6138936522,kimjeffrey@example.org,2024-03-24
6005,Caleb,Carter,Saint Kitts and Nevis,(635)850-7662x625,jonesalexander@example.net,2025-04-28
6006,Joseph,Ferrell,Guernsey,598.590.3979x442,fergusonkatherine@example.com,2022-10-19
6007,Kimberly,Williams,Niue,+1-729-244-1769x077,millersamantha@example.net,2023-10-17
6008,Jeffrey,Smith,Jordan,001-876-879-7086x7765,ybenson@example.net,2021-07-18
6009,Sylvia,Zavala,Korea,+1-319-857-1515x0926,georgestanton@example.org,2024-04-21
6010,Dustin,Brown,Mauritius,403-619-9288,yhill@example.org,2023-06-26
6011,Pamela,Ramirez,El Salvador,001-764-723-9289x4551,dlewis@example.net,2025-11-27
6012,Jason,Clark,Lao People's Democratic Republic,318-457-5051x68960,wjohns@example.com,2021-12-21
6013,Kayla,Lambert,Vietnam,201.458.2593x958,shanecrawford@example.net,2025-10-06
6014,Jennifer,Frazier,Austria,(442)654-9153,allenjanet@example.org,2023-08-13
6015,Alexander,Wolf,Samoa,318.436.7284,ryancruz@example.net,2024-10-15
6016,Thomas,Bradley,China,409-364-7420x021,michaeldowns@example.com,2023-06-17
6017,Rachel,Green,Luxembourg,(820)939-7499x4968,gonzalezadam@example.net,2025-08-12
6018,Michelle,Herrera,Mayotte,363.543.9980,courtney01@example.org,2022-12-24
6019,Deborah,Peterson,Saint Kitts and Nevis,(467)248-3884x97505,tara86@example.org,2022-05-10
6020,Aaron,Rasmussen,Cuba,001-522-329-9934x89194,dylansalazar@example.net,2025-03-19
6021,Joshua,Robinson,Belarus,001-736-509-9041x007,rossdonald@example.com,2023-11-14
6022,Makayla,Ellis,Liberia,532.478.0442x370,yolanda94@example.com,2024-12-06
6023,Claire,White,Turkey,680-866-7183,ronald96@example.org,2025-08-20
6024,Melanie,Lozano,Israel,451.981.2601,ujimenez@example.org,2023-08-23
6025,Joseph,Dominguez,Malawi,001-516-970-8666x803,warrenjudy@example.com,2022-04-29
6026,William,Marsh,Tonga,001-974-580-8425,jessicadawson@example.org,2023-10-05
6027,Kenneth,Hamilton,Liberia,001-430-935-1735x84262,lwilliams@example.org,2023-10-10
6028,Darrell,Johnson,Western Sahara,(650)324-0525,hhayes@example.net,2022-06-13
6029,Joshua,Robertson,Iran,(241)322-7663x7133,ejuarez@example.com,2022-07-02
6030,Joshua,Anderson,Paraguay,(487)762-5422x4437,ricerodney@example.com,2021-02-05
6031,Michelle,Guzman,Madagascar,+1-216-935-9785x8339,millerbrent@example.net,2024-05-26
6032,Christine,Garza,Netherlands,(341)501-0898x185,samantha16@example.com,2021-02-19
6033,James,Russo,Mozambique,(390)911-0102,zcaldwell@example.net,2023-05-23
6034,Thomas,Aguirre,Korea,4248597625,cody02@example.com,2023-07-17
6035,Lori,Ross,Reunion,(810)604-1610,hunterwilliam@example.com,2024-04-10
6036,Rick,Mills,Iceland,592.639.6914x79275,mendozacesar@example.net,2023-04-03
6037,Cody,Pugh,Slovakia (Slovak Republic),366-732-1404x26928,ronald74@example.net,2026-03-01
6038,Michelle,Gaines,Lithuania,978.436.5947x6803,xavierfarmer@example.com,2021-08-06
6039,Linda,Mccann,American Samoa,584-717-3791x062,charlesscott@example.net,2024-12-31
6040,Walter,Hall,Fiji,+1-616-520-5523x774,daniellloyd@example.org,2021-06-28
6041,Paula,Larson,Bangladesh,001-699-690-6279x0162,byrdtammy@example.com,2021-01-19
6042,Carolyn,Pena,United Kingdom,259-437-1990x14527,phelpsashley@example.com,2021-03-01
6043,Joseph,Fuentes,Albania,629-370-8589x48129,nancy59@example.com,2020-01-24
6044,Barbara,Gutierrez,Jamaica,9955965524,ywilson@example.com,2023-08-08
6045,Erin,Castillo,Cocos (Keeling) Islands,480.409.1510,graynicole@example.com,2022-10-13
6046,Sheila,Kent,San Marino,833.609.5607,david23@example.com,2022-05-15
6047,Mario,Lee,Mali,+1-927-600-5450x97125,smithlisa@example.org,2021-12-13
6048,Mark,Rojas,Kyrgyz Republic,(753)706-6997,mdavis@example.org,2021-05-09
6049,Emily,Davis,Togo,(606)267-0378x65243,andrewrivera@example.com,2023-01-07
6050,Kristin,Pierce,Liberia,+1-247-407-7669x47631,xjohnson@example.net,2025-01-30
6051,Melanie,Pierce,Iraq,(730)565-9174x603,christine30@example.com,2025-12-19
6052,Hailey,Neal,Bahrain,5027390614,mward@example.com,2025-05-11
6053,Connor,Jackson,Burundi,(965)743-7223,ortizpenny@example.net,2025-02-03
6054,Stephanie,Rodriguez,Cote d'Ivoire,(663)364-0074x990,amandamartin@example.org,2024-08-05
6055,Alicia,Vaughn,Colombia,(300)272-3663x213,ssherman@example.com,2021-01-29
6056,Emily,Kane,Cocos (Keeling) Islands,+1-507-800-1081x9856,marysmith@example.net,2021-09-17
6057,Christine,Singh,Somalia,+1-781-536-5584x89411,pwinters@example.org,2021-11-27
6058,Penny,Johnson,Burundi,810-953-0300,michaeltaylor@example.org,2025-10-03
6059,Darren,Bell,Lao People's Democratic Republic,(793)549-5673,gamblejames@example.org,2024-01-11
6060,Lisa,Shannon,South Georgia and the South Sandwich Islands,817-544-5901x3720,joshua11@example.com,2022-05-14
6061,Marc,Dean,Falkland Islands (Malvinas),2219757551,bsoto@example.org,2026-03-08
6062,Peter,Ruiz,Costa Rica,8816632227,kevin05@example.com,2020-06-27
6063,Daniel,Leon,Netherlands,451.305.9373,carrollcraig@example.net,2025-11-22
6064,Michelle,Stevenson,Kenya,794.498.4877x20413,valeriecarr@example.org,2020-08-20
6065,Emily,Nelson,Brazil,421.216.4912,jenniferjones@example.net,2022-12-07
6066,Courtney,Mahoney,Nepal,330.813.2921x08626,evan05@example.org,2020-10-18
6067,Sylvia,Thomas,American Samoa,001-962-386-5001,paul57@example.com,2022-12-07
6068,Susan,Winters,Botswana,+1-584-631-1566x93807,carla33@example.com,2023-06-02
6069,Evan,Hicks,Micronesia,485.879.4714x550,michaelchapman@example.net,2023-12-10
6070,Douglas,Mccoy,Saint Helena,(904)342-2868x3505,thoover@example.com,2025-02-15
6071,Suzanne,Sloan,Eritrea,(808)965-4065x94684,qoconnor@example.org,2025-06-18
6072,Kimberly,Lang,Mayotte,433.860.8637,alexandrawarren@example.com,2025-12-28
6073,Beth,Harris,Benin,+1-542-800-4813x2284,davidjackson@example.net,2021-01-20
6074,George,Ramsey,Korea,001-336-774-2423x5825,chavezclifford@example.com,2023-08-14
6075,Mackenzie,Bailey,Cocos (Keeling) Islands,(999)614-6375x163,robertsonmorgan@example.com,2020-12-10
6076,Kyle,Pineda,Iraq,770-775-2706,dmann@example.org,2025-09-13
6077,Ryan,Johnson,Niue,8127576982,solomonluis@example.org,2022-02-12
6078,Tyler,Curtis,Lao People's Democratic Republic,001-970-234-9019x633,sosajulie@example.com,2023-04-01
6079,Lawrence,Spencer,Papua New Guinea,796.920.8546,amber70@example.com,2020-04-19
6080,Kristy,Spencer,Sudan,(557)736-6297,amanda85@example.org,2021-10-09
6081,Jessica,Smith,Malta,001-590-910-8914x139,julia85@example.net,2024-02-21
6082,Steven,Norton,Fiji,290-749-3407,wdavis@example.net,2022-05-05
6083,Craig,Ruiz,Taiwan,361.888.2849x277,lisamartinez@example.net,2025-08-19
6084,Steven,Boyd,Suriname,2004034704,griffinsteven@example.com,2024-12-07
6085,Russell,Rodriguez,Cocos (Keeling) Islands,556-337-9352,calvin85@example.org,2025-05-04
6086,Eric,Carroll,Guam,001-850-357-0517x213,bmartinez@example.org,2022-04-12
6087,William,Sloan,Senegal,(280)775-1937x4061,williamaguilar@example.org,2025-04-02
6088,Dana,Coleman,Dominican Republic,694-856-6191,brandy59@example.org,2023-05-18
6089,Stephanie,Villanueva,Singapore,(370)360-8785x4346,wchung@example.net,2021-07-28
6090,Donald,Golden,Brunei Darussalam,(250)984-8610x5218,bridgetwong@example.net,2024-08-12
6091,Rebecca,Deleon,Timor-Leste,+1-353-747-4653,irobinson@example.net,2024-09-27
6092,Lisa,Randall,Uzbekistan,705-717-3915x9266,harrellbill@example.org,2025-11-05
6093,Todd,Rodriguez,Wallis and Futuna,(905)802-3690x704,keyrobert@example.com,2022-02-24
6094,Bernard,Ramirez,Serbia,(294)272-0739x62005,shannon02@example.org,2024-10-04
6095,Alexander,Jensen,Zimbabwe,001-745-775-9760,dennis23@example.net,2024-05-28
6096,Michael,Davis,Kyrgyz Republic,+1-354-740-6169,alisha91@example.net,2025-10-20
6097,Madison,Thomas,Iceland,778-323-1999x86614,edward36@example.net,2024-04-27
6098,Taylor,Perry,Belarus,(902)977-1539,spencercarol@example.org,2024-12-05
6099,Christina,Robinson,Haiti,(564)274-2522,steventhomas@example.com,2022-08-07
6100,David,James,Turks and Caicos Islands,506-397-8683,russelljose@example.net,2024-09-23
6101,Marc,Ruiz,Nigeria,576-360-2709,lwatts@example.com,2021-05-01
6102,Emily,Adams,Luxembourg,608.407.0042x81020,andrew86@example.net,2023-11-29
6103,Allison,Stevens,Georgia,001-228-804-0268x11202,ashleeboyd@example.org,2020-06-03
6104,Johnathan,Tucker,Korea,+1-761-289-5788x10965,julia59@example.com,2022-07-17
6105,Ashley,Leonard,Guadeloupe,522-675-3899x2596,runderwood@example.net,2023-02-25
6106,Marcus,Parsons,Djibouti,393-677-5636x90581,jason90@example.org,2022-04-13
6107,Sabrina,Collier,Saint Pierre and Miquelon,(646)470-7845,amy73@example.org,2025-03-26
6108,Suzanne,Pratt,Belgium,(280)281-0993,robertsmary@example.net,2025-07-26
6109,Lisa,Leblanc,Iceland,001-972-464-9720x608,michaelpeters@example.net,2023-02-07
6110,Mary,Hawkins,Korea,001-248-814-6156x794,vblack@example.org,2023-04-16
6111,Sean,Thompson,Congo,(245)544-3480x5613,flynnrichard@example.org,2023-07-24
6112,Donald,Mcdonald,Syrian Arab Republic,750-604-9993,robertskarina@example.org,2023-05-30
6113,David,Murray,Korea,001-979-975-5952x08855,gloverchelsea@example.net,2021-06-08
6114,Jessica,Moore,Macao,001-665-822-9003x7986,josegutierrez@example.net,2024-09-12
6115,Lucas,Suarez,Djibouti,608-775-2022x5367,meganlee@example.net,2023-12-06
6116,Paul,Ramirez,Madagascar,5446371149,lance86@example.org,2026-01-03
6117,Mary,Randall,Korea,315-213-0302,astewart@example.net,2021-08-03
6118,Ryan,Nunez,Falkland Islands (Malvinas),3277136211,allenandrew@example.org,2021-11-10
6119,Garrett,Jenkins,Western Sahara,426-371-3337,philipclark@example.net,2021-06-27
6120,Jason,Cross,Djibouti,001-239-750-4498x9319,frank00@example.net,2024-04-15
6121,Samuel,Perry,Botswana,8228658190,ruizangelica@example.net,2021-03-02
6122,Amy,Smith,Peru,9197654469,teresaelliott@example.net,2020-12-30
6123,Nicole,Thompson,Albania,(976)714-5747,ljones@example.org,2023-03-15
6124,Colton,Gray,Jersey,651-989-3902x36125,feliciaklein@example.org,2023-09-26
6125,Brandon,Lloyd,Lao People's Democratic Republic,351.372.6524,shafferstephen@example.org,2024-10-20
6126,Victoria,Bond,United States of America,541-756-4416x246,ramosashley@example.org,2021-06-22
6127,Christina,Frye,Colombia,(334)512-5084x642,kevinsmith@example.com,2024-07-12
6128,Sandra,Stewart,Malawi,+1-548-826-2908x5731,hmoore@example.org,2020-05-05
6129,Willie,Santos,Jersey,740.690.8958x31269,estrickland@example.net,2025-03-20
6130,Jacqueline,Bean,Uruguay,5335420677,steven84@example.com,2020-02-20
6131,Kelly,Navarro,India,+1-873-933-5272x88429,wesley95@example.com,2025-11-24
6132,Louis,Johnson,Cambodia,460.349.3969,youngderek@example.org,2022-04-26
6133,Taylor,Williams,Bangladesh,(352)388-7309x64996,inichols@example.org,2023-06-10
6134,Joseph,Taylor,Antigua and Barbuda,388.291.6442,daniel12@example.org,2020-02-17
6135,Linda,Contreras,Taiwan,+1-585-687-9991,jacob24@example.org,2021-02-07
6136,William,Williams,Guyana,+1-781-609-3978x14775,amanda29@example.org,2023-06-17
6137,Michelle,Hall,Myanmar,547-998-3971x659,justinhicks@example.com,2022-02-10
6138,Michael,Adams,Egypt,575-548-4121x4098,jeffrey24@example.com,2024-12-02
6139,Ann,Martinez,Turks and Caicos Islands,2152615594,kennedynicholas@example.org,2024-12-09
6140,Jennifer,Hodge,Libyan Arab Jamahiriya,001-314-691-5010x811,lucasdustin@example.org,2025-04-05
6141,Donald,Peterson,United States Minor Outlying Islands,279.626.1231x634,stephaniehernandez@example.com,2020-05-06
6142,William,Page,Ghana,5018126719,salazarjulie@example.net,2022-03-05
6143,Miguel,Fowler,Tajikistan,001-586-282-5361,ddelacruz@example.net,2022-10-27
6144,Danielle,Brown,Western Sahara,262.361.8043x6986,fordjason@example.org,2020-09-27
6145,Carl,Watson,Grenada,679-747-6067x180,christine56@example.net,2022-06-27
6146,Shelby,Sanders,Vietnam,(874)267-2271x364,jose61@example.net,2022-01-19
6147,Angela,Horton,Moldova,(575)337-1086x155,bennettkristi@example.org,2020-03-03
6148,Steve,Swanson,British Indian Ocean Territory (Chagos Archipelago),(971)423-1118x797,joanne71@example.net,2023-07-31
6149,Andrea,Jefferson,Estonia,931.918.0557x4719,zwoodward@example.org,2021-09-18
6150,Jose,Watson,Nepal,001-581-376-0238x901,palmermatthew@example.org,2022-04-02
6151,Phillip,Harris,Lesotho,402.280.5022x977,sjames@example.net,2021-09-27
6152,Shawna,Ballard,Mauritania,2066497523,jaredbeasley@example.com,2023-05-19
6153,Matthew,Stanley,Northern Mariana Islands,688.604.9640x6722,shepherdsandra@example.com,2023-10-11
6154,Frank,Lewis,American Samoa,931-981-0682,christopherbrown@example.org,2022-11-20
6155,Ana,Mendoza,Andorra,+1-218-488-6181x516,jessicacruz@example.org,2020-02-04
6156,Curtis,Paul,Bulgaria,879.824.0385x256,devinmoore@example.com,2022-11-02
6157,Nicole,Nguyen,Tajikistan,+1-596-293-4579,smithashley@example.com,2022-05-16
6158,Allen,Nelson,Grenada,369-469-1639x15820,justin06@example.net,2026-01-15
6159,Robert,Medina,Venezuela,+1-624-893-1899x0465,michaelmoran@example.com,2020-01-13
6160,Maria,Watson,Dominica,313.708.5526x7147,leonardbruce@example.net,2024-04-19
6161,Danny,Barnes,Equatorial Guinea,(650)742-8777,ssmith@example.org,2021-08-20
6162,Robin,Brown,Botswana,+1-765-674-0256,julia69@example.com,2020-07-26
6163,Jacob,Murillo,Vanuatu,936-240-1026x4095,alvarezmichael@example.net,2023-07-23
6164,Jessica,Best,Cuba,(255)829-4356x342,david90@example.net,2021-04-01
6165,Roger,Krause,Chile,(822)861-5204x72044,cantrellfelicia@example.net,2024-03-06
6166,Logan,Kemp,Qatar,403-849-0961,derrick29@example.com,2025-04-19
6167,Steven,Jenkins,Cambodia,(385)952-5863,alvarezjulie@example.net,2021-01-07
6168,Patricia,Allison,Venezuela,001-670-765-9128x10036,mbrennan@example.net,2020-12-13
6169,Jennifer,Parker,New Caledonia,(453)778-1749x2755,nhawkins@example.net,2024-02-01
6170,Michael,Stewart,Kuwait,853-203-8383,eddietaylor@example.net,2023-06-08
6171,Chelsey,Gray,Mongolia,001-833-594-2549x61987,erica20@example.org,2025-03-04
6172,Tamara,Robinson,Cook Islands,704.907.5434,smithmark@example.net,2025-08-28
6173,Tonya,White,Argentina,328.979.4374,ellistammy@example.org,2025-09-21
6174,Jennifer,Rios,Nicaragua,(286)878-7838x43277,chall@example.net,2024-12-05
6175,Cynthia,Matthews,Bhutan,+1-587-267-3806,leslieking@example.net,2024-12-03
6176,Ashley,Austin,Bangladesh,001-386-568-8487x4865,carolynkelley@example.net,2024-06-15
6177,Mitchell,Carter,Denmark,509.615.9371x579,marilynmack@example.net,2020-10-18
6178,Michael,Alvarez,Kiribati,3149908260,kennethwalker@example.net,2024-12-05
6179,Cristina,Lopez,Saint Barthelemy,612-963-1862x5536,leebryan@example.org,2021-07-22
6180,Erika,Simon,Uruguay,232.719.6082x5384,adam00@example.org,2022-08-03
6181,Elizabeth,Campbell,Guatemala,279-427-9896x38061,grantandrew@example.net,2023-02-12
6182,Kelly,Price,Liechtenstein,723.616.5528,danielgreen@example.net,2020-01-27
6183,Christopher,Russell,Chile,(900)337-8089x49528,taylorstephanie@example.net,2025-12-31
6184,Jesse,Coleman,Marshall Islands,001-318-759-7309,johnsonchristina@example.com,2021-06-06
6185,Regina,Lopez,Mozambique,417-464-2973x4568,cookjudy@example.org,2020-01-24
6186,Jennifer,Johnson,Sudan,+1-858-303-1768,loricastillo@example.org,2021-06-08
6187,Robert,Lindsey,Niger,573-531-3140,laura58@example.com,2021-08-10
6188,Jay,Dennis,Kiribati,9407181695,cruzandrea@example.org,2022-05-17
6189,Nicole,Kelly,Saint Pierre and Miquelon,+1-563-852-4869x44132,fbarnett@example.net,2024-05-24
6190,Amanda,Wiggins,Falkland Islands (Malvinas),+1-596-996-5556x69555,zfitzgerald@example.org,2021-04-08
6191,Angela,Moreno,Macao,529.648.2814,johnsonadam@example.net,2025-03-17
6192,Michael,Hanson,Bermuda,(655)359-8090,odonnellmarcus@example.org,2020-04-09
6193,Brian,Henderson,Saint Barthelemy,(854)202-1122x67688,cassie19@example.net,2024-11-03
6194,Larry,Beard,Turkmenistan,365-966-4953,wcontreras@example.net,2025-09-20
6195,Sarah,Jimenez,Greece,377.941.5528x532,obaxter@example.com,2021-08-06
6196,Bruce,Walton,Germany,7287125066,fraziercharles@example.com,2020-06-13
6197,James,Wagner,Botswana,(571)246-5566,patricia90@example.net,2021-09-29
6198,Amanda,Keith,Christmas Island,7138691726,reedaaron@example.org,2021-01-22
6199,Justin,Jackson,Barbados,+1-795-887-5724x917,john98@example.net,2023-01-01
6200,Alicia,Dunn,Swaziland,(729)259-2072,wallshawn@example.org,2023-10-24
6201,Laura,Cook,Georgia,(884)641-6397x549,dominiquemclaughlin@example.net,2025-09-19
6202,Michael,Nguyen,Nepal,526.987.1705,ericgonzalez@example.net,2023-06-20
6203,Joshua,Nunez,Jordan,(211)895-8716x100,bweber@example.org,2024-04-02
6204,Patricia,Hawkins,Montserrat,269.597.7117x2046,thomasboyd@example.net,2023-07-11
6205,Rebecca,Jones,San Marino,962.668.0334x447,jack40@example.net,2025-01-16
6206,Brian,Webb,Congo,001-328-482-7395x347,zallen@example.net,2023-10-04
6207,Lori,Ramirez,Ecuador,001-882-755-4892x0635,michelle12@example.com,2023-10-30
6208,Justin,Cunningham,British Virgin Islands,247.507.3727x325,lyonscynthia@example.com,2022-03-10
6209,Laura,Hogan,Sierra Leone,(352)834-7687x8626,cruzkelly@example.com,2022-09-12
6210,Samantha,Young,Bermuda,(442)829-8303x0984,marcia01@example.org,2020-05-16
6211,Mary,Curry,Burkina Faso,818-255-9987x22813,gbrown@example.net,2025-11-15
6212,John,Morrison,Maldives,(449)408-1467,tdavis@example.com,2025-08-04
6213,Lori,Brady,Sweden,001-263-850-8676,jordandonna@example.org,2024-11-19
6214,Matthew,Hunt,Uzbekistan,447.580.0583x838,richardwillis@example.net,2025-09-24
6215,Matthew,Hayes,Uruguay,(817)974-8168,oferguson@example.org,2021-08-31
6216,Lauren,Rodriguez,Swaziland,(923)333-0562x8093,nscott@example.net,2020-03-20
6217,William,Costa,Poland,(984)282-8250x031,lisarodriguez@example.org,2023-11-18
6218,Rachel,Parks,San Marino,001-679-257-7658x9470,bwelch@example.net,2020-02-03
6219,Amy,Perry,Swaziland,+1-927-897-5860,bryan93@example.com,2025-01-19
6220,Nicole,Butler,Djibouti,722.650.7427x221,richardleon@example.org,2023-04-18
6221,Stephanie,Carson,Kyrgyz Republic,873.972.6959x384,cheryl42@example.net,2021-09-18
6222,Amber,Livingston,Finland,300-675-5921x0670,mejiaterri@example.net,2023-04-06
6223,Kendra,Lopez,Comoros,(320)859-5731x1551,raymondmurillo@example.net,2025-05-21
6224,Ashley,Hill,Costa Rica,001-200-536-3450x925,yjones@example.com,2023-03-06
6225,Jonathan,Griffith,Puerto Rico,380-772-6003,gina66@example.com,2024-05-18
6226,Natalie,Thomas,Guatemala,(469)531-8795,kendra11@example.org,2023-04-08
6227,David,Stanton,Philippines,8128521119,fevans@example.net,2022-02-21
6228,Jacqueline,Hess,Luxembourg,(685)858-7123x448,nalvarez@example.org,2022-09-12
6229,William,Hines,China,(294)344-2606x4006,kaitlin02@example.com,2021-11-18
6230,Jacob,Bailey,Djibouti,(255)942-0996,wcampbell@example.org,2021-10-10
6231,Ashley,Elliott,Egypt,(925)639-9661x4752,kcook@example.com,2025-02-08
6232,Timothy,Herrera,Fiji,273.595.6866x322,zperez@example.net,2022-10-19
6233,Catherine,Gutierrez,Sudan,+1-856-771-4948x2808,wwilson@example.org,2025-06-11
6234,Catherine,Martin,Norway,934.885.7706,russellmark@example.net,2024-12-30
6235,Alison,Rodriguez,Lithuania,+1-508-672-3214x47742,sydneyblake@example.net,2023-07-28
6236,Tammy,Flowers,Hungary,001-713-873-7836x35685,ojones@example.com,2023-07-19
6237,Adam,Howell,Macao,+1-458-877-8686x88027,anthony35@example.net,2024-06-14
6238,Megan,Thompson,Norfolk Island,339.744.7960,chaneyjoseph@example.org,2021-07-29
6239,Garrett,Cantu,Tokelau,+1-429-883-6909x971,william09@example.net,2025-03-23
6240,Rachel,Stout,Monaco,912-511-5773x3893,autumn61@example.net,2021-12-31
6241,Steven,Wade,Slovakia (Slovak Republic),001-845-371-7877x30277,thomas99@example.com,2026-02-28
6242,Michael,Johnson,Norway,+1-688-209-8036,rhondaadams@example.net,2024-01-27
6243,Mary,Clark,Oman,(927)567-7352x410,annettecarroll@example.org,2024-02-03
6244,Julie,Scott,Serbia,(640)350-5819,shannon36@example.com,2025-06-12
6245,Jonathon,Butler,Netherlands,274.542.7507x9632,aanderson@example.net,2021-02-17
6246,Tammy,Espinoza,Netherlands,919.287.2567,ochavez@example.net,2022-04-30
6247,Patrick,Davis,Guatemala,001-831-558-4059x3671,eric83@example.net,2024-12-17
6248,Gilbert,Lewis,Tonga,670.612.9368x211,david16@example.net,2024-10-22
6249,Kari,Owens,Namibia,950-305-3868x4582,kyle98@example.com,2022-10-09
6250,Kristin,Reed,Bouvet Island (Bouvetoya),001-976-301-5263,ghuynh@example.net,2022-05-16
6251,Ruben,Blackwell,Montenegro,794.597.4085x70222,hilldavid@example.com,2020-05-11
6252,Jessica,Thompson,Russian Federation,+1-214-252-0325,erica89@example.org,2020-12-24
6253,Timothy,Mayo,Congo,745-311-4546x79923,jessicakaiser@example.net,2024-01-26
6254,Jeffrey,Green,South Georgia and the South Sandwich Islands,001-793-802-7349x7183,martincolleen@example.net,2024-04-04
6255,Deborah,Hampton,Malaysia,+1-843-252-3988x0313,danielrodriguez@example.com,2024-10-21
6256,Wanda,Baker,Indonesia,904.824.0843x351,shortjackson@example.net,2023-01-30
6257,Kevin,Nielsen,Gibraltar,(764)599-0118x4848,osnyder@example.org,2021-03-14
6258,Adam,Jones,Senegal,264.560.5225x96805,douglas49@example.net,2022-03-15
6259,Julia,Baker,French Guiana,+1-862-452-3438x140,jean56@example.org,2025-01-22
6260,Marie,Phillips,Botswana,(550)749-1113,denise16@example.com,2021-06-30
6261,Tammy,White,Papua New Guinea,001-440-848-3619x690,whiteheather@example.net,2022-11-24
6262,Eric,Jenkins,Lebanon,+1-624-841-6919x991,michael00@example.org,2022-02-06
6263,Ashley,Kane,Ethiopia,001-395-927-2950x9640,areed@example.org,2020-12-17
6264,Lindsey,Robinson,Sri Lanka,+1-813-921-8310,irobertson@example.net,2024-06-05
6265,Mark,Cook,Australia,887-340-4507x91107,lancemueller@example.org,2020-06-05
6266,Jamie,Rosales,Qatar,623.768.5872,rachaelbryant@example.com,2021-07-14
6267,Martha,Phillips,Guernsey,449-260-0879x432,afisher@example.org,2020-09-10
6268,Ralph,Morris,Lithuania,3689110734,wendymeyers@example.com,2020-07-05
6269,Sean,Dyer,Croatia,(712)480-2508,usmith@example.com,2020-12-26
6270,Sarah,Gonzales,Namibia,771.613.3974x13174,taraanderson@example.org,2025-01-06
6271,Mark,Vaughn,Anguilla,565.410.4165x26957,williamstracy@example.net,2024-12-20
6272,Tammy,Thompson,Morocco,001-851-527-6605x58768,eparks@example.org,2021-05-14
6273,Matthew,Sanders,Martinique,+1-705-226-8793,kathleengonzalez@example.org,2021-04-03
6274,Anthony,Donaldson,Burkina Faso,8728661768,nobrien@example.org,2022-11-08
6275,Patricia,Daniel,Sierra Leone,596.846.1234x20774,woodalexandria@example.org,2022-12-23
6276,Ashley,Stone,Barbados,+1-973-783-7196,shirley55@example.org,2024-11-12
6277,Mary,Moore,Sweden,+1-799-641-0735x2423,matthewwelch@example.com,2020-07-13
6278,Lauren,May,Italy,001-935-975-5493x748,knappdavid@example.org,2024-06-26
6279,Brian,Garcia,British Virgin Islands,(659)928-5092,austinkimberly@example.com,2025-10-19
6280,Kevin,Wilson,Lesotho,001-631-989-1083x08323,xbrown@example.org,2025-05-01
6281,Ryan,Baker,Saint Pierre and Miquelon,+1-931-264-7397x38555,collinsbrandi@example.org,2020-03-23
6282,Mary,Hamilton,Tajikistan,001-638-447-5834x61470,donovanmatthew@example.net,2021-10-15
6283,Jessica,Blanchard,Bouvet Island (Bouvetoya),275.612.7685x47523,williamcortez@example.com,2020-09-19
6284,Chad,Johnson,Macao,(770)622-3498,troy31@example.net,2022-05-20
6285,Courtney,Patrick,Bosnia and Herzegovina,449.956.6684x8668,jesuspoole@example.net,2024-07-18
6286,Melinda,Silva,Norway,(635)454-7561x73296,david45@example.org,2022-07-13
6287,Sara,Oliver,United States of America,3739744003,summerssamuel@example.net,2025-04-18
6288,Karina,Robbins,Lao People's Democratic Republic,(656)529-3219x97770,harristerri@example.net,2021-12-01
6289,Ronald,Miller,Aruba,(441)861-5207x28080,wrightveronica@example.org,2025-12-27
6290,Juan,Daniels,Saint Barthelemy,001-927-264-0033x50106,chadcarrillo@example.net,2024-08-18
6291,Scott,Boyd,Netherlands Antilles,997-837-8692x551,debrahenry@example.net,2020-04-11
6292,Mark,Pierce,United Kingdom,596-212-4109x47302,halvarez@example.net,2024-08-21
6293,William,Myers,Iran,001-686-378-8219x975,destinysalas@example.net,2022-08-08
6294,William,Reynolds,New Zealand,+1-317-498-3885x029,walterlara@example.net,2025-03-01
6295,Cynthia,Brown,Micronesia,001-562-783-7305,melissacole@example.org,2022-03-07
6296,Michael,Lindsey,Peru,456.454.0121,garzamatthew@example.org,2022-06-17
6297,Sara,Mason,Congo,001-402-733-3093x182,sarah64@example.net,2021-06-29
6298,David,Palmer,Panama,577.746.3081,tshields@example.com,2024-02-28
6299,Tiffany,Gomez,Saint Helena,223-548-3731,farrelladam@example.org,2021-06-05
6300,David,Fletcher,Nicaragua,273.216.5718,floresjoseph@example.net,2025-09-19
6301,Daniel,Perry,Guinea-Bissau,700-389-3729x3481,jessicalawson@example.net,2020-05-20
6302,James,Heath,Ecuador,8804694795,whawkins@example.com,2022-10-20
6303,Norman,Saunders,Bolivia,+1-862-359-8824x9695,james22@example.net,2025-03-07
6304,Douglas,Stevens,Bermuda,(659)490-9764,annwhite@example.com,2022-11-10
6305,David,Romero,Marshall Islands,001-268-886-4077x71560,watsonsamuel@example.org,2020-09-14
6306,Nicole,Fleming,Ecuador,9677308922,njohnson@example.com,2023-06-19
6307,Brandon,Wilson,Saint Vincent and the Grenadines,(646)818-3583x3474,xwells@example.net,2025-03-12
6308,Sarah,Owens,Senegal,+1-865-358-5807x7849,lawrence18@example.net,2022-06-21
6309,Tiffany,Guerra,Zambia,(441)659-7993x1447,cainashley@example.com,2023-05-24
6310,Peter,Miller,Turks and Caicos Islands,+1-918-663-3890x2735,kyle24@example.org,2023-04-10
6311,Robert,Davis,Malta,+1-791-879-0062x86537,wilsonkaren@example.org,2020-11-30
6312,Jack,Reyes,Libyan Arab Jamahiriya,001-589-954-8695x34363,fsnow@example.org,2025-05-09
6313,Eric,Reed,Gibraltar,799.969.0764,sarah56@example.org,2021-03-20
6314,Ashley,Johnston,French Polynesia,549.535.6239x4068,aaronhoward@example.net,2020-09-30
6315,Sarah,Obrien,American Samoa,446-906-9203,jessica48@example.org,2020-01-29
6316,Bryan,Bridges,Heard Island and McDonald Islands,(784)627-4689x30144,kristen66@example.com,2024-04-23
6317,Tonya,Mathews,Brunei Darussalam,(339)770-2944x43558,victor10@example.com,2022-11-29
6318,Eric,Valdez,Haiti,991-375-4036x90846,melissawhite@example.com,2021-02-16
6319,Rachel,Todd,Dominican Republic,(468)290-7782,smithcarrie@example.com,2021-07-02
6320,John,Miller,Mauritius,+1-894-343-3394x562,emoore@example.net,2025-08-27
6321,Joseph,Herrera,British Indian Ocean Territory (Chagos Archipelago),(936)534-7845x0852,christopher47@example.net,2020-09-20
6322,Cameron,Beard,Saint Pierre and Miquelon,956-314-8785x879,lewisedwin@example.org,2025-11-07
6323,Bobby,Williamson,Luxembourg,+1-461-568-2447x96680,lori92@example.org,2020-11-11
6324,Jacqueline,Hill,Venezuela,001-657-288-3028x868,lsmith@example.net,2021-08-25
6325,Leah,Mckee,Lesotho,471.356.9875,smithcarol@example.com,2023-08-15
6326,Gregory,Mueller,Cyprus,9945930771,paigelam@example.com,2026-02-19
6327,Ian,Farmer,Faroe Islands,435-302-1914,alexis01@example.com,2025-09-28
6328,Gregory,Cross,Netherlands,+1-604-876-7660x864,oramirez@example.com,2023-11-30
6329,Theresa,Leon,Guadeloupe,220.553.0767x2853,halljames@example.net,2022-11-02
6330,Phillip,Guerrero,Cuba,+1-544-735-6427x564,hannagary@example.net,2022-03-05
6331,Robert,Davis,Finland,+1-203-703-7938x083,joel47@example.org,2023-12-13
6332,Mariah,Luna,Singapore,659.547.7060,edwardwhite@example.net,2021-12-16
6333,Janet,Snyder,Mongolia,001-789-706-2609x9413,ashleygomez@example.net,2021-04-02
6334,Kathleen,Conway,Christmas Island,448.389.2401x87437,brian31@example.com,2022-01-26
6335,James,Thomas,Anguilla,630.352.6195x24579,hamiltonjean@example.net,2022-03-26
6336,Jonathan,Greer,Belgium,210-854-4447,michael26@example.net,2024-03-11
6337,Jane,Jones,Vietnam,4239921584,wwest@example.net,2024-09-21
6338,Jeffery,Lynn,Cote d'Ivoire,001-291-670-2222x05330,erin48@example.org,2021-10-14
6339,Sean,Levine,Argentina,889.737.4172x855,yreyes@example.org,2023-02-06
6340,Thomas,Hartman,Argentina,(430)854-2473x5917,john08@example.com,2026-01-07
6341,Joan,Carter,Kiribati,531.606.8451x46062,rbaxter@example.com,2023-12-27
6342,Zachary,Trujillo,Sao Tome and Principe,667-980-0630,harrisonjessica@example.net,2024-06-04
6343,Darryl,Arnold,Sudan,241.285.8564x28277,jessesmith@example.com,2021-03-04
6344,Harold,Johnson,Western Sahara,7328802673,erichall@example.org,2025-12-22
6345,Tracy,Murray,Cameroon,9882597374,johnmiller@example.com,2023-01-24
6346,Bruce,Conner,Congo,001-814-961-5633x2717,pattersonwilliam@example.net,2025-04-05
6347,Mark,Myers,Cayman Islands,001-497-979-3899,belindablake@example.com,2023-08-28
6348,Joann,Hanson,Madagascar,7792844884,murphyjoan@example.net,2023-03-31
6349,Stephen,Bender,Hungary,559-809-3732x7309,jasminemcdonald@example.net,2024-10-16
6350,Tony,Smith,Korea,464.491.5022x406,dave50@example.net,2025-05-10
6351,Frank,Castro,Saint Kitts and Nevis,384-241-2123,frankkatie@example.org,2021-05-03
6352,Gregory,Chandler,Albania,(414)817-7582,lindsay79@example.net,2022-11-15
6353,Gina,Vasquez,Zimbabwe,956-506-9793,barrymarcus@example.net,2024-08-08
6354,Seth,Gonzalez,Saint Vincent and the Grenadines,+1-601-359-5890,gentryjoel@example.net,2023-10-03
6355,Walter,Miller,Bulgaria,(355)720-4888x48054,jonesjames@example.net,2021-10-14
6356,David,Schmidt,Liechtenstein,584-943-4408,sean78@example.net,2020-09-28
6357,Robert,Ortiz,Saint Helena,+1-454-885-5319x23683,willisstephanie@example.net,2021-08-03
6358,Kristy,Smith,Senegal,730.432.9818x2979,xheath@example.com,2021-09-09
6359,Jennifer,Herrera,Cape Verde,001-412-297-7261,richardnguyen@example.com,2020-04-15
6360,Stephen,Kramer,Eritrea,+1-260-705-7020x5705,amberwebb@example.com,2021-03-09
6361,Stacy,Duncan,Namibia,+1-798-398-3860x302,kbishop@example.net,2020-10-20
6362,Matthew,Garcia,Chad,(893)998-7056,nanderson@example.org,2023-04-12
6363,Crystal,Snow,Afghanistan,591.314.5795x24028,duane85@example.com,2024-09-04
6364,Miguel,Lopez,Guyana,001-951-928-2494,christianphillips@example.com,2025-04-14
6365,Michael,Clayton,Timor-Leste,950-657-3955x8328,lshaw@example.com,2022-11-17
6366,Breanna,Garcia,Cook Islands,(558)292-7765x04708,fgentry@example.com,2025-01-18
6367,Donald,Stephens,Greece,(488)775-3940x41557,jspencer@example.com,2024-01-01
6368,Ashley,Buckley,Somalia,428.241.6062x99431,elloyd@example.org,2026-02-25
6369,Laura,Davis,Chile,+1-717-713-1712,omann@example.net,2023-08-31
6370,Ian,Obrien,Canada,946-947-7832,williamsperry@example.org,2021-11-22
6371,William,Johnson,Spain,352-455-1109,smithchristopher@example.com,2021-05-04
6372,Donald,Moreno,Bouvet Island (Bouvetoya),+1-416-857-2325,vicki89@example.net,2024-04-16
6373,Kyle,Pearson,Turkmenistan,6918043264,scottmcneil@example.com,2023-12-10
6374,Michael,Crawford,Serbia,(666)682-0165,ebrooks@example.org,2024-12-08
6375,Melinda,Howe,Cameroon,408-572-5880,nmora@example.net,2022-11-04
6376,Charles,Soto,Sierra Leone,001-708-750-0735x099,laurie72@example.com,2024-04-20
6377,Albert,Castillo,Ethiopia,+1-989-890-1094x48874,sberry@example.net,2024-07-21
6378,Kayla,Jones,Macao,(976)266-8933x478,eric95@example.net,2020-02-28
6379,John,Smith,Cote d'Ivoire,(362)756-8595x613,amber94@example.com,2021-08-16
6380,Gloria,Singh,Palestinian Territory,+1-555-239-5134x1626,teresa49@example.org,2026-02-25
6381,Benjamin,Wilson,Honduras,917.273.2005x503,buchanandanielle@example.com,2020-11-25
6382,Vanessa,Nguyen,Honduras,001-235-571-0987x1373,amyrodriguez@example.org,2022-07-25
6383,Luis,Jones,Moldova,415-317-9897x0068,wintersrobin@example.org,2020-05-04
6384,Katherine,Wilcox,Estonia,001-683-259-0139x702,garciadaniel@example.net,2025-07-26
6385,Tyrone,Jones,Lebanon,(504)437-1610x0971,dhernandez@example.net,2024-11-22
6386,James,Long,Suriname,6828715008,joel40@example.org,2023-12-24
6387,James,Sutton,Yemen,645.835.8212x497,todddavis@example.com,2023-07-30
6388,David,Wilson,Mali,340.508.5928x3337,patricia31@example.net,2020-08-30
6389,Steven,Williams,Denmark,001-952-698-0182x1319,carloscarroll@example.net,2024-03-01
6390,Fred,Hays,Heard Island and McDonald Islands,6117356176,timothy93@example.net,2023-09-11
6391,Justin,Thomas,Azerbaijan,880-448-1224x24054,gparrish@example.net,2020-07-29
6392,Karen,Watson,Greenland,(207)838-4028,gallagherstacy@example.com,2024-10-11
6393,John,Crawford,Oman,001-890-961-9004x958,kevin64@example.org,2025-03-16
6394,Anna,Smith,Finland,+1-920-670-8783x7020,williamskimberly@example.org,2020-01-22
6395,Wendy,Banks,Armenia,826.841.7494x118,ryanwilliams@example.net,2021-03-31
6396,James,Boyd,Zambia,+1-916-415-3359x327,rroth@example.com,2025-09-10
6397,Drew,Ortiz,Cyprus,355-261-8656x4044,wjohnson@example.com,2021-01-01
6398,Barbara,Wilson,Rwanda,7257467979,hlee@example.net,2024-04-29
6399,Luis,Brown,Egypt,+1-580-212-4624,kendra01@example.com,2022-07-27
6400,Stephanie,Phillips,Cote d'Ivoire,001-990-608-8419x224,jordanadrienne@example.com,2023-12-25
6401,Nathan,Jimenez,Egypt,001-761-767-7096,imitchell@example.net,2021-01-31
6402,Dean,Blevins,Somalia,225.761.3985x5549,elizabethfletcher@example.org,2024-03-23
6403,Sarah,Boyer,Sierra Leone,493-617-9434,sarahnguyen@example.net,2020-03-23
6404,George,Allen,Moldova,(727)251-5953x69397,daniel62@example.com,2021-10-28
6405,Jennifer,Rodriguez,Germany,923-342-1552,sara23@example.org,2024-04-20
6406,Amanda,Stevens,Lebanon,(420)228-4569x006,james10@example.com,2020-03-09
6407,Misty,Bates,Palestinian Territory,520-472-4449,ballardmark@example.net,2021-07-15
6408,Ryan,Morales,Lithuania,2846936937,alialan@example.com,2025-07-28
6409,Julie,Buchanan,Brazil,815.840.9897x6726,amanda00@example.com,2022-11-02
6410,Steven,Gonzalez,Korea,313-424-6935x8895,barbarabrown@example.net,2020-08-20
6411,Mary,Webb,Iceland,574.865.8695x826,hannah72@example.net,2020-01-17
6412,Kayla,Herrera,Hong Kong,791-205-1724x682,zimmermandawn@example.net,2022-01-12
6413,Kim,French,Western Sahara,7535679005,nicole48@example.org,2024-11-30
6414,Tara,Byrd,Saint Kitts and Nevis,813.202.9319x377,martinzamora@example.com,2023-11-07
6415,Adrian,Patterson,Cote d'Ivoire,978-855-6056x77598,robinsonmatthew@example.org,2022-12-27
6416,Eric,Humphrey,Netherlands,(204)306-0282,christopher96@example.com,2022-01-11
6417,Charles,Simmons,Honduras,225.592.9398,joshuaingram@example.com,2023-11-01
6418,John,Ramirez,Tajikistan,(226)935-2754x2753,kgreen@example.net,2024-07-26
6419,Cameron,Park,Pakistan,8348209266,fbond@example.com,2024-11-15
6420,Antonio,Reid,Denmark,673-541-4820x6067,andrea65@example.org,2023-05-05
6421,Michael,Grimes,Puerto Rico,(989)656-3123x395,williamburke@example.org,2020-09-28
6422,Patricia,Bryant,San Marino,+1-690-205-4077x13649,lozanolindsey@example.com,2023-06-17
6423,Jill,Miller,Morocco,239-849-9401x79755,bmora@example.org,2022-09-15
6424,Jamie,Thornton,Sweden,(542)279-0998x19978,kaylajones@example.com,2021-05-21
6425,Ryan,Walker,Jordan,+1-349-559-1543x54229,morrisonjeff@example.net,2024-11-23
6426,Amy,Marshall,Kazakhstan,732-907-2562,jody63@example.net,2024-11-29
6427,Cindy,Madden,Hong Kong,+1-292-348-0490,fwashington@example.net,2021-07-23
6428,Mary,Davis,Eritrea,(753)461-6746x193,pdunn@example.net,2023-06-17
6429,Michael,Crane,Timor-Leste,001-965-939-0500x1594,howardmaureen@example.net,2024-07-13
6430,Danny,Patterson,Samoa,(738)604-5154,kellyramirez@example.org,2024-03-09
6431,Natalie,Fitzgerald,Cambodia,(875)491-2521,pperry@example.com,2024-04-06
6432,Caitlin,White,Senegal,(955)418-6584x883,royjenkins@example.net,2020-04-29
6433,Amber,Garcia,Mali,307.444.8410x05076,iparker@example.com,2024-10-07
6434,Joseph,Munoz,Lesotho,7585611565,wesley18@example.org,2025-11-28
6435,Jacob,Weiss,Svalbard & Jan Mayen Islands,774-200-8691,andersonjason@example.org,2020-01-31
6436,Jeanne,Warner,Namibia,940.700.2979x597,lpoole@example.org,2024-07-17
6437,Michelle,Mejia,Spain,983.595.5617,ptownsend@example.org,2021-04-30
6438,Sean,Tanner,Syrian Arab Republic,001-794-905-7781,hluna@example.net,2020-03-22
6439,Jack,Carlson,British Virgin Islands,467.506.0103,gabriel51@example.org,2022-01-24
6440,Jason,Vasquez,Trinidad and Tobago,001-830-575-1775x53612,levineanna@example.com,2024-10-20
6441,Jennifer,Perkins,Guinea,242.447.0320,acostaelizabeth@example.com,2025-01-05
6442,Cory,Wright,Armenia,635.224.8716x15966,larajoel@example.com,2021-05-27
6443,Jamie,Gates,Ukraine,+1-264-586-7361,laurenwilson@example.com,2024-03-11
6444,Donald,Brooks,Mali,001-783-650-8236x548,rick53@example.org,2022-11-25
6445,Christy,Willis,Andorra,318-651-6241x2650,tonya19@example.net,2024-01-21
6446,Stacy,Ballard,Norfolk Island,582-771-1376x82353,millermallory@example.net,2020-06-04
6447,William,Roman,Chile,001-534-524-3752x829,riostammy@example.com,2022-05-21
6448,Alicia,Zuniga,Turkmenistan,9739779302,millerrachel@example.org,2020-09-25
6449,James,Moore,Nauru,+1-527-403-5936x686,gjones@example.org,2023-09-07
6450,Rebecca,Moody,Holy See (Vatican City State),+1-566-489-8482x1097,bairdlindsey@example.org,2021-10-11
6451,Malik,Noble,Somalia,001-224-961-6106x3997,cgibson@example.org,2024-11-27
6452,Richard,Campbell,Tuvalu,+1-580-559-5355,jennifermartinez@example.com,2022-06-30
6453,Emily,Strickland,Christmas Island,+1-713-759-5103x22317,fhanson@example.com,2026-02-05
6454,Eric,Simon,Kuwait,001-504-557-4773x95879,rebecca62@example.net,2025-09-15
6455,Brittany,Hall,Australia,4582365991,jennifer87@example.net,2022-11-26
6456,Amber,Adams,Timor-Leste,001-617-721-5597,robert42@example.org,2021-06-07
6457,Andre,Young,French Southern Territories,2765896541,srodriguez@example.org,2020-07-21
6458,Kevin,Graham,Moldova,+1-388-328-6426x48452,kestes@example.com,2020-08-30
6459,Suzanne,Wright,Poland,+1-955-693-6441x5042,popetyler@example.net,2023-03-23
6460,Alyssa,Welch,Romania,001-421-295-8220x579,cturner@example.org,2023-05-01
6461,Andrew,Turner,Morocco,(273)901-8282,moorejason@example.com,2022-01-08
6462,Robert,Hunter,Saint Lucia,283-784-3134x74151,hendersonedward@example.org,2022-03-29
6463,Doris,Russo,Vietnam,+1-210-899-6437,mhamilton@example.net,2026-01-20
6464,Adam,Lara,Slovakia (Slovak Republic),496.660.3140x722,angela81@example.net,2020-01-02
6465,Emily,Beck,Burundi,993.953.0626x940,newmaneric@example.org,2021-12-30
6466,Tracy,Nash,Kazakhstan,987-598-9446x202,troypatton@example.org,2024-10-21
6467,Alex,Mueller,New Zealand,001-921-441-4519x074,burnstyler@example.org,2021-08-20
6468,Alexis,Wilson,Martinique,001-971-298-5615x4768,mariah73@example.net,2023-09-23
6469,Eric,Walton,Anguilla,3979882679,justinroberts@example.com,2024-01-13
6470,Steven,Gonzales,Bahrain,(602)341-0723x97326,jennifer21@example.com,2022-01-26
6471,John,Porter,Saint Kitts and Nevis,865-446-9349x10915,ascott@example.org,2020-03-14
6472,Elizabeth,Bridges,Qatar,8967432714,mgonzales@example.net,2024-01-28
6473,Rebecca,Adams,Pakistan,784-959-3125,folson@example.net,2025-12-24
6474,Roberto,Perez,Oman,527.205.2392x552,carlyhooper@example.net,2020-03-04
6475,Ashley,Reynolds,Montenegro,218-956-3390,ugonzalez@example.net,2022-02-21
6476,Michael,Ramirez,Serbia,+1-333-982-1774x1269,espinozastephen@example.com,2024-01-23
6477,Sheila,Washington,Anguilla,886.301.3347x5941,milescathy@example.com,2023-08-11
6478,Debbie,Wilson,Estonia,475.303.1478x006,lucasdavid@example.com,2021-02-02
6479,Jessica,Thomas,Haiti,212.302.3471,rachelgreen@example.net,2022-12-11
6480,Michelle,Henderson,Singapore,+1-621-424-3086,loganray@example.org,2022-09-30
6481,Jonathan,Nguyen,Gibraltar,+1-489-787-9223,nicole34@example.org,2022-11-22
6482,Terri,Carlson,Algeria,800-723-4853,owise@example.com,2024-10-27
6483,Ann,Pittman,Antigua and Barbuda,449.606.2147x3454,nmitchell@example.net,2022-12-13
6484,Richard,Campbell,Montserrat,8117757162,natasha46@example.com,2020-08-20
6485,Mitchell,Mclean,Israel,577.369.7944x08690,zhernandez@example.net,2025-04-08
6486,Brianna,Aguirre,Puerto Rico,4708369766,fclark@example.com,2022-11-12
6487,Christopher,Mills,Nigeria,936.386.7981x2859,nkim@example.net,2021-04-06
6488,Amber,Conway,Venezuela,(351)652-8809x96205,bjohnson@example.com,2021-09-05
6489,Jeffrey,Hoffman,Cocos (Keeling) Islands,001-720-669-4059x64331,alyssaritter@example.net,2024-07-01
6490,Richard,Faulkner,Djibouti,+1-895-797-1378x265,jon39@example.org,2021-11-11
6491,Rachael,Gutierrez,Peru,950.561.1199,tylersmith@example.com,2020-07-02
6492,Renee,Foster,Samoa,+1-622-717-0463,christopher27@example.com,2024-05-06
6493,Michael,Horn,Afghanistan,(744)885-5118,dbanks@example.net,2025-12-27
6494,Jessica,Hunt,Micronesia,001-818-820-4324x4705,riverarobert@example.org,2023-07-21
6495,Lisa,Carter,Gambia,513-272-1574x861,wadeashley@example.org,2022-09-05
6496,Dana,Wells,Kiribati,001-667-990-0226x41455,igonzales@example.com,2024-08-16
6497,Karen,Stewart,Isle of Man,615-923-1487,kevin69@example.org,2024-02-04
6498,Marcus,Melton,Somalia,9029726773,gmiller@example.org,2023-05-31
6499,Vanessa,Farmer,Canada,(287)942-7302,roychristopher@example.net,2024-08-26
6500,Jim,Wolfe,Bulgaria,8572313213,tammy55@example.com,2024-10-01
6501,Harold,Mccullough,Bhutan,492.322.8007,paulbaker@example.net,2024-09-09
6502,Robert,Meyer,Tokelau,(592)590-1976x4468,lindasalinas@example.net,2024-02-08
6503,Connie,Bowers,Turkmenistan,(820)722-7133,eflores@example.org,2024-02-14
6504,James,Owens,Kyrgyz Republic,(336)372-2953,shannonstephens@example.net,2025-09-23
6505,Shelly,Gross,Saint Martin,(202)478-3770x4737,wallacesteven@example.org,2021-05-22
6506,Andrea,Le,Vietnam,(882)640-1510,derekreynolds@example.com,2022-07-29
6507,Jose,Kirby,Kyrgyz Republic,6536929442,halljessica@example.com,2022-01-16
6508,Scott,Mcneil,Saint Barthelemy,390.472.4736,ischultz@example.com,2020-05-01
6509,Sheryl,Snyder,Bulgaria,001-295-540-6991,megan00@example.org,2025-01-15
6510,Caleb,Hensley,Guadeloupe,421.289.5730x1191,lee58@example.com,2025-07-02
6511,Christopher,Mendez,Bangladesh,(264)282-3386x80830,rsmith@example.com,2021-11-08
6512,Brittany,Anderson,Tajikistan,578.959.8904x4748,lambertmartha@example.net,2020-05-04
6513,Chelsea,Daniels,Panama,746.381.9446,fbuck@example.com,2022-05-16
6514,Lisa,Jones,Uruguay,522-607-0516x667,laura89@example.com,2020-09-07
6515,Richard,Green,Nepal,437.523.5961x050,christopher38@example.com,2020-04-18
6516,Bailey,Armstrong,Marshall Islands,001-918-912-2807x71939,daviddaniel@example.net,2023-11-17
6517,Rachel,Lopez,Iraq,272-972-9723x30938,teresawallace@example.com,2021-07-01
6518,Christopher,Herrera,Greenland,3147800289,ofreeman@example.org,2024-03-06
6519,Jonathan,Mcdowell,Iraq,(208)687-1903x4510,schwartzteresa@example.org,2025-05-03
6520,Elizabeth,Sexton,Vanuatu,001-565-378-1974x31603,pprice@example.org,2023-09-28
6521,Lauren,Nguyen,Hong Kong,288.866.1525x3681,linda94@example.net,2022-12-18
6522,Adam,Howard,Puerto Rico,888.857.4121x267,jessicacook@example.org,2023-05-05
6523,Jennifer,Smith,Papua New Guinea,001-314-871-3863,powelljanet@example.net,2026-03-02
6524,Shawn,Smith,Taiwan,253-937-0663,natashapatterson@example.org,2024-03-24
6525,Kayla,Gonzalez,Equatorial Guinea,001-338-665-9592x6286,kiarascott@example.net,2025-04-18
6526,Trevor,Bell,France,(787)512-7904,rebeccamullins@example.net,2022-06-17
6527,Samantha,Edwards,Somalia,001-708-644-9132,cartermichelle@example.org,2024-09-14
6528,Andrew,Moreno,Morocco,676.295.0174,cameron97@example.org,2025-07-24
6529,Linda,Rocha,Panama,(833)675-0397x16496,heather62@example.org,2025-03-15
6530,Kerry,Ward,Grenada,2917645677,bjordan@example.com,2022-07-15
6531,Steven,Bernard,Finland,+1-317-703-8730x165,xrobbins@example.com,2025-12-31
6532,Veronica,Stephens,Mayotte,538.393.9665x09725,jodiwang@example.com,2024-08-07
6533,Jody,Sullivan,Russian Federation,8653057225,bakershannon@example.net,2020-02-15
6534,Rodney,Ruiz,Peru,274-746-7059,matthew22@example.org,2023-06-25
6535,David,Pratt,Turkey,210.787.7748x4342,joygreene@example.org,2023-05-04
6536,Pamela,Jordan,Guernsey,001-252-205-3621x7181,victormurphy@example.com,2020-11-14
6537,Jamie,Douglas,United States of America,917.658.6452,rogerschristopher@example.net,2023-06-14
6538,Jamie,Padilla,United States of America,257-585-9497x3375,athompson@example.org,2021-05-11
6539,Christopher,Perez,Singapore,534-805-7507x881,gonzalezbrandy@example.net,2023-09-07
6540,Ronald,Love,Guinea,878-684-4250,craigosborn@example.org,2023-04-03
6541,Ryan,Hensley,Sri Lanka,300.290.6798x07769,vchristensen@example.com,2024-07-13
6542,Matthew,Wilson,Angola,422-728-5721x670,dustintaylor@example.org,2022-08-28
6543,Madeline,Washington,Colombia,001-658-738-6079x507,tonyacharles@example.com,2020-06-04
6544,Kathy,Green,Guinea-Bissau,+1-237-816-0795x94072,david46@example.net,2025-10-22
6545,Sarah,Herring,Cayman Islands,001-745-573-2814x866,mullinsshane@example.org,2025-03-17
6546,Marcus,Brown,Japan,+1-538-637-1072,ddennis@example.net,2021-03-15
6547,Christopher,Townsend,Saint Helena,(362)881-3685,holmesdonald@example.com,2023-10-09
6548,Amy,Gentry,Yemen,+1-626-300-4023x814,jeremykim@example.net,2024-02-06
6549,Shane,Donaldson,Burundi,762.220.0474x0841,holly79@example.org,2025-12-10
6550,Danny,King,Niue,+1-643-677-5077,burnettjeffrey@example.com,2024-08-02
6551,Chad,Murray,Antarctica (the territory South of 60 deg S),(212)934-3423x8479,michael48@example.com,2021-06-28
6552,Roger,Moore,Cook Islands,001-424-280-4699x5687,dyoung@example.com,2022-07-24
6553,Anthony,Taylor,Colombia,(995)843-4313x1780,michellewheeler@example.com,2025-08-16
6554,Jason,Garcia,Sierra Leone,001-721-608-9980x338,patrickrebecca@example.net,2022-11-05
6555,Michelle,Mendoza,Netherlands,+1-643-808-8149x55170,jonesherbert@example.com,2022-02-10
6556,Leah,Cox,Korea,001-835-332-3519x330,louisraymond@example.net,2022-09-13
6557,Curtis,Bates,Pitcairn Islands,990-243-7519x81429,sarias@example.org,2021-04-02
6558,Christina,Johnson,Cote d'Ivoire,(419)735-2189,ewyatt@example.org,2023-04-09
6559,Kimberly,Lynch,Bolivia,(590)960-3702,salazaralice@example.com,2020-09-20
6560,Dana,Wolfe,Serbia,360-727-2221,amber25@example.org,2024-05-25
6561,Megan,Powell,Canada,+1-942-812-2658x8970,lbowers@example.com,2025-05-22
6562,Brandy,Wall,Iceland,313-477-5015,ityler@example.net,2021-06-08
6563,Amy,Dunn,Niger,(517)670-1502x733,wallacevincent@example.org,2024-08-13
6564,Jasmine,Simpson,Turkey,+1-319-767-1560x6135,powens@example.net,2023-03-17
6565,Brian,White,Cayman Islands,503.892.1909x6912,ncurtis@example.net,2020-06-03
6566,Ronald,Turner,Malawi,5677489414,smithjoshua@example.org,2022-09-16
6567,Thomas,Gallagher,Lithuania,946.592.5405,david87@example.org,2021-11-11
6568,Jonathan,Patton,Malaysia,808-879-2223x29609,emilysantos@example.com,2024-07-16
6569,Andrea,Harrington,Tajikistan,(569)699-4066,alexander43@example.org,2021-03-25
6570,Jessica,Guzman,Cambodia,001-809-256-1471x85502,zkane@example.com,2025-01-02
6571,Victoria,Cooper,Nicaragua,8515489360,ohernandez@example.org,2020-01-12
6572,Cheryl,Smith,Cote d'Ivoire,+1-532-760-6189x6376,ortizjenna@example.com,2022-12-19
6573,Brittany,Hoffman,French Guiana,810-838-7009,greenjohnny@example.com,2020-06-05
6574,James,Leblanc,Puerto Rico,+1-507-516-8232,patriciadavis@example.org,2020-10-13
6575,Jordan,Kelly,Peru,+1-988-563-9645x6141,jacksonemma@example.org,2024-06-03
6576,Barbara,Lewis,Pitcairn Islands,(340)824-7733x400,ureynolds@example.net,2023-08-16
6577,Robert,Martin,Mauritania,(661)963-9237x39110,brauncasey@example.com,2021-11-13
6578,Robert,Carlson,China,437.875.9953,mary25@example.org,2025-07-17
6579,Edward,James,Grenada,931-813-9522x42696,kimberly21@example.org,2025-10-16
6580,Kristin,Harrison,Western Sahara,702-540-1072x9948,woodwardrodney@example.com,2023-11-02
6581,Jennifer,Harmon,Ethiopia,+1-729-270-4792x0080,rgutierrez@example.org,2024-11-29
6582,Lori,Kaiser,Bahamas,001-273-425-8716x44772,erik47@example.org,2023-10-06
6583,Andrew,Schneider,Nauru,+1-761-656-5000x65489,jose87@example.net,2022-02-21
6584,Mark,Austin,Gabon,(460)479-8271x752,joshuaalvarado@example.net,2023-10-21
6585,Matthew,Rivera,Iraq,+1-575-221-7092x4888,zamoraluke@example.org,2026-02-27
6586,Gary,Gordon,Korea,2499809411,riggsjoshua@example.com,2025-11-10
6587,Jeffrey,Townsend,Zimbabwe,967-630-5095x4225,beckyestes@example.org,2022-07-03
6588,Barbara,Davies,Macao,(769)589-6333x28929,adamskevin@example.org,2020-12-02
6589,Dwayne,Morrison,Denmark,919-279-8955x301,welchtracy@example.com,2022-06-25
6590,Larry,Miles,Svalbard & Jan Mayen Islands,001-702-917-7276x2187,phillipschristopher@example.net,2021-03-27
6591,Deborah,Perez,Vietnam,001-860-563-5396x91379,hfernandez@example.net,2025-08-25
6592,Justin,Williams,Nauru,742.414.4338,ballkimberly@example.net,2021-06-09
6593,Kim,Burgess,Myanmar,740.782.3673x6442,elizabethrush@example.net,2021-12-16
6594,Vanessa,Brown,Belize,268.742.2278x918,heather75@example.com,2023-01-19
6595,Aaron,Davis,Peru,986.501.4643x2269,vcampos@example.net,2024-12-06
6596,Robert,Jefferson,Cayman Islands,590.404.3051,wattsveronica@example.com,2025-02-21
6597,Katherine,Booker,Lesotho,001-444-872-1173x0496,tracy97@example.net,2023-01-03
6598,Melissa,Mccall,British Indian Ocean Territory (Chagos Archipelago),640.579.5615x4747,laneandrea@example.net,2022-12-31
6599,Dawn,Dunlap,Samoa,858-610-0916x4885,michael70@example.com,2022-08-03
6600,Crystal,Brown,Vanuatu,+1-374-491-5410x61548,stephaniebrown@example.net,2021-08-02
6601,Matthew,Peterson,Singapore,(546)851-9538x89407,danielsmith@example.com,2024-09-28
6602,Eric,Osborne,Montserrat,001-401-392-9858x0150,tasha26@example.net,2024-04-03
6603,Pamela,Thomas,Albania,731-997-7865x38012,daniel90@example.com,2025-07-22
6604,Debra,Gilmore,Gambia,+1-774-250-6218x56838,frivers@example.org,2021-07-29
6605,Carol,Goodman,Holy See (Vatican City State),401.487.4073,robinsonaaron@example.com,2024-06-04
6606,Jorge,Gordon,Saint Martin,001-389-338-7590x446,williskrystal@example.org,2023-04-03
6607,Jorge,Sherman,Yemen,(995)466-3466,gary81@example.com,2026-02-05
6608,Jessica,Johnson,Togo,001-337-663-3121,sharonmclean@example.net,2020-10-01
6609,Clifford,Dixon,United Kingdom,(236)676-5214x68514,martinezcharles@example.org,2022-06-29
6610,Jeremy,Johnson,Philippines,+1-538-576-3850x6614,amanda17@example.net,2024-11-19
6611,Andrew,Patterson,Mexico,(227)548-8473,crose@example.org,2022-04-04
6612,Chloe,Allen,Saint Pierre and Miquelon,311-226-8860x23268,bridget74@example.org,2022-03-30
6613,William,Shelton,Saint Helena,001-419-663-6032,davidwaller@example.org,2025-09-28
6614,Brian,Torres,Guinea,308.616.7012x7210,rogersalicia@example.com,2026-01-11
6615,Robert,Perez,Kyrgyz Republic,9145739504,matthew79@example.net,2022-11-29
6616,Anthony,Perez,Hong Kong,(782)383-2089x26003,amber86@example.com,2023-07-15
6617,Sherry,Jackson,Austria,756-303-2225,ramosmatthew@example.net,2021-10-11
6618,Joseph,Vance,Suriname,001-754-566-6143,ywilliams@example.org,2020-09-06
6619,Shannon,Jones,Czech Republic,001-899-933-5777x022,katherine81@example.org,2023-10-03
6620,Stephanie,Williams,United Kingdom,001-466-571-6414x63200,awilson@example.org,2022-12-31
6621,Lisa,Lucas,Malta,263-860-8459x865,jessicafaulkner@example.org,2022-04-22
6622,Joseph,Murphy,Poland,+1-538-209-5939x6902,timothy08@example.com,2020-04-10
6623,Joel,Tyler,Haiti,(826)389-9007x03826,pcunningham@example.com,2023-07-06
6624,Cassandra,Tyler,Anguilla,729-584-3059x522,josephsmith@example.com,2020-08-07
6625,Lisa,Booker,Germany,001-642-520-7107x223,kevin90@example.org,2023-03-14
6626,Shannon,Summers,Grenada,(511)947-4297,kimberlytucker@example.com,2023-06-29
6627,Michael,Walter,Falkland Islands (Malvinas),791.804.0105,allendennis@example.org,2025-03-16
6628,Tasha,Walker,Thailand,706.361.2198x56613,ocurtis@example.com,2024-04-29
6629,Robin,Stephens,Gabon,6569586214,christopherhicks@example.net,2025-12-07
6630,Beth,Reid,Afghanistan,+1-590-320-1554x58940,anthonyowen@example.net,2021-12-20
6631,Carrie,Jones,Korea,+1-638-859-5256x77154,kevinburns@example.com,2021-05-03
6632,Christopher,Cochran,Faroe Islands,001-776-319-3491,baileysarah@example.net,2025-02-15
6633,James,Mendoza,Greece,(305)986-6398,annawagner@example.org,2023-06-22
6634,Julie,Williams,Turkey,(858)747-4866x5942,greg55@example.com,2024-03-25
6635,Rebecca,Brown,Congo,(761)913-6113x34579,chankathryn@example.org,2021-07-22
6636,Christopher,Hawkins,Tokelau,8143549345,travis54@example.org,2022-08-16
6637,Robert,Trevino,United States of America,001-880-392-5414x909,lcunningham@example.com,2020-01-19
6638,Eric,Chavez,Saint Lucia,(201)999-9399x1307,turnerbrandon@example.net,2021-01-26
6639,Brenda,Harvey,Reunion,+1-429-824-9935,gellis@example.net,2024-10-12
6640,Brian,Howell,South Africa,+1-413-746-1122,jenkinsmarcus@example.com,2021-04-21
6641,Jason,Martinez,French Southern Territories,001-675-453-5997x267,cynthiarodriguez@example.org,2020-05-02
6642,Danielle,Davis,Peru,+1-696-694-1774x836,davidthomas@example.com,2023-08-29
6643,Kevin,Bryant,Cameroon,822-958-5923x55695,heather58@example.org,2023-03-19
6644,Lauren,Wilson,Isle of Man,6148758423,cbest@example.org,2021-10-01
6645,April,Hernandez,Norfolk Island,607.534.2425x44772,kevin31@example.net,2020-11-23
6646,Justin,Serrano,Australia,(517)944-8766,alexiscortez@example.com,2026-02-24
6647,Jeremy,Aguirre,Poland,855.315.9521,nicholsonsusan@example.net,2025-03-04
6648,Alexandra,Delgado,Singapore,860-910-5405,johncrosby@example.com,2020-08-12
6649,Marissa,Taylor,Afghanistan,(340)431-0165,josephrichardson@example.org,2025-03-15
6650,Jesse,Moore,Spain,(235)672-7986x86549,ztownsend@example.org,2020-10-19
6651,Bethany,Brown,Rwanda,(539)813-4714x48071,christopher28@example.org,2021-05-04
6652,Michelle,Williams,Bermuda,(750)355-7959x28057,kimhorton@example.com,2022-10-16
6653,Matthew,Lewis,United States Virgin Islands,001-237-488-4385,jonesleroy@example.net,2025-09-24
6654,Paul,Watts,Sri Lanka,(572)686-8413x450,riverabrenda@example.net,2021-10-12
6655,Robert,Perez,Togo,668-509-7292x505,yrose@example.com,2022-12-09
6656,Anthony,Reid,Costa Rica,897.629.4445x9798,ambercunningham@example.org,2022-04-11
6657,Amber,Garcia,Jordan,(208)926-3901x957,bairdgary@example.net,2022-09-01
6658,Rebecca,Stewart,Cuba,001-838-745-2661x199,david91@example.org,2020-12-07
6659,Francisco,Harris,Kazakhstan,639.219.8798,krodriguez@example.com,2022-07-21
6660,Kathryn,Lee,Holy See (Vatican City State),+1-952-809-8776x52140,mfrank@example.org,2024-02-22
6661,Teresa,Wyatt,Bhutan,407.652.2516,sanchezamy@example.org,2022-04-24
6662,Kelsey,Davis,Guatemala,(671)643-2280x866,thomasarnold@example.org,2022-06-05
6663,Ryan,Ramirez,Solomon Islands,482.619.5440x35080,zperry@example.net,2021-09-23
6664,Ariel,Leon,Angola,466.440.9950x622,williamtorres@example.com,2026-01-12
6665,Bailey,Vega,Peru,583.906.5789,thompsonmiguel@example.net,2024-12-03
6666,Zachary,Hoffman,Saint Kitts and Nevis,(545)338-0070x707,denise63@example.org,2023-09-12
6667,Mitchell,Randolph,Mali,+1-376-916-0386x136,xbradley@example.org,2025-07-24
6668,Connie,Schwartz,Bahamas,5462167326,adavis@example.net,2021-05-15
6669,Jennifer,Johnson,Ethiopia,953.882.7683,rossbradley@example.org,2025-10-25
6670,Ariel,Morrison,Moldova,583-622-4564x267,moonheidi@example.org,2020-08-10
6671,Stephen,Chavez,Tajikistan,310.451.4117,ronaldcampbell@example.com,2024-12-13
6672,Micheal,Kim,Israel,001-787-916-0240x49445,douglas34@example.org,2025-11-04
6673,Teresa,Reed,Monaco,+1-365-317-4692x09513,thomashendricks@example.org,2024-04-12
6674,Derek,Lopez,Bolivia,001-491-426-4131x592,richard77@example.com,2024-10-18
6675,Jessica,Cochran,Saint Vincent and the Grenadines,652.225.3792x825,crystalkelly@example.com,2020-03-08
6676,Latoya,Baker,Seychelles,726-773-4629x1437,jessicareed@example.net,2023-12-24
6677,Amanda,Barrera,Wallis and Futuna,(876)511-0649,jamesleslie@example.com,2021-11-19
6678,Ashley,Thomas,Jordan,+1-727-971-9518x20526,yjohnson@example.com,2021-12-06
6679,Angelica,Reid,Bangladesh,892.889.1373,brittany51@example.org,2020-07-09
6680,Denise,Garcia,French Polynesia,+1-867-560-5029,meganschroeder@example.net,2020-09-10
6681,Rebecca,Anderson,Estonia,(521)738-9074x3675,gadams@example.com,2024-06-04
6682,Brian,Burton,Thailand,+1-381-278-0142,beckerstephanie@example.net,2023-08-24
6683,Lisa,Cobb,Nauru,938-320-1124x544,michael78@example.org,2023-10-30
6684,Amanda,Baker,Turkmenistan,(738)552-2311x64691,margaretmartinez@example.net,2024-06-15
6685,Jeanette,Lloyd,Gibraltar,001-811-689-1243x48404,jwilliams@example.org,2020-07-20
6686,Sara,Delgado,Syrian Arab Republic,(241)833-3804,melissamurphy@example.com,2025-07-01
6687,Steven,Baker,Cote d'Ivoire,001-266-870-4922x875,coxlinda@example.org,2024-11-26
6688,Bryan,Alvarado,Netherlands,9363487051,bullockmichael@example.org,2024-12-24
6689,Charles,Patterson,Cocos (Keeling) Islands,6858256536,rachel81@example.net,2020-06-12
6690,Victor,Bruce,Russian Federation,314-430-1426x48734,ebrown@example.com,2022-04-13
6691,Daniel,Smith,Saint Barthelemy,(738)761-6879x67133,fkelly@example.com,2022-02-16
6692,Renee,Weaver,Brazil,236.315.0010,kevinpowell@example.net,2022-02-10
6693,Laura,Barnes,Madagascar,3049197334,kathryn60@example.org,2021-11-04
6694,Carolyn,Arnold,Rwanda,(856)445-3243,patriciagomez@example.org,2023-11-09
6695,Leslie,Henry,Montenegro,001-519-989-3795,daniel08@example.com,2021-02-13
6696,Janet,Moore,Dominican Republic,+1-246-567-3152,jonesjose@example.com,2022-02-11
6697,Jonathan,Pierce,Belize,+1-956-792-4388x957,evanszachary@example.org,2022-12-25
6698,Amanda,Thomas,Suriname,721.600.5916,allison53@example.org,2024-06-03
6699,Michael,Hughes,Bangladesh,001-900-828-0440x3229,benjaminjohnson@example.com,2020-01-26
6700,Tonya,Mack,Palestinian Territory,001-644-932-1338x17606,andreamiller@example.com,2021-06-29
6701,Jacob,Griffin,Dominica,5147076369,sullivanmichael@example.com,2020-02-23
6702,Amanda,Green,Philippines,(941)301-9356x13777,lindarichards@example.net,2023-07-27
6703,George,Parks,Djibouti,851-275-7286x903,aprilpage@example.com,2020-05-19
6704,Taylor,Campos,Liberia,765-205-5410x1597,ustewart@example.com,2024-11-22
6705,Erin,Chandler,Jersey,(876)686-7506,groberts@example.net,2024-11-18
6706,Lee,Anderson,Papua New Guinea,884.575.0194x496,nguyenbryan@example.org,2020-11-15
6707,Danielle,Price,Cocos (Keeling) Islands,782.919.2860,markcox@example.com,2024-11-18
6708,Jerome,Jones,Gabon,+1-311-407-2174x1909,vickierichard@example.org,2024-04-10
6709,Leslie,Michael,Oman,658.230.7301,jacksonscott@example.com,2021-12-01
6710,Jennifer,Shelton,Guam,(996)969-7290,perezkenneth@example.com,2021-06-27
6711,Susan,Ortiz,Egypt,(666)807-7443x11228,davidking@example.com,2022-12-04
6712,Michael,Gibson,Saint Kitts and Nevis,9649656821,bwright@example.com,2022-06-26
6713,Jade,Morris,Iceland,+1-832-544-0706x8954,lynn01@example.org,2021-06-06
6714,David,Jackson,Bahamas,436-481-4829,odavis@example.net,2021-03-04
6715,Bryan,Oconnor,New Caledonia,001-938-506-6392x816,jamescruz@example.org,2024-09-17
6716,Ethan,Wheeler,Guinea,539-990-5574x4387,aprilherrera@example.net,2023-03-29
6717,Melissa,Young,Bermuda,(317)259-2977x821,emilyrice@example.org,2021-06-11
6718,Kyle,Hughes,Montserrat,(808)527-6750x3484,stephanierose@example.com,2024-04-21
6719,Tamara,Gibson,China,+1-491-912-8861,brendaking@example.net,2023-09-09
6720,Kevin,West,Montenegro,(731)296-5295,mccoyalexander@example.net,2023-09-12
6721,Kathleen,Kelley,Egypt,+1-496-734-5851x28316,tami14@example.com,2023-07-21
6722,Michael,Brown,Brazil,(542)355-1503x202,jarvisjeremy@example.com,2022-10-13
6723,Sarah,Diaz,Martinique,(905)892-8524,phillipscharles@example.net,2024-06-21
6724,Peter,Smith,Cook Islands,(502)571-8566x54256,michaeljessica@example.net,2025-01-19
6725,Jason,Johnson,Sweden,001-789-949-6359x63126,matthewmills@example.com,2023-11-15
6726,David,Compton,Seychelles,229.688.4315x4737,nicholasyoung@example.com,2021-09-21
6727,Victoria,White,Syrian Arab Republic,206.522.9948,hrodriguez@example.net,2024-01-13
6728,Thomas,Torres,Saint Helena,(789)461-5248,richard81@example.org,2020-09-12
6729,Caitlyn,Smith,Belarus,+1-379-326-6494x96546,wrobinson@example.org,2026-02-25
6730,Brian,Bruce,Vietnam,(433)780-5102,john04@example.com,2021-05-07
6731,Samantha,Martinez,Australia,203-221-6928x9721,greenjean@example.com,2024-09-12
6732,Brian,Wise,Saint Kitts and Nevis,941-714-0389,mblackwell@example.org,2020-11-26
6733,Joseph,Duncan,Niger,+1-644-723-7533x64266,grahamrebecca@example.org,2026-01-24
6734,Kara,Pitts,Central African Republic,(852)677-6229,josephsmith@example.net,2024-08-02
6735,Marcus,Palmer,Costa Rica,871-939-8650,lindsayhudson@example.com,2020-09-07
6736,Connie,Jordan,Antigua and Barbuda,864-710-8660,fsantiago@example.com,2025-07-28
6737,Jorge,Mack,El Salvador,(674)631-5150,dennisalexander@example.org,2020-12-20
6738,Richard,Shelton,Bangladesh,(327)306-2756,rachel15@example.com,2020-01-12
6739,Rebecca,Turner,Falkland Islands (Malvinas),866.555.6867,stacey86@example.com,2021-10-09
6740,Roy,Foley,Syrian Arab Republic,863-273-5566x45576,wesleyjordan@example.com,2020-10-19
6741,James,Chambers,Turkey,(977)641-1752x20045,jennifer64@example.com,2020-06-17
6742,Emma,Lee,Christmas Island,+1-766-813-1483x2856,cynthia52@example.com,2021-03-14
6743,Melissa,Woods,El Salvador,(618)286-1921x10006,michellewheeler@example.org,2020-02-09
6744,Debra,Jones,Hong Kong,(254)731-3570x242,nicolesims@example.com,2022-03-30
6745,Valerie,Jones,Tanzania,(824)827-2187,fvilla@example.com,2021-08-31
6746,Jason,Taylor,Cook Islands,9928255455,collinshannah@example.com,2024-08-09
6747,Valerie,Meyers,Saint Barthelemy,001-774-403-9183x04665,christopher75@example.net,2020-05-17
6748,Hannah,Fisher,France,351-437-6161x801,michael60@example.net,2023-04-19
6749,Justin,Esparza,Christmas Island,266.305.0135x5929,connerdavid@example.org,2020-10-09
6750,Steve,Harrison,Sudan,281-636-1723x9171,lyonsmichael@example.org,2020-10-10
6751,Rebecca,Torres,Gambia,001-426-258-2528x149,brewerjanet@example.com,2023-11-26
6752,Dakota,Lawrence,Seychelles,892-641-4236x852,geraldwilliams@example.org,2022-03-22
6753,Michelle,Smith,Djibouti,(611)743-6256x71894,alejandrabrown@example.com,2021-07-31
6754,Jacqueline,Nelson,Lesotho,001-809-227-8109x637,troy20@example.com,2022-01-13
6755,Jessica,Johnson,Denmark,001-959-703-6316,jenniferpetersen@example.com,2022-02-17
6756,John,Castro,Romania,963.640.9711x074,christina47@example.net,2021-12-19
6757,Andrea,Wright,Slovenia,+1-643-457-4924x18501,adamsmichelle@example.com,2023-10-18
6758,James,Strickland,Algeria,(602)239-1110,morrisnatalie@example.net,2023-04-05
6759,Alexander,Harris,Guatemala,(711)710-5643x59968,tonyacooper@example.com,2024-05-28
6760,Nicole,Jacobson,Zimbabwe,464.412.9718x1936,helenharrison@example.net,2021-04-19
6761,Brandon,Nguyen,New Zealand,624-838-6755,vkeller@example.org,2022-12-23
6762,Kylie,Soto,Guadeloupe,284-865-0770,jeremy91@example.org,2021-08-27
6763,Linda,Jones,Kiribati,340-877-7976,bsmith@example.com,2025-01-29
6764,Craig,Todd,Cocos (Keeling) Islands,460.299.5795x66075,hglover@example.org,2020-10-09
6765,Christopher,Smith,Sri Lanka,753.426.8781x203,lrichardson@example.net,2025-06-02
6766,Belinda,Griffith,Falkland Islands (Malvinas),(230)877-9609,sara53@example.net,2023-04-04
6767,Caitlin,Robinson,United States Virgin Islands,001-838-470-1402x38142,timothycunningham@example.net,2025-04-14
6768,David,Martin,India,837.523.3721,sgeorge@example.org,2024-07-07
6769,Michael,Turner,Syrian Arab Republic,364-538-1480,scottjohnston@example.org,2021-12-23
6770,Nicholas,Wright,Jamaica,308.508.6063x83925,pmendoza@example.net,2023-04-10
6771,Paul,Brown,Uzbekistan,001-840-643-0354x7401,lgraham@example.net,2025-09-10
6772,Taylor,Smith,New Zealand,707-724-4131x128,taylorjasmine@example.org,2025-02-20
6773,Stephanie,Matthews,Denmark,5043072167,elliscourtney@example.com,2025-06-06
6774,Gregory,Clark,Antarctica (the territory South of 60 deg S),932-251-8505,williamwelch@example.org,2022-04-08
6775,Brent,Haynes,Italy,756.361.6498x0903,darren78@example.com,2025-07-19
6776,Kevin,Lloyd,San Marino,8839240930,whudson@example.net,2024-08-04
6777,Tammy,Waters,Peru,(530)494-1531x470,jacob62@example.com,2021-10-26
6778,Catherine,Lee,British Virgin Islands,959.602.7316x79634,lori72@example.net,2024-03-14
6779,Katherine,Parker,United Kingdom,8777070039,rjohnston@example.org,2023-07-03
6780,Michael,Shaw,Vietnam,001-543-832-7224,qcooper@example.net,2023-03-05
6781,Kathleen,Owens,Kiribati,773.510.3245x963,dnorris@example.com,2022-04-29
6782,Scott,Alvarado,Cameroon,001-647-434-5959,qbeasley@example.org,2023-08-23
6783,Amy,Gomez,Paraguay,+1-598-263-0059x2015,kenneth26@example.com,2020-10-13
6784,Jacob,Taylor,Cyprus,001-300-310-6940x029,danielmitchell@example.net,2025-12-04
6785,Brittney,Mcdaniel,Solomon Islands,(492)900-4359,dylan44@example.net,2021-09-09
6786,Tammy,Moran,Montserrat,777.629.5223x01047,wroy@example.net,2021-03-13
6787,Nicole,Gonzales,Antigua and Barbuda,(658)220-7792,heatherperez@example.net,2025-06-12
6788,Jennifer,Vazquez,Senegal,(908)728-8652x6970,melinda27@example.org,2022-08-03
6789,Jennifer,Davis,Colombia,301.512.7125x6770,millerlisa@example.org,2022-02-25
6790,Autumn,Sparks,Estonia,4336780086,nicholehood@example.org,2023-04-02
6791,Thomas,Trevino,Liberia,001-380-961-4373x07580,kristin26@example.net,2025-06-22
6792,Beth,Miller,Slovakia (Slovak Republic),(716)495-3491x082,nmccann@example.org,2021-05-03
6793,Erik,Garcia,Cocos (Keeling) Islands,950-947-6705,ewells@example.com,2021-06-09
6794,Michael,Perkins,Jamaica,+1-530-939-9234x24705,fnguyen@example.org,2023-09-01
6795,Rachael,Castro,Cameroon,376.381.0343x0794,devon48@example.net,2023-12-13
6796,Sharon,Keller,Macao,(792)907-4784,svillanueva@example.net,2020-04-07
6797,Carrie,Sparks,Aruba,001-589-991-8418x8813,tiffanygilbert@example.com,2021-02-07
6798,Nicholas,Mcclain,Vanuatu,982-413-9021,kennethruiz@example.org,2020-10-25
6799,Stephanie,Green,United States Virgin Islands,4398860608,othompson@example.com,2024-02-25
6800,Rachel,Collins,Tanzania,960-951-8061,lisaortiz@example.org,2024-05-25
6801,Allen,Brooks,Hong Kong,916-246-5997x34920,brianpatrick@example.org,2025-05-18
6802,Paul,Brown,Suriname,(219)598-2943,gmorgan@example.net,2021-03-07
6803,Christopher,Poole,Norfolk Island,+1-512-988-3734x074,xmartin@example.com,2021-03-03
6804,Michelle,Hoover,Mongolia,460-415-9604,qstewart@example.org,2025-09-02
6805,John,Jackson,Iraq,436.687.7884x9423,williammorton@example.net,2023-10-09
6806,Martha,Robinson,Mauritius,001-449-533-9937x9560,carrie43@example.org,2021-05-30
6807,Alicia,Delacruz,Iceland,289-618-0399,wandajohnson@example.net,2020-05-19
6808,Theresa,Swanson,Thailand,629-847-3677x46604,john76@example.net,2024-06-14
6809,Bruce,Cox,Tajikistan,9329898033,bpowell@example.net,2025-01-10
6810,Rhonda,Bauer,Tuvalu,7988867928,jacob26@example.com,2020-08-30
6811,Robert,Roach,Israel,001-517-678-7935,byrdjulie@example.net,2024-11-07
6812,Kenneth,Burns,Libyan Arab Jamahiriya,959.985.8671x27222,dburnett@example.org,2022-12-09
6813,William,Williams,Nigeria,316-530-5299x611,lindsay47@example.com,2020-05-08
6814,Alexander,Washington,Uruguay,432.799.5075,christina06@example.net,2021-08-18
6815,Anna,Hughes,United States Virgin Islands,377.215.9943x37000,smithcynthia@example.net,2025-01-14
6816,Andrea,Powell,Cameroon,360.259.0328,evan32@example.org,2024-09-17
6817,Julia,Hutchinson,Lao People's Democratic Republic,804-483-9134,nmaynard@example.com,2024-06-09
6818,Haley,Howard,Nigeria,001-398-413-8117x471,jamesflores@example.org,2023-07-14
6819,John,Jackson,Maldives,+1-492-395-6487x628,kirstenanderson@example.org,2024-10-19
6820,Sandra,Stephens,Australia,357.381.4812x951,wmendez@example.com,2025-09-17
6821,Kyle,Montoya,Suriname,574.378.1778x67476,taylornicole@example.com,2023-04-20
6822,Andrew,Gomez,Christmas Island,594.496.1930x394,emily11@example.org,2023-10-04
6823,Christopher,Chambers,El Salvador,(785)994-3896x45842,james37@example.com,2024-06-25
6824,Michael,Roman,Aruba,001-552-782-6194,smejia@example.org,2020-11-19
6825,Jonathan,Gonzalez,Malawi,814.334.7099,erin90@example.net,2020-11-14
6826,Melissa,Graham,Greece,001-256-466-0220,camposanne@example.net,2025-03-31
6827,Justin,Williams,Togo,(913)762-6077x43387,kimberlyfisher@example.net,2021-08-26
6828,Andrew,White,Belgium,4889002778,urandall@example.org,2025-09-21
6829,Daniel,Powell,Martinique,4619775164,debra40@example.net,2022-07-19
6830,Patrick,Wright,Puerto Rico,(640)684-6355x234,psmith@example.net,2021-11-25
6831,Tiffany,Randall,Venezuela,5306876058,vlopez@example.net,2023-03-05
6832,Alexander,Barron,Taiwan,627.989.5686x2546,jameshurst@example.com,2021-08-31
6833,Abigail,Wood,British Indian Ocean Territory (Chagos Archipelago),446.630.3430x5778,hchan@example.org,2025-06-18
6834,Lisa,Hall,Monaco,4403732580,robin49@example.org,2025-06-05
6835,Kevin,Ruiz,Papua New Guinea,+1-200-694-6396x9405,fpark@example.com,2022-10-02
6836,Timothy,English,Mongolia,001-498-760-1925x371,mharris@example.net,2020-12-16
6837,Joy,Wilson,Morocco,509-800-4885,salinasian@example.com,2021-04-18
6838,Kathleen,Hughes,Namibia,454.374.0334x29768,josecooke@example.com,2022-01-23
6839,Laura,Howell,Azerbaijan,961-369-3755,carlwilliams@example.org,2025-08-19
6840,Jessica,Chan,Bahrain,(732)827-2017,cfisher@example.org,2021-01-31
6841,Shannon,Jacobs,Suriname,914-643-8819x732,silvaelizabeth@example.net,2026-01-05
6842,Melinda,Steele,Saint Barthelemy,743.329.4089,austinroth@example.org,2025-01-10
6843,Joseph,Stark,Belarus,(317)502-6483x0815,francisco64@example.org,2020-10-01
6844,Sabrina,Marshall,Algeria,289-797-7810,criddle@example.org,2022-10-03
6845,Michael,Crosby,Heard Island and McDonald Islands,(878)838-9955x25563,wayne46@example.net,2022-10-18
6846,Jeffery,Noble,Suriname,+1-888-523-0292,charles46@example.com,2023-06-19
6847,Crystal,White,Niue,(355)317-7241x813,mcneilrachel@example.com,2024-04-13
6848,Jason,Ayala,Heard Island and McDonald Islands,3957006994,brian10@example.com,2025-11-11
6849,Melissa,Walters,Ethiopia,001-865-279-3056x3889,andrewjohnson@example.com,2020-09-18
6850,Jessica,Saunders,Djibouti,+1-562-472-0511x6164,vjohnson@example.net,2024-03-03
6851,Danielle,Marsh,Finland,(570)914-8708x4854,ericgonzalez@example.com,2022-07-07
6852,Ronald,Day,Peru,(965)864-4845x534,zhood@example.net,2025-05-08
6853,Erik,Gonzalez,Anguilla,+1-447-224-5342x4885,robertjackson@example.org,2022-09-20
6854,Corey,Hall,Malaysia,649.696.3522x58655,walterjames@example.com,2021-04-13
6855,Susan,Jensen,Poland,777.288.8095,hopkinscarla@example.net,2025-06-05
6856,Brandi,Frazier,Fiji,(532)655-0342x830,jacoboneill@example.net,2021-03-25
6857,Sandra,Hogan,Western Sahara,(399)976-0240,tmitchell@example.net,2022-09-05
6858,Andrew,Martinez,El Salvador,6514906808,lkemp@example.org,2020-08-25
6859,Martha,Leonard,Korea,001-524-758-3504x761,cohenmatthew@example.org,2023-08-04
6860,Katherine,Hamilton,Zambia,593-326-6200,michaelgray@example.net,2025-03-21
6861,Katherine,Martinez,Armenia,966-319-0180x1030,hartjane@example.com,2023-06-26
6862,Laura,George,Mozambique,001-396-935-2388x49475,qpugh@example.com,2022-06-05
6863,Wendy,Keller,Fiji,(657)503-5587x0390,tammycurtis@example.com,2022-10-25
6864,Christine,Little,Luxembourg,506.284.1184x11358,sandraduncan@example.com,2024-07-03
6865,Karen,Scott,Germany,(890)624-3943,joseph64@example.net,2025-04-10
6866,Megan,King,French Polynesia,+1-534-228-8154x39521,thomasshah@example.net,2023-12-08
6867,Michael,Oliver,Israel,(527)728-5040,jonescarol@example.com,2023-08-03
6868,David,Hines,Belgium,(982)814-6336,nbrown@example.org,2024-12-30
6869,Michael,Anderson,Malawi,001-336-241-0207x834,diazjacqueline@example.com,2023-11-16
6870,Stephanie,Martinez,United States Virgin Islands,8864459447,owenmichael@example.org,2024-03-25
6871,Eddie,Luna,Morocco,466-738-2321x648,emily39@example.com,2021-01-13
6872,Adriana,Lee,Burundi,(519)400-5491x9727,fhammond@example.org,2021-07-28
6873,Stephen,Garcia,Bangladesh,288-332-1438,williammcdowell@example.com,2022-01-09
6874,Benjamin,Hughes,Kazakhstan,(810)657-6298x41053,mclark@example.com,2025-03-22
6875,Jennifer,Mcdaniel,Costa Rica,001-237-313-2398x3692,walshadam@example.net,2021-08-30
6876,Sandra,Schroeder,Denmark,001-984-316-7155x931,zsmith@example.com,2022-01-10
6877,Shane,Shaffer,Ethiopia,8934702530,victor62@example.org,2025-03-30
6878,John,Mckee,Tuvalu,883.835.4608,melissalewis@example.com,2024-03-06
6879,Larry,Brown,Switzerland,9654675883,janetnichols@example.org,2023-01-14
6880,Valerie,Green,Tanzania,690-884-2588,ashleybush@example.net,2025-04-11
6881,Jared,Blankenship,Finland,248-573-1347,robert70@example.org,2024-09-05
6882,Richard,Stout,Sri Lanka,(894)468-7963x0000,jeffenglish@example.org,2022-11-10
6883,Eileen,Quinn,Central African Republic,001-773-444-1845,bwest@example.net,2023-10-28
6884,Erin,Armstrong,Angola,(335)599-9221x754,barrypaul@example.org,2022-11-11
6885,Hailey,Perry,Morocco,795-204-4424,gryan@example.com,2023-09-27
6886,Daniel,Flores,Palestinian Territory,(205)933-8437,oporter@example.net,2025-03-14
6887,David,Tucker,Guernsey,(806)208-6094x1593,emma49@example.com,2020-04-03
6888,Sandra,Horton,Samoa,+1-209-957-1882x126,stanleyjenkins@example.org,2025-04-23
6889,Melanie,Reyes,Benin,877.523.9119x3197,tiffanyjohnson@example.org,2023-02-20
6890,Christine,Mathews,Mozambique,(485)577-4205,brandtjulia@example.com,2023-01-27
6891,Christy,Lee,Peru,915-650-4155x17609,sydney14@example.org,2020-07-28
6892,Meredith,Thompson,Argentina,309.587.5375x4378,davidblankenship@example.org,2021-10-17
6893,Charlotte,Hawkins,Georgia,(533)929-3776x3092,hmonroe@example.org,2022-01-02
6894,Joshua,Crawford,Serbia,297-737-4982x3508,pollardmary@example.org,2020-12-24
6895,Joseph,Fox,Timor-Leste,(956)754-2168x36014,ylewis@example.org,2023-11-15
6896,Grace,Bray,Jamaica,649.552.9226x517,heatherhall@example.net,2021-07-14
6897,Nicole,Griffin,Bahamas,001-254-934-8261x50628,jordancooper@example.com,2026-02-28
6898,Thomas,Chan,Fiji,614-430-7153x76104,lisasmith@example.org,2020-07-20
6899,Andrew,Wilson,Palau,981-586-6698,bryan07@example.com,2023-06-14
6900,Sherry,Perez,Brunei Darussalam,669-750-1683,ernest33@example.net,2026-01-15
6901,Kimberly,Yang,Papua New Guinea,922-596-4416x820,karen41@example.com,2020-11-28
6902,Zachary,Carter,Vietnam,400.781.6436,alicechan@example.net,2023-09-02
6903,Matthew,Beck,New Caledonia,(870)695-7397x496,mary36@example.net,2023-10-29
6904,Megan,Bradley,Gambia,779-638-7575x816,jjones@example.org,2024-11-29
6905,Angela,Holmes,Syrian Arab Republic,486.293.0130,georgescott@example.org,2025-09-25
6906,Donald,Short,Oman,569-503-6680x73261,jonespatricia@example.net,2025-06-16
6907,Michael,Nixon,Jamaica,001-502-351-4816,greenedavid@example.com,2022-05-23
6908,Daniel,Long,Iran,223-576-5007x198,popejames@example.org,2025-11-27
6909,Yolanda,Simmons,Tuvalu,3916185356,woodpeter@example.org,2022-11-16
6910,Jeremiah,Patterson,Netherlands Antilles,253.768.5733,ashley64@example.com,2022-06-10
6911,Justin,Cunningham,Mexico,+1-949-591-1469x1009,xwatson@example.org,2024-03-13
6912,Alexander,Collier,Brunei Darussalam,758-859-8157x455,wrobertson@example.com,2020-05-22
6913,Erica,Nichols,Brazil,842.323.5964,latasha47@example.org,2024-06-15
6914,Cathy,Wood,Cayman Islands,+1-765-925-1399x570,derrickanderson@example.com,2021-11-11
6915,Brent,Sherman,Puerto Rico,445.716.8725x45969,ilee@example.com,2021-11-30
6916,Miguel,Lewis,Greenland,+1-303-664-2549x13116,hartmananna@example.net,2023-09-04
6917,Renee,Gilbert,Burkina Faso,378.387.8940x04035,pbrooks@example.com,2025-01-28
6918,Jessica,Lucas,Zambia,+1-555-664-3276x1024,pattersonanthony@example.org,2023-11-19
6919,Mary,Sullivan,Nicaragua,274.218.1067,harrisrhonda@example.org,2024-04-04
6920,Timothy,Jones,Turkmenistan,821.231.7761,larryandrade@example.net,2021-07-08
6921,Robert,Wheeler,Uzbekistan,+1-824-845-1137x6329,heatherrhodes@example.org,2022-07-25
6922,Eric,Carter,Tokelau,814-285-2832x37757,kelseydickson@example.com,2024-11-29
6923,Jonathan,Merritt,Slovakia (Slovak Republic),719.731.4689,keith62@example.com,2021-05-22
6924,Alexis,Doyle,Equatorial Guinea,263.420.0616,timothy23@example.net,2022-12-01
6925,Heather,Scott,Saint Pierre and Miquelon,(661)339-1422,stephendunlap@example.net,2020-11-20
6926,Jessica,Smith,Papua New Guinea,7757848524,forbeslee@example.org,2022-12-31
6927,Richard,Anderson,New Zealand,001-875-939-7932x658,lindseywalter@example.org,2021-01-20
6928,Sara,Soto,Honduras,+1-341-376-9831x9577,qhiggins@example.com,2022-03-18
6929,Kimberly,Rivera,Iceland,6369034071,vgood@example.com,2026-01-17
6930,Miranda,Rosales,Burkina Faso,983.949.4152,pwarren@example.com,2025-03-11
6931,Lynn,Smith,Mozambique,599.380.3222x8550,mstevenson@example.org,2020-04-30
6932,Sandy,Jones,Uganda,+1-341-560-9511x191,nicole65@example.com,2025-12-10
6933,Kristen,Sanders,Albania,(559)396-2836x87813,ehancock@example.org,2022-07-20
6934,John,Diaz,Svalbard & Jan Mayen Islands,(929)478-7359,judy84@example.org,2022-11-02
6935,Heather,Brown,Western Sahara,+1-229-364-5892x8384,vchapman@example.com,2023-06-02
6936,Ashley,Parsons,France,+1-864-945-3184,xwagner@example.net,2022-11-15
6937,Frederick,Davis,Norway,+1-733-384-5804x5844,nataliemckenzie@example.org,2022-01-08
6938,Sheila,Brown,Portugal,375-445-1351,jasonpeterson@example.com,2024-03-07
6939,Sandra,Brown,Switzerland,+1-590-428-1910x66945,nancy94@example.com,2022-08-01
6940,Bruce,Thomas,Peru,936-724-4386,ilopez@example.net,2025-04-19
6941,Alejandra,Reed,Russian Federation,(836)908-3985,iortiz@example.org,2024-02-19
6942,Marcus,Edwards,Australia,488-525-2874x51886,sharonfisher@example.net,2020-12-01
6943,Sandra,Martinez,Zambia,7713896799,swest@example.com,2022-03-19
6944,Michael,Moore,Bangladesh,001-870-602-7484x05668,lisa42@example.net,2023-10-18
6945,Alan,Camacho,Wallis and Futuna,(974)799-2056x7097,harperjulie@example.com,2025-03-07
6946,Jordan,Cole,Luxembourg,594-719-7129,stephen95@example.com,2021-08-29
6947,Paul,Browning,Bhutan,334.560.8367,jthomas@example.net,2024-10-01
6948,Larry,Green,New Caledonia,777-471-1233x570,matthew74@example.com,2021-07-09
6949,Marcus,Powell,Hong Kong,6274092094,welcheddie@example.org,2023-09-07
6950,Valerie,Jenkins,British Indian Ocean Territory (Chagos Archipelago),667-449-8228x6601,martinezallison@example.com,2022-04-08
6951,Abigail,Higgins,Mongolia,314.361.6165x37606,snyderstephanie@example.com,2020-07-26
6952,Mary,West,Yemen,5557567120,martin43@example.net,2020-09-17
6953,Jeremy,Day,Uganda,(371)437-3303x27892,morenodanielle@example.com,2020-12-29
6954,Allison,Long,Italy,001-287-572-4014x543,tracyirwin@example.org,2022-02-15
6955,Richard,Alexander,Switzerland,998.794.9910x7991,daniel48@example.net,2020-08-10
6956,Samantha,Gibson,Armenia,+1-653-424-3939x9909,adam81@example.org,2022-02-24
6957,Kelly,Wright,Liechtenstein,(401)735-8069x61367,patriciadougherty@example.org,2023-02-24
6958,Samuel,Williams,Tuvalu,2464970111,jonathanjohnson@example.net,2025-06-22
6959,Dana,Acosta,Malaysia,(682)729-1560,michaelfischer@example.com,2020-05-23
6960,Michael,Waller,Saint Helena,+1-559-495-8863x585,brittanyhorton@example.com,2026-02-16
6961,Wanda,Lambert,Malaysia,668.291.2691,pwise@example.com,2024-04-03
6962,Kelly,Jones,Ghana,212-363-7269,sholmes@example.net,2020-08-03
6963,Preston,Klein,Jersey,476.554.1125x77289,mcamacho@example.com,2025-12-05
6964,Cody,Calderon,Australia,+1-885-307-2870x735,gregory32@example.org,2023-10-25
6965,Jennifer,Atkins,Syrian Arab Republic,863-478-6376,umiller@example.net,2023-11-28
6966,Ashley,Gonzalez,Niger,434.758.5876x261,lindsay35@example.net,2024-02-16
6967,Albert,Hicks,Madagascar,+1-377-373-0177x3230,amanda22@example.com,2025-09-18
6968,Meghan,Goodman,Equatorial Guinea,001-402-438-7329x81504,daniellemoore@example.com,2020-02-27
6969,Mary,Brown,Philippines,(560)264-7836x00658,daviskim@example.com,2024-03-30
6970,John,Smith,Brazil,344.919.8605x960,vmiles@example.com,2024-01-24
6971,Adam,Hickman,Rwanda,853.792.9799x489,rachel18@example.org,2023-04-23
6972,Kimberly,Hernandez,Gambia,(756)655-6627x18546,judith39@example.org,2025-08-04
6973,Kara,Murray,Nepal,361-269-9183x870,bobby74@example.org,2023-01-08
6974,James,Rangel,Cote d'Ivoire,225.455.8985,laura61@example.com,2021-04-01
6975,Annette,Stewart,Iran,504.691.4858x2658,orozcomichael@example.org,2021-04-12
6976,Michael,Santiago,Liberia,+1-968-900-7718x52609,joshuajacobs@example.com,2025-02-25
6977,Katherine,Brown,Dominican Republic,3963598871,garrett00@example.net,2025-04-04
6978,David,Graham,Chile,(484)650-1472x661,travis69@example.com,2026-02-15
6979,Heather,Spencer,Benin,730.401.8765,flambert@example.org,2023-08-24
6980,Martin,Atkinson,Slovakia (Slovak Republic),401.361.1749x275,brittany78@example.org,2024-12-02
6981,Elizabeth,Brown,Micronesia,530-224-2765x92184,jessicapalmer@example.org,2025-08-25
6982,Andrea,Morales,Netherlands Antilles,458.595.7476x777,amber76@example.org,2025-09-08
6983,Wesley,Nunez,Macao,901-871-9682x85409,lindsaydaniels@example.net,2025-03-17
6984,Erika,Hammond,Antarctica (the territory South of 60 deg S),200-740-6629x3592,timothy82@example.com,2022-08-09
6985,Sean,Bell,Tanzania,(985)299-0386x47907,cummingsamanda@example.com,2024-11-19
6986,Matthew,Griffin,Timor-Leste,(974)834-7050,cowanwilliam@example.com,2024-06-20
6987,Charles,Smith,New Caledonia,+1-654-292-4162,larsonmaxwell@example.com,2024-08-27
6988,Ethan,Bray,Djibouti,001-240-217-1365x1271,veronicajohnson@example.com,2023-11-14
6989,Peter,Green,Canada,954.702.3039x138,hpatterson@example.com,2022-08-26
6990,Glenda,Hull,Belarus,246.750.8153x2302,hjohns@example.com,2023-10-21
6991,Jermaine,Palmer,South Georgia and the South Sandwich Islands,580.889.9456,melissa44@example.com,2023-05-03
6992,Phyllis,King,Ecuador,001-830-465-9755x3330,kellycrystal@example.org,2023-05-07
6993,Benjamin,Matthews,Italy,+1-863-472-3331x0591,ohester@example.org,2023-07-28
6994,Jennifer,Johnston,Slovakia (Slovak Republic),+1-946-633-2718,hesstara@example.org,2023-01-25
6995,Gregory,Haynes,Cote d'Ivoire,+1-465-842-0627x724,jenniferfitzgerald@example.com,2021-09-04
6996,Jessica,Ross,Belarus,9768552658,justin40@example.org,2025-07-02
6997,Charlene,Todd,Tanzania,609-818-2869x89498,brandon66@example.org,2025-03-13
6998,Christopher,Villarreal,Bahrain,641.293.8992x611,jesse50@example.com,2022-02-09
6999,Samantha,Mason,Israel,(793)754-5461,ashleywilliamson@example.com,2025-03-29
7000,Ryan,Armstrong,New Caledonia,257.757.1706x951,adamthompson@example.com,2023-07-07
7001,Jennifer,Turner,Austria,640.959.2555,jamesbryant@example.org,2022-05-17
7002,Jeremy,Lucas,Nicaragua,001-901-384-9260x2476,jose01@example.com,2023-02-22
7003,Judy,Stein,Saint Pierre and Miquelon,376.633.8687,morgan02@example.com,2021-06-01
7004,Daniel,Sanchez,Suriname,(424)207-4902x6851,kayla20@example.com,2024-06-09
7005,Joshua,Mejia,Sao Tome and Principe,001-683-600-3666x6054,xwalker@example.net,2020-10-15
7006,William,Johnson,United States Virgin Islands,232.878.2882x2746,janemcgee@example.com,2024-02-04
7007,Diane,Sampson,Reunion,389-780-3019x889,rogersjason@example.net,2021-12-20
7008,Dawn,Harris,French Guiana,+1-393-778-2556,amy63@example.org,2022-06-14
7009,Jennifer,Ford,Georgia,672.492.0771,rsmith@example.com,2025-04-04
7010,Anna,Schultz,Jordan,+1-469-727-6399x43485,jordankathy@example.org,2020-10-29
7011,Joshua,Noble,Mozambique,390-855-7771x5698,ericerickson@example.org,2023-09-12
7012,Claudia,Lee,Korea,932-220-7381,nicole36@example.net,2025-01-09
7013,Martha,Navarro,Madagascar,9032176039,kingdrew@example.com,2022-11-17
7014,Jonathan,Moore,San Marino,8086886315,caitlynwilliamson@example.org,2020-10-29
7015,Nicholas,Murray,Svalbard & Jan Mayen Islands,001-364-864-0237x51083,vargasian@example.com,2023-04-30
7016,Renee,Wilkerson,Macao,8279940842,cthompson@example.com,2023-11-08
7017,Robert,Levy,Lao People's Democratic Republic,205-867-0864x34287,george64@example.org,2020-08-27
7018,Shari,Hendricks,Argentina,3386888459,ncook@example.net,2024-10-06
7019,Jerry,Perez,Cameroon,+1-811-788-9862x264,goodwinkristen@example.net,2024-10-29
7020,John,Cooper,Somalia,832-367-0606x49774,dtran@example.com,2025-12-29
7021,Amy,Smith,Reunion,001-391-309-0452x5278,hgray@example.net,2020-09-24
7022,Dawn,Hartman,Malta,2116518051,danielschmitt@example.net,2023-05-28
7023,Jessica,Douglas,Equatorial Guinea,+1-288-649-1173,jgriffin@example.net,2022-12-07
7024,Aaron,Campbell,Albania,+1-517-985-9584,jessica45@example.org,2020-11-24
7025,April,Mathews,Lesotho,+1-426-889-8897x20864,bmartin@example.org,2024-06-20
7026,Bonnie,Taylor,Vanuatu,(616)970-1193x1376,erin90@example.org,2022-05-23
7027,John,Davidson,Myanmar,001-273-718-1553x74124,smithbrad@example.com,2024-07-13
7028,Debra,Rodriguez,Norfolk Island,(551)639-5531x66058,jeremyhunter@example.net,2024-05-18
7029,Barbara,Phillips,Portugal,001-938-259-4195x550,garrett49@example.net,2023-06-07
7030,Amy,Taylor,Belgium,811.598.5476,linda61@example.com,2020-05-05
7031,Joseph,Williams,Liberia,(610)471-4484,joshua13@example.net,2025-05-30
7032,Lisa,White,Taiwan,001-997-617-5488x42210,kimberlycunningham@example.org,2022-10-01
7033,Anne,Watson,Iran,973.304.5198x55674,catherinegray@example.org,2021-12-17
7034,Geoffrey,Jennings,Rwanda,206-334-3427x469,codybarton@example.net,2025-10-10
7035,Christopher,Graham,Somalia,810-326-2121x3812,david26@example.net,2022-06-22
7036,Troy,Lawson,Angola,+1-964-553-1712x393,irojas@example.com,2023-11-03
7037,Peter,Eaton,Guam,001-967-274-4811x07957,christophermccarty@example.org,2020-11-16
7038,Tracy,Cameron,Germany,400-815-5408,amywiley@example.com,2023-05-07
7039,Joanne,Brown,Bangladesh,001-476-926-7711x8364,jhooper@example.org,2025-11-21
7040,Laura,Chandler,Namibia,(343)210-5804x2436,williamskelly@example.org,2021-02-03
7041,Keith,Smith,Indonesia,(661)543-3191x79184,kbowers@example.org,2024-01-03
7042,Nicole,Trujillo,Brunei Darussalam,652-256-6248x065,graveskathryn@example.net,2023-06-20
7043,Steven,Rodriguez,Saint Pierre and Miquelon,001-547-239-5549,fnelson@example.net,2020-03-27
7044,Bruce,Bentley,New Zealand,724-256-1423x1572,promero@example.com,2024-04-10
7045,Jacob,Chavez,Guyana,725-450-8192,amberherrera@example.net,2025-02-23
7046,Michelle,Smith,Belize,(985)818-9730x656,shannon84@example.com,2022-12-01
7047,Deborah,Smith,Sao Tome and Principe,001-729-256-2817x483,tyoung@example.com,2022-10-29
7048,Marissa,Morgan,Macao,800-710-0315x28098,wrivera@example.org,2023-09-15
7049,Timothy,Wilson,Cayman Islands,932-241-9107x455,richard71@example.org,2024-08-24
7050,Brandon,Garcia,Liechtenstein,(408)840-9675x85051,kerryhensley@example.net,2025-12-16
7051,Kathleen,Schultz,Equatorial Guinea,697-650-1489,john26@example.com,2023-04-27
7052,Nathan,Sanchez,Mozambique,(745)796-9349,harriscaroline@example.net,2024-01-01
7053,Jose,Watson,Libyan Arab Jamahiriya,(436)351-2245,michellecooper@example.com,2020-01-02
7054,Stephanie,Mckee,Barbados,+1-642-728-0589x66463,rodriguezsusan@example.com,2025-05-11
7055,Ashley,Jones,France,(786)395-4847,kristinahamilton@example.org,2024-07-03
7056,Patrick,Martinez,Afghanistan,798.967.1094,ufinley@example.net,2023-01-23
7057,Sheila,Lane,Argentina,001-455-866-8821x176,smithjacob@example.org,2023-10-30
7058,Samuel,Turner,Philippines,273.458.3559x362,williamwilson@example.org,2022-01-05
7059,Jonathan,Chase,Estonia,(238)582-4037x721,sandra96@example.com,2021-04-13
7060,Makayla,Page,New Caledonia,488.633.9579,josephdickerson@example.com,2023-04-27
7061,Anthony,Howard,Greenland,921-785-5182x3847,terrywood@example.com,2021-01-31
7062,Kayla,Torres,French Southern Territories,392.638.4224x00986,lawrencewarren@example.com,2024-11-09
7063,Kara,Mitchell,Heard Island and McDonald Islands,502.363.3033x02770,kelly01@example.com,2021-02-09
7064,Alexis,James,Malta,271-639-3415x168,jennifer34@example.com,2020-03-19
7065,Albert,Robertson,Botswana,+1-865-870-0323,pricekimberly@example.org,2020-03-18
7066,Kayla,Cohen,Saint Kitts and Nevis,(425)413-3051x39419,medwards@example.org,2025-06-30
7067,Kimberly,Mills,United States Minor Outlying Islands,001-437-649-8264x79433,markchen@example.com,2023-02-01
7068,Megan,Campbell,Reunion,001-512-323-3250x8112,adam39@example.net,2024-09-24
7069,Kathleen,Taylor,French Southern Territories,+1-691-214-7384x0327,peterfreeman@example.com,2022-07-06
7070,Robert,Mullins,Libyan Arab Jamahiriya,725-613-2634x14812,brian55@example.org,2024-02-20
7071,Marilyn,Brown,Mali,+1-847-520-8290,stephensjohn@example.org,2024-12-25
7072,Angelica,Allen,Belize,001-232-409-4212x8668,alejandra53@example.net,2022-08-05
7073,James,Williams,Palau,335-303-2537x089,kyleharris@example.org,2021-05-15
7074,Thomas,Stone,Kazakhstan,905.930.7818,tonya23@example.org,2023-05-23
7075,Julia,Curry,Haiti,952-665-0294,hernandezwilliam@example.com,2021-12-09
7076,Ryan,Nash,Guam,612.599.4786x30803,johnbarker@example.org,2021-05-04
7077,Crystal,Harris,Wallis and Futuna,512-250-6644x36261,jeffrey54@example.com,2021-01-16
7078,Daniel,Peters,United States Minor Outlying Islands,(605)475-3547,davidbyrd@example.org,2021-04-06
7079,Linda,Stanley,Saint Kitts and Nevis,(285)221-3005x9200,lisa24@example.com,2021-03-23
7080,Deborah,Stewart,Guinea-Bissau,450-587-5685x4499,jonathan99@example.org,2025-12-17
7081,Melissa,Vasquez,Seychelles,350.522.6873,flowersmelissa@example.net,2021-08-15
7082,Amy,Greer,Greenland,9333672417,brownmelissa@example.net,2025-05-04
7083,Kristen,Bennett,Kiribati,657-273-0892,moorecollin@example.org,2024-09-08
7084,Michelle,Lee,Guinea-Bissau,636-584-3204,angelica10@example.com,2025-03-16
7085,Mark,Carlson,Somalia,(866)987-2597x655,evan28@example.org,2026-01-01
7086,Angela,Price,Martinique,5143519665,lorrainecarter@example.com,2020-04-18
7087,Brett,Lopez,Singapore,641.940.2925x120,daniel11@example.com,2024-04-11
7088,Brittany,Douglas,Uruguay,+1-624-231-1087x9763,mosleycourtney@example.net,2025-01-29
7089,Brittany,Wheeler,Suriname,(269)392-4981,sarahtorres@example.com,2025-08-07
7090,Amy,Robinson,Korea,295-343-0527x4527,pattersonlisa@example.com,2022-10-17
7091,Christopher,Barnett,France,001-360-383-6140x80694,petersonderek@example.org,2025-09-24
7092,Gloria,Gross,Guyana,396-511-3042x8180,tristan18@example.com,2022-11-15
7093,David,Francis,Ghana,888-204-5782x3259,phillipslisa@example.com,2022-10-24
7094,Nicole,Rose,New Zealand,491-820-0718,austinsanchez@example.com,2020-01-30
7095,Taylor,Bell,Liberia,001-254-328-6385x1778,biancawu@example.net,2021-10-17
7096,Drew,Smith,Djibouti,+1-259-990-2937x744,jhughes@example.com,2024-09-23
7097,Victoria,Davis,Fiji,504.398.9217x504,allenkristin@example.org,2020-10-10
7098,Kelly,Tucker,Tajikistan,(321)458-4579x30942,alvaradosherry@example.org,2024-07-08
7099,Kenneth,Mills,Palestinian Territory,580-882-4932x57729,mjones@example.net,2024-07-03
7100,Lori,Paul,Israel,001-786-745-8234x619,wkelly@example.com,2021-05-19
7101,Heather,Newton,Guernsey,598.452.3347x509,jadedaniels@example.org,2022-12-31
7102,Hannah,Banks,Cocos (Keeling) Islands,652-750-8220x311,pclayton@example.com,2024-09-05
7103,Sheri,Obrien,Ireland,+1-329-281-0917,walterjennifer@example.net,2022-01-01
7104,Jordan,Mcfarland,Chile,6678290389,sergiojohnson@example.org,2020-03-18
7105,Harold,Shaw,Hong Kong,405.616.8951,johnsonkim@example.com,2022-05-23
7106,Renee,Adams,Bosnia and Herzegovina,821-283-4150x2309,wstevenson@example.net,2023-11-23
7107,Tracy,Lee,Italy,(645)679-3311x316,melissa61@example.org,2025-06-07
7108,Melissa,Castaneda,Lithuania,849.636.1246x720,mark41@example.org,2020-01-03
7109,Hannah,Barnett,North Macedonia,(459)341-6987x441,timothy67@example.net,2023-02-01
7110,Adam,Martin,Barbados,679-205-8525x793,jerry60@example.org,2021-02-04
7111,Nicholas,Torres,Equatorial Guinea,291-331-9379x849,gibsonbradley@example.org,2020-10-29
7112,John,Williams,Indonesia,501-302-4306x5795,richard94@example.com,2024-02-23
7113,Tammy,Cervantes,Lesotho,8782971189,suzanne43@example.com,2021-12-31
7114,Brian,Dennis,Bermuda,+1-865-400-0945x030,michaelhoffman@example.org,2020-03-22
7115,Amber,Welch,Namibia,+1-904-866-2093,gardneramanda@example.org,2025-06-21
7116,Megan,Washington,Armenia,(469)912-9446,lewisyvette@example.org,2022-09-09
7117,Christina,Chavez,Saint Helena,+1-644-493-4141,cummingsheather@example.net,2021-11-22
7118,David,Richards,Spain,+1-377-301-8502,meghan35@example.net,2023-04-26
7119,Melinda,Cherry,Senegal,+1-539-745-9243,sawyerapril@example.net,2025-05-25
7120,Glenda,Cowan,Greenland,6165416977,charleslynch@example.com,2020-06-20
7121,Kelly,Williams,Denmark,(495)221-2462x74584,joshuanguyen@example.org,2020-07-05
7122,Amber,Wolfe,Equatorial Guinea,001-425-725-0012x112,mhumphrey@example.com,2020-11-25
7123,Heather,Leonard,Algeria,616.702.1617x37571,richard54@example.com,2020-07-22
7124,Patricia,Mason,Canada,654.832.5161x353,qweaver@example.com,2021-11-21
7125,Michael,Sparks,France,281-961-9770x036,amandamoses@example.net,2020-12-01
7126,Melissa,George,Montserrat,857.267.9876x705,bsheppard@example.com,2025-09-05
7127,Gina,David,United States of America,+1-713-575-4383x2976,charles01@example.com,2025-03-25
7128,Richard,Lane,Indonesia,001-544-327-8342,shall@example.org,2024-06-06
7129,Danielle,Johnson,Dominica,(753)845-4254x56886,arnoldkaitlin@example.org,2021-01-09
7130,Richard,Jordan,Bhutan,500-724-3518,simondustin@example.org,2023-10-23
7131,Richard,Stevens,Panama,+1-475-375-6926x7261,davislisa@example.com,2025-03-30
7132,Alexa,Jackson,Puerto Rico,334-314-0448x62529,bwhite@example.net,2023-03-18
7133,Mary,Rhodes,Libyan Arab Jamahiriya,900-234-5611x70735,sandersdrew@example.net,2024-03-05
7134,Stacy,Robinson,Brazil,995-913-5334x23057,edavis@example.org,2020-09-17
7135,Ronald,Cook,Syrian Arab Republic,+1-845-865-2094x2417,chelsea41@example.com,2025-12-31
7136,Joseph,Ayala,Uzbekistan,868-817-2871,christianmitchell@example.net,2021-02-11
7137,Angela,Nash,Algeria,892-652-0748x015,jillbrock@example.net,2022-04-06
7138,Tiffany,Chang,Brunei Darussalam,4949999400,vanessa78@example.org,2025-08-10
7139,Christy,Griffith,Qatar,367-425-8354,austincody@example.net,2023-01-15
7140,Brianna,Phillips,Kyrgyz Republic,(310)825-1453x943,becky23@example.org,2020-01-12
7141,Jeffrey,Reynolds,Sierra Leone,389-533-3718x43502,krausepaul@example.net,2022-02-26
7142,Jared,Perez,Equatorial Guinea,276-897-7658,ywilkins@example.com,2022-09-22
7143,Lauren,Durham,Macao,001-514-788-9090x103,jeremy76@example.net,2021-11-22
7144,Jack,Beltran,Tanzania,+1-450-299-1170x6092,coryholmes@example.com,2023-12-22
7145,Tina,Campbell,Switzerland,(480)407-1413x127,jonathonjensen@example.net,2020-10-17
7146,Emily,Prince,Heard Island and McDonald Islands,445.300.2813x07742,onelson@example.net,2020-07-12
7147,Emma,Evans,Malta,619.723.0891x5575,kristinarmstrong@example.com,2022-10-14
7148,Tammy,Parks,Lao People's Democratic Republic,547-531-2960x83250,jennifer87@example.org,2024-03-12
7149,Kelsey,Fitzgerald,Comoros,001-772-393-6781x52178,garroyo@example.net,2020-09-05
7150,Zachary,Bennett,Sierra Leone,(392)364-8735x458,klivingston@example.org,2022-10-15
7151,Patricia,Small,Niger,001-273-832-1821,ogordon@example.com,2021-10-29
7152,Alexander,Patel,Marshall Islands,499-457-1117,howardevelyn@example.org,2023-05-02
7153,Katie,Young,Jamaica,+1-586-417-1743,maynardnicholas@example.com,2025-04-03
7154,Sarah,Stout,Suriname,6237464049,yoderalexander@example.org,2025-10-22
7155,Phillip,Brown,Croatia,382.967.2319,williamsrobert@example.org,2023-06-27
7156,Seth,Caldwell,Northern Mariana Islands,(904)618-5232x039,blackgeorge@example.net,2024-03-07
7157,Gregory,Stanley,United Kingdom,893.252.1343x8543,rpugh@example.net,2021-10-06
7158,Tristan,Hughes,Suriname,329-883-0812,yrivas@example.com,2022-01-31
7159,Sharon,Webb,Saint Pierre and Miquelon,(577)350-4607x94424,fitzgeraldvanessa@example.org,2021-10-19
7160,Dennis,Mckinney,Turkey,(355)487-9748x9535,estradabecky@example.net,2025-05-09
7161,Nathan,Dalton,Togo,8125932542,xhensley@example.com,2024-01-04
7162,Lee,Wang,Saint Martin,368.445.3279,christopher69@example.org,2024-12-24
7163,Jeremy,Johnson,Cape Verde,9692625727,robertsphillip@example.org,2023-06-28
7164,Angela,Peterson,Kenya,973.606.5249x68595,taylorjulie@example.com,2022-09-23
7165,Kelly,Gray,British Indian Ocean Territory (Chagos Archipelago),677.737.4244x6861,dwilliams@example.net,2021-05-26
7166,Richard,Stephens,Cook Islands,(728)571-5727x12747,lnicholson@example.com,2024-10-05
7167,Laura,Lara,Finland,317.695.7773x064,sabrina29@example.net,2020-01-23
7168,David,Mullen,Tuvalu,251.442.4022x768,douglasangela@example.net,2021-02-11
7169,Linda,Kent,Saint Pierre and Miquelon,(483)900-3264,qshah@example.com,2022-03-11
7170,Caitlyn,Vasquez,Nauru,001-894-795-9783,bishopbrittany@example.net,2024-02-21
7171,Jacob,Franco,Martinique,+1-970-695-8975,mary41@example.org,2020-04-15
7172,Elizabeth,Roach,Angola,(314)215-0837x631,lori62@example.com,2024-10-09
7173,Erica,Byrd,Japan,286-680-6173,powelljessica@example.org,2023-06-14
7174,Steven,Ruiz,British Indian Ocean Territory (Chagos Archipelago),850.404.0965x79943,normanflores@example.net,2024-06-24
7175,Michele,Floyd,Zambia,001-266-302-1207x442,brian80@example.net,2023-11-14
7176,Thomas,Contreras,Germany,+1-294-902-1841x46665,znixon@example.com,2023-02-22
7177,Daniel,Vargas,Heard Island and McDonald Islands,7744967184,joshua17@example.com,2024-02-20
7178,Laura,Blankenship,Saint Lucia,946.839.6321,juliedaniels@example.com,2022-06-23
7179,Miranda,Lowery,Tuvalu,(788)638-8214x8629,rodriguezryan@example.com,2026-03-02
7180,Anthony,Joyce,Korea,+1-218-293-7406x14198,fisherelijah@example.com,2020-10-23
7181,Courtney,Oneill,Holy See (Vatican City State),692-971-4638,dennis36@example.com,2024-05-04
7182,Christine,Rodriguez,British Virgin Islands,567-632-1653,darren28@example.net,2020-10-31
7183,Joel,Wright,Belize,+1-732-296-6369x99675,scottandrew@example.net,2021-03-03
7184,Daniel,Wright,Italy,224-293-1798x30975,samantha79@example.net,2023-01-11
7185,Vickie,Mcgee,Mexico,535-746-6494x7371,vsolis@example.net,2023-11-13
7186,Arthur,Mccormick,Mali,901-383-0179,snydereduardo@example.com,2020-05-16
7187,Daniel,Miller,Panama,684.586.3174x7695,vchristensen@example.net,2023-01-20
7188,Taylor,Harris,Spain,(306)731-5048,carlydavis@example.com,2021-07-04
7189,Steven,Kent,Lesotho,+1-957-729-3729,espinozaandrew@example.net,2025-02-21
7190,Bill,Franklin,Grenada,(233)407-8393x591,thomasjackson@example.net,2024-02-05
7191,Matthew,Bryant,Ecuador,592.596.7053,jamesprice@example.org,2023-06-19
7192,Katherine,Castillo,United States Minor Outlying Islands,+1-580-509-7264x8664,dpeterson@example.com,2022-08-19
7193,Heidi,Adams,Afghanistan,881-511-1113x243,kennethgardner@example.org,2021-08-27
7194,Andrew,Diaz,Ethiopia,398-514-6581,qgriffin@example.org,2022-05-04
7195,Alyssa,Watts,Iran,+1-984-433-8582x63454,dustin36@example.net,2021-12-20
7196,Charles,Patterson,Pitcairn Islands,8083915555,andersonalfred@example.org,2021-01-13
7197,Robin,Smith,Slovakia (Slovak Republic),5332734771,xwilson@example.com,2021-04-06
7198,Juan,Wright,North Macedonia,854.808.9162x9950,ashleydickerson@example.com,2024-01-20
7199,Brandy,Cordova,Greece,474-819-5413x1571,bfranklin@example.com,2020-10-07
7200,Rachel,Fields,Uzbekistan,(873)827-0439x26339,johnsongeorge@example.net,2021-03-17
7201,Henry,White,Tunisia,001-819-719-1904x240,nortiz@example.com,2026-01-06
7202,Jennifer,Branch,Sierra Leone,001-724-356-8974,zgross@example.net,2022-03-11
7203,Samantha,Long,Nepal,001-471-304-6048x141,ksanchez@example.net,2021-09-11
7204,Hannah,Roberts,Congo,361-278-8595x3275,xjones@example.org,2023-07-06
7205,Brittany,Butler,Burkina Faso,615.502.0297x837,anthony24@example.org,2026-02-07
7206,Ashley,Mack,Nauru,797.232.3147x942,peter63@example.net,2023-08-01
7207,Tammy,Ross,Djibouti,9742743729,nicholasstewart@example.net,2021-05-08
7208,Dennis,Kirk,Burundi,+1-951-955-4373x13942,garciacole@example.net,2023-01-29
7209,Cynthia,Estrada,Bouvet Island (Bouvetoya),(373)761-8854x989,melissa79@example.org,2025-12-26
7210,Donald,Gilbert,Gabon,001-353-445-7579,davila@example.com,2020-09-12
7211,James,Gillespie,Angola,001-549-388-1940x12613,freyheather@example.net,2022-09-13
7212,Christine,Hunt,Chad,845.613.4175x80794,sandovalchristopher@example.org,2024-08-29
7213,Louis,Steele,Gabon,001-863-597-3516x631,gflores@example.org,2021-06-27
7214,Sarah,Grant,Western Sahara,001-830-776-2703x2954,philipmcpherson@example.com,2022-10-25
7215,Joseph,Wilson,Indonesia,+1-404-575-0870x2914,brianna33@example.com,2020-07-17
7216,Jamie,Parrish,Netherlands,994-875-0797,tbailey@example.net,2022-03-16
7217,Sheena,Ruiz,Austria,9885613311,andrewstewart@example.net,2023-09-13
7218,Stacy,Brown,Aruba,726.834.3838,edward35@example.com,2025-01-29
7219,Amanda,Goodwin,Niue,541-565-7579x85899,zachary07@example.org,2022-02-28
7220,Jerry,Harris,Estonia,+1-263-837-9689x3255,jacob37@example.com,2024-12-06
7221,Adam,Moore,United States Virgin Islands,372.625.0000,john18@example.org,2021-10-13
7222,Linda,Allen,Kyrgyz Republic,001-839-831-7224x63119,jgregory@example.com,2021-08-16
7223,Patricia,Young,Samoa,485-980-1415,teresahicks@example.com,2024-09-11
7224,Michael,Olson,South Africa,(780)204-6925x64800,kdixon@example.net,2024-07-20
7225,Oscar,Adams,Malta,(800)847-9406x396,emilywilson@example.net,2020-06-25
7226,Wanda,Jones,Nepal,641.972.0430,rcombs@example.com,2021-09-23
7227,Ashley,Cook,Belgium,(791)240-0017x027,miguelharper@example.org,2023-10-26
7228,Mallory,Williams,Namibia,(414)990-3784,tvaughan@example.org,2020-01-31
7229,Kyle,Robinson,Iraq,001-309-573-4023x529,chapmandaniel@example.org,2023-05-08
7230,Maria,Wilson,Bolivia,4753502528,sean81@example.org,2020-10-11
7231,Edward,Rasmussen,Northern Mariana Islands,001-527-680-2540x1920,erin74@example.net,2021-01-22
7232,Johnathan,West,Poland,(817)440-9285x35675,dannyanderson@example.com,2020-07-13
7233,Lynn,Smith,Christmas Island,267.793.4667x59170,rogersdylan@example.net,2022-02-23
7234,Mark,Foley,Portugal,(790)361-2439x9879,angelareid@example.org,2025-11-16
7235,Larry,White,Cameroon,326-655-9075x248,lhumphrey@example.net,2020-12-25
7236,Keith,Martinez,Bahamas,210.969.5166,james20@example.net,2024-05-05
7237,Amanda,Williams,El Salvador,302.454.3915x07136,mdavis@example.net,2024-02-11
7238,Margaret,Smith,Norfolk Island,301.686.1105x9252,jason11@example.net,2025-09-23
7239,Larry,Aguilar,Mali,444-993-0376x09752,paul27@example.org,2020-09-22
7240,Jodi,Garcia,Solomon Islands,+1-967-924-3971,shannon27@example.org,2021-04-20
7241,John,Smith,Cambodia,+1-260-835-1860,fmueller@example.org,2021-05-16
7242,Robert,Brown,Korea,396.407.0746x429,jonathan56@example.org,2022-06-06
7243,Shane,Villegas,Barbados,463.821.2053x7288,eric52@example.org,2025-08-24
7244,Mary,Pierce,Timor-Leste,780-544-2734x242,norristeresa@example.com,2024-03-23
7245,Stephanie,Hubbard,Congo,001-446-851-0929x0130,ymassey@example.net,2020-07-16
7246,Jose,Brown,Luxembourg,(405)606-0299,wheelercraig@example.net,2021-10-03
7247,Morgan,Skinner,Lesotho,+1-781-371-6614,dbrooks@example.org,2022-06-02
7248,Briana,Salinas,Togo,+1-290-952-9874,davislauren@example.net,2022-07-14
7249,Jill,Thornton,Bolivia,(680)810-2211x1284,michelle88@example.com,2020-01-17
7250,Autumn,Brown,Netherlands Antilles,337.976.7620x893,ptravis@example.com,2023-05-05
7251,Allison,Jennings,Austria,001-413-746-8425x650,tammyrobinson@example.com,2020-04-04
7252,Vanessa,Figueroa,Barbados,(695)791-0359,vwright@example.org,2023-04-22
7253,Dustin,Johnson,Italy,937-390-7597,rodney62@example.com,2024-02-03
7254,Michelle,Jenkins,Jordan,787-865-9032x82435,david37@example.net,2023-03-29
7255,Debra,Fisher,Marshall Islands,(813)861-0642x32929,svelez@example.net,2020-01-08
7256,Stacy,Castro,Wallis and Futuna,(898)281-7719x970,fbautista@example.org,2020-07-05
7257,William,James,United States Minor Outlying Islands,223-752-5390,fjohns@example.org,2023-03-28
7258,David,Brown,Albania,(344)785-4049x963,iwilliams@example.net,2025-03-22
7259,Gary,Jones,Chad,341.310.5424,michaelmejia@example.com,2025-11-04
7260,David,Flowers,Slovenia,513-221-8240x012,juan92@example.org,2023-02-01
7261,Jeffrey,Clark,Wallis and Futuna,344-990-2452,michael74@example.net,2020-10-14
7262,Betty,Dominguez,Cocos (Keeling) Islands,(227)503-6940,kurt85@example.net,2022-05-02
7263,Susan,Mccullough,Kuwait,590.788.3852,jenkinsphyllis@example.com,2022-09-23
7264,Robert,Wilson,Solomon Islands,+1-722-793-9896,dennis21@example.org,2023-05-10
7265,Leslie,Bush,Botswana,5672351073,scook@example.com,2020-12-16
7266,Andrew,Riley,Guinea-Bissau,(691)428-3208x916,graychristopher@example.net,2022-02-06
7267,Curtis,Cuevas,Mexico,001-321-904-1125,thomas51@example.org,2024-11-09
7268,Rachel,Johnson,Cocos (Keeling) Islands,+1-937-567-6011x624,andrewarmstrong@example.org,2022-10-21
7269,Timothy,Johnson,Bermuda,(345)269-4987,bradley46@example.com,2025-04-02
7270,Michael,Price,Cambodia,330.888.7192x3851,pcross@example.org,2025-10-12
7271,Thomas,Phelps,Libyan Arab Jamahiriya,897.843.6689,mcculloughjessica@example.net,2020-09-12
7272,Nicholas,Hill,Cote d'Ivoire,529.499.3962,oblake@example.org,2025-02-18
7273,Michael,Marshall,Western Sahara,(316)803-5968,avincent@example.net,2022-12-19
7274,Ralph,Nelson,Romania,3285642806,hallmichael@example.net,2025-01-27
7275,Scott,Patel,Singapore,9158898586,kelly67@example.com,2023-01-26
7276,Martha,Wilson,Venezuela,(475)793-8611x56457,natalielewis@example.org,2023-05-13
7277,Shawn,Torres,Madagascar,(274)955-2125,jason84@example.com,2023-06-14
7278,Mary,Martinez,Aruba,+1-249-407-8199,evanstyler@example.net,2021-06-07
7279,Deborah,Bell,Macao,651-442-5384,droberts@example.org,2023-02-15
7280,Lisa,Bates,Pakistan,(793)228-3054,lesliedalton@example.org,2025-02-10
7281,Jeffrey,Wallace,Rwanda,488.860.4896x9982,parsonsmonica@example.org,2020-11-25
7282,Ashley,Anderson,Malaysia,721-558-8062x821,tonya41@example.net,2023-03-12
7283,David,Dyer,India,5503726975,linda87@example.org,2022-04-14
7284,Jason,Dawson,Mauritania,(792)213-1301x7079,bradleymorales@example.com,2021-11-03
7285,Anthony,Chapman,Algeria,001-868-788-2014x9813,dianelam@example.net,2020-08-18
7286,Marissa,Miller,Barbados,353-755-0445x12706,underwoodmatthew@example.net,2020-11-07
7287,Mitchell,Perez,Slovakia (Slovak Republic),487-207-2223,washingtonkevin@example.net,2020-10-16
7288,Nicholas,Porter,Tunisia,(451)635-8668,victorstout@example.com,2020-02-03
7289,Lisa,Bond,Georgia,(702)669-8567x51285,russellsims@example.org,2022-07-01
7290,Shelly,Prince,Kiribati,735-474-9304,cathy32@example.org,2021-08-20
7291,Melissa,Ware,Sudan,9836614305,balexander@example.org,2021-10-05
7292,Kristie,White,Bulgaria,876.998.8148x992,jimmyscott@example.com,2021-12-31
7293,Kelly,Taylor,Christmas Island,(552)578-8385x19132,kellysmith@example.com,2025-05-05
7294,Jonathan,Brown,Vanuatu,(481)502-4994,kimberlyhernandez@example.org,2021-09-04
7295,James,Ortiz,Venezuela,203.290.9232x85130,hjohnson@example.org,2024-04-25
7296,Sandra,Underwood,Turks and Caicos Islands,556-630-5636x269,travisbarnett@example.net,2022-11-23
7297,William,Ruiz,Russian Federation,8644577286,elizabeth66@example.net,2025-08-24
7298,Jerome,Love,Saint Helena,001-957-619-7540,jennifer70@example.org,2021-07-19
7299,Barbara,Hernandez,Belize,705.367.1690x638,xoneal@example.org,2020-03-22
7300,Justin,Davis,Swaziland,685-833-8856,rachel05@example.net,2026-03-09
7301,Jasmine,Jones,Christmas Island,(321)966-3506x204,rosschristopher@example.org,2022-11-23
7302,Olivia,Little,Singapore,(999)212-2514,collinsmegan@example.net,2020-02-18
7303,Kendra,Rodriguez,Aruba,443.882.0579x7509,jeffery57@example.org,2021-12-21
7304,Beverly,Jackson,Austria,726.673.4067x92726,joseph98@example.org,2021-10-20
7305,Stacey,Krause,Jamaica,+1-810-340-3729x00429,herringmichelle@example.net,2025-11-18
7306,Robert,Gamble,Tonga,3575546723,karenlopez@example.com,2021-02-24
7307,Ricardo,Williams,Guam,994.878.4047,smithjodi@example.com,2020-02-26
7308,Joel,Stafford,Kiribati,(853)555-3710x715,jane14@example.com,2024-10-16
7309,Jenny,Johnson,Cambodia,8743050105,vjackson@example.net,2025-03-26
7310,Thomas,Martinez,British Indian Ocean Territory (Chagos Archipelago),9048987511,jessicarodriguez@example.org,2020-09-22
7311,Patty,Bradford,Burundi,(464)405-8089x0435,bautistadrew@example.com,2020-02-05
7312,Timothy,Cox,Palestinian Territory,(751)988-3723,phillipscheryl@example.com,2023-06-26
7313,Mark,Cardenas,Norway,257.453.8164x8930,barnesmatthew@example.net,2025-06-21
7314,Jessica,Mendez,Jersey,+1-721-331-8893,wisekatie@example.net,2025-01-10
7315,Kristine,Powell,Guyana,(623)843-2698,brian62@example.net,2026-01-20
7316,Robert,Holmes,Brunei Darussalam,+1-545-226-3131x791,tsnow@example.org,2025-11-01
7317,Jasmine,Robinson,Faroe Islands,+1-353-858-8767x73342,sotodenise@example.net,2024-07-16
7318,Deborah,Blackburn,Honduras,(953)667-3793x62701,brownrobyn@example.net,2026-02-26
7319,Craig,Nunez,Mali,+1-876-414-5872,pcurtis@example.net,2025-05-04
7320,Ann,Taylor,Kuwait,334.742.0890x387,debrahogan@example.com,2024-01-07
7321,Ruth,Young,Papua New Guinea,262.536.2005,omunoz@example.net,2021-06-22
7322,Nancy,Mueller,Maldives,508.767.0179,thomasayala@example.net,2020-12-30
7323,Jennifer,King,Brunei Darussalam,866-867-9764x527,nlane@example.net,2021-02-14
7324,Teresa,Thomas,Cook Islands,001-278-392-1475x7696,brownjames@example.org,2021-03-04
7325,Bradley,Keller,Bahamas,3242661420,krystal84@example.org,2021-12-25
7326,Nancy,Carroll,Qatar,001-395-942-8403,jmcbride@example.net,2025-04-30
7327,Phillip,Brown,United States Minor Outlying Islands,510-694-6667x900,vharvey@example.net,2022-09-21
7328,John,Thompson,Congo,(481)798-9632x66542,gary63@example.net,2023-04-29
7329,Russell,Lawrence,Congo,001-296-966-9694x0476,ldawson@example.com,2020-09-20
7330,Kimberly,Mathis,Brunei Darussalam,692-752-6801,michael28@example.org,2020-06-22
7331,Mitchell,Acosta,Uruguay,001-405-643-4765x23241,hharding@example.com,2023-08-05
7332,Trevor,Rogers,Belize,001-877-702-0226x3157,mmullins@example.net,2020-09-01
7333,Scott,Orozco,Tunisia,483.277.0532,medinachristopher@example.net,2025-01-02
7334,Joseph,Pruitt,Latvia,201.810.1448x7994,roachtom@example.net,2023-03-20
7335,Walter,Shaw,Bouvet Island (Bouvetoya),811.479.6337x8784,aallison@example.org,2021-09-05
7336,Alison,Yang,Austria,(593)484-8613x51866,kathrynfernandez@example.org,2024-06-19
7337,Nathan,Kelly,Kuwait,816.370.4845,jharris@example.com,2025-07-07
7338,Kenneth,Miles,Belize,001-356-399-5083x87357,kimberlybuchanan@example.org,2021-01-01
7339,Jessica,Gill,Lithuania,538.250.6097x7245,michelle93@example.net,2020-07-15
7340,Paul,Wright,Reunion,001-966-947-0365x310,laurenmichael@example.com,2022-10-19
7341,Christopher,Smith,Argentina,(579)625-8318,theodore83@example.net,2021-12-23
7342,Antonio,Valenzuela,British Virgin Islands,3519895996,vedwards@example.net,2024-12-14
7343,Melissa,Patterson,Nicaragua,+1-340-526-2007,ariel92@example.org,2024-01-28
7344,Paul,Diaz,Brazil,+1-441-981-9921x1891,jamiechapman@example.org,2024-10-26
7345,Rebecca,Pope,Monaco,(779)476-8647x17014,taylorronald@example.org,2021-10-07
7346,Gary,Wright,Guinea,+1-785-599-5466,harrismary@example.net,2020-11-18
7347,Linda,Harrington,Portugal,+1-379-665-3190x74590,stephenrodriguez@example.org,2022-04-29
7348,Alan,Nelson,France,411-984-1681x5821,markthompson@example.net,2020-09-25
7349,David,Saunders,Georgia,873-814-9358x76743,erika84@example.net,2026-01-13
7350,Victor,Mason,Malawi,786-336-1220x7550,gillcharles@example.org,2025-09-16
7351,Cindy,Gill,Turkmenistan,643-660-7346,tgeorge@example.com,2020-11-04
7352,Joshua,Miller,Senegal,259-918-6516,jhaas@example.org,2024-10-01
7353,Leah,Combs,Kyrgyz Republic,001-801-342-4619x24741,sroach@example.net,2022-10-27
7354,Barbara,Brown,French Southern Territories,(286)672-4204x975,jsingleton@example.org,2025-11-29
7355,Monica,James,Uzbekistan,431-963-9481x486,waynebryant@example.net,2025-12-31
7356,Joe,Howard,Sao Tome and Principe,577.231.5859x764,nicole38@example.com,2021-01-14
7357,Michael,Hensley,Yemen,+1-943-686-7798x05166,youngtravis@example.net,2021-02-15
7358,Alyssa,Johnson,United States Minor Outlying Islands,724-687-3460x225,jeffrey87@example.com,2021-06-21
7359,Mackenzie,Turner,Colombia,(674)208-4276,richardsonjason@example.com,2024-01-11
7360,Tracey,Jackson,Czech Republic,541-228-9546,pwhite@example.com,2021-11-18
7361,Nicholas,Barber,Egypt,(975)382-9750,vazquezdesiree@example.net,2025-07-29
7362,Jack,Rodriguez,Congo,+1-498-808-9016x9181,jamiebray@example.net,2021-12-09
7363,Justin,Flores,British Virgin Islands,498.586.1144x276,jacksonmunoz@example.com,2024-04-16
7364,Crystal,Cantu,Belgium,515.644.3254,harrismarvin@example.net,2023-03-16
7365,Hannah,Mason,Saint Barthelemy,001-408-287-7191x4495,williamsmary@example.com,2025-06-01
7366,Charles,Trevino,Sudan,4086070611,hannahjohnson@example.com,2023-03-17
7367,Jesus,Ewing,United Kingdom,(705)548-9924x8603,vgibson@example.com,2020-07-26
7368,Kevin,Santana,Greenland,332-875-7822x193,amanda15@example.com,2025-06-23
7369,Wayne,Marsh,Nepal,257.882.2397x74820,kevin75@example.org,2024-05-07
7370,Danielle,Massey,Ecuador,960.851.7649,brenda16@example.net,2025-09-04
7371,Gabrielle,Jones,Turks and Caicos Islands,001-520-417-4422x48747,april76@example.org,2024-09-18
7372,Dustin,Poole,Saint Vincent and the Grenadines,357.390.6984x9720,flemingalbert@example.net,2025-01-06
7373,Todd,Bradford,Ghana,(385)316-1251x746,johnsonwilliam@example.com,2025-11-14
7374,Gina,Nelson,Ireland,+1-244-713-3596x89781,whitney77@example.org,2025-05-05
7375,Linda,Washington,Niger,+1-838-385-2730x25011,wolfdonna@example.net,2021-09-06
7376,Donna,Gillespie,Bouvet Island (Bouvetoya),(204)914-3287,jack44@example.net,2022-09-13
7377,Amber,Murphy,Israel,273.955.1090x851,melissaevans@example.com,2026-01-06
7378,Rebecca,Brown,Hong Kong,001-742-900-5951x025,lowecynthia@example.net,2021-10-31
7379,Todd,Galvan,Brunei Darussalam,+1-436-949-3985,moorescott@example.org,2022-09-13
7380,Angela,Goodman,Costa Rica,359-651-2947x67385,kimberly23@example.com,2022-07-08
7381,Luke,Perkins,Burkina Faso,(897)371-2847,gary29@example.org,2020-09-19
7382,Stephanie,Burton,Montenegro,3288293643,jfritz@example.net,2022-08-03
7383,Julie,Swanson,Dominica,001-708-731-6916,angelalester@example.com,2024-11-13
7384,Thomas,Williams,Heard Island and McDonald Islands,(561)528-5222x305,michaelthomas@example.net,2023-09-09
7385,David,Roach,Mayotte,(677)812-7601x2364,christine98@example.org,2025-09-22
7386,Lauren,Gardner,Solomon Islands,801-996-8171,kara31@example.com,2022-11-26
7387,Mark,Anderson,French Guiana,916.418.7868,ihayes@example.net,2023-12-08
7388,Sherry,Tanner,Tunisia,001-712-620-8667x51157,monica46@example.net,2025-03-30
7389,Kayla,Hodges,Svalbard & Jan Mayen Islands,508.820.2764x332,brian77@example.net,2021-11-09
7390,Mackenzie,Ramirez,Turkey,+1-409-529-7131,tiffanyowen@example.net,2021-06-16
7391,Willie,Reyes,Belize,377.385.5894x7353,devin85@example.org,2025-08-15
7392,Ryan,Williams,Cook Islands,+1-927-645-3375x583,beanalexander@example.org,2023-02-05
7393,Jessica,Holland,Saint Barthelemy,719.614.3990,hensleyjasmine@example.org,2025-02-03
7394,Jessica,Williams,Uganda,2446870351,kristinafranco@example.com,2025-06-29
7395,Daniel,Clark,Cuba,001-534-770-0075x1049,sanfordphilip@example.com,2025-02-09
7396,Nicole,Edwards,Panama,201.367.3029x21375,kgeorge@example.net,2025-04-10
7397,Julie,Oliver,Kazakhstan,+1-905-206-8894,scott00@example.org,2025-05-30
7398,Mark,Hernandez,Jordan,7503202858,jrussell@example.org,2024-06-04
7399,Rebekah,Hester,Poland,+1-693-918-3384x505,thompsonrobert@example.com,2022-05-22
7400,James,Perez,Mongolia,492-711-6653x6189,flynnmatthew@example.net,2021-01-18
7401,John,Miller,North Macedonia,001-414-938-2004x52116,jsparks@example.org,2022-11-30
7402,Amy,Abbott,Saint Barthelemy,(641)776-1486x18723,marycannon@example.com,2023-04-01
7403,Ronald,Terry,Niger,425.998.8827,sullivanchristina@example.net,2021-10-14
7404,Brittany,Dean,Costa Rica,+1-938-301-6022x7288,scottconner@example.net,2025-03-30
7405,Nicole,Patterson,Western Sahara,+1-515-718-5403,ghudson@example.org,2022-01-12
7406,Kevin,Brown,Serbia,(857)930-3274,danabaker@example.com,2023-06-24
7407,Lindsay,Jackson,Germany,001-515-434-3496,cindynguyen@example.org,2020-05-18
7408,Marie,Jones,Montserrat,547-309-2870x7818,megangonzalez@example.com,2022-12-17
7409,Daniel,Perez,Ghana,001-486-461-8371x683,rfranklin@example.org,2020-04-30
7410,David,Allen,Bangladesh,001-696-934-0024,fhiggins@example.org,2024-03-06
7411,Amy,Swanson,Norway,+1-971-427-3676x7307,sandersdiana@example.net,2023-08-19
7412,Craig,Marshall,Cote d'Ivoire,302-484-2398x54399,douglas95@example.org,2021-07-23
7413,Steven,Vincent,Tokelau,+1-573-568-6520x45324,timothyschaefer@example.com,2021-01-20
7414,Tasha,Morgan,Burundi,001-717-369-5515x58831,brandonstephens@example.net,2025-11-23
7415,Karen,Lucero,Mozambique,(608)907-7207,mrobinson@example.com,2021-07-11
7416,Charles,Smith,Congo,(808)253-1063,mary86@example.com,2024-07-12
7417,Robert,Martinez,Congo,(986)891-7343x87424,jeremy54@example.org,2025-07-14
7418,Jacob,Russell,Timor-Leste,491.691.1359x31942,robinsonashley@example.net,2024-02-14
7419,Brittany,Hodge,Saint Barthelemy,489-366-8154x181,zobrien@example.net,2021-01-11
7420,Richard,Myers,Bosnia and Herzegovina,(835)755-9876x1104,jacquelinemendez@example.com,2025-12-30
7421,David,Melendez,Antigua and Barbuda,602.709.8072x094,emoreno@example.net,2024-12-22
7422,Nathan,Ramsey,Saint Martin,824-227-9658x4501,jacobmckinney@example.com,2023-07-08
7423,Melissa,Rivers,Anguilla,+1-753-454-5627x036,jose48@example.net,2025-04-20
7424,Steven,Calderon,San Marino,+1-474-331-8152,jmata@example.org,2022-07-20
7425,Dustin,Murray,Wallis and Futuna,001-947-933-6480x6217,halenathan@example.org,2024-12-10
7426,Donna,Christensen,Gibraltar,001-643-536-1221,terry93@example.net,2024-05-28
7427,Nicole,Shaffer,Ghana,927.650.6345x604,mwade@example.org,2022-11-07
7428,Jonathan,Carter,China,001-666-678-6721x95966,ryan44@example.org,2023-01-31
7429,Nicole,Mata,Papua New Guinea,+1-204-595-9844,melissa89@example.com,2022-03-28
7430,Christopher,Frazier,British Indian Ocean Territory (Chagos Archipelago),001-973-285-6966,sabrinaperez@example.com,2024-09-01
7431,Justin,Higgins,Eritrea,(759)301-2396x8155,bryan57@example.net,2023-02-17
7432,Samuel,Lewis,Ethiopia,001-370-689-6268x66580,hughestiffany@example.net,2023-05-08
7433,Thomas,Roberts,Sri Lanka,241-497-2518,marygallagher@example.com,2025-07-30
7434,Hannah,Welch,Kenya,773.721.6639x3821,huffmankayla@example.com,2021-03-29
7435,Shelly,Ballard,Guyana,399-677-4006x789,dcarr@example.org,2025-02-22
7436,Kathleen,Wyatt,Chile,386.281.9676x4403,toddmichelle@example.org,2024-07-19
7437,Nicholas,Rosales,Burundi,511.554.7326x963,cwarren@example.org,2023-05-04
7438,Gail,Anderson,Lithuania,+1-877-241-9355x17683,brandtsamuel@example.org,2024-04-08
7439,Patrick,Morgan,Maldives,8395262737,steven37@example.org,2020-12-28
7440,Stacy,Howell,Jamaica,335.800.1776x418,timriggs@example.net,2020-02-09
7441,Edward,Riddle,Holy See (Vatican City State),943-361-5235,userrano@example.net,2024-02-12
7442,Miguel,Lee,Turkmenistan,611.431.2832,romeromelissa@example.com,2020-12-21
7443,Jason,Moon,Somalia,586-628-3213,keith87@example.com,2020-11-02
7444,Jennifer,Cooke,Greenland,805.254.6875,zperez@example.net,2021-04-30
7445,Wesley,Lowe,Reunion,001-854-288-6802x307,loripennington@example.org,2025-04-10
7446,Derek,Ward,Swaziland,(805)937-5084,joanna95@example.net,2025-03-19
7447,Brian,Fletcher,Slovakia (Slovak Republic),001-328-208-7246x797,kingjames@example.net,2024-02-02
7448,Cynthia,Davis,Central African Republic,835-768-6906,bradley75@example.net,2025-04-19
7449,Elizabeth,Edwards,Samoa,919-906-4737x34942,ddavidson@example.org,2023-07-10
7450,Joshua,Taylor,Liechtenstein,001-859-206-6841x60476,james62@example.com,2021-12-01
7451,Cynthia,Powell,Trinidad and Tobago,982.622.0495,nicole80@example.com,2025-10-05
7452,Danielle,Perkins,Cayman Islands,976-657-1468x123,hayesemily@example.org,2025-08-18
7453,John,Jarvis,Moldova,001-691-201-8779,sandersjonathan@example.com,2021-03-06
7454,Christina,Crosby,Panama,(538)333-1579x226,nmueller@example.net,2024-02-03
7455,Caroline,Miller,United Arab Emirates,653-434-8601x65236,palmerhailey@example.com,2022-08-09
7456,Allison,Short,Eritrea,001-706-396-2286x355,qunderwood@example.net,2026-02-28
7457,Sara,Moore,Kenya,462.891.2083,samuel48@example.net,2025-12-28
7458,David,Lucas,Grenada,001-480-621-6358x344,henryjeffrey@example.org,2026-02-03
7459,Matthew,Scott,Nepal,468-636-0354,ariel75@example.net,2020-01-28
7460,Gina,Skinner,Guadeloupe,(690)575-9008,kenneth23@example.org,2021-09-13
7461,Angela,Smith,Haiti,(648)203-7459,carrdaniel@example.org,2025-04-16
7462,Jessica,Ramos,Turkey,709.952.4660x906,coopertracy@example.org,2020-07-11
7463,Gina,Martin,Latvia,990.301.9816,donna54@example.com,2021-08-05
7464,Melissa,Phillips,Japan,+1-917-728-0670x5909,henrycolon@example.com,2023-07-07
7465,Angela,Lawrence,Congo,(737)709-1544x3199,ugonzalez@example.com,2022-10-06
7466,Linda,Riddle,Cambodia,889-402-0906x6819,katiegutierrez@example.net,2020-02-20
7467,Ashley,Shepherd,Malta,+1-761-990-6019,johnny58@example.org,2025-07-28
7468,Susan,Robles,Montserrat,310.763.4025,phillipstamara@example.net,2025-04-13
7469,Jason,Young,Tanzania,819.793.5537x587,taylortimothy@example.org,2024-11-06
7470,Tyler,Robinson,Eritrea,001-772-885-8075,janice84@example.com,2022-06-30
7471,Jeffrey,Rodriguez,Namibia,809.396.7008x6679,matthewreese@example.net,2021-12-15
7472,Kristen,Peters,Niue,793.779.2734x701,emilystrong@example.com,2020-11-09
7473,Heather,Davis,Costa Rica,246-871-0693x97432,jaimeholmes@example.com,2021-01-05
7474,Monica,Lopez,Saint Lucia,447-939-1910,angela23@example.net,2020-11-14
7475,Meredith,Williams,United Kingdom,(715)734-9799x552,stephanie97@example.org,2021-11-24
7476,Mitchell,Moore,Nicaragua,980.646.9934x670,hinessusan@example.com,2024-08-26
7477,Tanya,Owens,Tuvalu,2688704722,xcox@example.net,2020-10-30
7478,Eric,Thomas,Japan,(329)430-4978x098,hernandezkimberly@example.net,2023-10-17
7479,Aaron,Mills,Jersey,+1-606-393-7670x7869,sstark@example.net,2020-11-15
7480,Jody,Sharp,Greenland,787.394.6117x02807,jenniferdavis@example.org,2024-12-16
7481,Shannon,Gordon,Faroe Islands,714-623-7007x43101,jessicavazquez@example.org,2020-09-25
7482,Marilyn,Hudson,Northern Mariana Islands,+1-418-910-9281x1739,welchvanessa@example.net,2026-02-25
7483,Jessica,Thompson,French Polynesia,311-215-0781x10499,karen49@example.com,2025-10-01
7484,Jeffrey,Parker,China,001-826-313-7952x78332,christopher98@example.com,2021-04-30
7485,Mark,Lamb,Taiwan,(359)796-1045x448,klevine@example.org,2023-07-03
7486,Christopher,Burton,Mayotte,(968)373-8975x560,howejennifer@example.net,2022-09-12
7487,Mary,Young,Tuvalu,+1-221-312-8389x214,markgriffin@example.net,2024-06-18
7488,Douglas,Lewis,Kazakhstan,001-744-314-1271,djohnson@example.com,2022-12-04
7489,Chelsea,Nelson,India,+1-873-617-8716x015,trevor38@example.org,2025-03-29
7490,Jean,Krause,Romania,280-508-8012x4769,robert14@example.com,2020-06-19
7491,Tiffany,Burke,Guadeloupe,+1-385-732-1900x614,georgematthews@example.com,2021-03-20
7492,Roberta,Romero,Nauru,5128985284,joshua72@example.net,2021-10-03
7493,Jennifer,Park,Uzbekistan,427-242-6551x4801,christopher38@example.org,2023-01-29
7494,Yolanda,Riggs,South Georgia and the South Sandwich Islands,(515)668-5589,andersonstacy@example.com,2020-08-14
7495,Marcus,Ortega,French Southern Territories,565.703.2867x924,jthompson@example.com,2021-12-10
7496,Shannon,Jenkins,Madagascar,+1-918-202-2222x46110,francishill@example.net,2020-10-07
7497,Tina,Martin,Nigeria,8372655757,cindyramirez@example.org,2024-06-15
7498,Amber,Russell,Ghana,399.869.8711x4148,david04@example.com,2022-03-25
7499,Samantha,Johnson,Sierra Leone,778-377-8493x7671,kathy76@example.org,2024-09-14
7500,Erika,Fuller,Vanuatu,(328)309-9227,andrewtodd@example.org,2023-03-01
7501,Austin,Jones,New Caledonia,+1-420-287-5640,rachael37@example.org,2025-11-12
7502,Craig,Powell,Vietnam,540-323-6077,desireebaker@example.org,2025-04-18
7503,Charles,Johnson,Ukraine,3174626724,michelebooker@example.com,2024-02-02
7504,Karen,Garrett,Andorra,793.456.3024x25726,jacobdawson@example.net,2025-10-16
7505,Benjamin,Perez,Ghana,435-776-3350x586,grant17@example.org,2020-09-19
7506,Tracy,Bonilla,Algeria,(892)323-8999x4357,mjones@example.com,2024-08-31
7507,Collin,White,Saint Barthelemy,+1-321-956-7175x393,joy41@example.org,2020-04-03
7508,Erica,Allen,Saint Lucia,001-930-716-3117x7245,medinamark@example.com,2023-04-04
7509,Thomas,Rowland,French Polynesia,553-251-8435x44353,bryanwalker@example.com,2024-03-18
7510,Brandon,Robinson,Belarus,001-400-430-0752x9316,woodsmatthew@example.org,2024-04-22
7511,Melissa,King,New Zealand,001-551-939-6491,wmontes@example.net,2021-12-06
7512,Bill,Adams,Netherlands,820.946.1200x656,james78@example.net,2025-01-18
7513,Eric,Smith,Comoros,+1-496-929-8266x959,twright@example.com,2025-01-07
7514,Paul,Foster,Myanmar,+1-906-844-8134,sandra44@example.com,2021-07-30
7515,Sandra,Stewart,Cape Verde,001-218-865-3205x880,ricekelsey@example.org,2025-09-20
7516,Karen,Smith,Burkina Faso,(371)615-1317,barrettnancy@example.com,2025-12-18
7517,Cassandra,Joyce,Suriname,3252743023,keithteresa@example.com,2023-03-05
7518,Cody,Chambers,French Guiana,851.599.2878x58122,hamptondawn@example.org,2021-06-08
7519,Cynthia,Lee,Saint Barthelemy,783.486.6665x808,greenmatthew@example.org,2020-03-08
7520,Trevor,Wang,Pakistan,001-569-332-1026x889,jenniferyork@example.org,2025-11-01
7521,David,Carpenter,Malaysia,(654)847-2334x59832,tammysanchez@example.com,2025-01-29
7522,Amy,Molina,Martinique,(439)725-9228x5428,heathergordon@example.net,2022-11-25
7523,Pam,Jacobs,Finland,(286)412-2216x2963,sellersparker@example.com,2021-07-05
7524,Brandi,Weaver,Serbia,6644138419,sandyshort@example.org,2020-03-14
7525,Brittney,Singh,Yemen,001-825-323-9455x06125,turnerlisa@example.com,2023-10-07
7526,Stephanie,Rodriguez,Portugal,+1-695-223-5304,qlee@example.org,2022-12-07
7527,Maria,Cortez,Monaco,+1-987-251-7404x425,diazrobert@example.org,2020-07-19
7528,Zachary,Lopez,Bahrain,449.700.0677x521,powersaaron@example.net,2024-06-25
7529,Jonathan,Wallace,Kuwait,5215809843,lgay@example.com,2023-09-30
7530,Jill,Smith,Cayman Islands,(457)960-7895,andrew47@example.net,2022-07-05
7531,Alvin,Rivera,North Macedonia,448.910.2176x7675,morsedonna@example.net,2026-01-09
7532,Larry,Edwards,Cocos (Keeling) Islands,+1-477-286-6961x0946,ryanshaw@example.org,2026-02-01
7533,David,Davis,Eritrea,001-986-329-4224x483,normanrodriguez@example.net,2020-04-09
7534,Melissa,Smith,Cuba,(802)712-4362x776,lburton@example.com,2021-07-27
7535,Michael,Clayton,Colombia,6176210983,reyesraymond@example.com,2020-07-14
7536,Adrian,Williams,Mongolia,001-992-229-6719x2993,smallkathleen@example.com,2023-05-18
7537,Christopher,Miller,Peru,841-673-4193,noblelisa@example.net,2022-07-24
7538,Robin,Leach,Congo,001-227-253-9063x1288,mgeorge@example.net,2022-09-26
7539,Emily,Johnson,Palau,001-606-475-3360x78388,patriciaballard@example.net,2022-04-13
7540,Stephanie,Diaz,Cote d'Ivoire,+1-842-592-0222x18083,jeffrey46@example.com,2024-09-12
7541,Curtis,Romero,Svalbard & Jan Mayen Islands,687.637.9826,theresa57@example.com,2020-05-19
7542,Matthew,Lopez,Andorra,9029848483,ahaas@example.com,2022-09-27
7543,Heather,Miller,Rwanda,834-339-5191x2933,breed@example.org,2020-01-19
7544,Denise,Brown,Palestinian Territory,+1-288-887-6833x84594,allisondavid@example.org,2021-09-21
7545,Joshua,Brown,Marshall Islands,(577)966-8744x5132,leeshelly@example.org,2025-01-28
7546,Jay,Barajas,Vanuatu,830-496-4897x4199,walkermark@example.net,2024-09-22
7547,David,Henry,Kuwait,(420)895-1146,casey27@example.com,2020-10-21
7548,Michael,Mayo,Mexico,430.958.9969x29612,ricky13@example.org,2021-03-28
7549,Robert,Watkins,Papua New Guinea,(846)411-3019x69863,joshuahebert@example.com,2023-05-17
7550,Jasmine,Sanders,Mayotte,+1-517-657-2436x9049,dsherman@example.com,2020-12-30
7551,Victor,Herrera,Germany,001-931-497-5615x744,riveranathan@example.net,2025-10-20
7552,Jennifer,Collins,Bahrain,324.922.7124x296,taramartin@example.org,2021-07-26
7553,Samuel,Blackburn,Saint Lucia,298-843-6712x0303,kristarivera@example.com,2022-12-31
7554,Victoria,Price,Eritrea,001-684-594-7015x7664,qharris@example.org,2025-05-10
7555,Mark,Houston,Ethiopia,576.325.8229x326,alyssabrown@example.org,2020-04-24
7556,Lisa,Hughes,Senegal,520.862.8064x860,martinezmary@example.org,2020-04-30
7557,Kevin,Bradley,China,5096180691,debra13@example.org,2025-06-23
7558,Kathryn,Lee,Tonga,976.862.1698,josephdawson@example.com,2023-06-14
7559,Stephen,May,Bolivia,687.805.6750x2452,hannah93@example.net,2022-09-06
7560,Stefanie,Moore,Bulgaria,815.866.7566,jessesnyder@example.org,2026-01-16
7561,Samuel,Moran,Sierra Leone,(330)437-3307x41796,lyonsmary@example.net,2025-02-08
7562,Lisa,Spencer,Switzerland,357.977.0797x08249,kevin47@example.org,2022-09-15
7563,Bethany,Perez,Sweden,965-209-2706,rotherin@example.net,2022-06-12
7564,Jessica,Wright,Guatemala,(241)689-0204,jsanford@example.com,2023-07-21
7565,Jason,Nelson,Saint Pierre and Miquelon,938-285-0144x05074,bmartin@example.net,2020-01-09
7566,Victoria,White,United States Virgin Islands,001-639-887-6261x324,ricevanessa@example.net,2021-10-09
7567,Mary,Smith,Martinique,(508)705-1665x595,sarahlloyd@example.com,2020-09-26
7568,Nancy,Warren,Dominican Republic,(290)748-5151x4267,powellkristina@example.org,2020-05-24
7569,Christopher,Swanson,Argentina,+1-523-211-3244x331,elizabethwatson@example.net,2023-08-25
7570,Cory,Bryan,Luxembourg,(572)989-8113,crystalcantu@example.net,2020-06-23
7571,Nicholas,Palmer,Slovakia (Slovak Republic),993-894-6493x524,kevin36@example.org,2023-11-06
7572,Rachel,Yang,South Georgia and the South Sandwich Islands,+1-712-407-3378x087,adamking@example.com,2024-07-24
7573,Sarah,Chan,Afghanistan,001-546-838-0078,smithtimothy@example.net,2023-11-28
7574,Michael,Hughes,Yemen,296.831.0496,julie42@example.com,2024-04-17
7575,Kristin,Kennedy,Western Sahara,001-400-605-3206x37590,erin31@example.net,2022-01-26
7576,Daniel,Brown,British Indian Ocean Territory (Chagos Archipelago),621.470.6009,jamiecarson@example.net,2022-05-31
7577,Michael,Marshall,South Africa,339.512.7412x5419,rhondaharris@example.net,2025-04-02
7578,Trevor,Peterson,El Salvador,(278)281-3282x56495,ojones@example.net,2024-12-22
7579,Mariah,Kent,Guam,309.268.3048,seanmartinez@example.com,2025-02-16
7580,Holly,Little,Mali,729-982-5780x905,blevinsalex@example.net,2021-12-03
7581,William,Garza,Lao People's Democratic Republic,836.238.4624x7864,benjamin92@example.net,2025-11-22
7582,Jesse,Black,Panama,861-296-8512,donald32@example.org,2021-12-04
7583,Deborah,Rios,Denmark,336-559-3939,thomasstevens@example.com,2021-06-06
7584,John,Lamb,Mauritania,227-252-0991x903,eugene88@example.org,2024-08-17
7585,Bruce,Sullivan,Mayotte,001-715-590-6543,xbarker@example.com,2021-06-08
7586,Corey,Green,Brunei Darussalam,8708224759,jacobsongerald@example.org,2023-09-17
7587,Gabriel,Kelly,Turkey,8855157198,vadams@example.net,2022-10-13
7588,Patricia,Grant,Libyan Arab Jamahiriya,978.510.4220,urobertson@example.com,2020-05-25
7589,Haley,Tran,British Indian Ocean Territory (Chagos Archipelago),673-391-2102x893,whitejoseph@example.org,2025-10-28
7590,Ralph,Edwards,Namibia,001-757-821-6833x701,woodhelen@example.net,2021-01-14
7591,Shannon,Sims,Falkland Islands (Malvinas),(560)910-9819x7471,craigdavis@example.org,2022-09-17
7592,Julia,Ortiz,South Georgia and the South Sandwich Islands,767-730-5088,calvinwilliams@example.net,2022-04-10
7593,Amanda,White,Italy,001-473-564-9064x8142,christophermoran@example.net,2023-03-24
7594,Steven,Taylor,Congo,600.333.1216,swright@example.org,2025-05-30
7595,Willie,Walker,Christmas Island,(956)754-7405x167,robertperry@example.org,2022-11-11
7596,Melissa,Miller,Andorra,526.538.6778,robertgray@example.com,2022-07-23
7597,Matthew,Carter,British Indian Ocean Territory (Chagos Archipelago),502.346.8825x4965,sdavid@example.com,2022-11-03
7598,Christian,Gardner,Switzerland,2674045708,bradforddaniel@example.com,2021-09-29
7599,John,White,Albania,319-232-2963x271,orodriguez@example.com,2020-03-10
7600,Robert,Pitts,Malaysia,001-647-222-0824x556,nsmith@example.org,2023-12-16
7601,Hunter,Mitchell,Cyprus,+1-712-245-6893,austintara@example.com,2020-09-16
7602,Kimberly,White,Central African Republic,(634)670-3945x469,chandlerphilip@example.com,2023-09-15
7603,Robert,Freeman,Myanmar,(557)825-3495,melissa07@example.net,2026-03-02
7604,John,Martinez,Saint Martin,511.599.7304x0473,ann76@example.org,2021-08-02
7605,Teresa,Berger,Montenegro,(363)715-2495x810,stevesanchez@example.com,2024-08-07
7606,Jonathan,Harrison,Saint Kitts and Nevis,001-301-567-6944,mosleybradley@example.net,2025-04-25
7607,Luis,Berger,Morocco,001-521-912-2736x4903,rebeccapowell@example.com,2025-05-18
7608,Tammy,Pham,Macao,828.624.9921,rgarcia@example.net,2024-09-13
7609,Edward,Barnes,Austria,413.820.9236x541,qcarroll@example.com,2026-02-02
7610,Samuel,Proctor,Kazakhstan,835.927.0642,oconnorwilliam@example.com,2024-08-20
7611,Tammy,Green,El Salvador,(868)219-8152,richardhale@example.net,2025-08-10
7612,Stephanie,Doyle,Netherlands,513.430.6556,dblackburn@example.org,2023-02-17
7613,Alyssa,Rivera,Mayotte,+1-294-300-2405x0301,rwilliams@example.com,2025-05-28
7614,Sydney,Mann,Antigua and Barbuda,+1-752-255-9976x887,diamondthomas@example.com,2020-08-24
7615,Cynthia,Carter,Vietnam,8569714638,friedmanmatthew@example.com,2023-05-21
7616,Heather,Smith,Reunion,5677148478,xmorgan@example.net,2020-10-05
7617,Kelsey,Rivera,Belgium,921.437.8072x0092,jrobinson@example.com,2024-11-16
7618,Ashley,Chen,Argentina,(228)268-0959x16501,janice81@example.org,2025-03-29
7619,Holly,Yang,China,001-911-581-8401x289,erica90@example.net,2020-12-30
7620,Donna,Lopez,Malawi,(806)244-1765x29960,margaret97@example.net,2025-09-29
7621,Melissa,Johnson,Eritrea,573.878.1999x183,yrodriguez@example.com,2021-07-21
7622,James,Gonzales,Hungary,6424418613,wilsontonya@example.org,2023-05-17
7623,Andrew,Castro,Benin,796.877.4657,zharris@example.org,2023-05-17
7624,Tracey,Williams,Mali,(611)876-9682x7456,urobinson@example.com,2021-02-09
7625,Leslie,Young,Saint Kitts and Nevis,(227)794-2175x162,nancyrobbins@example.net,2025-08-16
7626,Mary,Tate,Honduras,520.761.5650,timothyfernandez@example.net,2025-08-30
7627,Brittany,Long,Bhutan,289.397.2431,mpugh@example.org,2022-06-12
7628,Kelly,Ortiz,New Caledonia,6323115384,vsandoval@example.net,2025-11-01
7629,Jeffrey,Russell,Ireland,+1-632-650-6253x716,ncross@example.org,2022-12-28
7630,Robert,Hale,Monaco,001-389-655-7776x737,hglenn@example.com,2021-10-14
7631,Sarah,Berger,Vanuatu,001-867-470-4466,rebeccajohnson@example.org,2023-06-10
7632,Marie,Acevedo,Norway,271.749.0720x531,wbrown@example.net,2024-08-24
7633,Justin,Mason,Bahrain,(259)752-3665x05987,matthewnelson@example.org,2025-01-16
7634,Linda,Anderson,Comoros,+1-847-299-4058x3095,david33@example.com,2020-12-17
7635,Richard,Love,North Macedonia,(933)810-2689x545,mhubbard@example.com,2024-08-18
7636,Jeffrey,Peterson,Maldives,+1-207-252-9807x02758,weaton@example.net,2021-11-06
7637,Michele,Davis,Uruguay,(238)468-9860,sanderslori@example.net,2026-02-01
7638,Joseph,Juarez,Botswana,(774)533-2865x528,austin27@example.com,2022-02-03
7639,Ronald,Jones,Nigeria,759-438-7481x036,lrowe@example.net,2025-09-22
7640,Nancy,Fox,Madagascar,+1-256-486-7048x731,ystevens@example.org,2020-03-10
7641,Andrea,Garcia,Samoa,797-880-7951,mnewman@example.com,2023-10-31
7642,John,Thomas,Botswana,(507)911-6959,morenojustin@example.com,2025-08-22
7643,Patrick,Davis,Ghana,(251)864-2688,thomas19@example.com,2020-09-15
7644,Christopher,Haney,Togo,899.492.5462,lindseynguyen@example.com,2022-02-19
7645,Michael,Aguilar,Timor-Leste,(525)390-4639,vruiz@example.net,2020-01-21
7646,Kenneth,Allen,Aruba,(313)543-6025,lukeharrell@example.net,2022-12-24
7647,Luke,Nguyen,Syrian Arab Republic,345-658-0720,nathaniel06@example.net,2025-12-12
7648,Ellen,Thomas,Jersey,(657)237-6891x4508,amandamurray@example.com,2025-06-30
7649,Kevin,Huffman,Bahamas,352.705.7014,tlindsey@example.org,2023-01-12
7650,Mary,Weber,Wallis and Futuna,001-254-460-6553,nguyenlisa@example.com,2023-05-19
7651,Linda,Short,Cook Islands,001-817-476-3330x8771,steeleandrew@example.com,2023-06-21
7652,Nicholas,Lewis,Qatar,(466)410-1446,sabrina24@example.com,2020-02-09
7653,Michael,Hill,Congo,923-589-4566x8882,josephwebb@example.net,2020-02-21
7654,Cynthia,Cunningham,Zambia,(848)367-1084x5427,wrightbrooke@example.org,2025-11-23
7655,Brian,Sherman,Cook Islands,4135614116,christina87@example.com,2022-03-27
7656,Renee,Kent,United Arab Emirates,922-370-9027x389,davidruiz@example.org,2023-08-15
7657,Michael,Lopez,Sweden,001-400-752-7116,turnerjames@example.org,2021-09-23
7658,Becky,Baxter,Palau,(864)600-1762,laura19@example.com,2020-08-18
7659,Gina,Hughes,Switzerland,+1-590-378-6487x026,wrighttasha@example.org,2025-01-10
7660,Andrea,Mckay,Netherlands,(630)954-2624,raymondmcgee@example.org,2024-03-08
7661,Ryan,Mcdonald,Turks and Caicos Islands,+1-925-340-0017x3403,jessica97@example.org,2020-02-18
7662,Courtney,Gonzalez,Belarus,(986)557-3994,dillonscott@example.org,2024-04-10
7663,Brandon,Weiss,Palau,533-394-3543,stacythomas@example.org,2020-07-31
7664,Angela,Liu,Guinea-Bissau,+1-419-201-7785x51497,leaton@example.net,2024-10-24
7665,Cynthia,Jones,Turks and Caicos Islands,326.838.5761x31484,kathleen79@example.com,2022-01-02
7666,Tiffany,Long,Tokelau,001-237-531-6537x76740,tricia74@example.org,2024-05-02
7667,Holly,Smith,Pitcairn Islands,(235)727-1337,juliefarmer@example.com,2024-11-14
7668,Maria,Oliver,Bahamas,(849)343-7700x8975,muellermonica@example.org,2024-05-07
7669,Donald,Rodriguez,Saudi Arabia,+1-673-297-4339,bakergary@example.net,2025-06-21
7670,Timothy,Hamilton,Kiribati,001-805-808-1967x51910,xkelly@example.com,2025-11-18
7671,Walter,Powell,Croatia,+1-543-741-6659,dhall@example.com,2024-08-06
7672,Eugene,Cole,Armenia,331.476.3346,davidphillips@example.com,2024-06-04
7673,Autumn,Lester,Norfolk Island,993-619-2600x638,dhaley@example.net,2025-11-11
7674,Chad,Brady,Pakistan,001-420-988-1572x3781,amymartinez@example.net,2023-08-08
7675,Sally,Bailey,Saint Helena,+1-996-619-0600x930,hbeard@example.com,2025-01-10
7676,Hayley,Reed,Moldova,(451)457-8705x090,william32@example.net,2024-12-12
7677,Katherine,Chandler,Hungary,+1-816-981-1981x84605,lawsonchristine@example.org,2022-10-03
7678,Robert,James,Bhutan,246-937-3760x1357,saundersrichard@example.com,2023-05-10
7679,Brian,Munoz,Tuvalu,748.602.0307x59058,johnsontimothy@example.net,2021-04-16
7680,David,Parsons,Jersey,678-288-4381x233,lewisshannon@example.net,2022-09-07
7681,Aimee,Roman,Togo,(256)981-7716x803,freemanjason@example.com,2020-10-29
7682,Dustin,Sanchez,Nepal,001-453-754-9849x2340,andersontravis@example.com,2020-03-01
7683,Erica,Johnson,Algeria,428-566-4656,smithelizabeth@example.net,2022-06-30
7684,Melissa,Smith,Saint Barthelemy,5544608713,dburke@example.org,2024-10-05
7685,Krista,Howard,Senegal,812-963-0616,johnsmith@example.org,2021-02-07
7686,Nancy,Frazier,Suriname,561-695-8728,david90@example.org,2025-12-27
7687,Lori,Schneider,Mozambique,001-817-259-0941,wcontreras@example.net,2022-07-07
7688,Emily,Rodriguez,Sao Tome and Principe,711.965.6112x01578,williamsmary@example.net,2023-03-15
7689,Barbara,Nichols,Lesotho,(253)892-6623x45003,marymartinez@example.org,2021-11-20
7690,Jessica,Knapp,El Salvador,001-514-638-7002x3949,tiffanyrivera@example.net,2023-12-19
7691,Edward,Valentine,Panama,668.227.4797,patrickcobb@example.org,2025-01-25
7692,Daniel,Cantu,Gambia,(288)437-1198x33558,morrisolivia@example.org,2021-05-02
7693,Matthew,Thornton,Hong Kong,253-231-0876x110,parkermike@example.org,2025-10-11
7694,Michelle,Hunt,Maldives,482-454-3667x6518,alexisserrano@example.org,2024-03-22
7695,Matthew,Banks,Poland,001-635-684-1845,xkelley@example.net,2021-11-26
7696,Michele,Phillips,Jersey,(728)351-0815,stephen99@example.org,2021-04-01
7697,Nicole,Meyer,China,594.710.4881x4601,joshuakey@example.com,2022-11-28
7698,Elizabeth,Shaw,South Georgia and the South Sandwich Islands,001-511-792-4582x18348,ghernandez@example.com,2025-06-26
7699,Tara,Fuller,Saint Kitts and Nevis,001-425-985-5375,gkirby@example.org,2023-10-07
7700,Kimberly,Clark,Ukraine,(833)922-3667,taylorthomas@example.org,2020-01-21
7701,Kevin,Pham,Gibraltar,(418)539-0896,carlosdixon@example.com,2022-09-30
7702,Lisa,Wilson,Greenland,+1-665-733-2686x0728,jennifergarrett@example.org,2024-02-12
7703,Jason,Stone,Comoros,459.717.2985x3605,ashleymurphy@example.com,2023-07-09
7704,Brandon,King,Tajikistan,639.882.4879x86493,joel09@example.com,2023-07-12
7705,Valerie,Odonnell,Botswana,817.330.0556x50610,htaylor@example.org,2021-01-19
7706,Miguel,Calhoun,Spain,+1-278-571-9042,woodangela@example.com,2024-09-13
7707,Bethany,Fitzgerald,Guadeloupe,414.299.9901x86414,kristenhernandez@example.net,2021-09-29
7708,Emily,Norman,Mexico,(247)286-3592x46720,fherrera@example.com,2022-03-07
7709,Christopher,Hoffman,Latvia,(948)721-5286,mariacampbell@example.com,2026-02-23
7710,Mario,Ramirez,Australia,557-976-2285,dgomez@example.org,2020-08-10
7711,Sharon,Williams,Slovakia (Slovak Republic),(687)209-7232,hansondavid@example.com,2022-01-12
7712,Christopher,Arroyo,Saint Kitts and Nevis,8195274473,michaelking@example.org,2025-03-28
7713,Ricky,Montgomery,Moldova,+1-529-527-6795x6848,dawnowens@example.org,2020-01-07
7714,Johnny,Rodriguez,Saint Martin,952-438-7270,beth95@example.com,2026-02-13
7715,Leslie,Clark,Montserrat,+1-436-836-3362x4197,jasmine85@example.org,2020-02-11
7716,Ricardo,Ray,Philippines,816.479.0045,elizabethroth@example.org,2023-11-03
7717,Allison,Thomas,Haiti,+1-639-388-5294,rsingleton@example.com,2025-03-15
7718,Melissa,Reyes,Cook Islands,001-618-732-0201,jeffreywilliams@example.com,2020-01-01
7719,Monique,Frank,New Zealand,(998)316-8468,bradley06@example.com,2023-03-21
7720,Sarah,Powell,Barbados,(769)381-1724x71507,carolconner@example.com,2022-08-17
7721,Brittany,Strickland,Greenland,422.628.8377x9464,christopherdeleon@example.net,2021-11-01
7722,Mark,Flynn,Guadeloupe,287.318.9004,tatebrianna@example.com,2023-12-08
7723,Amanda,Lopez,Switzerland,(340)703-8804,stevenlewis@example.org,2020-12-25
7724,Amber,Tucker,Germany,957-778-0944,ronald42@example.com,2024-02-04
7725,Timothy,Fox,Central African Republic,(703)500-8559x7878,ocharles@example.net,2021-12-08
7726,Jennifer,Jones,Malta,943.551.9233x7519,hallaustin@example.com,2025-04-14
7727,Kyle,English,Papua New Guinea,+1-864-869-4994x91029,christophermcgrath@example.org,2026-01-15
7728,Kimberly,Howard,Turkey,(383)727-8209x172,richardsmelissa@example.com,2021-10-03
7729,Lisa,Morgan,Turks and Caicos Islands,(877)598-6011,iwilson@example.net,2021-08-20
7730,Andrew,Butler,Nepal,726.744.6144x3509,awatson@example.org,2023-08-04
7731,Timothy,James,Austria,+1-556-377-2992,elizabeth76@example.com,2021-05-25
7732,Kristopher,Johnson,Falkland Islands (Malvinas),(570)470-3638,rhonda08@example.org,2020-10-19
7733,Teresa,Ayers,Kyrgyz Republic,367.266.2006,stephenhoffman@example.com,2023-01-04
7734,Emily,Hall,Guinea-Bissau,977.858.7470x993,willielee@example.net,2026-02-11
7735,Brittany,Parker,Tuvalu,+1-864-801-7133x4949,nwarren@example.org,2022-08-07
7736,Keith,Anderson,Dominica,+1-390-597-2654,daniellucas@example.net,2025-09-05
7737,Dana,Decker,Switzerland,001-457-238-8815x26363,kylejohnson@example.com,2024-09-30
7738,Jennifer,Tanner,British Virgin Islands,281.592.4117x33471,kmendoza@example.com,2022-08-11
7739,Emily,Blackburn,Belarus,+1-477-249-6609x5471,stevensjessica@example.org,2026-02-10
7740,Heather,Chapman,Senegal,8652724466,greg64@example.org,2023-04-01
7741,Thomas,Mcintosh,Cote d'Ivoire,(559)372-0323x7990,bridget84@example.org,2021-10-07
7742,Teresa,Kim,Honduras,662-586-0525x992,parkerrebekah@example.com,2021-08-16
7743,Edward,Hicks,Romania,+1-871-793-1412x5280,brandonbrown@example.com,2026-03-06
7744,Michele,Scott,Palau,(361)837-7931,brittanythomas@example.net,2025-09-28
7745,Kathleen,Sexton,Trinidad and Tobago,001-625-505-8534x831,bradshawryan@example.org,2021-05-21
7746,Janet,Sweeney,French Polynesia,+1-749-446-3545x7636,carrie63@example.net,2020-03-08
7747,Franklin,Castillo,Kazakhstan,(382)988-7710x862,zachary75@example.org,2020-01-16
7748,Alyssa,Mason,Bolivia,7655519319,sullivanerica@example.net,2024-07-16
7749,Julia,Chandler,Philippines,7106703714,brandon73@example.com,2024-01-16
7750,Laurie,Jones,United Arab Emirates,+1-226-809-4660x945,michael98@example.net,2022-01-11
7751,Leslie,Swanson,Denmark,+1-524-510-3605x4830,lauragallagher@example.org,2022-04-18
7752,Daniel,Anderson,Kyrgyz Republic,+1-862-413-9680x5345,stefaniecoleman@example.com,2024-05-30
7753,Vernon,May,Saint Pierre and Miquelon,001-274-335-3116x666,nichole95@example.com,2025-10-19
7754,Jonathan,Lambert,Montserrat,485-755-2641,zmartin@example.net,2025-12-28
7755,Sonia,Arellano,Angola,483.347.3941,michaelrasmussen@example.net,2024-02-23
7756,Daniel,Carter,Ukraine,001-819-666-5714x026,jimmy92@example.com,2023-10-07
7757,Robert,Lopez,French Polynesia,+1-849-338-0934x369,michaelporter@example.net,2024-01-03
7758,Matthew,Smith,Eritrea,(321)390-1613,pamela60@example.net,2024-08-08
7759,Matthew,Norman,Cyprus,984.661.0615x7128,vlittle@example.net,2020-11-19
7760,Michael,Hammond,Liechtenstein,+1-889-780-5266x962,mistyreed@example.org,2025-11-13
7761,Antonio,Byrd,Heard Island and McDonald Islands,001-245-710-7736x89941,jennifer55@example.com,2023-09-20
7762,Briana,Mason,Nepal,343.886.7281x93486,hsimon@example.net,2022-06-14
7763,Bobby,Gregory,Angola,001-699-541-4128x1832,karen77@example.org,2025-01-10
7764,Jean,Green,Kazakhstan,896.766.1781x66959,caustin@example.net,2022-02-22
7765,Gregory,Bates,Turks and Caicos Islands,001-444-599-5472x156,foxmegan@example.net,2021-02-05
7766,Yvonne,Small,Latvia,(590)568-7975x5549,timothymiller@example.com,2022-10-11
7767,Alexandra,Bennett,Rwanda,736-340-0198x3923,bennettmichele@example.com,2020-10-19
7768,Eduardo,Cooper,Panama,237-824-0992x9357,oross@example.com,2021-10-05
7769,Andrea,Daniel,Haiti,(797)783-9383x6250,johnny32@example.net,2022-04-06
7770,Julie,Thomas,Kuwait,+1-653-451-8231x70474,eric97@example.com,2023-12-13
7771,Jennifer,George,Saint Lucia,+1-626-357-7307x206,clinebeth@example.com,2025-04-17
7772,Daniel,Webster,Jordan,756-203-8960,ashley34@example.org,2024-10-30
7773,Christopher,Evans,Portugal,001-416-596-7920x1969,rprice@example.com,2024-02-12
7774,Ronald,Anderson,Pitcairn Islands,727.550.5062x152,devon03@example.org,2020-03-15
7775,Rachel,Jackson,Canada,+1-897-932-5256,kstewart@example.org,2024-05-25
7776,Daniel,Hill,Saint Pierre and Miquelon,7667246189,smithsarah@example.net,2024-08-04
7777,Richard,Perry,Heard Island and McDonald Islands,(358)612-7281,josephgriffith@example.com,2020-07-13
7778,Angela,Walsh,Haiti,(711)296-1734x6973,jacksonstacie@example.org,2023-07-24
7779,Brady,Alvarez,Uzbekistan,965-388-0291x8051,sierra25@example.net,2021-03-02
7780,William,Clark,Tuvalu,570.561.1439x977,lisabrown@example.org,2024-07-02
7781,Samantha,Marshall,Malaysia,(717)561-2338x6065,jennifer79@example.net,2023-05-14
7782,Bryan,Bonilla,Turks and Caicos Islands,509-416-8680x380,valenciajeffrey@example.org,2024-04-25
7783,Kara,Diaz,Turkey,001-364-397-8955x409,michelleelliott@example.org,2020-11-24
7784,James,Maldonado,Saint Barthelemy,365-363-5654x498,qcabrera@example.org,2020-01-20
7785,Pamela,Cooper,Liechtenstein,3928389619,juarezjanice@example.com,2022-07-29
7786,Heather,Cordova,Morocco,(818)718-9437x20902,imorton@example.net,2024-12-03
7787,Ashley,Mueller,Uruguay,(466)365-9253,torreswilliam@example.com,2025-06-08
7788,Sandra,Rodriguez,Tokelau,620.459.2549,nichole90@example.com,2025-04-13
7789,Daniel,Ellison,Cambodia,357-674-4492x6058,diane69@example.org,2023-07-01
7790,Jonathan,Austin,Guernsey,+1-687-873-0331x4894,tina09@example.com,2020-07-29
7791,Jeffery,Torres,Cuba,365-948-3496x74691,tanya67@example.net,2021-10-28
7792,Nicole,Anderson,Cayman Islands,(270)918-0610,richard82@example.net,2022-12-24
7793,Thomas,Ball,Panama,448-974-6340,john91@example.net,2023-03-22
7794,Richard,Lamb,Latvia,(981)616-4618x462,christopher75@example.net,2020-08-05
7795,Stephanie,Shields,Papua New Guinea,+1-623-517-6568x49692,wowens@example.com,2020-02-24
7796,Brian,Williams,Poland,287.627.9935,christopherali@example.com,2021-11-10
7797,Jeremy,Bates,El Salvador,(683)249-5687x6125,troyhernandez@example.com,2020-08-18
7798,Stephanie,Williams,Cyprus,001-902-206-1922x600,christianperry@example.com,2025-06-18
7799,Michael,Johnson,Anguilla,885.915.8262x22489,kyleobrien@example.net,2021-06-20
7800,Scott,Haynes,Belarus,(337)580-2906,curtisjackie@example.org,2026-03-07
7801,Roy,Brown,Hungary,258-636-6321,stephenscaroline@example.org,2021-08-19
7802,Marissa,Price,Falkland Islands (Malvinas),(967)395-3030x030,tanyathomas@example.com,2024-07-31
7803,Aaron,Mckay,Botswana,001-630-679-6312x467,craigjoe@example.com,2024-10-30
7804,Ashley,Martinez,Holy See (Vatican City State),690-699-8186,kathleen92@example.com,2023-08-12
7805,Charles,Ross,Brazil,7608108899,marcus48@example.com,2022-08-02
7806,Linda,Jordan,Czech Republic,7918526306,amanda68@example.org,2022-05-22
7807,Erin,Berry,Vietnam,216-378-1318x030,larsonkyle@example.com,2024-09-20
7808,Jonathan,Mclaughlin,Lesotho,946-685-9947,jclark@example.net,2022-10-07
7809,Michael,Hansen,Latvia,944.633.4633x68920,carlsonkelly@example.net,2025-09-29
7810,Victoria,Wood,French Southern Territories,(802)626-5299,annrivera@example.com,2020-07-07
7811,Joyce,Wilkinson,Italy,001-729-299-9226x98248,michael28@example.org,2024-11-27
7812,Wendy,Velasquez,Falkland Islands (Malvinas),+1-892-377-0605x020,jensenjeremy@example.org,2023-12-12
7813,Jose,Bennett,Sierra Leone,(309)535-3067x4423,johnsonamy@example.net,2023-09-25
7814,James,Navarro,Philippines,+1-657-602-1211x86047,laura12@example.net,2022-06-22
7815,Christopher,Hernandez,Malta,213-921-2547x186,scottlisa@example.com,2022-06-16
7816,Nicholas,King,Congo,+1-654-692-3566x052,sarmstrong@example.net,2020-02-21
7817,Jaime,Aguilar,Trinidad and Tobago,333-805-0267,savannah48@example.com,2023-07-02
7818,Mark,Ross,Norway,(996)478-4909,kelly68@example.org,2020-05-31
7819,Michael,Weaver,Bhutan,815.971.9216,ortegacarl@example.net,2022-12-20
7820,Connie,Hudson,Isle of Man,+1-562-689-8068x577,williamsjames@example.net,2023-03-07
7821,Lauren,Williams,Cuba,459-540-5879,erikanderson@example.org,2023-02-06
7822,Chase,Richardson,Lebanon,747-727-4328x6708,walteryates@example.com,2021-01-03
7823,Maria,Cobb,Mozambique,339.272.8163x4528,leejohnson@example.org,2024-11-15
7824,Robert,Ibarra,Madagascar,540-717-8888x1828,wstevens@example.com,2025-02-17
7825,Donna,Calhoun,Guyana,001-278-992-9202,ywilliams@example.org,2021-05-29
7826,Amber,Mckinney,Cyprus,7402520620,donnaphillips@example.com,2023-02-11
7827,Katelyn,Ellis,Antigua and Barbuda,(335)845-4809,uwilson@example.net,2024-06-19
7828,Matthew,Delacruz,Congo,001-436-611-5680x9945,mcclainashley@example.com,2023-09-14
7829,Christopher,Patterson,Paraguay,001-257-222-8132x662,regina28@example.org,2020-01-19
7830,Calvin,Warren,Sweden,(460)830-1630x3541,mbrooks@example.net,2024-09-17
7831,Pamela,Adams,Belize,(932)755-1511x218,alvarezevelyn@example.net,2021-08-13
7832,Sarah,Bonilla,Guyana,(771)800-0681,carolynmoyer@example.com,2020-06-30
7833,Lisa,Gross,American Samoa,+1-255-381-7981x0062,ruizdeborah@example.com,2020-09-13
7834,Lacey,Warren,Burundi,207-382-5674,nelsonpatricia@example.net,2020-12-22
7835,Anthony,Johnson,Zimbabwe,001-597-751-1716x735,rclark@example.org,2023-06-23
7836,Tracy,Bennett,Russian Federation,262-810-6923x43301,michaelchavez@example.net,2023-08-22
7837,Tyler,Lewis,American Samoa,8166581139,fhughes@example.org,2020-07-24
7838,Timothy,Moore,Georgia,2629870194,alex11@example.com,2023-01-27
7839,Elizabeth,Tate,Morocco,001-404-713-7808x98825,jjackson@example.org,2021-11-06
7840,John,Ortiz,Bahamas,(338)960-1158,paulaandrews@example.com,2025-01-12
7841,Brittany,Walker,Russian Federation,+1-551-282-5247x451,xterry@example.org,2020-08-07
7842,Victoria,Riggs,Uzbekistan,3914145693,morrisstacy@example.net,2025-03-22
7843,Brian,Reynolds,Belgium,001-937-563-5898,adelacruz@example.net,2023-09-15
7844,Teresa,Morrow,Guinea,(997)330-9201x2443,barbara49@example.net,2022-01-24
7845,Lawrence,Olsen,Mozambique,(394)414-9974,frostbrandon@example.net,2024-12-19
7846,Kent,Ramos,Dominica,(478)672-0158,christopher48@example.com,2024-06-11
7847,William,Mitchell,Colombia,879.294.6193,tiffany95@example.org,2020-01-18
7848,Bobby,Day,Monaco,558-754-4230,xholt@example.net,2021-12-17
7849,Joseph,Lowe,Pitcairn Islands,511-842-4182x1899,cgilbert@example.net,2025-03-12
7850,Traci,Davis,Faroe Islands,001-537-524-7801x419,iwalker@example.net,2020-02-29
7851,Donald,Larson,Togo,643-497-7113x31070,ricenicholas@example.com,2022-01-05
7852,Pamela,Brown,Solomon Islands,872-816-6983x592,jeffrey71@example.org,2020-08-10
7853,Elizabeth,Bailey,Slovakia (Slovak Republic),929-643-5197x484,washingtonmark@example.org,2022-10-15
7854,Nicholas,Davidson,United Arab Emirates,275-837-2284x693,laura84@example.com,2020-09-07
7855,Joshua,Wilkinson,Falkland Islands (Malvinas),631.472.7987x4683,garnernancy@example.com,2023-07-09
7856,Patricia,Robertson,Iran,(268)344-1815x675,pblack@example.org,2020-11-16
7857,Katherine,Williams,Cape Verde,001-857-903-9918x165,marypennington@example.org,2020-11-10
7858,Rita,Phelps,Chile,+1-494-316-6224x56687,andersonclifford@example.org,2020-03-02
7859,James,Benjamin,French Southern Territories,542-504-1419x14936,timothyrichard@example.net,2025-06-12
7860,Chad,Horton,Niger,001-488-370-0840x0855,emilymontes@example.net,2022-02-01
7861,Michelle,Terry,Belize,435.512.2292,angela32@example.com,2023-11-24
7862,Natalie,Johnson,Japan,5787845221,moorekrystal@example.com,2026-01-06
7863,Amanda,Lee,Suriname,001-807-790-7088,walkermichael@example.org,2021-05-03
7864,Zachary,Dixon,Angola,+1-979-509-7499x759,kwalsh@example.net,2022-01-24
7865,Edward,Brooks,British Virgin Islands,001-766-406-0083x00363,oliviakeith@example.net,2021-05-11
7866,Matthew,Christensen,British Indian Ocean Territory (Chagos Archipelago),(587)364-7199,barbarasolis@example.org,2024-03-25
7867,Ruben,Fisher,Dominican Republic,(972)715-1028x441,jenniferhouse@example.org,2022-12-15
7868,Linda,Oliver,Equatorial Guinea,001-563-583-2735x765,emilymatthews@example.com,2025-11-04
7869,Dorothy,Boone,Barbados,+1-535-231-3266x603,angela14@example.net,2021-12-22
7870,Steven,Riley,Cocos (Keeling) Islands,627-214-8101,thomaspeggy@example.org,2025-07-31
7871,Barbara,Vincent,Botswana,+1-951-819-9438x22641,connie65@example.com,2023-04-30
7872,Ashley,Cunningham,Uganda,329-695-8973x7506,andrewschristopher@example.org,2020-02-29
7873,Laurie,Henderson,Antigua and Barbuda,353-539-5880,georgepalmer@example.com,2025-01-05
7874,Danielle,Hernandez,Saint Martin,001-596-749-5153x636,ryancamacho@example.net,2020-11-07
7875,Jack,Rivas,Equatorial Guinea,761.214.1543,paulneal@example.com,2021-12-12
7876,Barbara,Wheeler,Chad,452-901-8141x39291,pierceanthony@example.com,2021-04-22
7877,Elizabeth,Hanson,Tunisia,634-979-1105x395,carpenterjason@example.com,2026-01-18
7878,Amy,Turner,Uzbekistan,(990)653-0329,carol08@example.org,2020-07-21
7879,Melissa,Flores,Malaysia,591.678.1893x7666,williamreed@example.org,2021-02-21
7880,Robert,Smith,Cuba,(363)857-7460x738,vsmith@example.net,2020-03-23
7881,Cindy,Pratt,Congo,468.676.9608x70288,bonilladavid@example.net,2022-04-07
7882,Julia,Maddox,Kenya,803.735.8448x14297,eric96@example.org,2023-02-14
7883,Teresa,Hall,Oman,(382)457-4598x1694,pbrown@example.org,2025-01-06
7884,Christopher,Williams,Tonga,245.902.1615x611,franktammy@example.com,2021-08-30
7885,Drew,Thompson,North Macedonia,(523)743-6522x7388,nicolesmith@example.org,2021-05-31
7886,Christopher,Kennedy,Kuwait,+1-559-366-8925x066,mccoylaura@example.com,2023-01-26
7887,Amanda,Robinson,Cape Verde,280.889.2353x1476,jamie73@example.com,2021-07-19
7888,Kristopher,Cooper,Micronesia,(309)877-6820x9297,pwagner@example.net,2023-04-11
7889,Elizabeth,Ingram,Colombia,+1-915-879-9606,wernerjonathan@example.net,2020-07-30
7890,Christopher,Best,Uruguay,+1-759-484-7856x255,edwardhill@example.org,2020-09-01
7891,Alexander,King,Bahamas,550-256-3849,pooleelizabeth@example.net,2021-08-30
7892,Angela,Hoffman,Mongolia,(952)201-6669,suarezshane@example.com,2024-09-19
7893,Brad,Parks,Benin,853.778.7821x8686,douglaspadilla@example.com,2025-04-26
7894,Jennifer,Campbell,Cape Verde,4247875832,allendavid@example.org,2025-01-31
7895,Nicholas,Hall,Guyana,501-505-9346,karasmith@example.org,2022-08-22
7896,Patricia,White,Czech Republic,001-459-219-3611x91378,wilkinsmary@example.org,2020-07-05
7897,Maria,Dixon,Antarctica (the territory South of 60 deg S),8132333102,ncosta@example.net,2020-12-09
7898,Robert,Martinez,Maldives,+1-609-398-1066x882,probbins@example.com,2023-10-19
7899,Cynthia,Vang,Myanmar,287.544.9957,powersluis@example.net,2026-01-08
7900,Tony,Crane,Egypt,932-846-2637,dfischer@example.net,2025-02-07
7901,Blake,Martin,Belarus,440-251-6097,whatfield@example.com,2021-04-07
7902,Catherine,Patterson,Portugal,+1-406-907-8367x472,wooddavid@example.com,2021-01-16
7903,Amanda,Webster,Zimbabwe,+1-461-987-3241,ajohnson@example.org,2020-06-29
7904,Jeremy,Rodriguez,Western Sahara,276-365-1336x91118,ohudson@example.com,2023-05-22
7905,Kara,Taylor,Pitcairn Islands,544-390-4078x2965,reginaprice@example.net,2025-08-13
7906,Charles,Vargas,Bulgaria,912-549-1262x171,meyersdebra@example.com,2025-07-26
7907,Amy,Bauer,Estonia,(293)787-6162,martinezwilliam@example.net,2022-02-19
7908,Gabrielle,Carlson,Solomon Islands,(911)633-0952x10571,vaughnjenny@example.com,2021-12-05
7909,Kyle,Gallagher,Venezuela,+1-461-446-1311,jacobcobb@example.net,2021-11-28
7910,Virginia,Arnold,Saint Barthelemy,629-998-8562x4814,debra14@example.com,2021-02-10
7911,Jennifer,Peterson,Philippines,+1-935-241-6473x5295,wooddustin@example.org,2023-09-25
7912,Todd,Quinn,Malta,339-613-0394x683,drivera@example.com,2021-02-27
7913,David,Williams,Uzbekistan,(351)589-0347,melanie10@example.com,2020-07-15
7914,Kenneth,Jacobson,Bahrain,001-755-597-1469,jeffrey02@example.org,2020-08-06
7915,Martin,Ward,Italy,+1-260-202-2024x6945,vcarlson@example.org,2020-02-26
7916,Christopher,Stein,Tanzania,+1-393-358-9192x60843,deborahlittle@example.org,2023-09-30
7917,Ryan,Pratt,Lithuania,001-508-541-6997x8690,codyramirez@example.org,2024-04-01
7918,Carl,Kerr,Cook Islands,835.508.7079,kimberlywilson@example.net,2023-06-10
7919,Alexander,Myers,Singapore,001-497-907-3585x5285,ricardohartman@example.net,2021-01-10
7920,Shaun,Ellis,Panama,604.331.6996x7962,matthewbrewer@example.net,2024-02-09
7921,Anthony,Hernandez,Kuwait,+1-668-876-9424x46377,boltonkevin@example.org,2022-02-26
7922,Bianca,Collins,Angola,(263)980-9070x1982,martinbrandy@example.com,2022-02-20
7923,Ronald,Conway,Kenya,811.852.8527x029,bryantsandra@example.com,2022-07-13
7924,Jeff,Foster,Jordan,(865)286-6962x1216,gross@example.com,2022-07-22
7925,Micheal,Walters,Mauritania,2442043721,perezjaime@example.net,2022-11-13
7926,Roger,Alexander,Liberia,001-620-656-4996x51203,tonibaker@example.org,2022-07-26
7927,Karen,Schmidt,Bhutan,(841)655-0644,oroth@example.com,2025-12-29
7928,Mary,Cole,Pitcairn Islands,+1-845-889-3851x96623,derrickgonzales@example.org,2021-01-19
7929,Jonathan,Long,Armenia,+1-733-615-6385x4175,thomas08@example.com,2022-06-29
7930,Tyler,Ray,Jersey,001-583-952-3311x90579,angelarodriguez@example.com,2022-06-09
7931,John,Ross,Greenland,240.703.3965x2958,luke89@example.org,2021-04-08
7932,Carl,Lutz,Netherlands Antilles,996-296-2343x67383,allenbrandi@example.org,2024-01-09
7933,Helen,Henry,Guernsey,001-500-269-2496,ramostodd@example.org,2021-02-02
7934,Regina,Holden,Norfolk Island,+1-713-279-9967x94749,ustokes@example.net,2023-03-14
7935,Anthony,Butler,Trinidad and Tobago,001-262-817-6028x346,leesmith@example.com,2021-10-05
7936,James,Smith,Afghanistan,269-945-7087x1836,jodymarshall@example.net,2020-04-12
7937,Jeffrey,Chase,Guinea-Bissau,505-815-5750,sethrobinson@example.org,2025-07-26
7938,Valerie,Dudley,Gibraltar,001-460-544-4386x8116,christinepatel@example.com,2025-09-05
7939,Alicia,Mosley,Iraq,953.578.6402x07886,ltate@example.net,2024-06-15
7940,Patricia,Cook,Mauritius,001-927-741-8051,victoria44@example.net,2024-02-27
7941,Shannon,Salazar,Kuwait,+1-731-966-3851x76323,kaitlin50@example.com,2020-12-21
7942,Thomas,Johnson,Serbia,001-574-573-4284x62603,uross@example.org,2021-02-01
7943,Karen,Summers,Bermuda,(325)618-7483x1209,carlatucker@example.org,2022-11-04
7944,Danielle,Kirk,Samoa,345.969.9817x335,tammie26@example.com,2023-03-18
7945,Ruth,Green,Czech Republic,2657073129,owenswillie@example.org,2024-12-31
7946,Colleen,Hudson,United Kingdom,616-287-8803x3628,julielopez@example.net,2024-06-11
7947,Charles,Collins,Malaysia,001-590-859-2747,gaguirre@example.org,2023-09-10
7948,Heidi,Dean,Fiji,(911)864-2888x65854,haynesjaclyn@example.net,2023-10-27
7949,Michael,Anderson,Saint Pierre and Miquelon,001-729-611-6987,dbrooks@example.net,2025-06-21
7950,Gail,Morris,Niger,(591)906-4710x48334,steven81@example.com,2023-10-26
7951,Devin,Edwards,Jordan,(736)647-5496,dawnwolf@example.com,2024-10-26
7952,Brian,Hensley,Saint Lucia,522-490-2786x05665,brian74@example.net,2025-11-25
7953,Connor,Pruitt,Hong Kong,(525)229-7738,qyoung@example.org,2025-01-10
7954,Crystal,Peters,Cayman Islands,+1-752-581-6495x6196,hdavis@example.net,2022-02-22
7955,Kathryn,Howard,Philippines,(643)886-1166x86572,whoward@example.com,2021-06-25
7956,Robert,Novak,Martinique,(697)523-1320x4700,terrancehill@example.org,2023-08-04
7957,Heather,Vega,Mexico,8777536019,moralesjason@example.org,2023-12-12
7958,Thomas,Robertson,Germany,7609780774,browncatherine@example.net,2022-02-12
7959,Angela,Fields,Montenegro,848-633-8874x9975,yzimmerman@example.com,2024-04-02
7960,Jason,Bowers,Mauritania,327-599-4923,milleramy@example.net,2025-12-27
7961,Joshua,Johnson,Cape Verde,+1-769-885-6980x745,jonathanwong@example.net,2022-09-11
7962,Erica,Patterson,Madagascar,001-857-516-8498x660,jose97@example.com,2024-01-19
7963,Melissa,Moss,Cyprus,359.453.4150x3252,ericharper@example.net,2022-04-01
7964,Brenda,Rogers,Greece,+1-951-377-7842,mileskimberly@example.com,2022-08-10
7965,Matthew,Wall,Chad,733.847.6988x751,ryan14@example.net,2025-09-27
7966,Christina,Martin,Cocos (Keeling) Islands,6665700888,scott99@example.com,2023-12-03
7967,Lauren,Salinas,Sudan,001-991-766-4575x641,rebeccaday@example.com,2023-05-19
7968,Kimberly,Waters,Cote d'Ivoire,(451)301-1327x3733,clucero@example.com,2023-05-05
7969,Kelli,Herrera,Western Sahara,927-819-6363,lesliehardin@example.com,2023-12-22
7970,Edward,Duran,Vietnam,(372)706-5250x78325,browndiana@example.org,2020-11-23
7971,William,Little,Indonesia,5647804395,timothyherrera@example.org,2020-05-28
7972,Kevin,Williams,Slovenia,001-223-785-3697x92165,michelle89@example.net,2020-10-07
7973,Brendan,Johnson,Western Sahara,(759)251-2333,victoria84@example.org,2020-05-01
7974,Sara,Long,Gibraltar,001-367-881-0129,brownchristopher@example.net,2024-02-04
7975,Daniel,Willis,Angola,(634)426-8298x794,paigetownsend@example.org,2025-08-02
7976,Danny,Villarreal,Mayotte,807.683.3719x01104,alec69@example.com,2023-04-01
7977,Sandra,Roberson,Guam,311-410-6601x2170,stephaniecruz@example.org,2024-02-07
7978,Sheri,Moore,Grenada,325-940-8640x247,watkinsmatthew@example.org,2024-12-31
7979,Jeremiah,Holmes,Burkina Faso,001-960-542-0012x25280,breanna29@example.com,2024-06-22
7980,Allison,Kennedy,Dominican Republic,(553)869-6562x516,matthewtaylor@example.org,2021-11-07
7981,Nicole,Jenkins,Djibouti,787.760.3450x8458,micheal01@example.org,2025-05-03
7982,Amber,Gilmore,Iraq,392.310.4031x68132,rcurtis@example.org,2021-05-03
7983,Peter,Potts,Uzbekistan,748.704.6774,justinwilliams@example.com,2021-11-27
7984,Billy,Henry,Greenland,719.372.6290x9867,thompsonmonica@example.org,2024-05-05
7985,John,Wright,Bouvet Island (Bouvetoya),001-439-726-7124x1641,pcoleman@example.net,2020-03-01
7986,James,Duran,Togo,+1-474-523-3169x4152,suarezpeggy@example.com,2021-01-24
7987,Marisa,Davis,Northern Mariana Islands,326-447-2718x335,ogregory@example.org,2021-03-06
7988,Robert,Shannon,Bermuda,3744635767,roywebb@example.net,2025-01-31
7989,Brittany,Cantrell,Gibraltar,411-917-9965,mherrera@example.org,2020-11-23
7990,Felicia,Bailey,Japan,906-909-1388x38540,vincentdiane@example.net,2025-01-11
7991,Jeffrey,Welch,Bermuda,422-765-8551x40153,jbell@example.com,2025-02-12
7992,John,Newman,Samoa,363-717-3629,joshua21@example.org,2025-01-01
7993,Shawn,Alvarez,Gabon,+1-295-413-1739,jennifer69@example.net,2021-10-14
7994,Courtney,Delgado,Israel,+1-869-716-2997,greencourtney@example.net,2020-12-09
7995,Paul,Smith,Suriname,789.825.2907x8554,rmendez@example.net,2021-11-29
7996,Stephanie,Espinoza,Wallis and Futuna,001-463-493-5343x82946,daniel06@example.com,2025-06-02
7997,Jessica,Taylor,Netherlands Antilles,893-633-5853,chamilton@example.net,2025-07-08
7998,Edwin,Scott,Brunei Darussalam,(737)946-8272,lbowen@example.com,2020-08-12
7999,Kelly,Davis,Liechtenstein,(771)210-8392x732,douglaswallace@example.org,2020-05-29
8000,John,Wood,Sri Lanka,(366)929-5016,racevedo@example.com,2024-01-28
8001,Amy,Holloway,Samoa,001-388-567-4922x06932,fcarr@example.org,2021-01-21
8002,Jack,James,Switzerland,792.770.1234,peter37@example.com,2021-12-20
8003,Michael,Medina,Lesotho,437-499-1884,ybennett@example.org,2023-11-25
8004,Shawn,Davis,Tonga,(625)354-5363x3519,michaelwatkins@example.com,2024-05-01
8005,Heather,Nielsen,Gambia,620.717.7898x4930,piercekristina@example.com,2025-03-23
8006,Edward,Reyes,Tokelau,507-663-0864,adrian23@example.com,2025-11-10
8007,Mary,Cisneros,Haiti,(438)590-5360,larrytorres@example.com,2020-09-28
8008,Denise,Newman,Western Sahara,001-317-516-0068x0360,josephmoss@example.com,2023-08-24
8009,Kathryn,Rodriguez,Indonesia,(811)210-9953,cannonterry@example.net,2024-01-22
8010,Angela,Lopez,Hungary,001-316-706-5626x70672,fphillips@example.net,2021-02-16
8011,Eric,Hernandez,Kyrgyz Republic,4484736217,ocontreras@example.com,2025-12-19
8012,David,Hill,Uruguay,551-552-1480x1786,margaret37@example.org,2025-12-17
8013,Cody,Craig,Bhutan,(916)303-0976x549,mhunt@example.org,2021-09-18
8014,Lisa,Moore,Antarctica (the territory South of 60 deg S),313.724.6309x134,smithdebra@example.org,2024-12-04
8015,Wanda,Hodge,Suriname,001-866-963-7493x99292,otyler@example.net,2025-03-16
8016,Zachary,Nunez,Mozambique,7312360234,ilawrence@example.org,2020-10-15
8017,Jacqueline,Miranda,Morocco,841.826.7804x971,weaverjeffrey@example.net,2020-03-20
8018,Ricky,Lewis,Tunisia,355-271-0146x5463,ambermacias@example.net,2024-04-06
8019,Joshua,Warren,Guyana,348-467-2485x92236,craigtodd@example.com,2024-04-24
8020,Alison,Smith,Nauru,3672349289,kperry@example.com,2020-04-10
8021,Jay,Robinson,Montenegro,001-741-273-2467,iclark@example.com,2023-05-18
8022,Jennifer,Mccormick,Equatorial Guinea,947.726.9363x43689,david25@example.com,2023-03-15
8023,Mary,Charles,Bouvet Island (Bouvetoya),(697)326-1326x61613,steinjeremy@example.com,2025-05-08
8024,Andrea,Davis,Zimbabwe,271.759.8531x706,staceyharris@example.net,2022-06-13
8025,David,Fleming,Sweden,+1-946-434-6108,tmoreno@example.net,2024-01-16
8026,Donald,Johnson,Zimbabwe,+1-443-554-7407x25325,allisonball@example.net,2020-02-23
8027,David,Gonzalez,Lebanon,254.477.0912,alexander19@example.com,2024-12-22
8028,Lauren,Edwards,Mongolia,467-512-7964x978,hwilkinson@example.org,2023-09-06
8029,Laura,Ward,Romania,5215184205,rogersjames@example.com,2021-05-10
8030,Johnny,Sanford,Panama,629-599-6184x326,michael24@example.net,2022-02-04
8031,Austin,Curry,Pakistan,670-763-8889x59552,ebennett@example.net,2023-06-05
8032,Alexander,Rasmussen,Philippines,575.972.9958,cmiller@example.com,2021-08-29
8033,Lauren,Avila,Egypt,001-221-723-3655x624,thomasbarrera@example.com,2025-03-15
8034,Ashley,Nelson,Maldives,001-517-283-9070,norrislori@example.org,2025-10-24
8035,David,Greer,Serbia,(994)453-9451x0770,ubarrera@example.com,2020-02-11
8036,Betty,Burns,Cameroon,393-997-2646x741,katherinejennings@example.com,2024-08-10
8037,Christopher,Avila,American Samoa,300-659-6973x7585,wesleytravis@example.net,2021-04-05
8038,Seth,Avery,Saint Lucia,874-939-0427x188,timothyknox@example.com,2022-05-16
8039,Denise,Hatfield,Faroe Islands,(926)607-1005,frazierkathryn@example.org,2021-02-25
8040,Zachary,Mueller,Hong Kong,+1-224-343-2749x186,zacharyparker@example.net,2021-03-31
8041,Sabrina,Williams,Australia,001-337-657-4040x533,rodriguezstephanie@example.net,2020-12-25
8042,Jennifer,Hayes,Singapore,475-247-1351,brettbennett@example.net,2023-12-21
8043,Kevin,Clark,Grenada,436-943-9525x32975,perezdonald@example.net,2021-09-17
8044,Randy,Roy,Micronesia,361-242-3152x0723,larsenbrian@example.com,2020-03-26
8045,Katherine,Foley,Mongolia,745.731.7340x283,kathryn97@example.net,2024-08-18
8046,Larry,Dorsey,Tajikistan,796.765.1390,lucasbrown@example.org,2021-04-17
8047,Megan,Hobbs,Vietnam,278-511-5790x2481,jamesrasmussen@example.com,2024-01-22
8048,Jonathan,Sanchez,Pitcairn Islands,001-665-353-2104,sloanterri@example.net,2023-08-17
8049,Hayden,Perez,Libyan Arab Jamahiriya,+1-493-833-0509,joshua78@example.org,2021-03-20
8050,William,Miller,United States Minor Outlying Islands,963-914-6676,kennethmartin@example.org,2024-07-20
8051,Linda,Watkins,Holy See (Vatican City State),825-832-5534,adriana25@example.net,2022-07-28
8052,Brian,Guzman,Bosnia and Herzegovina,+1-718-957-7484x768,bacosta@example.net,2022-07-18
8053,David,Henderson,American Samoa,001-880-259-3613x93847,thernandez@example.net,2024-11-27
8054,Tiffany,Villa,France,(761)556-4449,lydiacox@example.org,2022-03-09
8055,Kendra,Williams,Spain,459-399-9165,tanya38@example.com,2025-05-05
8056,Sara,Hansen,Guatemala,001-709-682-2190x07347,andreaferguson@example.org,2021-12-25
8057,Taylor,Williams,Guernsey,5149101978,kevincastaneda@example.com,2020-03-01
8058,Eric,Jordan,Uganda,545.543.9284,apalmer@example.org,2021-05-09
8059,Nicole,Klein,Sri Lanka,319-906-6709x320,emilyroman@example.net,2023-06-16
8060,Marvin,Lee,Iceland,+1-789-753-1719x07306,gschmitt@example.com,2025-09-21
8061,Tara,Byrd,Brazil,4013131707,joshuahill@example.net,2024-12-24
8062,Jacob,Berry,Cocos (Keeling) Islands,7022158366,lisa01@example.net,2023-03-02
8063,Gilbert,Murray,Tanzania,696-531-8726,kingjeff@example.com,2021-12-16
8064,Joseph,Cunningham,Lebanon,681-504-2700,jameskey@example.net,2020-11-27
8065,Savannah,Medina,Gibraltar,+1-822-773-1902,jeffersonamy@example.org,2021-09-19
8066,Latoya,Humphrey,Gabon,+1-577-665-6045x168,yolanda28@example.net,2024-08-27
8067,Rebecca,Drake,Greece,569.279.7780x3684,amy27@example.net,2024-11-08
8068,John,Berry,Thailand,+1-392-595-9345,xpadilla@example.org,2022-10-10
8069,Michaela,Martinez,Bolivia,001-930-779-7604x7806,nathaniel38@example.com,2021-05-27
8070,John,Baldwin,Sri Lanka,(865)533-5778x18718,pbuckley@example.org,2023-07-26
8071,David,Manning,Armenia,877-714-8507x25571,jeremymoore@example.com,2020-11-04
8072,Mary,Carter,Burundi,581.822.0855x256,qcunningham@example.org,2020-11-01
8073,Eric,Rhodes,North Macedonia,(898)622-3792,ztorres@example.com,2025-03-01
8074,Joanne,Harrison,France,+1-590-350-0699x3242,jonesmelissa@example.net,2024-11-20
8075,Joseph,Smith,Seychelles,+1-451-489-2091x915,tjohnston@example.com,2020-08-27
8076,Lori,Johnson,Reunion,760-716-1040,gwood@example.com,2023-12-11
8077,Carla,Meyer,Hungary,2052697049,rdiaz@example.net,2021-07-11
8078,Anne,Gonzalez,Spain,+1-895-235-6130,kennethmclean@example.org,2021-06-04
8079,Traci,Thomas,Tanzania,001-303-831-8952x24701,francisco05@example.org,2024-03-08
8080,Shane,Mercado,Tokelau,+1-977-606-9207x4260,angela86@example.org,2022-06-21
8081,Christopher,Larson,Mauritius,001-392-375-0915x2224,barronscott@example.net,2022-12-20
8082,Stephen,Smith,Honduras,551.271.2367,benjamin29@example.org,2024-05-25
8083,Jeffery,Shepherd,Saint Lucia,566.245.6291x73821,gonzalezsteven@example.net,2022-07-28
8084,Madison,Klein,Chad,353-728-3723,jeremy01@example.org,2023-06-15
8085,Lauren,Evans,Christmas Island,756-262-4436x451,zrivera@example.org,2020-12-29
8086,Jeffery,Rodriguez,Heard Island and McDonald Islands,(582)287-9581x3944,ebentley@example.com,2025-12-12
8087,Kristina,Clark,Grenada,(595)217-6859x8567,rhoffman@example.com,2020-09-01
8088,Mindy,Lee,Saint Barthelemy,001-801-970-4450x5559,cosborn@example.org,2020-10-10
8089,Crystal,Martin,China,246-776-2012x35753,tylerbailey@example.org,2022-02-12
8090,Frank,Cunningham,Christmas Island,523.762.5145x5441,jerryhartman@example.org,2023-01-24
8091,Kelly,Lawrence,Switzerland,001-493-694-0786x08143,emartinez@example.org,2024-01-04
8092,Nichole,Prince,Belgium,001-423-966-7754,xbrown@example.net,2024-10-12
8093,Matthew,Rivera,Solomon Islands,+1-360-264-8426x76044,sherry26@example.net,2024-06-02
8094,Jessica,Lopez,Malta,657-373-0303,fredyoung@example.com,2020-06-14
8095,Marie,Howard,Kyrgyz Republic,+1-696-524-8489,aray@example.org,2021-11-25
8096,Charles,Salinas,Israel,(375)285-5422x438,suttonlaura@example.net,2021-06-13
8097,Brittany,Jackson,Mali,851.436.2883x52480,pamela17@example.org,2023-12-25
8098,Duane,Hernandez,Liechtenstein,001-809-348-3463x548,millerwilliam@example.com,2021-07-23
8099,Desiree,Harrison,Mayotte,799-707-2225x13661,sarah45@example.net,2023-05-06
8100,Thomas,Beasley,Jamaica,8426267130,jeffreyroth@example.net,2024-09-06
8101,Michelle,Russo,Somalia,001-843-325-2582,heathpaula@example.org,2020-07-22
8102,Robert,Thomas,Liechtenstein,246-704-7965x44213,fsmith@example.com,2024-07-14
8103,Shannon,Nguyen,Micronesia,001-727-725-7098x8819,tprice@example.org,2021-05-28
8104,Angela,Lopez,Gabon,793-569-2363,charlespennington@example.com,2023-08-28
8105,Matthew,Mejia,United States Minor Outlying Islands,(527)808-5397x35583,dakotawilson@example.net,2025-09-10
8106,Amber,Orozco,Samoa,(397)384-0248x5675,adamjames@example.net,2023-01-28
8107,Cody,Freeman,Tanzania,538.492.8958x1189,robertslauren@example.org,2022-10-17
8108,Martin,Peterson,Fiji,+1-737-547-7324x3936,jlogan@example.com,2020-02-17
8109,Patricia,James,Haiti,001-899-578-1694x2832,amandadavis@example.com,2023-07-06
8110,Dawn,Smith,Romania,226-493-4758x7896,oscar30@example.net,2023-11-16
8111,Melissa,Robinson,Switzerland,(652)442-3940,johnsmith@example.net,2021-07-27
8112,Jill,Mueller,Mauritania,(301)767-9979,xcook@example.net,2024-03-20
8113,Nicholas,Holden,Pitcairn Islands,(663)836-8147,patriciakennedy@example.com,2025-05-21
8114,Megan,Jimenez,Saudi Arabia,882.676.9163x88222,amyalexander@example.org,2020-07-06
8115,Kathy,Brown,Ghana,(879)281-1344,mbright@example.org,2023-05-02
8116,Stacy,White,Argentina,9244994135,mnguyen@example.org,2024-03-31
8117,Michael,Jacobs,Korea,+1-777-719-5880x425,vduffy@example.com,2022-12-01
8118,Benjamin,Juarez,Burkina Faso,+1-397-938-2725x9728,xlong@example.com,2023-05-04
8119,Paul,Mitchell,Saint Lucia,001-535-918-4606x552,okoch@example.net,2023-12-19
8120,Danny,Harris,Puerto Rico,(242)929-2392x6357,gleonard@example.org,2023-09-20
8121,Darlene,Brown,Nauru,001-366-658-0909,hendersonjessica@example.com,2024-06-10
8122,April,Barnes,Sao Tome and Principe,803.411.0466,scottsmith@example.com,2023-09-12
8123,Christopher,Atkinson,Guinea,635-536-0915x348,youngmichael@example.org,2025-03-25
8124,Tonya,Perez,Vanuatu,+1-727-993-3440x1468,alexis11@example.org,2023-08-18
8125,Joshua,Thomas,China,(677)921-8016x4721,cartercheryl@example.net,2021-02-05
8126,Melissa,Oconnor,Chad,510-568-8465,psmith@example.com,2021-04-28
8127,Sara,Jacobson,Cyprus,(872)582-5174,brad51@example.com,2021-11-12
8128,Brian,Brock,Albania,453.766.9421x24196,gabriella62@example.net,2025-08-28
8129,Luis,Murray,Guinea-Bissau,001-385-388-7467x5569,mariageorge@example.org,2022-05-08
8130,Kari,Wright,Netherlands Antilles,001-844-350-8484,jonessteven@example.com,2022-12-16
8131,Selena,Ray,Hong Kong,+1-783-513-2054x698,qperkins@example.org,2023-12-09
8132,Taylor,Stevenson,Cambodia,859.246.7770x401,jennifercobb@example.org,2020-12-18
8133,Jamie,Cole,Belarus,676.544.7781x2783,perrydonald@example.com,2025-11-17
8134,Scott,Nelson,Jordan,926-332-8708x5107,robertschristopher@example.net,2024-12-02
8135,Mary,Miller,Bahamas,(386)312-2855x66050,ufields@example.net,2020-10-13
8136,Gregory,Drake,United States of America,(872)592-1209,jasonkent@example.com,2021-04-26
8137,Jordan,Sherman,Guadeloupe,+1-480-413-2067x58142,sarapena@example.org,2024-09-22
8138,Melissa,Hammond,Brazil,727-430-9392x53333,stephen99@example.com,2020-07-15
8139,Terri,Wallace,Iran,521.298.3336,nmorton@example.com,2024-09-04
8140,Peter,Walls,Kyrgyz Republic,778.607.5961x330,hoffmanwilliam@example.org,2023-04-09
8141,Mary,Brown,Mongolia,001-612-283-7099x629,johnsonmeghan@example.org,2023-04-19
8142,Nathan,Austin,Cocos (Keeling) Islands,001-418-933-1361x51582,michaellucas@example.com,2022-08-03
8143,Steven,Carter,Turkey,(760)303-1044,karenmitchell@example.org,2023-04-11
8144,Desiree,Carter,Zambia,8272101176,shawna93@example.com,2022-10-07
8145,Charles,King,Morocco,758.535.3059x510,jasonli@example.org,2023-08-19
8146,Amanda,Kline,Lebanon,568.310.2621x63546,erika45@example.org,2024-04-25
8147,Bradley,Bailey,Norfolk Island,+1-661-816-9162x1609,phamamanda@example.net,2025-09-26
8148,Jeremy,Rodriguez,Slovakia (Slovak Republic),001-976-889-2577x98098,anna94@example.com,2024-08-27
8149,Alicia,Aguilar,Georgia,001-938-932-9075x597,timothy94@example.org,2021-07-09
8150,Christopher,Jenkins,Colombia,2307139098,latoyapeters@example.org,2022-04-17
8151,David,Lowe,Dominica,+1-682-898-0314,reynoldsrenee@example.org,2021-06-11
8152,Michael,Rodriguez,Colombia,768.290.9554,dhansen@example.org,2025-09-26
8153,Kelly,Wheeler,Liberia,(867)517-2835x596,nancycampos@example.org,2020-04-24
8154,Kelsey,Cox,Senegal,384.400.4267,xholloway@example.com,2022-10-26
8155,Lisa,Jenkins,Samoa,634-669-7553x20441,gmartinez@example.org,2025-02-11
8156,Sarah,Jensen,Nigeria,001-296-555-6101,william23@example.net,2022-08-19
8157,Rodney,Williams,Equatorial Guinea,730.761.5995x79587,darrenjackson@example.net,2023-01-24
8158,Laurie,Evans,Bolivia,496-568-2755x3805,joseph85@example.net,2020-09-01
8159,Tristan,Watts,Zambia,5305148914,swebster@example.net,2024-01-25
8160,Wesley,Dodson,Swaziland,(540)315-5391,apierce@example.org,2025-09-20
8161,Shannon,Benson,Puerto Rico,(256)760-0183x280,rachelerickson@example.org,2022-11-07
8162,Diane,Hayes,Cameroon,718.460.3343x265,leah45@example.org,2025-05-18
8163,Aaron,Lawson,Algeria,653-382-4621,brownkelsey@example.org,2022-01-04
8164,Timothy,Suarez,Iraq,001-565-799-2743x557,qcruz@example.com,2024-06-27
8165,Brianna,Johnson,Albania,(436)234-6436x86554,william38@example.com,2020-01-05
8166,Ralph,Mitchell,Zimbabwe,423-986-3000x0236,justin96@example.org,2024-09-21
8167,Tiffany,Martin,India,(979)995-5955x84038,jacobeverett@example.net,2023-07-12
8168,Andrew,Brewer,United States Minor Outlying Islands,(690)812-4572,jwelch@example.com,2021-03-01
8169,Troy,Moore,Tanzania,898.422.5347x0581,morandanielle@example.com,2025-05-16
8170,Justin,Mason,Vanuatu,982.360.3888,raymond62@example.net,2020-11-04
8171,Sherri,Juarez,Niue,(350)451-5514x46116,wilsonlaura@example.com,2020-07-08
8172,Steven,Williams,Netherlands,821.918.3727,cynthiahull@example.com,2024-05-13
8173,Sergio,Reeves,Saudi Arabia,(961)992-2362,keithdorsey@example.net,2024-02-27
8174,Valerie,Harris,Georgia,(298)280-6711x266,andrew60@example.org,2025-12-08
8175,Jonathan,West,Antarctica (the territory South of 60 deg S),520.294.5407,stephenbenitez@example.net,2022-04-27
8176,John,Mclean,Japan,001-399-315-4657,iroberts@example.com,2024-03-02
8177,Carrie,Mcpherson,Gambia,001-818-492-5459,ckemp@example.com,2020-10-14
8178,Sarah,Jones,Cook Islands,316.682.9406x17791,belldeanna@example.net,2023-09-28
8179,Cheryl,Lee,Afghanistan,366-289-3367,kimberlydavis@example.com,2022-09-01
8180,Adam,Robertson,Trinidad and Tobago,001-572-836-4079x430,kathrynpierce@example.com,2020-10-16
8181,Matthew,Moody,Bangladesh,845-567-2369,justinmccarthy@example.org,2025-09-30
8182,John,Freeman,Uganda,237.508.5282x498,danielchristina@example.net,2025-06-12
8183,Sheryl,Rivera,Bahamas,001-286-866-0115x35230,tchang@example.com,2023-12-30
8184,Adam,Fletcher,Western Sahara,7506879430,xcarter@example.org,2022-09-04
8185,Debra,Robles,Saint Vincent and the Grenadines,761.466.9636,dyoung@example.net,2025-05-04
8186,Robert,Schneider,Monaco,(624)566-9555x06113,cynthiabrown@example.net,2025-07-21
8187,Kevin,Bernard,Sweden,309.800.5707,tkelly@example.org,2026-01-20
8188,Jason,Farmer,Brazil,490-955-0912x61554,ronald66@example.org,2025-12-02
8189,Jennifer,Wilson,Moldova,(212)551-7834,wberry@example.com,2020-11-16
8190,Erica,Harris,Botswana,(434)593-7893x44941,rdominguez@example.org,2021-05-30
8191,William,Wheeler,Luxembourg,321-380-8378x876,saraterrell@example.org,2020-10-17
8192,Jonathan,Peterson,Northern Mariana Islands,917.738.8158x126,lawrencekent@example.com,2025-11-25
8193,Rachel,Williams,Tajikistan,590.778.9523,zrogers@example.com,2022-01-16
8194,Debra,Acevedo,Senegal,6712417088,kennethcarroll@example.com,2025-09-02
8195,Joanna,Curtis,Faroe Islands,(229)334-9153x037,justinhuffman@example.net,2024-05-13
8196,Richard,Williams,Guatemala,(297)770-5466x35532,jeffreywhite@example.org,2021-12-10
8197,Jennifer,Chaney,Egypt,904.306.1048x03050,matthew85@example.org,2020-09-07
8198,Debra,Hill,Dominica,464.683.0659x0243,justinnelson@example.com,2023-10-13
8199,Susan,Stephens,San Marino,678.869.4925,ohunt@example.com,2023-03-23
8200,Jessica,Wallace,Brunei Darussalam,(396)297-7995x99305,georgemarisa@example.net,2022-11-08
8201,Barbara,Hammond,Burkina Faso,605-958-3764x037,ijohnson@example.org,2024-12-08
8202,Terri,Wilson,North Macedonia,001-660-324-3691x683,kingkristina@example.com,2023-01-13
8203,Mark,Hood,Bahrain,(231)840-0502,thomas38@example.net,2020-04-04
8204,Mark,Brown,Philippines,7874262802,bsullivan@example.net,2025-03-15
8205,Cassandra,Porter,Antigua and Barbuda,001-923-749-4048x0821,julie92@example.com,2021-01-26
8206,Samantha,Tran,Cook Islands,(336)561-3517,paulmorrison@example.net,2023-05-07
8207,Justin,Rodriguez,Faroe Islands,(363)647-4690x51978,corey64@example.net,2021-12-02
8208,Cassandra,Glover,Argentina,4203349129,jeffrey53@example.org,2020-01-24
8209,Tim,Frederick,Albania,+1-388-376-0567x2948,andrearogers@example.com,2021-07-26
8210,Victoria,Reynolds,France,(752)212-9733,boydjimmy@example.net,2022-03-09
8211,Ryan,Martinez,Reunion,324.686.6462x79046,stephaniegraves@example.com,2021-08-03
8212,Jennifer,Boyd,Djibouti,001-795-773-9858,steve44@example.com,2022-08-05
8213,Kristin,Simmons,Bahamas,343.529.1927x22252,mckeepamela@example.com,2025-12-19
8214,Carolyn,Armstrong,United States Virgin Islands,(488)929-5797x00744,samantha54@example.com,2022-11-25
8215,Kevin,Daniels,Australia,626-444-4114x2107,petersoncynthia@example.com,2021-09-25
8216,Larry,Turner,Bhutan,7053507664,lisawong@example.com,2025-10-21
8217,Veronica,Hill,Malta,964.889.9492x849,brittanymorrison@example.net,2025-02-24
8218,Kimberly,Coleman,Burundi,001-741-756-3765x9884,iherrera@example.net,2022-01-10
8219,Alisha,Watkins,New Zealand,(368)613-9626x777,yjones@example.org,2021-01-08
8220,Vanessa,Wright,Christmas Island,617.769.2207x528,amandaneal@example.net,2021-06-04
8221,Amanda,Pham,Reunion,(921)224-0662,tami38@example.net,2021-06-15
8222,Courtney,Mcmillan,Tuvalu,863-447-7063x000,jesselee@example.net,2025-04-22
8223,Ryan,Carter,Barbados,724.791.8809x816,juliegreer@example.net,2023-12-27
8224,Matthew,Bright,Saint Barthelemy,4436799237,garciaerica@example.com,2020-08-04
8225,Katherine,Browning,Haiti,001-980-625-1877x6011,barrychase@example.net,2021-12-13
8226,Madison,Atkinson,Tanzania,(619)393-7682,monicabriggs@example.com,2020-10-30
8227,Samuel,Bradley,Samoa,+1-566-323-7184x1879,ostephenson@example.org,2024-04-05
8228,Kristina,Smith,Luxembourg,001-895-217-4028x0463,milesian@example.org,2024-06-12
8229,Kimberly,Shaw,Denmark,(599)690-1293x09135,kerrjessica@example.net,2023-03-26
8230,Kristin,Ramos,Vanuatu,001-296-739-1766x068,tonyaspencer@example.com,2022-01-24
8231,Michael,Galvan,North Macedonia,356.605.7660,brianpeck@example.com,2021-11-22
8232,Allison,Ortiz,Belgium,+1-302-360-2160,erika89@example.com,2022-03-07
8233,Billy,Owen,Nicaragua,6153825118,upowers@example.org,2023-11-05
8234,Stephanie,Lewis,Chile,(205)346-0128x52142,andersontodd@example.net,2023-11-29
8235,Julian,Mendoza,Christmas Island,(734)386-7347,fmoore@example.org,2025-12-09
8236,Cynthia,Bell,Sudan,9697414687,breweramy@example.org,2025-07-17
8237,Mary,Perkins,Liechtenstein,+1-276-343-6167,sgomez@example.net,2024-11-06
8238,Brett,Liu,New Caledonia,987.569.4149x9316,darlene27@example.net,2024-05-17
8239,Leah,Klein,Cape Verde,(483)218-9297,woodwarderica@example.org,2022-04-04
8240,Matthew,Wood,Gibraltar,(644)552-8526x742,williamscynthia@example.net,2024-12-31
8241,Jason,Martin,Guyana,388.993.9472,josephburns@example.com,2023-12-02
8242,Elizabeth,Carlson,Bangladesh,+1-830-372-3988x7917,tonyfitzgerald@example.org,2025-09-29
8243,William,Williams,Cayman Islands,958-293-1663x26877,michael13@example.com,2024-12-06
8244,Andrew,Ortiz,Benin,685-651-7627,romerorickey@example.net,2023-04-08
8245,Christopher,Stephenson,Ecuador,264.717.1389,molly12@example.org,2025-08-31
8246,George,James,Indonesia,+1-298-777-0896x4923,tinafrancis@example.org,2024-04-11
8247,William,Gaines,Netherlands Antilles,905-402-4961,scotthamilton@example.net,2026-02-22
8248,Julie,May,Korea,001-268-990-8043x73545,sarah38@example.com,2024-08-01
8249,Brandon,Wright,French Polynesia,926.232.8086x60229,ldunn@example.org,2024-06-26
8250,Brittney,Hunter,Israel,428-744-0798x5344,medinaerin@example.com,2024-04-17
8251,Melissa,Gay,Seychelles,982-294-6640,parkerchristopher@example.net,2021-10-29
8252,John,Webb,Montserrat,001-809-275-9538x797,vsmith@example.org,2024-05-01
8253,Jean,Decker,Hong Kong,646-934-2991x48817,kristycastro@example.com,2023-03-28
8254,Mitchell,Wagner,Indonesia,749-987-9700,ayalaemily@example.org,2024-01-24
8255,Alexander,Andrews,Rwanda,549-852-9126x1207,jennifergraham@example.com,2023-12-18
8256,Lisa,Armstrong,Christmas Island,(609)867-0101x81573,mariejones@example.com,2022-10-13
8257,Sarah,Kirk,Ecuador,312.734.3693x30765,john80@example.com,2022-12-20
8258,Aaron,Frazier,Sudan,001-940-284-9051x1700,rwilkins@example.org,2021-06-14
8259,Vanessa,Johnston,Guinea-Bissau,(247)447-4196,wellsjoe@example.com,2024-02-06
8260,Louis,Rodriguez,Sri Lanka,+1-414-640-6718,juan77@example.net,2020-01-18
8261,David,Grant,Guam,+1-766-234-8210x3532,reeselisa@example.com,2023-04-18
8262,Ivan,Lucas,Uzbekistan,240.259.4674,fowen@example.org,2025-07-12
8263,Lauren,Joyce,Macao,001-691-251-3516x7656,ryanwoods@example.org,2023-08-24
8264,Michael,Johnson,Central African Republic,770.748.7428x319,unelson@example.com,2025-04-22
8265,Ronald,Boyd,Bosnia and Herzegovina,001-914-856-8922,frivera@example.net,2023-07-01
8266,Steven,Miranda,China,668.407.7810,mollymartin@example.com,2024-11-18
8267,Henry,Sexton,American Samoa,3303617438,davisashlee@example.com,2023-03-17
8268,Jerry,Bennett,Bangladesh,620-869-5657x56519,tuckerheather@example.net,2021-09-19
8269,William,Cox,Tonga,(910)942-1874,mistychoi@example.net,2025-07-06
8270,Michelle,Bryant,Netherlands Antilles,(724)248-2067,omarlopez@example.com,2023-08-24
8271,Kimberly,May,Trinidad and Tobago,227.210.6945x94383,mblack@example.com,2021-05-19
8272,Kathleen,Mendez,Zambia,465-604-4444x291,ksanchez@example.org,2024-08-30
8273,Maria,Robinson,Libyan Arab Jamahiriya,309.677.3042x046,glee@example.net,2020-02-10
8274,David,Jackson,French Guiana,958-848-1582x626,nancy12@example.com,2021-03-27
8275,Joshua,Copeland,Egypt,(935)212-9199x5652,miguelmcclain@example.net,2021-07-27
8276,Jennifer,Smith,Tajikistan,908-938-6475x104,dana52@example.net,2022-02-06
8277,Elizabeth,King,Cocos (Keeling) Islands,+1-733-277-7555x86348,antonio90@example.org,2023-06-19
8278,Daniel,Pham,Aruba,543-354-9512,jonathanrichardson@example.net,2020-02-06
8279,Gina,Jones,Congo,+1-360-977-1842x296,baldwindana@example.net,2022-03-25
8280,Kendra,Thornton,Jordan,+1-726-929-4312x08455,floresdaniel@example.net,2024-12-13
8281,Daniel,Barr,Nepal,001-569-756-8693x3412,hawkinsabigail@example.net,2025-10-26
8282,Evelyn,Cox,Sri Lanka,+1-868-338-0530,jonathan39@example.com,2024-10-04
8283,Richard,Myers,Palestinian Territory,+1-650-964-7761x7854,anthonysolomon@example.com,2023-03-17
8284,Eugene,Flores,Estonia,848.971.0936x5093,tamara77@example.org,2021-07-31
8285,Jacob,Hunt,Cayman Islands,313-800-2602,lawrence33@example.org,2024-05-28
8286,George,Salazar,Greenland,821.393.4686,janetroy@example.org,2023-06-22
8287,Ashley,Quinn,Iraq,(685)363-6764x8279,ocox@example.com,2020-04-13
8288,Roy,Reid,Bolivia,207-643-8192x469,mirandaeugene@example.net,2020-06-27
8289,Courtney,Wong,United Kingdom,(722)859-2003,robertarnold@example.com,2021-04-19
8290,Shane,Smith,Cayman Islands,3868768153,stevenjohnson@example.net,2026-02-25
8291,Lindsey,Young,Somalia,+1-245-723-2315x591,carolynburton@example.com,2020-12-05
8292,Laura,Ferguson,Gambia,(506)758-3607,qwilliams@example.org,2021-03-26
8293,Jessica,Snyder,Kazakhstan,8757655584,yvettemason@example.org,2021-04-30
8294,James,Bradley,China,403-997-8729,nschmitt@example.com,2025-01-10
8295,Derek,Warner,Zambia,581.501.0933x9230,kayla51@example.com,2021-10-12
8296,Melinda,Gregory,Eritrea,2682337872,morenomichael@example.net,2022-03-02
8297,Steven,Swanson,Iceland,6076034261,tinaguerra@example.org,2020-11-16
8298,Ryan,Cruz,Indonesia,890-947-0234,curtisjones@example.org,2021-01-28
8299,Caitlin,Vasquez,Monaco,720.208.1409,ppatton@example.org,2024-07-20
8300,Christopher,Thomas,Ireland,304.650.0860x80034,perezjay@example.com,2020-03-31
8301,Robert,Morrow,Georgia,572-371-4065x468,chaseamanda@example.com,2022-07-11
8302,Craig,Dominguez,Macao,001-734-858-7775x6608,colemanguy@example.net,2023-03-17
8303,Anthony,Richardson,Christmas Island,885.479.7760x438,rodriguezwilliam@example.net,2025-05-04
8304,Erika,Soto,Mongolia,(753)672-8693x51736,jamesbeard@example.org,2021-04-08
8305,Barbara,Castaneda,Cyprus,775-901-6058,jamiegraham@example.org,2020-01-30
8306,Patricia,Flowers,Vanuatu,684.202.9794x5127,matthewpatterson@example.com,2022-12-13
8307,Rick,Turner,Japan,939-253-5271,myoung@example.com,2024-10-12
8308,Adrian,Brown,Saint Barthelemy,378.798.9962x4516,johnsondaniel@example.com,2023-02-06
8309,Dana,Noble,Malaysia,548-463-8971x2532,greenejames@example.com,2024-08-20
8310,Eric,Miller,Japan,855-280-7251x339,heaton@example.com,2025-09-10
8311,Jason,White,Maldives,+1-408-664-3781x977,robinbush@example.org,2021-06-25
8312,Tony,Guerrero,Turkey,327-486-7725,joshua29@example.com,2023-06-05
8313,John,Thompson,Sudan,001-855-950-4146x069,timduffy@example.com,2020-05-28
8314,Joshua,Krueger,Italy,(330)522-3820x945,andrea17@example.net,2025-07-09
8315,Charles,Wheeler,Andorra,3778736503,elliottanthony@example.net,2024-09-20
8316,Donald,Robertson,Kyrgyz Republic,(904)326-6581,john81@example.org,2021-08-25
8317,Rebecca,Blanchard,Dominica,9117593577,tiffany48@example.org,2020-05-21
8318,Melissa,Ayala,Dominican Republic,001-685-444-6188,bobbybrown@example.org,2020-05-20
8319,Stephanie,Robinson,Barbados,+1-611-974-4977x8680,margaretlamb@example.org,2023-01-02
8320,John,Nunez,Yemen,+1-397-934-2024x018,tjohnson@example.net,2023-02-26
8321,Julie,Bentley,Spain,765-271-3666,ajones@example.com,2022-02-02
8322,Matthew,Taylor,Somalia,(908)891-8927x42761,jordanlaura@example.net,2021-12-29
8323,Travis,Taylor,Georgia,(898)663-6804,acantrell@example.com,2020-10-31
8324,Kevin,Reynolds,Korea,001-735-711-8279,mark20@example.com,2020-11-24
8325,Alan,Bates,Benin,254-748-3130,rojaskenneth@example.com,2025-02-27
8326,Valerie,Wilson,Dominican Republic,946-324-2160x00476,habbott@example.com,2021-11-17
8327,Shawn,Lin,Luxembourg,889-765-2546,daniel18@example.org,2026-02-02
8328,Mary,Wilcox,Isle of Man,(337)259-7026x758,dorischristian@example.com,2023-02-03
8329,Adrienne,Salas,Bolivia,001-822-501-7048,michelemack@example.com,2022-02-13
8330,Robert,Miller,Afghanistan,001-300-709-4846x96604,wcampbell@example.com,2022-03-26
8331,Cynthia,Vasquez,Peru,338.261.8725,richardsjonathan@example.org,2023-10-09
8332,Timothy,Kennedy,Niue,456.749.9795x40828,brittany02@example.org,2023-07-09
8333,Louis,Long,Indonesia,+1-505-700-8641x540,bradleybrooks@example.net,2021-02-15
8334,Natalie,Gonzales,Korea,(768)204-8805,csmith@example.net,2020-08-30
8335,Brian,Dyer,Saudi Arabia,9262195070,eric58@example.com,2024-06-13
8336,William,Johnson,Eritrea,835-244-9731,thomastaylor@example.org,2023-02-12
8337,Jennifer,Duran,Vanuatu,+1-484-492-4187,wtorres@example.net,2023-08-25
8338,Thomas,Martin,Seychelles,687-608-0994,julian74@example.com,2025-02-07
8339,Kristopher,Davis,Tunisia,824.640.8952x10677,randall33@example.org,2020-03-16
8340,James,Miller,Sweden,001-700-884-3078x8191,ivansteele@example.com,2025-12-09
8341,Todd,Rush,Tajikistan,001-416-889-6657x198,emilyoconnell@example.com,2020-07-08
8342,Lee,Macias,Angola,486.979.8724x647,juan69@example.com,2024-10-02
8343,Richard,Yu,American Samoa,8585300554,ethompson@example.org,2024-10-15
8344,Jason,Abbott,Mayotte,8618251553,amanda58@example.com,2022-03-20
8345,Daniel,Reyes,Colombia,486.995.5620x84521,fcasey@example.net,2020-12-15
8346,John,Brown,Canada,450.877.4202,thomasmoore@example.net,2020-03-14
8347,Michael,Cook,Jamaica,+1-275-833-5939,velliott@example.net,2020-05-05
8348,Devin,Nichols,Slovakia (Slovak Republic),935.395.4612x46226,collinslaura@example.net,2025-03-22
8349,Renee,Castillo,Vanuatu,001-747-858-3035x5695,garybriggs@example.org,2022-06-26
8350,Heather,Garrett,Heard Island and McDonald Islands,+1-938-400-6157x888,alexandergibson@example.com,2020-02-06
8351,Jennifer,Spencer,Kenya,(622)581-0744x12716,pam86@example.com,2023-07-31
8352,Randy,Vaughn,Saint Pierre and Miquelon,+1-430-799-1739x041,zpatterson@example.net,2020-06-08
8353,Thomas,Pearson,Denmark,+1-284-404-7954,jamesedwards@example.net,2021-09-14
8354,Angela,Bennett,Libyan Arab Jamahiriya,783-920-7178x5638,jacksonbethany@example.com,2024-04-25
8355,James,Rivera,Saint Kitts and Nevis,235-665-8317x63946,valeriewhite@example.net,2022-10-26
8356,Jessica,Morales,Australia,798.320.7547x721,jason34@example.net,2022-06-10
8357,Ann,Blankenship,Portugal,001-856-511-3324,gburke@example.net,2026-02-14
8358,Allison,Hardy,Turks and Caicos Islands,635-508-6349x000,millerjames@example.com,2024-04-03
8359,Madison,Matthews,Brunei Darussalam,624.834.7648x3504,johnsonjulie@example.org,2021-05-05
8360,Jason,Stokes,Madagascar,840.307.8355x398,itaylor@example.org,2025-11-06
8361,Heather,Porter,Togo,001-717-564-4168,jimenezjeremy@example.net,2021-11-17
8362,Michael,Reed,Martinique,965.539.5429,harriskatrina@example.com,2024-04-07
8363,Karen,Wheeler,New Caledonia,587.812.7646x9375,ashley62@example.org,2023-09-13
8364,Ricky,Hampton,Estonia,948-277-7171x94273,dvazquez@example.org,2021-06-24
8365,Melissa,Morrison,Kiribati,9722368856,michaelhill@example.org,2022-04-01
8366,Corey,Jackson,Suriname,244.889.2974,joannewhite@example.org,2022-11-26
8367,William,Sanchez,Slovenia,394-780-9310x825,hintonmolly@example.net,2022-09-26
8368,Terri,Washington,Lebanon,602-464-6308x49656,donaldjohnson@example.net,2024-12-29
8369,Johnny,Long,United States Minor Outlying Islands,4047400074,jennifergibbs@example.com,2020-08-26
8370,Cindy,Hill,Bosnia and Herzegovina,245.866.7825x24885,cpalmer@example.org,2021-12-10
8371,Barbara,Henderson,Sierra Leone,+1-310-426-0706,myersvincent@example.net,2024-09-01
8372,Edward,Morgan,Western Sahara,+1-919-317-6873x493,ckim@example.net,2023-07-14
8373,Deanna,Perry,Yemen,+1-929-360-6443,wilsonyvonne@example.net,2020-07-01
8374,Stephen,Hart,Greenland,+1-385-922-8672x319,nashjason@example.net,2022-09-21
8375,Rachael,Campbell,New Caledonia,(661)945-7964x75355,tyler64@example.org,2022-04-07
8376,Cheryl,Lewis,Netherlands,001-662-258-9329,yharris@example.net,2023-06-02
8377,Timothy,Underwood,Egypt,+1-398-321-0885x4307,jhaynes@example.org,2025-09-08
8378,Elizabeth,Hahn,Rwanda,+1-744-988-0101x791,deborahbrown@example.net,2025-10-11
8379,Steven,Richardson,Gibraltar,811-549-2512,pdavid@example.com,2021-05-08
8380,Harry,Lee,Maldives,826-938-3315x6528,ymclaughlin@example.com,2025-02-07
8381,Kenneth,Baird,Kazakhstan,+1-995-817-3341x17939,christopher42@example.org,2021-11-19
8382,Sarah,Campbell,Heard Island and McDonald Islands,9392386887,modonnell@example.net,2022-02-12
8383,John,Parsons,Tokelau,404.355.5136x35288,herrerascott@example.org,2025-07-07
8384,Christine,Ramirez,Kiribati,346-798-9595x371,brookserin@example.org,2023-06-26
8385,Logan,Lang,Guyana,826.320.7335x7684,george72@example.org,2020-12-08
8386,Joshua,Rivera,Mauritania,731.841.9994x74427,jeremiah15@example.net,2025-07-10
8387,Daniel,Terrell,Guadeloupe,001-361-871-6981,lukegregory@example.com,2024-09-22
8388,Amy,Hatfield,North Macedonia,269-945-1688x823,veronicastewart@example.org,2023-06-01
8389,Jason,Stanton,Libyan Arab Jamahiriya,287-355-8047x5562,ywilcox@example.com,2021-06-24
8390,Robert,Gardner,Togo,749.695.5545x504,sandra20@example.org,2021-02-21
8391,Debra,Valdez,Turkmenistan,001-851-247-2676x471,ballamanda@example.com,2020-07-10
8392,Paul,Daniels,Guernsey,5945439106,qtaylor@example.net,2022-09-18
8393,Cameron,Gomez,Antarctica (the territory South of 60 deg S),001-517-945-2330x76291,williamsdaniel@example.org,2021-02-11
8394,Cynthia,Bennett,Seychelles,+1-306-714-7979x021,mooregavin@example.com,2023-02-15
8395,Colleen,Adams,United States of America,6004162040,hhill@example.org,2025-06-16
8396,Kenneth,Robinson,Portugal,9805376176,udelgado@example.com,2020-08-23
8397,Samantha,Austin,Kuwait,(851)723-4459x7168,leslie59@example.net,2022-12-20
8398,Robert,Mitchell,Tonga,001-696-285-1825x2007,melissa40@example.com,2023-05-17
8399,Taylor,Bush,Central African Republic,001-739-901-1331,lindawallace@example.net,2020-06-14
8400,Steven,Lee,Malaysia,(216)920-7777x1600,aaron72@example.net,2025-10-17
8401,Crystal,Sullivan,United Kingdom,768.455.7018x29511,qrodgers@example.net,2022-02-26
8402,April,Jordan,Mauritius,229-987-4023x82030,bdominguez@example.org,2020-08-10
8403,Donald,Carson,Anguilla,(945)624-5963,randystevens@example.org,2024-04-04
8404,Susan,Larson,Congo,(850)602-9128x1277,william92@example.org,2024-12-03
8405,Michael,Horn,Lithuania,908-683-6699x99206,nicholsontonya@example.net,2022-01-11
8406,Justin,Stanton,Hong Kong,001-950-952-5782x9236,pbarnett@example.org,2021-07-02
8407,Denise,Hawkins,Comoros,611-717-2621x8990,dhansen@example.net,2021-05-21
8408,Angela,Bowen,Argentina,001-447-461-3277x0466,michaelfarmer@example.com,2025-03-14
8409,Alicia,Brooks,Botswana,001-516-832-2156,matthew96@example.net,2021-04-11
8410,Matthew,Scott,Nepal,(310)384-2254x99776,alexander92@example.org,2024-10-16
8411,Kristina,Miller,Bermuda,549.288.2461x4668,fcardenas@example.org,2025-10-02
8412,Aaron,Vega,Heard Island and McDonald Islands,202.703.9181x116,ijones@example.net,2021-08-28
8413,Maria,Jones,Congo,001-775-496-2040,dawnortiz@example.net,2024-03-23
8414,Suzanne,Rogers,Andorra,(944)400-7828x1192,amy66@example.com,2025-10-12
8415,Louis,Williams,Bouvet Island (Bouvetoya),001-689-340-4266x22736,robingibson@example.net,2023-06-18
8416,Marc,Murphy,Singapore,3033649456,willie91@example.net,2020-06-09
8417,Ashley,Welch,Trinidad and Tobago,(262)220-8269,nnguyen@example.net,2025-06-22
8418,William,Morales,Guatemala,349.742.5680,jimenezsamantha@example.org,2024-01-02
8419,David,Wright,Tajikistan,589-779-8738x5470,gibsonsarah@example.net,2020-08-07
8420,Matthew,Thomas,Thailand,(656)713-6885,michaelchambers@example.org,2022-05-27
8421,Christopher,Sanchez,Netherlands Antilles,001-701-778-3574x970,randallbenson@example.org,2020-07-28
8422,Blake,Baker,Austria,618.728.2229,glewis@example.net,2024-04-12
8423,Roger,Nguyen,Gibraltar,(260)602-6954,elizabethfuller@example.net,2022-07-15
8424,Aaron,Lewis,Sudan,527-507-9298,danielle40@example.net,2025-03-18
8425,Jonathan,Foster,Vietnam,001-574-226-3144,dunntanya@example.net,2024-07-22
8426,Brian,Ray,Uruguay,(702)830-7393x44159,zrobertson@example.org,2021-08-17
8427,Zachary,Carter,Mozambique,(321)939-5957x4237,scottpugh@example.com,2024-04-16
8428,Michael,Davis,Macao,(789)567-9254x75534,karengray@example.org,2024-08-06
8429,Christopher,Palmer,Brazil,839.929.0978,carlos58@example.org,2023-08-04
8430,Timothy,Hensley,Iraq,001-846-662-7578,leahmorrison@example.org,2025-12-26
8431,Kelly,Perez,Pakistan,(263)845-1922x074,sherry57@example.net,2022-01-17
8432,Michelle,Sanchez,Saint Martin,001-906-327-2449x80113,susan97@example.org,2026-03-06
8433,Lori,Potter,Brunei Darussalam,+1-806-879-0670x85905,pmccormick@example.net,2026-03-07
8434,Diana,Martinez,Falkland Islands (Malvinas),(848)709-6829x663,thompsonjacob@example.org,2023-09-15
8435,Vincent,Green,Pakistan,4973469340,jbates@example.org,2024-11-19
8436,Theresa,Boone,Portugal,+1-513-747-1797,mezarichard@example.com,2023-04-23
8437,Summer,Escobar,Saint Vincent and the Grenadines,+1-728-695-2250x470,eugene35@example.com,2020-04-11
8438,Dawn,Henson,Nepal,+1-383-910-2724x22146,annmcclure@example.com,2023-06-23
8439,Jillian,Buck,Christmas Island,438-863-8182x890,whitejennifer@example.net,2021-06-29
8440,Anita,Smith,Burundi,001-282-566-9450x396,sandra96@example.com,2023-04-17
8441,Adrian,Daniel,Saint Helena,001-583-490-8816,popeangela@example.org,2025-04-03
8442,Joel,Middleton,Benin,9508628488,crystal20@example.com,2026-01-26
8443,Justin,Jones,Svalbard & Jan Mayen Islands,502.411.5361,omurray@example.net,2021-01-22
8444,Shannon,Smith,Panama,+1-345-878-8027x1383,natalieburns@example.org,2022-04-07
8445,Joseph,Baldwin,Grenada,+1-541-245-2292x5496,qfreeman@example.org,2026-02-25
8446,Jeremy,Woods,Norway,807-635-5627,kochrobert@example.com,2020-03-31
8447,Lauren,Duncan,Saint Pierre and Miquelon,+1-342-896-7538x23261,jasminegonzalez@example.org,2022-09-20
8448,Gabriel,Ramirez,Finland,001-558-714-0012,petervaughn@example.org,2023-08-20
8449,Tammy,Brown,Philippines,+1-209-473-5069x9020,thompsonnicholas@example.net,2020-04-04
8450,Gary,Murray,Lesotho,(344)731-7741x1711,choikendra@example.org,2022-07-18
8451,Alison,Santos,New Caledonia,812-214-6216,christinesutton@example.net,2023-11-20
8452,Nancy,Walsh,Australia,(602)736-7041,reidjames@example.com,2022-07-03
8453,Angel,Perez,Malaysia,735-302-6035x610,lauren81@example.org,2022-04-03
8454,Jessica,Wheeler,Nauru,+1-282-224-2824x8588,smithjessica@example.net,2022-12-15
8455,Jamie,Smith,Botswana,(263)859-2525,obrooks@example.org,2023-02-26
8456,Joy,Jones,Mayotte,+1-603-342-2631x945,msanchez@example.org,2024-06-20
8457,Erin,Rush,United Arab Emirates,001-849-962-0882x69340,stevenscolleen@example.org,2021-07-17
8458,Pamela,Miller,Fiji,422.360.1898,manuel90@example.com,2020-03-28
8459,Mark,Jackson,Sierra Leone,869.245.3092x02951,jessica11@example.com,2022-11-20
8460,David,Pierce,Mozambique,381-514-5597x759,mary94@example.com,2021-06-30
8461,Scott,Johnson,Vanuatu,244.485.9572x6017,lori64@example.com,2020-02-12
8462,Jeremy,Macdonald,Kazakhstan,279.894.6731x3979,stephenlang@example.org,2022-03-16
8463,Danielle,Ellis,Madagascar,947.738.5515x813,jryan@example.com,2020-05-26
8464,Ashley,Davis,Mongolia,001-521-525-9688x0839,croberts@example.net,2025-06-10
8465,David,Flores,Bouvet Island (Bouvetoya),(865)931-4677,thart@example.org,2021-08-25
8466,Jillian,Nichols,Albania,+1-648-318-6784x26564,garyjackson@example.net,2025-04-07
8467,Miguel,Murphy,Kenya,(950)967-9960x012,lisa72@example.net,2021-08-30
8468,Dalton,Zamora,Faroe Islands,262.615.4911x9049,vasquezbenjamin@example.org,2022-03-18
8469,Teresa,Smith,Zimbabwe,+1-421-880-3591x93509,james59@example.com,2026-01-25
8470,Patricia,Williamson,Trinidad and Tobago,906-781-6697x33992,oschmidt@example.net,2026-01-03
8471,Margaret,Page,Maldives,+1-292-545-3789x95664,cblack@example.net,2023-04-08
8472,Diana,Leon,Georgia,(881)543-5007x658,robin44@example.org,2024-11-03
8473,Kurt,Weeks,Western Sahara,+1-332-711-7128x16890,gregoryjohnson@example.org,2023-06-26
8474,Sandra,Hernandez,Iran,750.996.9100,stanleymaureen@example.org,2025-07-31
8475,Christopher,Wilson,British Virgin Islands,+1-905-913-9707,olsonricardo@example.net,2023-03-11
8476,Nancy,Johnson,Jordan,878-287-5572,zwilliams@example.net,2022-01-28
8477,Joseph,Mckay,Djibouti,(586)693-7975x616,ngill@example.org,2024-04-22
8478,Melanie,Krause,Japan,553.825.4874x3941,imurphy@example.com,2024-11-12
8479,Michael,Lopez,Cote d'Ivoire,001-940-725-5422x18528,joneseric@example.org,2022-06-12
8480,Jose,Thomas,Sweden,986.996.2084,huntermoreno@example.net,2024-09-25
8481,Lisa,Brooks,Sao Tome and Principe,773-621-3986x1387,jstanley@example.com,2023-03-23
8482,Jason,Lee,Benin,630.827.0250,christynguyen@example.org,2024-01-01
8483,Parker,Davis,Finland,001-557-478-2687x79176,efranco@example.org,2020-01-28
8484,Kimberly,Rodriguez,Guinea,379-238-5352x74681,caroladams@example.org,2025-09-15
8485,Brian,Edwards,Austria,848.746.0132,sarahlewis@example.net,2024-07-03
8486,John,Rodriguez,Moldova,+1-881-205-7450x82163,kwilliamson@example.com,2023-03-06
8487,Keith,Irwin,Kuwait,(916)995-4813,timothy90@example.org,2020-10-10
8488,Yvonne,Webb,Tokelau,6254615666,ylewis@example.net,2020-12-10
8489,Lisa,Wong,Mexico,4879473663,bushariel@example.net,2023-07-15
8490,Jonathan,Mccarty,Heard Island and McDonald Islands,433-988-2271x94712,carrillotracy@example.com,2021-03-22
8491,Julie,Rocha,Ukraine,(709)885-3459,phyllis92@example.net,2021-11-29
8492,Daniel,Jones,China,423.900.0783x555,paulanichols@example.net,2022-01-06
8493,Patrick,Baker,Mayotte,862.752.6620x37493,heidigrant@example.com,2024-05-06
8494,Shane,Jones,Korea,8257321665,jimmy48@example.net,2025-11-17
8495,Christopher,Pope,Ukraine,001-252-214-9760x8028,james49@example.net,2025-01-04
8496,Cynthia,Ford,Western Sahara,+1-306-809-7122x5439,crystaladams@example.com,2022-07-13
8497,Amy,Lindsey,Lesotho,570-580-0287,mpowell@example.org,2020-02-17
8498,Michael,West,Cape Verde,(984)466-1852x241,sandraking@example.org,2021-10-15
8499,Kristy,Aguilar,Benin,001-221-463-8522x9136,patrick89@example.net,2022-05-11
8500,Angela,Atkins,Mayotte,696-768-8821x633,shahsummer@example.org,2025-04-24
8501,Brandon,Rios,Zambia,992-259-2005x6507,dawntaylor@example.com,2022-06-17
8502,Tonya,Long,Syrian Arab Republic,001-374-720-0456,rhamilton@example.net,2021-08-23
8503,Tammy,Wilson,Taiwan,+1-515-381-3163x0126,smorris@example.org,2024-01-26
8504,Brian,Roberts,Central African Republic,260-476-1743x11662,kelly06@example.org,2021-01-15
8505,Brett,Rodriguez,Guinea,694-720-5232x135,lisaorozco@example.net,2023-05-09
8506,Jonathan,Malone,Wallis and Futuna,633.324.5691x01897,garzaronald@example.org,2024-08-09
8507,Denise,Bates,Burundi,(741)711-9767,xbarrera@example.org,2023-04-27
8508,Samantha,Morris,Malawi,001-595-495-5468x76386,richardsonchelsea@example.com,2022-09-24
8509,Lance,Bryant,Mayotte,(965)559-1417x42327,mmiller@example.net,2025-04-29
8510,Amanda,Martinez,Benin,568.422.4741x5004,pettyheather@example.org,2023-05-30
8511,Blake,Aguirre,Saint Lucia,651-699-2134,johncarter@example.org,2023-06-20
8512,Catherine,Knight,Brunei Darussalam,001-238-658-4480x413,jimlopez@example.com,2021-10-07
8513,Jessica,Liu,Slovakia (Slovak Republic),806.829.2776x96267,ldavid@example.net,2021-07-24
8514,Paula,Hunt,Marshall Islands,(239)926-1875x60972,nknight@example.net,2024-07-24
8515,Tammy,Cochran,Svalbard & Jan Mayen Islands,7196121038,dyoder@example.org,2023-03-04
8516,Amber,Erickson,Solomon Islands,001-876-729-7802x896,edwin31@example.org,2021-05-03
8517,Michael,Stuart,Ireland,(708)960-2623x10995,kevin13@example.com,2022-02-10
8518,Tammy,Hartman,Iraq,661-617-6344x76505,taylorlinda@example.com,2022-05-05
8519,Jason,Miller,Tunisia,(788)218-1501,riveradaniel@example.net,2020-03-02
8520,David,Green,Afghanistan,(264)931-0778x15334,theresa64@example.net,2024-11-21
8521,Nicole,Moore,Morocco,(234)595-5340x772,spearsallison@example.com,2023-09-27
8522,Rebecca,Sawyer,Nepal,261.796.0601x42880,rebecca38@example.org,2020-03-05
8523,Jeffrey,Norris,Mauritania,+1-250-481-3807x55588,joshuaarnold@example.net,2026-01-19
8524,Robert,Frazier,Nicaragua,204.684.2309x6767,karenbeck@example.org,2022-09-05
8525,Luis,Lyons,Martinique,(877)666-6119x69059,davidmartin@example.com,2025-02-27
8526,Brian,Thompson,Ecuador,(976)458-5285x81286,mullenmatthew@example.net,2024-04-19
8527,Richard,Davis,Cocos (Keeling) Islands,354.614.5606,imcclure@example.net,2025-11-03
8528,Christopher,Sanders,Moldova,841-858-4460x33485,rstout@example.com,2024-12-20
8529,Kyle,Ramirez,Senegal,4384419848,zreilly@example.org,2022-02-20
8530,Wayne,Frye,Nepal,+1-234-229-6006x200,tmiller@example.org,2023-10-13
8531,Phillip,Wade,Slovenia,+1-776-362-7446,dianabutler@example.org,2021-11-13
8532,Jeffrey,Evans,Mongolia,001-280-446-3260x5486,michael60@example.net,2021-12-25
8533,Mark,White,Uganda,001-980-968-5680x42195,osingh@example.net,2022-05-18
8534,Evan,Kramer,Jordan,(908)789-0503x485,brandonobrien@example.com,2024-12-08
8535,Adrian,Duncan,Cape Verde,306-756-1286x28195,joejones@example.net,2021-09-21
8536,Tyrone,Yoder,Tonga,226-673-0342x4671,paige19@example.org,2023-09-06
8537,Travis,Cooper,American Samoa,502-813-0159x00085,burnserin@example.org,2024-12-21
8538,Jennifer,Wilson,Micronesia,224-953-8697,johnking@example.com,2025-05-18
8539,Jane,Fernandez,Panama,478.324.1961,qingram@example.org,2022-07-27
8540,Frank,Tran,Rwanda,(697)822-1566x788,frankbender@example.net,2024-04-13
8541,Melvin,Smith,Korea,(689)514-6272x296,kdrake@example.com,2025-02-26
8542,Christopher,Ayala,Guyana,001-623-470-2031x919,elizabethparker@example.org,2021-04-02
8543,Jessica,Glover,Morocco,+1-211-428-6370,sheila21@example.com,2023-03-26
8544,Gerald,Benjamin,Turkey,001-353-276-5503x1532,davischristopher@example.com,2023-02-16
8545,Shannon,Kidd,Norway,3427093614,bjordan@example.com,2023-04-17
8546,Jesse,Wang,Portugal,806.440.7694x728,juanbright@example.com,2024-10-06
8547,Richard,Hunt,Angola,001-534-778-2837x4218,christopher18@example.net,2022-04-15
8548,Andrew,Ortiz,Finland,641-556-6719x261,smoore@example.net,2021-04-26
8549,Elizabeth,Lawson,Latvia,325-492-8042x6091,pachecodrew@example.com,2022-08-03
8550,Stephen,Crosby,Angola,001-906-638-2235,ghayes@example.net,2021-08-04
8551,Dylan,Faulkner,Pitcairn Islands,318-643-3492,cainethan@example.org,2020-12-27
8552,Jose,Martin,Cayman Islands,566.224.1588,jeffrey37@example.org,2021-05-03
8553,Samantha,Fernandez,North Macedonia,953-390-9016x9097,michaelcurtis@example.org,2025-12-24
8554,Kimberly,Tyler,Romania,(530)805-1528,meganarias@example.org,2024-12-02
8555,Rachel,Reeves,Bolivia,901-381-7311x291,mayheather@example.net,2024-12-23
8556,Andre,Jones,Guinea,001-850-338-5437,usmith@example.com,2024-08-06
8557,Gregory,Mercado,Gabon,5344598615,ajackson@example.org,2024-11-24
8558,Dale,Pearson,Montserrat,255.304.9601,david52@example.com,2020-11-03
8559,Hannah,Smith,Djibouti,+1-491-638-8294x25585,adam60@example.net,2020-02-02
8560,Deborah,Benitez,France,+1-587-215-0848x03408,diane08@example.net,2024-04-14
8561,Brian,Lang,Burundi,(561)689-8486x16821,shannonsalazar@example.com,2021-10-20
8562,Carlos,Smith,Montserrat,(588)551-3510,jesse31@example.com,2022-06-06
8563,Rose,Mckay,Cape Verde,001-249-637-3781,omontoya@example.com,2026-02-26
8564,Matthew,Chang,Sweden,+1-408-925-3162x37796,tmiller@example.net,2021-08-12
8565,Haley,Cordova,Uganda,(302)240-6300x019,matthew80@example.org,2024-12-18
8566,Lauren,Smith,Wallis and Futuna,(559)823-6194,robert90@example.net,2024-10-16
8567,Meghan,Peterson,Ireland,461.343.1420x60655,heatherkey@example.com,2022-04-18
8568,Ryan,Walters,Israel,001-562-437-6027,michaelmcbride@example.net,2025-11-12
8569,Kimberly,Johnson,Nigeria,511-772-6593x47796,jenniferhayes@example.com,2023-06-30
8570,Jacob,Nguyen,Singapore,(661)247-0255x30453,rachelfranklin@example.net,2023-03-04
8571,Zachary,Newton,Paraguay,(748)741-4717x574,charlesgaines@example.net,2024-01-21
8572,Lynn,Carpenter,Micronesia,5017003466,dnichols@example.org,2023-11-06
8573,Luis,Moore,Colombia,001-785-529-6288x068,taylor08@example.com,2022-08-23
8574,Yolanda,Melendez,Paraguay,5784841503,zrichards@example.net,2026-03-06
8575,Stephen,Wong,Nepal,803-980-5541,xbarber@example.com,2023-01-19
8576,Kristine,Jenkins,Kazakhstan,(426)950-8078x03995,albert65@example.org,2025-07-09
8577,Donna,Cantrell,Monaco,+1-341-397-7713x338,nicolemendoza@example.com,2024-01-04
8578,Edward,Rodriguez,Oman,984.433.4025x583,kimberlycollins@example.net,2025-05-15
8579,Stephen,Williams,Guatemala,324.838.9796,emoore@example.org,2020-06-26
8580,Tina,Decker,Thailand,642.763.2911,ehopkins@example.net,2022-06-30
8581,Robert,James,Bahamas,963.333.7191x24073,timothy09@example.org,2023-11-29
8582,Michael,Lee,Guinea-Bissau,+1-540-526-8527x33350,anthony64@example.org,2025-03-09
8583,David,Mooney,Ethiopia,207-667-6216,courtney45@example.com,2024-03-13
8584,Amy,Rogers,Brunei Darussalam,+1-921-885-9388x3161,graydavid@example.com,2020-02-22
8585,Steven,Gilbert,Saint Pierre and Miquelon,001-610-830-1403x409,mercedes93@example.org,2022-06-01
8586,George,Velazquez,Ukraine,+1-596-903-0505x8353,csilva@example.com,2023-07-24
8587,Brian,Smith,Austria,+1-403-412-9733,fatkinson@example.com,2020-12-20
8588,Joseph,Long,Oman,(660)728-3141x14064,leedenise@example.net,2024-07-03
8589,Karen,Boone,Fiji,515-266-4314x2617,aaron32@example.org,2020-03-02
8590,Michael,Sellers,Azerbaijan,858-664-1865x0645,pamela12@example.org,2020-01-27
8591,Alexandria,Robinson,Egypt,+1-586-815-5788x5038,scott38@example.org,2024-02-02
8592,Annette,Aguirre,Afghanistan,565-313-0353x778,dsmith@example.org,2025-07-25
8593,Jeremiah,Hernandez,Denmark,(358)698-5715,mark16@example.net,2020-07-20
8594,Jacob,Flores,Norfolk Island,214-499-9259,oellis@example.net,2023-03-02
8595,Amy,Larson,Australia,001-739-365-1520,smithjose@example.com,2022-10-08
8596,Ian,Chapman,Burundi,001-890-302-3754x12917,oserrano@example.com,2026-03-09
8597,Jeffrey,Anderson,Kiribati,001-433-579-3309x59990,gregoryedwards@example.org,2023-01-21
8598,David,Rivera,Jordan,(758)831-7449x16052,olee@example.com,2021-04-10
8599,Kelly,Miller,United Kingdom,(377)341-9947x600,anne41@example.net,2025-01-26
8600,Amanda,Taylor,Saudi Arabia,(589)370-7044,lauren14@example.org,2020-12-02
8601,Marissa,Simmons,Mozambique,001-349-637-2280x03955,daniel03@example.org,2023-05-03
8602,Christopher,Rodriguez,Nigeria,329-906-6594,mcdonaldashley@example.net,2021-11-17
8603,Jose,Jordan,Gambia,6715144453,christopherchoi@example.net,2021-10-19
8604,Rhonda,Thompson,Slovakia (Slovak Republic),+1-976-295-0551x84196,williamschristine@example.net,2026-01-26
8605,Bryan,Hughes,Ethiopia,2705403062,jamesclark@example.com,2020-01-21
8606,Carlos,Gregory,Mauritius,654-769-3908x55721,glassethan@example.com,2021-09-06
8607,Richard,Guerrero,Heard Island and McDonald Islands,552.555.3902x07700,thomaswright@example.org,2021-11-22
8608,Ashley,Stout,Guadeloupe,204-373-2608x6240,annette89@example.net,2022-05-30
8609,Lisa,Williams,Tuvalu,343-844-2016x864,olopez@example.net,2024-01-04
8610,James,Johnson,China,5256835077,audrey56@example.org,2023-01-11
8611,Alicia,Edwards,Czech Republic,(390)657-8815x3994,timothyfrank@example.net,2025-04-20
8612,Anthony,Matthews,Malta,+1-300-265-1536,ashleymcdonald@example.net,2026-03-10
8613,Heidi,Thomas,Benin,671.391.9454x882,jonathangiles@example.com,2021-03-08
8614,Mary,Rogers,Mauritius,001-539-994-4402x7787,nicolelewis@example.net,2023-09-25
8615,Shaun,Olson,Serbia,+1-940-239-2730x253,michaelsmith@example.org,2025-05-03
8616,Shari,Leonard,Heard Island and McDonald Islands,725-841-1554x822,stevemartin@example.com,2024-05-05
8617,Scott,Williams,Solomon Islands,001-539-644-4691,rossvictor@example.net,2020-05-25
8618,Briana,Parker,Cayman Islands,626.309.2356x31803,phill@example.net,2024-02-21
8619,Christopher,Floyd,Yemen,316-669-1717x78074,scott35@example.org,2022-07-20
8620,Sandra,Bridges,Turkmenistan,(653)379-5696x31448,fvillanueva@example.com,2025-01-03
8621,Valerie,Murphy,Tajikistan,001-545-621-5655,qmendez@example.net,2023-12-18
8622,Natasha,Christensen,Bulgaria,578.911.5944x125,yortega@example.org,2021-11-14
8623,Jason,Cameron,Isle of Man,394-555-4822,seth43@example.net,2023-03-18
8624,Dustin,Reyes,Azerbaijan,(862)725-1539x42179,michael43@example.net,2022-03-17
8625,Jennifer,Watkins,Latvia,868-627-2625,megan07@example.net,2022-12-12
8626,Austin,Ingram,Bouvet Island (Bouvetoya),(472)694-4484,martinlindsay@example.com,2023-02-10
8627,Sean,Jones,Sao Tome and Principe,331-396-6117x395,mitchellsuarez@example.com,2022-10-05
8628,Amber,Summers,Antigua and Barbuda,412.514.3636x93226,martindavid@example.net,2021-07-26
8629,Joshua,Coleman,Northern Mariana Islands,001-436-378-4719x047,kwilson@example.net,2022-12-07
8630,Carla,Hansen,Mali,780-737-2282x165,bennetthannah@example.org,2024-09-15
8631,Steven,Huerta,New Zealand,+1-816-207-7086x40013,clayjennifer@example.com,2022-04-04
8632,Adam,Allen,Timor-Leste,001-227-286-7825x299,brandon88@example.com,2023-01-30
8633,William,Mcguire,Faroe Islands,(943)300-5532,bentleyhannah@example.net,2020-08-06
8634,Janet,Fitzgerald,Saudi Arabia,990-229-6061x234,pbrown@example.com,2022-04-19
8635,John,Young,Bouvet Island (Bouvetoya),+1-296-695-2226x445,hernandezamanda@example.org,2023-03-26
8636,Joshua,Parker,Latvia,(974)659-1714x66648,pluna@example.org,2020-08-04
8637,Mary,Wiggins,Lao People's Democratic Republic,(366)382-5817x8955,ycarr@example.org,2020-11-24
8638,Victoria,Holland,Liechtenstein,001-721-593-6604,alexandercruz@example.org,2020-05-24
8639,Jerry,Nelson,Monaco,+1-675-968-3333,carol02@example.net,2025-05-24
8640,Lindsay,Allen,Bahamas,998.434.6248,frank85@example.net,2023-10-24
8641,Cynthia,Harris,Saint Pierre and Miquelon,+1-946-609-1118,baileyrodney@example.com,2024-09-10
8642,Lindsey,Gates,Faroe Islands,+1-667-915-1956x6931,angela91@example.com,2023-05-27
8643,Michael,Romero,Holy See (Vatican City State),+1-918-906-5328x06699,longtina@example.com,2021-02-26
8644,Kevin,Daugherty,Sao Tome and Principe,+1-723-995-7500x96193,lisasolis@example.com,2022-05-10
8645,Richard,Smith,Honduras,(252)420-2831,comptonross@example.net,2023-01-05
8646,David,Tyler,Congo,784.414.3579,wbarnes@example.com,2022-02-27
8647,James,Strong,Saint Lucia,(812)931-5239,pattersonkelli@example.com,2024-02-01
8648,Victoria,Friedman,Maldives,001-608-948-2966,michael19@example.org,2023-07-31
8649,Donald,Rubio,Cambodia,+1-895-657-0760x13763,troy48@example.com,2024-01-22
8650,Jeffery,Stafford,Pitcairn Islands,+1-230-778-2426x67437,laurareed@example.com,2023-05-14
8651,Jill,Nunez,Turks and Caicos Islands,(729)257-3417x944,tammy71@example.com,2024-11-25
8652,Michelle,Moore,San Marino,3003717760,robertbaldwin@example.org,2025-04-08
8653,Gabriela,Adams,Poland,9455136404,sandracox@example.net,2023-04-01
8654,Michael,Lopez,Poland,+1-968-483-6417,margaret82@example.net,2023-03-24
8655,Jennifer,Jackson,Bermuda,(922)865-7437x86903,turnerterry@example.com,2025-03-24
8656,Sarah,Rojas,Nigeria,522.214.9338x19860,amberromero@example.net,2025-04-23
8657,Jeffrey,Mcgee,Liechtenstein,695-602-0379x3148,kristinboone@example.org,2025-04-21
8658,Michael,Medina,Denmark,481-828-5062,andrew86@example.com,2025-09-06
8659,Alexis,Cooper,Djibouti,937-208-0026,ghaynes@example.org,2020-01-14
8660,Shane,Vega,Argentina,591.643.7138x64977,greenshawn@example.com,2020-10-20
8661,Xavier,Smith,Singapore,(691)464-6567x37399,markyoung@example.net,2024-07-01
8662,Chelsea,Short,Taiwan,(753)539-2315x32797,fallen@example.org,2023-02-22
8663,Dana,Lozano,Bahamas,001-515-337-2331x13820,kylemaldonado@example.org,2025-05-25
8664,Brian,Phillips,Rwanda,4335105303,fosterivan@example.org,2020-11-27
8665,Catherine,Waters,Jersey,4137981136,crawfordashley@example.net,2025-01-27
8666,Marc,Christensen,Honduras,+1-834-968-6713x65698,redwards@example.com,2021-10-31
8667,David,Smith,Aruba,001-426-806-6977,plewis@example.net,2023-09-28
8668,Natalie,Green,Maldives,(853)704-0582x71422,lshannon@example.com,2020-06-06
8669,Kelly,Lynch,Central African Republic,748.575.2183x65586,robert40@example.org,2024-09-29
8670,Anthony,Holland,Slovakia (Slovak Republic),001-938-772-2945x58525,brentpatel@example.net,2023-09-26
8671,Kara,Becker,Saint Vincent and the Grenadines,001-213-816-2246x9568,upark@example.com,2022-08-07
8672,Carolyn,Hampton,French Guiana,(584)830-2746,josephsandoval@example.com,2020-01-16
8673,Justin,Padilla,Barbados,665.264.0934x002,lorihanson@example.net,2024-07-23
8674,Kathy,Frank,Barbados,(675)274-9650x6829,fmitchell@example.org,2025-12-04
8675,Alexandra,Ingram,Sierra Leone,849-898-2566,gschwartz@example.com,2022-10-13
8676,Marissa,Newton,Cayman Islands,(323)293-5356x54530,thomasrhodes@example.net,2021-06-25
8677,Nichole,Murphy,Cyprus,+1-241-240-3430,ortizdavid@example.net,2022-03-26
8678,Brenda,Cabrera,Marshall Islands,(643)232-8888x55377,andreapitts@example.net,2022-04-16
8679,Jacob,Johnson,Saint Helena,976-391-0286x06782,hamiltonstephanie@example.com,2025-04-27
8680,Joseph,Thompson,Iraq,+1-688-757-9061x6431,bradhunter@example.org,2024-02-12
8681,Leah,Miller,Turks and Caicos Islands,680.714.1881,christopher39@example.org,2021-11-09
8682,Lisa,Sanchez,Kazakhstan,724-664-7766x70932,vcortez@example.net,2023-11-24
8683,Joshua,Sparks,Philippines,5086464745,owright@example.net,2020-09-09
8684,Tammy,Collins,Bahamas,498-666-0086,mcintoshmark@example.com,2025-02-04
8685,Melissa,Smith,Belgium,+1-948-731-2778x77333,kimberly52@example.net,2025-08-04
8686,Brian,Howard,Falkland Islands (Malvinas),8249091457,chaneynicole@example.org,2020-07-27
8687,Kendra,Chapman,Ireland,212-968-4151x33006,ashleysanders@example.net,2022-07-01
8688,Cameron,Silva,Cocos (Keeling) Islands,900-273-7074,maldonadoricky@example.com,2021-09-29
8689,Neil,Gray,Benin,001-459-967-6169x17899,hknight@example.net,2022-04-27
8690,Alyssa,Mullins,Libyan Arab Jamahiriya,342.755.8378x490,hansenjoshua@example.com,2021-05-23
8691,Ashley,Mccoy,Guernsey,238-274-5886x40081,owalker@example.com,2026-02-20
8692,Brandon,Miller,Equatorial Guinea,001-939-516-8767x9129,jessicahoward@example.org,2020-04-03
8693,Amanda,Sullivan,New Caledonia,414.702.1044x4853,smithebony@example.net,2024-06-12
8694,Jimmy,Garcia,Lebanon,794-907-9131,cynthia70@example.com,2025-12-10
8695,James,Hall,France,599-645-4311x8723,victoria54@example.net,2026-02-22
8696,Alexis,Paul,Turkey,263-244-0198,douglas25@example.net,2022-12-11
8697,Jill,Lewis,Bosnia and Herzegovina,(582)276-8354,cassandrajohnson@example.com,2021-02-18
8698,Barbara,Richardson,Barbados,796.544.6105x709,haleyclay@example.com,2022-01-16
8699,Joseph,Murray,Antarctica (the territory South of 60 deg S),298.923.0480x5009,erika76@example.com,2021-09-25
8700,Sarah,Price,Nigeria,582.349.9705x85262,fpatel@example.com,2023-12-09
8701,Cheryl,Cook,Belarus,(847)558-7619,lirachel@example.net,2023-02-16
8702,Steven,Cardenas,Zimbabwe,(956)633-2753x2037,joneskatelyn@example.net,2020-10-24
8703,Amber,Hernandez,Norway,+1-654-421-4923,chernandez@example.com,2025-11-16
8704,Michael,Monroe,South Georgia and the South Sandwich Islands,+1-693-532-8534x567,katrinabrooks@example.org,2023-06-04
8705,Corey,Meyer,Peru,762.771.3892,michellejones@example.com,2022-12-01
8706,Christopher,Cochran,Brunei Darussalam,747.447.8059x33083,lauralewis@example.org,2022-07-25
8707,Pamela,Cobb,Philippines,257-316-9467x8561,joanna39@example.net,2021-02-10
8708,Joan,Hicks,Gibraltar,410-792-2922,shannonadams@example.com,2025-10-15
8709,Matthew,Brown,Switzerland,+1-777-549-6510x0436,ashleylopez@example.com,2021-05-14
8710,Janet,Wood,Slovenia,+1-625-923-9994,millsmarcus@example.org,2025-10-18
8711,Alexandra,Miller,Cuba,+1-704-346-9192x2471,jesus82@example.net,2020-05-29
8712,Elizabeth,Long,Svalbard & Jan Mayen Islands,001-417-457-4822x39434,juanwatson@example.org,2025-06-04
8713,Christina,Davis,Georgia,731-776-4501x62780,kathryn69@example.com,2022-08-15
8714,Thomas,Cox,Senegal,270-516-1761,hgomez@example.com,2023-08-29
8715,Melanie,Tate,Tonga,206.570.2819x85376,michael67@example.net,2022-09-28
8716,Gail,Mendez,Afghanistan,954-591-3971x9670,michael99@example.com,2021-10-24
8717,Brian,Blackwell,Guatemala,(286)440-1240x79427,mturner@example.org,2021-04-03
8718,Monica,Martin,British Virgin Islands,519.753.6816x95359,rogerburke@example.com,2022-03-04
8719,Joshua,Reed,Germany,440-807-9062x90579,cjones@example.org,2023-10-03
8720,Olivia,Powell,Tonga,001-272-210-6194x011,rebeccafrank@example.net,2024-02-15
8721,Anne,Brown,Cocos (Keeling) Islands,001-336-772-4963,craigcarol@example.org,2023-12-26
8722,Amanda,Hicks,Malta,001-404-546-2751x594,joshuapaul@example.net,2021-07-01
8723,Brian,Gilbert,Bulgaria,676-395-2832,samantha13@example.com,2020-12-31
8724,Jesus,Hall,Indonesia,960-703-2049x075,eevans@example.net,2023-01-10
8725,Heather,Park,Somalia,8788950176,erinking@example.org,2023-09-14
8726,Sarah,Rodriguez,Solomon Islands,379.953.1589,schmidteric@example.net,2021-05-09
8727,Jeffery,Morton,South Africa,001-946-880-6000x93514,arthuradams@example.net,2022-09-20
8728,Monica,Nichols,Comoros,836-764-7600x30187,joserodriguez@example.net,2025-05-19
8729,Antonio,Fitzpatrick,Algeria,+1-694-666-1131x815,ewilliams@example.net,2023-07-17
8730,James,Yates,Oman,+1-652-222-0783x22925,reyesmelissa@example.net,2024-03-05
8731,Michael,Guzman,Mongolia,(946)522-8600,sarah20@example.net,2022-03-08
8732,Jon,Carroll,Mauritania,437.663.1926x326,peter45@example.com,2023-12-02
8733,Jose,Cooke,France,706.687.6294,davidlopez@example.net,2023-10-18
8734,Karen,Carlson,French Guiana,+1-916-659-1763x8451,cbeck@example.com,2025-01-30
8735,Kenneth,Singleton,Eritrea,330.493.2986x78845,benjaminneal@example.org,2024-07-12
8736,Joanna,Martinez,Turks and Caicos Islands,(513)457-9997,jonathonnguyen@example.com,2025-06-21
8737,Tony,Banks,Ecuador,784.871.6479x03889,charper@example.net,2021-12-21
8738,Jacob,Gonzalez,Poland,001-285-913-1656x45972,leemark@example.com,2024-08-06
8739,Allen,Lowe,Western Sahara,+1-543-530-3999,hgray@example.org,2025-10-13
8740,Jonathan,Oconnell,Belarus,266-256-9716x7450,donaldcarroll@example.com,2025-05-29
8741,Robert,Baker,Liechtenstein,873-663-6855,victoria40@example.com,2020-08-22
8742,Melissa,Hernandez,Barbados,602-641-0353x88525,alvaradonicole@example.org,2021-03-28
8743,Derrick,Smith,Ecuador,5838433800,schneidertroy@example.org,2024-09-16
8744,Linda,Robinson,Uruguay,001-278-880-6052,hannah16@example.net,2020-05-19
8745,Mary,Nguyen,Honduras,600.393.2984x38738,aaron74@example.net,2025-04-29
8746,Garrett,Myers,Antigua and Barbuda,(688)697-6529x61909,gcarpenter@example.net,2023-10-29
8747,Ryan,Bright,Luxembourg,310-380-7231,roachmichael@example.com,2022-12-31
8748,Anna,Olson,Sri Lanka,876-336-4868,melanie50@example.com,2022-10-28
8749,Monica,Moore,Bahrain,258.960.0583,karensmith@example.com,2020-06-15
8750,Kristina,Spence,Tuvalu,+1-371-729-3071x4323,april96@example.com,2023-11-25
8751,Jeffrey,Williams,Serbia,001-518-927-9831x912,romerojames@example.com,2021-02-21
8752,Jacob,Mann,Northern Mariana Islands,635.596.9826,brett17@example.net,2023-03-25
8753,Michael,Acosta,Turkmenistan,573.755.6782x343,longhunter@example.org,2022-01-16
8754,Melinda,Smith,Timor-Leste,(813)972-3795x070,ericfowler@example.net,2020-02-09
8755,Angela,Marshall,Netherlands,+1-323-936-3828x08457,ryan72@example.org,2024-06-21
8756,Michael,Douglas,Antarctica (the territory South of 60 deg S),(713)978-7437,daniel60@example.net,2022-12-12
8757,Helen,Richard,Saint Helena,879.319.3640x42173,ginalowery@example.net,2025-09-17
8758,Mercedes,Dillon,Uruguay,636-481-6037x6750,tyler50@example.org,2024-05-27
8759,Brian,Davis,Belize,243-609-9522,gmartinez@example.net,2023-06-10
8760,Douglas,Adams,Iran,847-361-2873x88376,coreybeck@example.net,2022-01-27
8761,Ashley,Daniels,Norfolk Island,001-864-995-7264x85386,ramirezjulie@example.com,2024-03-26
8762,Steven,Peterson,Mauritania,(672)753-6922,davidhood@example.com,2023-11-17
8763,Alexis,Welch,Mauritius,001-553-273-7869x8865,thompsontimothy@example.org,2025-06-26
8764,Abigail,Martinez,Oman,382.975.4500x25296,wadeerin@example.com,2024-07-18
8765,Scott,Watts,Uganda,5576884401,mstevens@example.org,2020-04-29
8766,Megan,Farmer,Holy See (Vatican City State),336.679.7523x50941,marksmith@example.net,2021-12-29
8767,Holly,Harris,Egypt,826.729.2162x018,alec93@example.org,2025-03-23
8768,Daniel,Bailey,Turkey,315-916-9974x269,graychristopher@example.org,2026-01-21
8769,Patricia,Green,China,001-782-203-5131x1547,jduffy@example.org,2024-06-18
8770,Jennifer,Williams,Dominica,595-881-4918,pbradley@example.net,2023-12-19
8771,Allen,Russell,Czech Republic,366-970-1915x528,russelltimothy@example.net,2021-10-11
8772,Christopher,Cain,American Samoa,989.845.4965,charlene72@example.com,2024-08-01
8773,Brittany,Weaver,Jordan,001-360-698-5060x05434,leslie74@example.org,2026-02-14
8774,Abigail,Flynn,Australia,965.583.7872x68281,ewilliams@example.org,2025-10-23
8775,Michael,Terry,San Marino,(426)380-5609x98798,pspears@example.org,2020-01-31
8776,Lauren,Hill,Angola,813.392.9193,darlene48@example.org,2020-11-20
8777,Nicholas,Mahoney,Brunei Darussalam,001-534-695-4787,ymccarthy@example.com,2025-03-19
8778,Jonathan,Williams,Georgia,957.527.8967,lisa55@example.com,2023-04-23
8779,Sherry,Ramos,Korea,(264)520-9391,benjaminmoore@example.org,2022-12-06
8780,Tonya,Long,French Guiana,(688)381-7131x802,andersonjoseph@example.net,2022-09-21
8781,Lori,Mayer,Nigeria,(408)865-5103,hannah90@example.com,2022-07-02
8782,Katherine,Carter,British Indian Ocean Territory (Chagos Archipelago),761-219-2931x04700,bergolivia@example.net,2024-03-16
8783,Tim,Jefferson,Chad,001-927-739-7227x931,thomaswalters@example.net,2023-09-29
8784,Derek,Miller,Vanuatu,(428)435-4257x00379,regina42@example.org,2025-12-31
8785,Crystal,Rodriguez,Myanmar,001-433-715-9318,curtis61@example.com,2021-07-21
8786,Joanna,Williams,Liberia,001-859-870-0059x30075,teresathompson@example.com,2024-02-12
8787,Ryan,Mclaughlin,Turkmenistan,722-855-7211,robertbaldwin@example.com,2024-07-18
8788,Dana,Nguyen,Dominica,+1-326-426-0334x5447,cisneroslauren@example.org,2022-04-16
8789,Mikayla,Edwards,Jersey,+1-927-418-4191x44240,johnanderson@example.org,2022-04-20
8790,Allen,Thomas,Mali,001-891-967-3519x398,edwardsjames@example.net,2024-09-07
8791,Aimee,Rodriguez,Mayotte,(969)468-1168,fosteroscar@example.net,2020-05-09
8792,Kari,Patel,Cocos (Keeling) Islands,406.813.4737x2739,obeasley@example.com,2023-11-24
8793,Laura,Deleon,Belarus,(776)900-6887x4912,hughesbailey@example.net,2025-06-24
8794,Laura,Green,United States Minor Outlying Islands,001-842-300-1658x27753,cchurch@example.org,2021-04-26
8795,Robert,Cantu,Ireland,405-410-4463x8481,andersoncynthia@example.org,2022-12-13
8796,Jeffrey,Brown,Germany,969-444-7519,dankidd@example.org,2025-08-18
8797,Albert,Reed,Serbia,001-926-819-0830x62672,ywilliams@example.com,2023-05-05
8798,Susan,Mahoney,Malawi,3924550628,jennifermeadows@example.org,2024-11-22
8799,Rose,Snyder,Taiwan,(772)464-2455x51400,rbenson@example.com,2023-08-07
8800,Shannon,Hayden,Heard Island and McDonald Islands,+1-772-515-1753,theresa38@example.com,2023-09-09
8801,Gary,Shaw,Armenia,(437)564-6550x950,judy21@example.org,2025-05-25
8802,Heather,Romero,Italy,+1-762-698-9558x77619,dustinwatts@example.com,2025-12-10
8803,Jessica,Martin,Italy,203-339-1509x246,christine04@example.net,2024-11-23
8804,Gary,Henderson,Marshall Islands,(400)320-2237,flopez@example.net,2021-05-26
8805,David,Davis,Bouvet Island (Bouvetoya),413-518-9416x4396,uburke@example.org,2023-01-10
8806,Andrew,Hart,Sao Tome and Principe,377-769-6168x12856,smithjennifer@example.org,2020-08-30
8807,David,Powell,Liechtenstein,(990)328-3375x9560,browntammy@example.com,2021-09-13
8808,Dylan,Stone,Spain,001-285-813-3136,charlesfitzgerald@example.org,2022-08-14
8809,Robert,Garrett,Solomon Islands,801-784-1228,monicajames@example.org,2024-09-02
8810,Mary,Le,Bahrain,719-771-9140x43021,barnescatherine@example.com,2021-09-07
8811,Tony,Daniels,Gibraltar,001-306-458-9439x0681,adam20@example.org,2024-08-09
8812,Darren,Green,Grenada,591-979-7973,margaret96@example.org,2022-12-31
8813,David,Calderon,Burundi,+1-970-301-0742x95358,henrydustin@example.com,2022-04-07
8814,Douglas,Riley,China,(247)454-2603x27876,richardlara@example.net,2025-09-25
8815,Brian,Porter,Pakistan,648-274-6349,scott47@example.com,2024-11-06
8816,Ethan,Burnett,Malta,6494977357,james95@example.org,2022-01-01
8817,Debbie,Powers,Togo,871.950.4459x13921,joseph39@example.org,2024-03-16
8818,Thomas,Davidson,Lesotho,+1-894-418-7048x31308,chill@example.com,2026-01-28
8819,Michelle,Simmons,Nicaragua,470.580.0188,tracy62@example.net,2025-04-16
8820,Benjamin,Padilla,Saint Lucia,001-515-895-6585x62539,michaelrowe@example.com,2021-02-25
8821,Nicholas,Scott,Malaysia,8805955518,orozcorebecca@example.net,2021-01-29
8822,Heather,Madden,Sweden,653-601-1374,pgriffith@example.com,2022-01-05
8823,Cassandra,Ortiz,Uzbekistan,001-948-467-0434x8863,atkinsonmegan@example.org,2025-01-16
8824,Jonathan,Young,Bahamas,(880)716-3808x382,christina33@example.com,2021-11-10
8825,Nathan,Gilbert,Ghana,681-584-2684,crosskayla@example.net,2024-01-25
8826,Justin,Hansen,Slovakia (Slovak Republic),(931)307-5144,timothy07@example.net,2025-08-22
8827,Megan,Reeves,Bahamas,(859)684-4833x3641,ulopez@example.com,2021-12-24
8828,Kelly,Maldonado,Mongolia,001-277-469-5393,frederick64@example.net,2022-11-13
8829,James,Holt,Guinea-Bissau,+1-808-234-1659,jeffreyrogers@example.org,2020-06-14
8830,Daniel,Rice,Philippines,877-489-5317x3193,jason34@example.com,2021-12-07
8831,Stephanie,Baker,Wallis and Futuna,(498)454-9639,egardner@example.net,2025-02-28
8832,Diana,Johnston,Gibraltar,+1-647-566-2915x302,tinajohnson@example.com,2021-09-16
8833,Tracy,Reed,Guatemala,(576)959-2412x51364,adamrussell@example.org,2020-05-29
8834,Christine,Sanders,Turkey,(818)208-0430x3090,sheila01@example.com,2025-05-08
8835,Kari,Mccall,Wallis and Futuna,627-704-0951,ctate@example.org,2024-08-05
8836,Zachary,Miller,Kazakhstan,887-946-9082x7570,john61@example.net,2022-07-17
8837,Daniel,Winters,Denmark,(813)502-5155,brockluis@example.net,2020-02-24
8838,Kevin,Burch,Guatemala,(898)241-4694x826,thawkins@example.com,2022-05-31
8839,Amy,Kent,Liechtenstein,575-444-3560,stewartsherry@example.com,2020-11-25
8840,Kristin,Mcintyre,Rwanda,+1-587-428-4738x2881,idavis@example.net,2020-01-18
8841,Christopher,Perry,Bulgaria,+1-653-532-9984x5177,cassandra89@example.org,2025-03-12
8842,Clayton,Cooley,Bosnia and Herzegovina,367-811-7343x917,ybrown@example.net,2024-04-03
8843,Crystal,Stafford,Gibraltar,+1-229-747-8864x54660,walkersteven@example.org,2020-07-30
8844,Michelle,Mora,Germany,947.217.9845x511,whitneydunlap@example.net,2021-08-27
8845,Kimberly,Gutierrez,New Caledonia,7118658118,jacob21@example.com,2020-03-05
8846,Jeremiah,Williams,Lao People's Democratic Republic,248.566.7485x2634,sawyerkerry@example.net,2024-12-24
8847,Nicole,Ibarra,Nepal,8605623813,howard05@example.com,2020-06-05
8848,Benjamin,Cunningham,Kyrgyz Republic,+1-701-612-6915x645,lsullivan@example.net,2020-01-08
8849,Leslie,Warren,Seychelles,823-336-9636x7173,vlee@example.org,2020-09-29
8850,Cheryl,Barrett,Hong Kong,(923)355-5252x94643,pmartinez@example.com,2025-02-17
8851,Samantha,Vazquez,Kyrgyz Republic,312.885.8831,donbowen@example.net,2025-03-07
8852,Anna,Coleman,Dominica,659.809.9796,crystal37@example.org,2022-07-25
8853,Rhonda,Ingram,Seychelles,(942)800-2243x076,kflores@example.org,2025-02-02
8854,Nina,Carlson,Niue,760.757.6348,gutierrezkaren@example.com,2023-12-30
8855,Marcus,Sullivan,Andorra,7223833469,vasquezmark@example.net,2022-02-04
8856,Cameron,Johnson,Thailand,307-941-2791x299,williamssean@example.net,2023-09-21
8857,Veronica,Beck,Brunei Darussalam,907.583.0150,jjohnson@example.com,2023-05-15
8858,Jeremy,Meyer,Azerbaijan,3449345357,xflynn@example.net,2023-02-23
8859,Matthew,Whitney,Sao Tome and Principe,(935)292-0665,casechristina@example.net,2025-09-08
8860,Caleb,Sanders,Bolivia,(642)559-1691,julierivera@example.org,2022-07-07
8861,Toni,Garcia,Georgia,+1-349-661-0702x9289,millerconnor@example.net,2023-07-08
8862,Yolanda,Allen,Tanzania,962.511.5445,amberryan@example.org,2024-04-06
8863,Danny,Gonzalez,British Virgin Islands,6728766716,gonzalezjason@example.com,2023-08-15
8864,Ellen,Rose,Brazil,389.309.0851x28866,keith63@example.org,2020-09-16
8865,Taylor,Garcia,Lebanon,+1-406-809-2047x61097,ortizdavid@example.org,2024-03-15
8866,Crystal,Conrad,Zimbabwe,(562)204-6465,nunezsharon@example.net,2021-11-30
8867,Angel,Sanders,Ireland,+1-434-924-6595x57478,jorgegriffith@example.net,2024-01-19
8868,Courtney,Johnson,Bermuda,(726)210-7313x95573,nwest@example.org,2023-07-10
8869,Monica,Simpson,Andorra,(724)538-5183x04368,stephenmoore@example.net,2020-01-24
8870,Jennifer,Fletcher,Marshall Islands,+1-607-820-5020x9442,achavez@example.org,2021-01-31
8871,Karen,Ray,Swaziland,872.868.6151x4172,lancereed@example.net,2020-07-10
8872,Michael,Richardson,Pakistan,981.975.2027x99055,cainjennifer@example.com,2022-03-08
8873,Caroline,Cruz,Sudan,7022782002,limaria@example.com,2022-10-13
8874,Candace,Hodges,Pakistan,469-488-9863x75031,jimenezadam@example.org,2021-08-28
8875,Chase,Davis,Wallis and Futuna,3387652437,torresshelby@example.net,2025-06-22
8876,Chelsea,Harrell,Aruba,5502125034,dunnmiguel@example.net,2020-11-18
8877,Christina,Smith,Niue,001-550-446-5172x6497,mark59@example.net,2026-01-03
8878,Carmen,Gates,Solomon Islands,+1-760-660-9693x0261,zachary81@example.org,2020-09-17
8879,Christopher,Ray,Congo,+1-896-266-7681,rebecca57@example.com,2023-02-21
8880,Vanessa,Brown,Gambia,417-390-3377x5109,jacksonkatrina@example.org,2020-09-26
8881,Robert,Dickerson,Nepal,(516)498-9930,andrewhenderson@example.net,2020-01-11
8882,Yvette,Ward,Guadeloupe,(965)389-1917,urowe@example.com,2021-06-13
8883,Allison,Green,Sri Lanka,+1-864-458-7524,brownsteven@example.com,2023-04-15
8884,Nancy,Weber,Uruguay,851.652.1284,tinamcdonald@example.org,2020-01-25
8885,Kaitlin,Todd,French Guiana,001-549-430-1230x02719,qelliott@example.org,2021-04-12
8886,Robert,Mcgrath,Japan,336.736.8570x450,jody39@example.org,2024-02-24
8887,Chad,Davis,Seychelles,775-851-0161x543,mdrake@example.com,2022-02-10
8888,Robin,Mcknight,Haiti,001-629-889-2817,jrusso@example.com,2021-02-18
8889,James,Carrillo,Cambodia,608-527-2234,richard07@example.org,2023-12-27
8890,Aaron,Turner,United Kingdom,001-986-686-3846x86998,tcampbell@example.net,2021-09-23
8891,Lisa,Perry,India,+1-608-376-4990,maldonadojames@example.org,2022-12-15
8892,Jamie,Richmond,Andorra,001-820-844-7801x11931,mark83@example.net,2023-08-23
8893,Kari,Baker,Turkmenistan,899-956-1344,ruizstephen@example.net,2021-11-18
8894,Nicholas,Clark,Nigeria,347.953.6728x42228,bclark@example.org,2024-10-25
8895,Mary,Wu,Gabon,001-815-202-4449x693,qcain@example.net,2021-02-18
8896,Christina,Howard,Venezuela,001-603-289-3359x31732,jason12@example.net,2022-11-17
8897,Michael,Carlson,Kuwait,7943905928,elizabeth62@example.net,2025-06-30
8898,Michael,Long,Bosnia and Herzegovina,+1-671-318-6421x5112,agordon@example.net,2022-01-12
8899,Amanda,Taylor,Niger,+1-380-413-5549x19519,derrickford@example.org,2023-03-04
8900,Thomas,Sanchez,Cameroon,433.992.1246,owenpatricia@example.com,2025-01-27
8901,Eric,Best,Belarus,001-368-351-6931x9139,wellschristine@example.com,2021-05-29
8902,Dominic,Williams,Madagascar,2537583889,lisa83@example.org,2020-08-31
8903,Kenneth,Ortiz,Yemen,814-422-1049,qboyd@example.com,2022-10-25
8904,Daniel,Ponce,Namibia,+1-386-542-4212,ashleyjohnson@example.org,2021-05-18
8905,Sierra,Munoz,Cayman Islands,001-775-608-1303x300,cassandra10@example.net,2025-08-14
8906,Edward,Beard,Benin,(811)738-5350x36265,snewman@example.com,2021-09-23
8907,Ryan,Landry,Reunion,603.691.0117x5849,simpsonelaine@example.com,2020-02-21
8908,Janet,Barker,Montserrat,+1-984-932-9658x144,simmonsnicholas@example.com,2021-08-30
8909,Robyn,Warner,Armenia,451-979-4847x5012,greenkatherine@example.net,2020-03-26
8910,Jason,Carney,Mayotte,+1-920-470-5399x837,jamie48@example.org,2024-06-10
8911,Monique,Boyer,Zambia,+1-719-713-3326x028,aprilsanford@example.net,2020-11-02
8912,Erika,Brown,Ghana,(793)262-2598x57233,scarter@example.net,2024-01-07
8913,Rachel,Mccoy,Uzbekistan,+1-376-263-4034x3924,christopher48@example.org,2023-06-17
8914,Kayla,Flores,Congo,+1-635-320-1884,alberttaylor@example.org,2021-10-26
8915,Sherry,Cruz,Cameroon,(579)577-5210x678,bakerpenny@example.com,2021-12-18
8916,James,Sanchez,Albania,(702)890-3929x28211,katie88@example.net,2025-09-04
8917,Danielle,Owen,Norfolk Island,738-708-2785x295,melissa72@example.org,2023-04-04
8918,Jimmy,Thompson,Australia,(636)470-4007,tnewman@example.net,2023-12-18
8919,Austin,Martinez,Cuba,592-873-7913x64099,dayjesse@example.org,2022-04-10
8920,Victor,Crawford,India,(313)421-1632x67208,lewiskathryn@example.com,2020-06-06
8921,Danielle,Davis,Botswana,305-316-0356x123,wfoley@example.net,2022-10-06
8922,Regina,Sanders,Pakistan,763.291.7843x85928,monique55@example.org,2020-04-19
8923,Peter,Fischer,Ecuador,(246)796-5965,collierchristopher@example.org,2020-05-29
8924,Jonathan,Harrell,Sao Tome and Principe,244.370.5968,cathy96@example.org,2020-01-07
8925,Richard,Gill,Burkina Faso,542-621-2138x4625,mcintoshalexander@example.org,2023-06-29
8926,Robert,Mcdaniel,Pitcairn Islands,372-904-7086,schneiderdestiny@example.net,2025-08-16
8927,Jeffrey,Young,Barbados,(774)851-6201x1845,sesparza@example.org,2022-11-02
8928,James,James,Cote d'Ivoire,(392)781-9553,alexanderwilliams@example.org,2023-07-16
8929,Jennifer,Wagner,Kazakhstan,349.669.3269,cabreralaura@example.com,2020-10-27
8930,Walter,Macdonald,Venezuela,504-873-5331x98160,lorihahn@example.net,2025-06-22
8931,Christine,Bright,Timor-Leste,760-675-6147x936,briana30@example.net,2021-09-29
8932,Eric,Mack,Reunion,579.615.1451x96645,riveradaniel@example.org,2020-02-08
8933,Thomas,Baker,Western Sahara,925-478-5812x2008,charlesperry@example.net,2025-04-23
8934,Christopher,Rodriguez,Kenya,+1-756-279-1714x47025,sara33@example.org,2026-03-02
8935,Nichole,White,Thailand,001-920-422-5255x5942,elizabeth14@example.org,2024-05-28
8936,Michael,Archer,Reunion,001-603-741-0718,nicole49@example.org,2020-01-01
8937,Duane,Hutchinson,France,939.436.4696,emmawright@example.org,2022-08-30
8938,Jennifer,Avila,Mayotte,(727)294-5176,connie65@example.net,2021-10-13
8939,Paula,Rose,Eritrea,357.448.9467x63199,tylerpowell@example.net,2021-09-22
8940,Tiffany,Parker,Albania,676-566-5759,susan36@example.org,2020-09-17
8941,Jeremy,Olson,French Guiana,(833)945-0515,brownbarbara@example.org,2024-12-23
8942,Jane,Hubbard,Tonga,259-740-6347,smedina@example.org,2020-01-16
8943,Lindsay,Martin,Holy See (Vatican City State),001-584-696-7162,jeromemitchell@example.org,2021-06-07
8944,Eric,Black,Andorra,001-376-867-1895x3381,clopez@example.org,2023-06-02
8945,Susan,Underwood,France,(291)743-9096,walteramber@example.org,2026-01-22
8946,Michael,Wall,Grenada,616.777.4463x9437,rosesarah@example.net,2021-05-19
8947,Maria,Lewis,Swaziland,+1-265-250-2711x079,howardwesley@example.com,2025-04-02
8948,Jeremy,Jordan,Iraq,225-252-3129,donnawilliams@example.org,2021-06-12
8949,Heather,Greene,Italy,(602)959-2797x3184,juliahall@example.com,2024-03-26
8950,Julia,Tanner,Jamaica,275.586.0997x23118,margaret84@example.org,2025-11-15
8951,Ralph,Howard,Samoa,559-702-9880,david67@example.org,2021-08-06
8952,Thomas,Ballard,Israel,001-456-553-0493,josephwilson@example.com,2023-06-09
8953,Mark,Ford,Benin,001-709-567-2558x16556,wendypeck@example.com,2025-10-05
8954,Karina,Hardy,Indonesia,(716)578-9084,phammond@example.org,2026-01-29
8955,Judith,Hunt,Saint Helena,(752)222-0132,randerson@example.org,2021-01-13
8956,Patrick,Lyons,Malaysia,268.992.4767x06656,garybaldwin@example.net,2024-12-24
8957,Margaret,Clark,Brazil,001-631-931-8422x346,vazquezjennifer@example.com,2022-03-23
8958,Christy,Crawford,Egypt,769.575.7616x5209,lauramccarthy@example.org,2020-10-10
8959,David,James,Bermuda,+1-210-702-6403x18810,wmorris@example.com,2025-03-10
8960,Cindy,Murray,Saint Helena,891-661-9070,josefoster@example.org,2023-12-22
8961,Kayla,Perkins,San Marino,250.519.7000x015,stevensnoah@example.net,2024-05-23
8962,Joe,Cox,Heard Island and McDonald Islands,001-911-305-5298x0047,lawrencelaurie@example.com,2026-02-16
8963,Jason,Medina,Puerto Rico,279-855-4950x321,hickmanbrian@example.net,2020-12-17
8964,Lisa,Petty,Haiti,+1-295-290-7117x1695,snunez@example.com,2020-01-31
8965,Heather,Mendez,Belgium,609-208-5361x318,ldavis@example.com,2024-09-14
8966,Cathy,Ortiz,Guinea,001-637-748-4678x689,robertgonzales@example.net,2024-10-06
8967,Megan,Hughes,Cocos (Keeling) Islands,001-358-717-1853,matthewjohnston@example.org,2020-04-17
8968,Matthew,Lee,Saint Helena,224.561.8779,petersonjeffery@example.net,2020-04-17
8969,Kara,Jones,Saudi Arabia,(403)569-8278x12730,elizabeth80@example.net,2022-11-05
8970,Jared,Calhoun,Myanmar,765-477-8873,ysalas@example.net,2021-09-28
8971,Brooke,Jimenez,Moldova,368.895.1474x45589,johnsmith@example.org,2021-10-04
8972,Elizabeth,Sullivan,Sweden,001-653-219-7169,lucas32@example.com,2020-11-13
8973,Christopher,Morris,Palestinian Territory,001-760-906-3382,robinsonkathleen@example.org,2021-01-17
8974,Tiffany,Clark,Sudan,001-234-599-6681x38107,diana27@example.org,2020-06-10
8975,Omar,Greene,Hong Kong,227-603-9945,yzuniga@example.net,2025-07-22
8976,Elizabeth,Gonzalez,Panama,+1-297-793-9591x4476,rangeljohn@example.com,2024-01-19
8977,Timothy,Horne,Timor-Leste,349.270.9960,michelle14@example.com,2024-12-06
8978,Eric,Weber,North Macedonia,001-776-657-0769x34149,lpadilla@example.org,2022-02-19
8979,Christopher,Flynn,Svalbard & Jan Mayen Islands,+1-465-807-3561x896,jimmymueller@example.com,2021-07-18
8980,Corey,Gutierrez,Switzerland,248.521.9997,ptownsend@example.net,2022-08-20
8981,Ashley,Davis,Nepal,448-365-9860x91811,mitchellleslie@example.net,2023-12-30
8982,Lee,Bentley,Reunion,626.310.3467,huntfrank@example.org,2020-10-20
8983,Bridget,Lee,United Kingdom,(376)881-0554x67437,reidmartha@example.com,2025-01-17
8984,Ryan,Duncan,Turks and Caicos Islands,761.526.5024,samantha69@example.org,2020-09-24
8985,Christina,Delgado,Iraq,506-636-5692,monica89@example.net,2021-02-07
8986,Mary,Flowers,Montserrat,+1-988-616-5584x0551,scottdorsey@example.net,2020-07-13
8987,Diane,Davies,Finland,(507)331-1540x1600,henryschultz@example.net,2022-09-28
8988,Melissa,Smith,Isle of Man,001-507-498-0281x29386,paulmichael@example.net,2024-12-12
8989,Olivia,Villegas,Jersey,(225)248-1799x00944,woodardchristine@example.org,2023-03-08
8990,Jennifer,Rodgers,Chad,001-480-616-1459x3719,traceybaker@example.org,2021-07-17
8991,Edward,White,Vanuatu,(440)739-5708,eric82@example.com,2021-07-28
8992,Mary,Nelson,Somalia,(247)341-8794,ijenkins@example.net,2022-08-24
8993,Elaine,Lewis,French Polynesia,001-399-314-7256x2349,kspencer@example.net,2022-11-18
8994,David,Lee,Finland,431-651-9204,brianmarshall@example.com,2024-04-18
8995,Paul,Wells,Serbia,538.412.9789x9526,hdixon@example.com,2024-05-17
8996,Kevin,Lowe,Malaysia,001-657-655-1565x9664,mitchellkelly@example.net,2023-06-06
8997,Nicholas,Garcia,Burundi,267-222-5074x8612,leahbuckley@example.org,2022-05-10
8998,Andrew,Wilson,Nepal,445.521.2047x931,washingtondavid@example.org,2022-11-29
8999,Jessica,Torres,Suriname,936-788-4659,usuarez@example.org,2024-12-09
9000,Natalie,Hill,Kiribati,(599)331-1789x69179,christinarobertson@example.org,2021-12-15
9001,Dale,Sanchez,Mongolia,600.791.6470x40478,wgarcia@example.net,2023-05-20
9002,Angela,Clark,Kiribati,569.338.6888,bowersjohnny@example.com,2024-03-15
9003,Brandon,Hubbard,Latvia,801-598-0348x33453,brittany41@example.org,2022-06-20
9004,Jane,Cox,Serbia,529-991-8821x160,reneecarroll@example.net,2023-04-03
9005,Joseph,Houston,Puerto Rico,7088935893,sherrifisher@example.org,2025-03-05
9006,Elizabeth,Jackson,Angola,299.362.7186,ellen32@example.net,2024-06-07
9007,Jeremy,Ramirez,Antigua and Barbuda,(581)237-1305x1236,johnsoncody@example.org,2022-11-27
9008,Alexander,Caldwell,Luxembourg,414-809-0568x1717,wpeterson@example.org,2023-03-26
9009,Shawn,Smith,Iraq,+1-362-339-6498x06022,erika68@example.com,2021-06-09
9010,Francisco,Fernandez,Uruguay,+1-998-518-3151x505,robert87@example.com,2020-12-03
9011,Nathan,Owens,Moldova,665.457.8847,ismith@example.net,2022-11-30
9012,Antonio,Davis,Montserrat,+1-226-921-7068x0839,julie17@example.net,2023-11-15
9013,Joseph,Brown,Tuvalu,+1-813-607-5028,stevenmartin@example.org,2026-01-14
9014,Tyler,Johnson,Barbados,001-831-708-2921x95099,jacksonjamie@example.com,2026-01-03
9015,Matthew,Smith,Solomon Islands,(743)508-9647,angelvasquez@example.net,2021-07-21
9016,Jennifer,Taylor,Qatar,9389756791,anne80@example.net,2023-10-24
9017,Heather,Mosley,Bulgaria,(771)960-8284x415,nelsonjessica@example.com,2021-07-18
9018,Debra,Maldonado,Portugal,(532)499-3681x7730,kenneth97@example.org,2023-07-27
9019,Brenda,Brooks,Uruguay,488.588.4390,tanya26@example.net,2025-10-18
9020,Pamela,Herrera,Italy,923.809.4340,diane82@example.net,2022-12-09
9021,Alexandra,Eaton,Djibouti,387-513-5242x31531,mooretaylor@example.com,2024-03-05
9022,Nancy,Bowman,Bangladesh,549-805-7033x62700,ryan45@example.com,2023-02-24
9023,Chelsea,Murray,Norfolk Island,595.484.2843x0153,amber54@example.com,2025-04-12
9024,April,Warner,Belgium,660-489-3887,joehoward@example.com,2025-08-30
9025,Sherri,Hodges,Guatemala,+1-807-692-0397x2882,elizabeth40@example.com,2020-01-08
9026,Patrick,Watkins,Nicaragua,001-808-744-5452x18258,nicholasholmes@example.org,2021-11-30
9027,Barry,Ward,Germany,+1-596-967-4942x58490,jacksonjustin@example.com,2021-06-07
9028,Timothy,Taylor,Senegal,8107969717,micheletodd@example.org,2020-09-10
9029,Patricia,Wood,Cape Verde,001-600-653-1754x4491,vchase@example.org,2023-08-31
9030,Christy,Cross,Belgium,422.881.0112,kochkevin@example.com,2025-06-30
9031,Shawna,Wilson,Cape Verde,(568)660-5952,uburke@example.net,2025-03-19
9032,Paul,Griffin,Comoros,712.439.8397x29296,kwilkerson@example.org,2021-07-15
9033,Paul,Wheeler,Tokelau,925-849-8820x8415,aaronbell@example.net,2025-03-04
9034,Nicole,Walker,Togo,001-891-406-3504x0694,fjones@example.net,2022-01-28
9035,Christopher,Meza,Anguilla,(734)859-9298,njones@example.com,2024-09-30
9036,Julie,Maynard,Fiji,001-969-511-3603x42628,bmiller@example.com,2020-07-23
9037,Joy,Baird,United States of America,+1-840-330-8344x8377,mcintoshconnie@example.net,2021-05-02
9038,Jennifer,Crosby,Swaziland,643.812.2108x38567,hooperkaren@example.com,2023-03-06
9039,Danielle,Meyers,San Marino,359.354.2365x27482,steveayers@example.net,2020-08-18
9040,Meghan,Cortez,Wallis and Futuna,(313)301-7845x39088,vanessalewis@example.org,2025-03-13
9041,Monica,Morris,Libyan Arab Jamahiriya,698.628.7010x62418,leesara@example.com,2021-03-11
9042,Angela,Walker,Ireland,001-372-298-1968x1518,amy00@example.net,2024-03-26
9043,Norman,Cooper,Niger,+1-783-200-7036x972,thomasfrye@example.com,2025-11-08
9044,Michelle,Brady,Uganda,6606720187,claytonrangel@example.com,2022-11-02
9045,Karen,Obrien,Costa Rica,642-226-9109,smithjon@example.org,2025-10-29
9046,Wendy,Cochran,Mali,001-253-843-4847x702,mchan@example.com,2024-11-21
9047,Julie,Cook,Netherlands Antilles,001-315-791-5931x778,catherine93@example.org,2020-03-30
9048,Timothy,Palmer,Mayotte,+1-628-944-6675x46344,scottmegan@example.net,2021-04-27
9049,Taylor,Brooks,Guinea,609.765.8389x064,montgomeryjessica@example.com,2025-03-26
9050,Robert,Strickland,Namibia,+1-697-397-6432x0394,tammyrobbins@example.org,2023-04-13
9051,Zachary,Lee,Cameroon,755-303-1328x9047,farmergerald@example.com,2024-04-17
9052,Helen,Franklin,Cambodia,8734575726,anthony94@example.net,2022-12-22
9053,Michael,Dickerson,Kiribati,(695)776-6359x2059,benjaminalexander@example.com,2022-08-10
9054,Joshua,Smith,Austria,(307)828-5980,cbartlett@example.net,2023-02-19
9055,Krista,Lee,Turkey,(286)356-7673,morgan26@example.com,2026-02-18
9056,Lisa,Ryan,India,678.899.2043,bbautista@example.org,2025-11-15
9057,Kelly,Ramos,Guatemala,+1-977-732-7926x21347,hoodjack@example.net,2024-01-28
9058,Allison,Bryan,China,739-599-9717,cynthia87@example.net,2021-04-05
9059,David,Jones,Kyrgyz Republic,963-617-1017x8021,laurie65@example.net,2024-09-11
9060,Deborah,Santiago,Uruguay,(670)658-7035x8249,ericlynch@example.org,2024-05-16
9061,Tara,Ellis,Oman,(371)395-5672,bartlettmichael@example.net,2021-10-24
9062,William,Green,Hong Kong,001-653-803-1050x15379,heather21@example.org,2022-08-25
9063,Brian,Pitts,Mexico,8879936813,hernandezsean@example.org,2025-11-15
9064,Antonio,Moreno,Finland,364.751.9526,phillip37@example.org,2020-07-01
9065,Kevin,Leon,Saint Vincent and the Grenadines,(439)780-3627,ihowell@example.com,2025-02-15
9066,Charlotte,Sanchez,Martinique,370.409.5648,danielduran@example.net,2020-07-15
9067,Jennifer,Holmes,Moldova,+1-764-525-8533x257,kbarber@example.net,2021-02-03
9068,Derrick,Ellis,Indonesia,+1-389-308-2294x716,bakerfred@example.com,2020-09-05
9069,Chloe,Andrews,Italy,(682)246-9064x03959,fharris@example.org,2025-06-10
9070,Erica,Watson,Korea,(893)952-5983x2894,ericadunn@example.net,2021-03-03
9071,Anthony,Jones,Afghanistan,+1-726-834-2073x618,romeroblake@example.net,2023-12-30
9072,Christina,Allen,Japan,+1-587-698-9262,maynardscott@example.net,2022-11-17
9073,Amy,Martinez,Czech Republic,+1-573-852-1473x5284,mmyers@example.com,2022-06-16
9074,Emily,Hall,Andorra,(893)496-6848,peggy35@example.com,2023-03-02
9075,Jason,Thompson,Singapore,(790)365-6403,fmiller@example.com,2021-08-30
9076,Connie,Fernandez,Burkina Faso,001-205-655-1936x34399,james32@example.org,2024-05-05
9077,Brett,Mcmillan,Saint Barthelemy,001-318-651-6371x82009,shaneherman@example.org,2020-06-14
9078,Heather,Johnson,Madagascar,385.844.9444,ballpaul@example.org,2023-06-28
9079,James,Cooper,Luxembourg,001-248-351-3345x08708,parkerheidi@example.com,2021-09-16
9080,Brandon,Martinez,Moldova,566-928-2563,kellydanielle@example.net,2022-03-24
9081,Jeremy,Wade,Spain,213-971-5034,stephenking@example.net,2021-12-05
9082,Barbara,Powell,Svalbard & Jan Mayen Islands,614-241-5254,priscilla87@example.org,2025-09-16
9083,Mark,Hernandez,Martinique,+1-362-658-2609x1957,chelseaevans@example.net,2026-02-25
9084,Gloria,Klein,Qatar,+1-997-689-7943x08579,cwood@example.net,2025-05-07
9085,Morgan,Dennis,Djibouti,(652)220-5603,jenningselizabeth@example.net,2020-03-08
9086,Kelli,Pierce,Chile,3288610148,gmendoza@example.com,2021-05-02
9087,Alexis,Delgado,Heard Island and McDonald Islands,776.213.6053,jonestaylor@example.com,2023-11-09
9088,Richard,Greer,France,229-457-0385x8972,meganmartin@example.com,2023-01-31
9089,Jennifer,Murray,Christmas Island,+1-378-842-2619,cathywilliams@example.net,2022-10-05
9090,Victoria,Young,Lesotho,790.427.0000,kenneth83@example.net,2020-03-14
9091,Jennifer,Gutierrez,Syrian Arab Republic,(652)214-9662x1508,ireynolds@example.org,2023-11-30
9092,Jeffery,Williams,Ecuador,315-995-6904x26699,jwilson@example.org,2025-02-25
9093,Alyssa,Foster,North Macedonia,786-518-2147x50130,reneebishop@example.com,2023-04-17
9094,Anthony,Scott,Norway,(231)302-8556,rchapman@example.org,2023-06-20
9095,Andrea,Adams,San Marino,+1-425-439-0721x88476,vsmith@example.org,2020-07-09
9096,David,Maynard,Norfolk Island,+1-847-875-9910x542,carterpamela@example.com,2020-05-28
9097,John,Walter,Nepal,(722)361-5455,natalie87@example.com,2023-08-04
9098,Corey,Mccann,Mozambique,(520)270-8346,ramirezjeffrey@example.net,2022-09-09
9099,Susan,Davis,Tokelau,609-394-3206x72561,michael69@example.org,2020-10-07
9100,Kelly,Hughes,Canada,(468)600-6830x21935,jensentina@example.org,2024-07-30
9101,Mike,Curtis,Bulgaria,6693044360,murraymakayla@example.com,2020-03-24
9102,Melissa,Baker,South Africa,001-873-337-2051x158,kristinebowman@example.org,2023-02-16
9103,Garrett,Allen,Nigeria,+1-973-626-5129x21202,richard74@example.com,2023-12-19
9104,Megan,Smith,Kyrgyz Republic,390.800.6887x2458,nicole95@example.org,2021-02-15
9105,Erin,Nielsen,New Zealand,581.921.6493,jeremy36@example.org,2023-10-06
9106,Karen,Gonzalez,South Georgia and the South Sandwich Islands,409-829-0663x19014,marquezkimberly@example.org,2024-07-22
9107,Benjamin,Graham,Namibia,939-687-6786x552,amywelch@example.org,2023-11-16
9108,Dennis,Smith,Kyrgyz Republic,657-372-4485,autumn46@example.org,2022-05-13
9109,Jessica,Gutierrez,Martinique,(418)976-7477,richardbuchanan@example.com,2024-12-30
9110,Richard,Dunlap,Barbados,(605)970-3404,brucegeorge@example.net,2025-03-14
9111,Cynthia,Sandoval,Bhutan,(571)893-1099,elizabethburgess@example.org,2022-01-06
9112,Kerri,Davidson,Libyan Arab Jamahiriya,(733)715-1142x43166,kgibbs@example.org,2020-10-28
9113,Karen,Bryan,Gambia,+1-767-361-2387x9871,javier61@example.com,2025-05-08
9114,John,Lambert,Senegal,001-867-621-0504x160,ismith@example.org,2025-12-17
9115,Elizabeth,Berger,Netherlands Antilles,231.504.5680x22425,gregory29@example.com,2023-01-13
9116,Jason,Green,Trinidad and Tobago,+1-966-456-5477,matthew44@example.org,2020-11-19
9117,Autumn,Noble,Nicaragua,001-365-541-4175x224,melissafernandez@example.net,2022-10-30
9118,Jamie,Dalton,Marshall Islands,(693)968-6579x476,diane07@example.com,2025-01-12
9119,Michelle,Joseph,Guinea,321-266-3788,cindy32@example.org,2020-12-22
9120,Angela,Livingston,Poland,001-511-581-0331x5745,ericcameron@example.com,2024-09-03
9121,Carl,Clarke,Qatar,001-388-267-6073x326,kathryngrant@example.org,2022-08-18
9122,Deborah,Ashley,Nauru,(516)793-2104x04747,mgonzales@example.org,2020-03-07
9123,Victoria,Gray,Bhutan,001-527-644-2614x5910,alison92@example.com,2023-03-16
9124,Jeffrey,Rogers,Lao People's Democratic Republic,419.645.9544x707,martinpaula@example.org,2023-06-03
9125,Justin,Cowan,Poland,815-889-7125x10968,lwilliams@example.org,2024-04-27
9126,Jeffrey,Martinez,Kuwait,001-247-569-4605,mobrien@example.com,2024-04-09
9127,Brian,Bailey,Czech Republic,565.555.7777x34546,xgay@example.com,2024-12-04
9128,Claire,Craig,Russian Federation,001-444-401-2616x635,travis98@example.org,2024-03-01
9129,Melissa,Benton,Argentina,882.351.5536,rileyralph@example.net,2026-02-26
9130,Larry,Richards,Falkland Islands (Malvinas),+1-709-401-7607,russellrobert@example.net,2024-06-19
9131,Jason,Bird,Rwanda,754.256.9372x36188,kennethhoward@example.net,2024-03-06
9132,Dennis,Turner,Anguilla,(607)475-9036x358,shannonsantiago@example.net,2021-12-27
9133,Jasmine,Oneal,Senegal,+1-953-870-5950x564,elizabeth51@example.net,2025-10-08
9134,Amanda,Richardson,Martinique,(680)728-5382x2315,richard66@example.net,2020-08-02
9135,Taylor,Davis,United States Minor Outlying Islands,001-990-681-1628x7317,fgreen@example.com,2024-11-17
9136,Melinda,Booker,Kuwait,379-667-5128x6543,diazeric@example.net,2024-07-31
9137,Pamela,Johnson,Gambia,(368)395-6003,tjacobs@example.com,2020-01-09
9138,Charles,Sparks,Saint Vincent and the Grenadines,341.875.9241x083,miranda48@example.net,2021-05-06
9139,Sheena,Miller,Croatia,7925790327,richardhuang@example.net,2022-07-16
9140,Shannon,Lane,Switzerland,001-280-534-0850,gregorymorton@example.org,2025-06-01
9141,Robin,Thompson,France,577.485.9158x4990,xsmith@example.net,2022-02-07
9142,Zachary,May,Bosnia and Herzegovina,(791)258-4635x200,wellsjohn@example.com,2024-02-03
9143,Summer,Crawford,Mauritius,(571)612-7712,javierhernandez@example.com,2020-03-21
9144,Kevin,Cardenas,Paraguay,001-813-817-3847,jacksonsara@example.org,2025-05-13
9145,Kimberly,Martinez,Korea,(447)638-2648x799,walter26@example.net,2020-07-16
9146,Sharon,Huffman,Montenegro,(344)861-6306,kevin79@example.com,2022-12-10
9147,Brittany,Cooper,Niue,375.341.8335x390,brittany10@example.com,2020-11-20
9148,Angela,Winters,Puerto Rico,(249)339-5561x547,hannah02@example.net,2024-12-19
9149,Lori,Dickerson,Belarus,(356)431-4062,mary80@example.com,2026-01-12
9150,Thomas,Jordan,Uruguay,812.878.6449x62962,obrown@example.org,2020-04-19
9151,Natalie,Keller,United States Virgin Islands,+1-457-291-1583x4017,michaeljones@example.net,2023-01-13
9152,Sean,Guzman,Slovakia (Slovak Republic),852-379-6542,clarkvictoria@example.com,2021-06-23
9153,Thomas,Barry,Spain,337-689-2965,edwardscheryl@example.com,2022-10-31
9154,Ashley,Cole,Netherlands Antilles,001-496-280-7891x81046,bakermorgan@example.net,2025-11-26
9155,Christopher,Terry,Saudi Arabia,288.564.3118x9151,stonemelissa@example.com,2023-10-27
9156,Jorge,Smith,Christmas Island,+1-358-274-5963x118,calvinprice@example.com,2021-04-30
9157,Daniel,Bell,San Marino,001-608-261-2214x83874,stephendavis@example.net,2024-12-01
9158,Arthur,Nichols,Mozambique,001-316-602-6670,uhamilton@example.com,2022-04-25
9159,Melissa,Gray,Egypt,(655)728-8062x1165,richard24@example.net,2022-12-21
9160,Benjamin,Cox,Syrian Arab Republic,424.642.7468x1537,gloria25@example.com,2024-07-01
9161,Patricia,Hays,Finland,9616798377,amber82@example.net,2021-07-19
9162,Daniel,Harris,Montserrat,(346)981-6372,patricia87@example.com,2021-06-14
9163,Ryan,Brown,Antigua and Barbuda,888.377.8979,jennifergreene@example.com,2023-12-21
9164,Michael,Barnes,Egypt,(548)704-9983,zcarey@example.com,2024-04-12
9165,Lawrence,Daniels,Niue,(210)466-6861x440,lynnhubbard@example.com,2022-10-30
9166,Joe,Lee,Tuvalu,536-504-6631x5640,mitchellkaren@example.net,2026-01-22
9167,Andrea,Smith,Nepal,540.238.0699x4164,jeanne33@example.com,2026-01-21
9168,John,Marshall,Cuba,001-727-472-9793,danielsnyder@example.org,2022-12-26
9169,Pamela,Bowman,Chile,(372)487-0245,laura88@example.com,2022-02-22
9170,Amanda,Reynolds,Guinea-Bissau,609.347.3061x84388,mdalton@example.org,2020-01-21
9171,Patricia,Fox,Haiti,8114828804,cthompson@example.com,2025-01-19
9172,Katie,Green,Armenia,9467093127,tammiechandler@example.org,2023-12-09
9173,Ashley,Wheeler,Malta,492-665-7489x63986,nealcaitlin@example.net,2020-04-11
9174,Brian,Martinez,Italy,+1-230-791-8746x68252,keithwatts@example.org,2020-03-25
9175,James,Miller,Palestinian Territory,+1-777-945-9243x9694,hayneswilliam@example.net,2026-02-20
9176,Patrick,Thomas,Luxembourg,+1-357-311-4918x5971,dcohen@example.net,2020-01-31
9177,Christine,Bond,United States Minor Outlying Islands,5376795357,joneskatherine@example.net,2024-10-29
9178,Carol,Martin,Oman,515.944.1901,wilsonkathryn@example.com,2024-05-25
9179,Michele,Cunningham,Morocco,540.692.7156x85886,wreyes@example.org,2022-12-26
9180,Justin,Foster,Trinidad and Tobago,756.409.4727,ssmith@example.net,2020-06-25
9181,Teresa,Page,Argentina,984.451.7356x4772,heidiporter@example.com,2020-06-15
9182,Amy,King,Seychelles,(260)259-9857x4967,wallsjose@example.com,2020-01-24
9183,Adam,Cross,Svalbard & Jan Mayen Islands,2288535825,nicolegreene@example.net,2020-03-17
9184,Mark,Casey,Canada,+1-226-754-4967,amyandersen@example.net,2020-01-25
9185,David,Bailey,Kyrgyz Republic,+1-549-896-0231,vdixon@example.com,2020-09-11
9186,Christina,Hamilton,Reunion,253.505.7787,david32@example.org,2024-04-11
9187,Thomas,Wood,Turkmenistan,(278)978-4912,marisa89@example.net,2024-04-03
9188,Patrick,Wilkerson,New Caledonia,(605)248-8066,juliaharper@example.org,2021-03-20
9189,Russell,Salinas,Guinea-Bissau,(589)405-1907x1322,joycehurley@example.org,2023-03-04
9190,Nathan,Williams,Brunei Darussalam,477.817.0398x33145,anthonyolson@example.com,2022-10-26
9191,Samantha,Hill,Belgium,398.465.8249,ricejoseph@example.org,2023-06-24
9192,Jennifer,Robertson,Solomon Islands,(684)711-0889,ucampbell@example.net,2022-03-30
9193,Garrett,Christian,Brunei Darussalam,+1-925-637-7075,arusso@example.org,2022-04-25
9194,Olivia,Rodriguez,Liberia,(316)839-3004x4066,christinawallace@example.net,2022-05-07
9195,Michael,Fuentes,Saudi Arabia,+1-931-948-4437,rodney63@example.org,2024-08-28
9196,Antonio,Hopkins,Jordan,7405995274,amanda19@example.com,2022-07-15
9197,Thomas,Nunez,Sao Tome and Principe,001-828-870-1649x262,bryantamanda@example.org,2021-07-24
9198,Savannah,Owens,Antigua and Barbuda,360.446.3527x81512,brandon35@example.com,2021-02-10
9199,Michelle,Foster,Mali,5518712137,roblesnicholas@example.com,2024-08-14
9200,Joseph,Russell,Namibia,392-542-8808,xperez@example.net,2025-03-29
9201,Nathan,Friedman,Dominica,+1-508-227-0904,davilatimothy@example.org,2025-03-07
9202,Lisa,Wheeler,Greece,+1-441-355-5513x0427,angela84@example.org,2020-05-05
9203,Christopher,Benson,Tuvalu,(754)647-7473x7142,kaylee73@example.org,2022-12-03
9204,Cristina,Hernandez,Cape Verde,8929825125,rhodesrichard@example.org,2026-02-28
9205,David,Foster,Cocos (Keeling) Islands,(939)767-0924x23626,matthew41@example.com,2021-07-22
9206,Robert,Hart,United States Minor Outlying Islands,978.308.6047x842,elizabeth11@example.org,2022-11-24
9207,Tabitha,Lee,Nigeria,(961)777-0762x40179,williamsdustin@example.org,2025-12-05
9208,Erin,Young,Indonesia,001-595-465-5482x73256,kkelly@example.org,2023-08-09
9209,Bryan,Rivera,Saint Vincent and the Grenadines,+1-687-859-3823x28185,garzamatthew@example.com,2021-03-04
9210,Bryan,Greene,Rwanda,320-254-6164x88382,larabarbara@example.net,2023-03-24
9211,Eric,Munoz,Belarus,334-367-0530,ashley74@example.org,2021-01-03
9212,Kimberly,Levy,Bangladesh,+1-229-445-9071,davidmcguire@example.org,2023-04-24
9213,Sandra,Avila,United Arab Emirates,+1-883-661-3233x3724,meghannolan@example.net,2020-01-17
9214,April,Clayton,Trinidad and Tobago,+1-339-364-6460x5358,idavidson@example.net,2024-06-12
9215,Jason,Brooks,Thailand,748-264-1773x6877,shannonbowen@example.com,2020-09-24
9216,Kyle,Wells,French Guiana,+1-550-901-2750,vphillips@example.net,2025-09-10
9217,Jennifer,Austin,Syrian Arab Republic,3758358448,cynthiablackburn@example.com,2022-08-12
9218,Jeffrey,Blake,French Polynesia,(971)527-7408x73222,traci30@example.org,2025-11-06
9219,Michael,Sanders,Ireland,381.834.1925,qortega@example.net,2021-03-15
9220,Jesus,Brown,Jersey,(217)918-1388,iadams@example.net,2020-10-18
9221,Jonathan,Wright,Malawi,001-754-511-1802x9267,hannahmunoz@example.org,2024-03-23
9222,Michael,Anderson,Uruguay,001-774-709-1831,kcastillo@example.org,2023-06-05
9223,Kelly,White,Saint Helena,343.846.2456x4886,jcole@example.com,2022-06-19
9224,Johnny,Bean,Cyprus,942.381.9832x9802,grahamlisa@example.com,2025-06-26
9225,Mark,Combs,Swaziland,+1-287-941-9028,madeline86@example.net,2022-12-07
9226,Rebecca,Barr,Norfolk Island,001-350-281-7345x91566,vwalter@example.org,2021-02-13
9227,Jacqueline,Wang,Qatar,873-930-4690,gabriela08@example.net,2020-03-14
9228,Evan,Howell,Germany,750-461-2254,kevincarroll@example.com,2023-03-15
9229,Scott,Shelton,Austria,(244)318-7597x2587,waltermitchell@example.com,2020-10-19
9230,Jessica,Austin,Cook Islands,223-785-7305x20044,jeffreynguyen@example.net,2022-05-26
9231,Ashley,Page,Lesotho,001-336-575-7024x9651,barbarabradshaw@example.net,2021-06-05
9232,Debra,Boyd,Holy See (Vatican City State),415-987-0724,chris98@example.net,2024-07-19
9233,Susan,Williams,Afghanistan,419.608.4454,patricia89@example.org,2022-10-02
9234,John,Turner,Bahamas,+1-565-661-7972x8434,lcarney@example.org,2025-10-14
9235,Marissa,Smith,Greenland,851.357.7049x84915,lynchjames@example.org,2025-01-27
9236,Don,Barrett,Kiribati,634-773-0295,patricia56@example.net,2023-10-16
9237,David,Miller,Finland,001-564-393-2906x70483,sheparderik@example.net,2025-07-31
9238,Sydney,Jordan,Guam,3762755415,bakermary@example.org,2023-05-12
9239,Carol,Barnett,Saint Kitts and Nevis,(985)350-1267,ashleymccoy@example.org,2020-09-03
9240,Nathan,Miller,Ukraine,001-763-591-5229x03406,williamstina@example.com,2024-06-09
9241,Jacqueline,Soto,Swaziland,001-213-215-3501x15618,richardschultz@example.net,2020-06-04
9242,Jordan,Peterson,Ukraine,(472)204-2912x22712,smithtimothy@example.org,2025-05-15
9243,Philip,Johnson,Spain,759-391-5973,veronicafoster@example.net,2021-09-15
9244,Mark,Martin,Ukraine,725-224-9098,whiterobert@example.org,2024-11-19
9245,Ashley,Terry,Christmas Island,(311)795-0410,fmyers@example.net,2022-10-23
9246,Charles,Webb,Mongolia,757.309.0202,orozcolori@example.org,2022-04-09
9247,Randy,Pearson,Lesotho,(328)776-2455x851,perezdonna@example.com,2022-11-08
9248,Nathan,Hoffman,Morocco,(979)738-9251x685,pwilliams@example.net,2021-09-27
9249,Christina,Murray,Venezuela,(864)571-9318,nsimmons@example.com,2022-09-03
9250,Tara,Marks,Tonga,3775943539,darinkoch@example.org,2023-04-12
9251,Timothy,Mata,Brunei Darussalam,595-954-2917x9239,dchang@example.com,2023-03-12
9252,April,Ward,Tuvalu,001-717-678-6811x1801,hartandrew@example.net,2021-10-10
9253,Anthony,Hopkins,Pakistan,224.849.5630x0358,debrawong@example.net,2022-08-29
9254,Kimberly,Bautista,Iraq,838.453.9968x140,lisahernandez@example.net,2025-04-23
9255,Laurie,Jimenez,Turkmenistan,843.560.8587x764,julieconner@example.org,2021-06-10
9256,Ashley,Davis,Russian Federation,(955)630-7533x5457,kristinmoon@example.org,2020-08-19
9257,Robert,Cruz,Bosnia and Herzegovina,784.771.6243x500,anthonymejia@example.net,2022-12-03
9258,Rebecca,Thomas,Saint Vincent and the Grenadines,559-677-3920,waltermiranda@example.org,2022-06-30
9259,Ann,Knight,Romania,001-875-832-3180x655,jaime57@example.com,2025-08-27
9260,James,Warren,Sudan,618.732.3622x449,rachelcollins@example.com,2021-10-01
9261,Joseph,Williams,Gabon,380.635.9493x42998,kellywalton@example.net,2024-11-06
9262,Megan,Clark,Kazakhstan,241.743.5691x594,gzhang@example.com,2023-05-25
9263,David,Ballard,Honduras,001-794-454-3447x69665,jesse52@example.org,2022-08-19
9264,Kelly,Patel,Israel,7415032898,ericmurphy@example.net,2020-04-24
9265,Kayla,Martin,American Samoa,+1-836-922-4930x872,hendersondawn@example.org,2022-09-14
9266,Kyle,Lowery,Chile,001-756-477-4259x8138,omorgan@example.net,2024-10-27
9267,Michelle,Morris,Australia,645-675-5742x62896,smithdakota@example.net,2025-08-18
9268,David,Mccarty,Poland,2302846979,steven73@example.com,2024-10-29
9269,Mason,Jacobs,Austria,(856)870-1233,keithmoore@example.org,2020-09-01
9270,Carlos,Williams,Brunei Darussalam,(403)301-2214,churchmelissa@example.net,2021-12-04
9271,Michael,Johnson,Zambia,874-360-0241,aliciagutierrez@example.com,2025-05-04
9272,Kenneth,Barber,Zambia,001-988-692-1762x424,kglenn@example.org,2023-06-13
9273,Robert,Sanchez,Korea,407-304-0397x38888,greenvictoria@example.org,2023-04-18
9274,Scott,Martinez,Hungary,001-360-980-5579x30570,vvargas@example.org,2020-04-20
9275,Brenda,Miller,Djibouti,+1-469-488-7265x633,toddjoanna@example.net,2021-05-13
9276,Scott,Rollins,Spain,(388)329-5981,daniellerobles@example.com,2024-03-24
9277,Cameron,Wiley,Paraguay,+1-847-715-9869x8405,hannahmcdonald@example.net,2020-01-11
9278,William,Hawkins,Mali,+1-710-336-5836x801,estespeter@example.org,2024-10-26
9279,Christopher,Reeves,United States of America,5813134027,garymontgomery@example.com,2020-07-23
9280,Anthony,Bell,Congo,+1-825-220-0596x92983,charleshoffman@example.org,2023-04-28
9281,Carla,Oneal,Saint Kitts and Nevis,+1-537-682-4907x471,julie22@example.org,2020-07-15
9282,Crystal,Lewis,Benin,(273)871-5297x512,jeremymartinez@example.com,2024-02-27
9283,Justin,Hicks,Serbia,+1-676-572-1360x71457,danielsheppard@example.net,2026-01-03
9284,Lauren,Gonzalez,Ukraine,+1-922-594-6824x83052,oparks@example.org,2022-12-09
9285,Ana,Holder,Gibraltar,997-874-7569x0477,smithandrew@example.org,2021-05-30
9286,Valerie,Brown,Sierra Leone,930-747-8989x210,andrewsdouglas@example.com,2023-09-03
9287,Amber,Dunn,Kyrgyz Republic,001-942-452-8238,christopher55@example.com,2025-03-23
9288,Ronnie,Kemp,French Polynesia,001-689-665-5847x9820,mendezjulie@example.com,2022-03-30
9289,Ryan,Scott,Senegal,7732447622,gyork@example.com,2023-12-11
9290,Anthony,Johnson,Antigua and Barbuda,001-304-479-2451x2238,pgraham@example.org,2025-10-30
9291,Ronald,Flores,French Southern Territories,661-380-5601x9150,ulee@example.org,2022-07-19
9292,Dawn,Hopkins,Madagascar,482-793-3236,rileycourtney@example.org,2020-07-29
9293,Samantha,Fox,Bosnia and Herzegovina,001-872-366-6454x626,melaniejones@example.com,2026-01-07
9294,Jennifer,Kirk,Svalbard & Jan Mayen Islands,373.772.2919x327,aperry@example.org,2024-12-26
9295,Meghan,Griffin,Niue,(706)325-1730x13937,tina12@example.net,2022-05-14
9296,Amy,Watson,Barbados,001-241-724-1965x5477,anthony17@example.org,2023-10-16
9297,Angela,Reed,Lithuania,+1-503-238-9275x5305,matthewsnancy@example.org,2022-10-03
9298,Jason,Reeves,Haiti,758-514-5520x815,goodemily@example.org,2026-01-11
9299,Lisa,Chan,Western Sahara,369.599.4743x69748,thompsonlinda@example.org,2024-03-31
9300,Melissa,Smith,Reunion,(750)352-5502,william85@example.org,2024-02-06
9301,Michael,Wall,Dominican Republic,+1-912-583-5754x98332,uhill@example.com,2022-08-29
9302,Alex,Taylor,Sudan,876-664-5210,sharon02@example.org,2023-12-19
9303,Christian,Werner,Israel,+1-455-920-0130x94994,mwells@example.net,2022-10-06
9304,Matthew,Lewis,Pitcairn Islands,001-430-938-1020,austin45@example.org,2025-11-04
9305,Amanda,Cannon,Samoa,(311)902-1222,diane58@example.com,2022-10-16
9306,Victoria,Norman,Norway,490.569.2008x237,gibsonsamantha@example.com,2021-05-21
9307,Stephanie,Blake,Malawi,001-740-623-6663x730,tcruz@example.net,2021-04-01
9308,Justin,Bates,Mauritius,(449)570-7488x8516,deborahwilliams@example.net,2026-03-08
9309,Gerald,Smith,Guinea-Bissau,609-471-3916x10223,ortizoscar@example.org,2024-05-16
9310,Sarah,Payne,Antigua and Barbuda,3516261709,joeljennings@example.com,2021-09-26
9311,Jocelyn,Harris,Seychelles,2764664463,shawnacraig@example.com,2020-05-28
9312,Jennifer,Singleton,Monaco,973-882-4462x93970,amyward@example.org,2023-12-27
9313,Michael,Moore,United Arab Emirates,+1-504-497-9294,cameronbailey@example.net,2022-04-13
9314,Keith,Moreno,Cambodia,4984808599,petercook@example.com,2022-10-20
9315,Stephen,Ellis,Georgia,(837)774-1407,kgonzalez@example.org,2022-09-08
9316,Christopher,French,Belgium,619-272-9255x03862,marissastanley@example.net,2025-06-01
9317,Scott,Davis,Saint Lucia,(257)257-0430x054,scott66@example.com,2023-05-16
9318,Patrick,Arnold,Sweden,969.831.6433x463,jason68@example.net,2024-02-13
9319,Tammy,Alexander,Germany,(575)926-0883x1264,clarkjason@example.org,2023-05-04
9320,Robert,Roberts,Sierra Leone,904-202-4302x63575,odawson@example.org,2020-01-08
9321,Carolyn,Fuentes,Cambodia,942-698-4226,gklein@example.net,2024-10-24
9322,Stephanie,Cohen,Israel,(806)648-9454,ehicks@example.net,2020-10-10
9323,Jason,Harrison,Pitcairn Islands,294-741-1928,michael66@example.org,2021-02-15
9324,Cindy,Allen,Ecuador,983.845.0949x7651,jacquelinehaynes@example.net,2020-04-15
9325,Jeffery,Lopez,Haiti,774-408-2125x14519,keithhobbs@example.net,2021-03-13
9326,Alan,Jones,Finland,907-957-1547,jamesstokes@example.net,2022-10-17
9327,John,Mata,Hungary,286.802.5856,julie32@example.org,2024-09-18
9328,Randy,Wright,Somalia,+1-246-229-6914x619,westcharles@example.org,2021-08-28
9329,Pamela,Cunningham,Congo,368-587-3871x093,richardsonmarcus@example.com,2020-07-08
9330,Kara,Perkins,Marshall Islands,001-641-226-1692x257,summersphilip@example.com,2024-04-01
9331,Angel,Woods,Botswana,001-847-725-5137x21294,darrylhuang@example.net,2025-02-27
9332,Rodney,Gross,Algeria,835.406.9354x640,davidcurtis@example.net,2025-12-08
9333,Miranda,Bryant,Uzbekistan,540-503-1083x248,austincallahan@example.com,2022-01-10
9334,Beth,Cooper,Canada,001-549-898-3996x084,ambermacias@example.org,2020-07-02
9335,Amy,Cabrera,Poland,(515)266-4930,gcole@example.net,2024-01-19
9336,Kevin,Phillips,Iceland,719.386.7060x363,pbrock@example.org,2024-12-14
9337,Oscar,Reid,Namibia,530.201.3103x3260,anthonyrichardson@example.org,2024-07-03
9338,Charles,Hurst,Brazil,(982)853-1151x5505,emilyperez@example.org,2025-07-07
9339,Samantha,Davis,Eritrea,820-287-2942,hhall@example.org,2020-06-15
9340,Steven,Cantu,Guam,001-964-633-0400x39744,leantonio@example.net,2024-05-06
9341,Jason,Wilson,Seychelles,789-469-1025x70582,mmurray@example.com,2023-08-19
9342,Amanda,Eaton,Maldives,205-915-9757x087,hjacobson@example.org,2022-01-10
9343,Albert,Hardy,Honduras,814.662.2084x2023,heathernorton@example.com,2021-03-06
9344,Jennifer,Barnes,United States Minor Outlying Islands,001-816-693-3053x14698,cgray@example.com,2021-11-07
9345,Elizabeth,Hodges,Heard Island and McDonald Islands,787.726.9834,ariasapril@example.org,2022-11-29
9346,Carrie,Garza,Cape Verde,+1-435-796-4010x8329,jeff93@example.com,2024-06-07
9347,Lori,Bass,Estonia,001-995-420-9390x32903,lisa77@example.org,2024-11-06
9348,Mark,Simmons,Botswana,(633)732-9661x13473,eric60@example.com,2022-06-22
9349,Anne,Church,Qatar,+1-978-999-2992x39585,vjackson@example.net,2023-02-04
9350,Brittany,Bush,San Marino,879-920-5307x73082,tiffanymckay@example.net,2021-07-18
9351,Michelle,Adams,Barbados,(463)857-1988x708,qdelacruz@example.com,2020-04-28
9352,Maria,White,Portugal,899.616.0793x6126,robert68@example.org,2020-12-31
9353,Matthew,Brown,Guinea-Bissau,(362)268-6029x8599,katherine24@example.net,2022-09-04
9354,Rachel,Wyatt,Australia,+1-779-628-7739x277,timothyking@example.com,2020-08-21
9355,Sandra,Brown,Israel,669.916.5327x700,philipstone@example.net,2021-12-30
9356,Deborah,Hunter,Congo,261.379.8301,timothy01@example.org,2022-06-19
9357,Briana,Gilbert,Egypt,263.819.5255,kelsey23@example.org,2023-10-04
9358,Dakota,Ramirez,Egypt,(696)461-4513,shelby55@example.org,2020-10-14
9359,Shirley,Acevedo,Vietnam,(402)802-6142x044,melvin55@example.net,2020-12-31
9360,Jack,Macias,Kyrgyz Republic,+1-697-388-1107x942,hproctor@example.org,2022-03-27
9361,Stephanie,Pacheco,Kiribati,495.782.9637,halewilliam@example.com,2022-11-24
9362,Kathryn,Taylor,Suriname,792.465.5477x4546,kcopeland@example.org,2023-05-12
9363,Christine,Schwartz,Montenegro,987.477.4874,barbaraoneill@example.net,2020-08-03
9364,Valerie,Gray,Seychelles,759-563-2123x19588,kevinlopez@example.com,2020-11-13
9365,Diane,Ballard,Georgia,+1-750-834-1346,josephdurham@example.com,2021-10-03
9366,Robert,Torres,Uzbekistan,001-279-696-8969x238,davisaaron@example.net,2023-05-05
9367,Sue,Martinez,Guatemala,(361)469-3584,xwatson@example.com,2025-01-09
9368,Brandon,French,Israel,794-429-7847,mccarthycurtis@example.org,2025-09-12
9369,Ashley,Davis,Malawi,(634)747-9567x60455,ruthharris@example.com,2021-05-02
9370,Eric,Green,Togo,376-289-5012,pittmanwayne@example.com,2024-07-10
9371,Robert,Williams,Malawi,(950)714-1006x60810,tammyhenry@example.org,2025-06-03
9372,Erik,Hebert,Morocco,780-280-2906,thompsonmelanie@example.com,2023-02-20
9373,Dennis,Reynolds,Panama,4928445737,floresdrew@example.com,2025-03-24
9374,Danielle,Thornton,Comoros,327.944.4171,adam50@example.net,2025-08-12
9375,Kelly,Zhang,Hong Kong,(576)824-6819x5054,stevegarner@example.org,2024-10-10
9376,Jessica,Vargas,Armenia,417.994.0169x495,miguel17@example.com,2024-02-10
9377,Tanya,Atkins,Netherlands,3193944705,xsandoval@example.com,2025-05-12
9378,Paul,Rosales,Morocco,8559571069,allisonmyers@example.org,2021-11-19
9379,Dale,Pitts,Hungary,593.387.1691x01423,shannon85@example.net,2024-09-16
9380,Brian,Williams,Cyprus,(580)443-1488x4345,hortonmatthew@example.org,2024-10-31
9381,Michelle,Powell,Saint Martin,(793)901-3451,michael35@example.org,2020-01-16
9382,John,Diaz,Saint Helena,(482)842-7611x68523,ehenderson@example.com,2021-08-31
9383,Jason,Cooper,Tajikistan,(667)280-5251x78488,leechristine@example.net,2023-06-05
9384,Nichole,Owens,Saint Lucia,776.708.5813x8913,thompsonkevin@example.com,2021-06-27
9385,Michael,Franklin,Ethiopia,874.894.1345x152,tcastro@example.org,2025-08-19
9386,Jennifer,Stout,Macao,+1-518-228-3443x789,agardner@example.net,2024-06-14
9387,Tyrone,Norris,Bahamas,677-944-8229x7461,michael13@example.org,2025-05-28
9388,Danielle,Williamson,Romania,389-360-9401,mgarza@example.com,2022-11-04
9389,Anthony,Harris,Slovenia,+1-255-879-3925x340,xjohnson@example.org,2025-07-21
9390,Lisa,Washington,Palau,001-327-293-1015x99202,whitetyler@example.net,2024-04-08
9391,Brandon,Phillips,Belarus,829-790-6103x977,diazwendy@example.org,2022-09-17
9392,Linda,White,Slovakia (Slovak Republic),+1-208-203-3420x4173,bakerjennifer@example.org,2026-02-26
9393,Amy,Robles,Netherlands,001-561-805-5549,mayererik@example.net,2024-09-09
9394,Erin,Watkins,Syrian Arab Republic,(231)477-5419x77823,dixonmary@example.org,2024-06-22
9395,David,Richmond,Mauritania,551.792.8643x31729,matthew29@example.net,2021-05-21
9396,Timothy,Gross,Mauritius,(735)549-5780x2032,kimberlyjohnson@example.org,2022-02-05
9397,Danielle,Hughes,New Caledonia,001-465-351-2547x5445,wolfwendy@example.com,2020-07-13
9398,Dawn,Mcintosh,United Arab Emirates,921-584-3689x832,samanthawelch@example.org,2020-10-09
9399,Jeffrey,Sullivan,Poland,+1-734-243-7332x20105,robinnguyen@example.org,2021-03-19
9400,Robert,Tran,Bulgaria,+1-342-699-5702,daniel16@example.com,2026-02-09
9401,Jon,Thomas,Netherlands,5398721625,xbailey@example.net,2025-05-04
9402,Adrienne,Rice,Mali,3947702595,johnbailey@example.org,2020-03-11
9403,Michael,Walters,North Macedonia,001-391-436-6284x47441,rachelwebb@example.org,2020-02-26
9404,Meagan,Mitchell,Saint Vincent and the Grenadines,305.706.0600,allen44@example.com,2021-09-18
9405,Lydia,Lynch,India,8619692457,olsenolivia@example.org,2022-05-24
9406,Deborah,Adams,Monaco,9955531386,astevenson@example.com,2023-04-23
9407,Christina,Keith,Korea,8602139098,vellis@example.com,2024-10-21
9408,John,Li,Saint Lucia,+1-447-889-1013x2572,ashleylawrence@example.com,2021-05-28
9409,Tyrone,Bradley,Monaco,(904)541-6804x45396,valentinejulie@example.com,2020-03-05
9410,Elizabeth,Frazier,Burkina Faso,(998)738-5012x936,williamwaters@example.net,2023-07-26
9411,Jason,Shaw,Vietnam,275-403-3180x3805,dcole@example.org,2025-01-07
9412,Justin,Edwards,Uganda,569.252.0586x0678,michaelmunoz@example.com,2025-07-08
9413,Michael,Allen,Bolivia,8913748630,ginamyers@example.net,2026-02-27
9414,Ricardo,Hill,Marshall Islands,+1-757-810-2953,hernandezdevin@example.net,2022-12-30
9415,Kirk,Hill,Slovakia (Slovak Republic),412.265.8158,kristen27@example.com,2021-01-31
9416,Kenneth,Ortiz,Kuwait,+1-275-983-0983x9394,eric71@example.net,2022-04-09
9417,Peter,Martinez,Malta,915.303.0521,alicialuna@example.com,2022-09-19
9418,Mitchell,Richardson,Peru,(662)529-7644x648,amytaylor@example.org,2025-09-12
9419,Timothy,Campbell,Zimbabwe,+1-396-601-8848x199,ayalamark@example.org,2022-01-21
9420,Leon,Cortez,Congo,880.573.4996x55113,thomas79@example.org,2024-04-15
9421,Theresa,Williams,Rwanda,(826)359-1103x5957,kenneth50@example.net,2021-09-11
9422,Michael,Thompson,Thailand,(546)773-8864x753,sherry50@example.com,2025-04-02
9423,Laura,Jackson,Brazil,646.980.7342x8413,thompsonsavannah@example.com,2020-04-03
9424,Rhonda,Fitzgerald,Bermuda,+1-351-982-3054x1639,christine17@example.com,2022-10-24
9425,Mason,Wilson,Pitcairn Islands,+1-970-919-7164x331,emckay@example.net,2022-06-08
9426,Katie,Ryan,Ireland,001-283-583-1778x96591,michellejones@example.com,2022-08-17
9427,Kimberly,Graham,India,(530)891-6071x9770,pattoncrystal@example.com,2021-09-17
9428,Amanda,Garcia,Macao,403-310-6914,harrisdavid@example.com,2021-09-02
9429,Steven,Watson,Papua New Guinea,(274)649-1417,jared76@example.com,2023-11-10
9430,Sydney,Evans,Kiribati,7059187452,craigmoore@example.net,2023-12-21
9431,Nicholas,Hebert,Saint Lucia,001-290-276-7571,christopher14@example.org,2020-05-13
9432,Ashley,Joyce,United Kingdom,+1-437-775-4550x601,scottlogan@example.com,2022-12-01
9433,Christine,Benson,Mali,518.883.6180x33588,charles15@example.net,2021-08-04
9434,Stephanie,Jones,Malawi,9909904419,alyssa62@example.com,2020-10-02
9435,Travis,Miller,Papua New Guinea,385.846.5030,zchurch@example.net,2024-06-14
9436,Jessica,Munoz,Cape Verde,677-242-2940,zmurphy@example.net,2021-02-24
9437,Riley,Lopez,Zambia,(419)923-6168,vthomas@example.com,2020-01-29
9438,Laura,Hudson,Faroe Islands,995-371-0417,qdavis@example.net,2025-10-12
9439,Jennifer,Daniels,Swaziland,300.838.3652,rachel21@example.org,2025-07-15
9440,Carol,Young,Zimbabwe,(234)727-6549x8500,michael04@example.com,2025-10-09
9441,Jeremy,Rowe,Pakistan,345.783.4662,jeremy70@example.org,2020-06-28
9442,Megan,Russo,United States Virgin Islands,(310)382-2410x6211,vvalencia@example.com,2021-05-21
9443,Danielle,Jimenez,Samoa,598-598-9968x288,katieallison@example.com,2020-10-11
9444,Albert,Moran,Cameroon,657.344.2147x0031,christophercarter@example.com,2023-01-23
9445,Matthew,Strickland,Saint Martin,+1-511-463-8959,spencerkennedy@example.com,2024-08-30
9446,Kyle,Rivas,Uzbekistan,503-808-1175,iweaver@example.com,2021-11-14
9447,Susan,Dawson,Afghanistan,315-612-4366x0845,josephmoreno@example.com,2023-04-06
9448,Carl,Phillips,Bahrain,001-255-941-4621x3790,donna78@example.org,2021-03-25
9449,Robert,Parker,Dominican Republic,715.883.0154x4494,samuel64@example.net,2023-05-10
9450,Diana,Espinoza,Svalbard & Jan Mayen Islands,464.523.7485,grahamdonald@example.net,2025-12-24
9451,Maureen,Henderson,Slovenia,620-291-6178x6579,laurafletcher@example.net,2020-02-16
9452,Diane,Benitez,Tokelau,001-397-796-8995x01349,angelasandoval@example.net,2023-12-18
9453,Erica,Jones,Germany,001-494-593-2758x91029,nathanielle@example.org,2022-10-15
9454,Steven,Mendoza,Uruguay,951.356.8007,christianlawrence@example.net,2024-01-20
9455,Lisa,Le,Morocco,481.439.7082x23497,kathleen35@example.com,2020-11-05
9456,Frank,Drake,Yemen,5478625579,garygraves@example.org,2023-07-19
9457,Nicole,Olson,Vanuatu,001-549-869-9804x96891,fosterelizabeth@example.net,2022-02-26
9458,Kathryn,Kramer,Kenya,+1-772-734-3088,ahenderson@example.net,2024-04-19
9459,Wesley,Ferguson,Djibouti,937-937-7385,zharrison@example.org,2021-02-25
9460,Michael,Fitzgerald,Congo,(315)232-6833x82969,vcurtis@example.com,2023-10-31
9461,Mark,Marquez,Philippines,852.415.3275x4375,justin76@example.net,2022-06-09
9462,Logan,Barton,Haiti,001-888-324-6320x740,hgeorge@example.org,2024-10-04
9463,Derek,Gibson,Grenada,(597)246-1554x907,johnsonsylvia@example.org,2021-07-20
9464,Andrew,Garcia,Vanuatu,001-819-560-9718,twoods@example.com,2021-06-20
9465,James,Hansen,Zambia,670-786-0926x92164,sanchezbrittany@example.com,2026-01-13
9466,Bianca,Savage,Holy See (Vatican City State),739.440.5227x7858,blanchardclarence@example.net,2021-08-23
9467,Ryan,Nguyen,Uruguay,682-415-5366x61713,valenciatimothy@example.org,2021-04-08
9468,Amber,Leon,Latvia,001-614-512-2048x78695,pbowman@example.org,2020-04-04
9469,Rachel,Lopez,Saint Vincent and the Grenadines,+1-382-874-4254x003,michaelyoung@example.org,2020-05-05
9470,Steven,Hayden,Ukraine,(792)858-7298x9029,qallen@example.com,2022-01-06
9471,Jason,Baker,Mauritania,775.543.5131,psanford@example.com,2023-03-18
9472,Krista,Vaughn,Israel,885.883.8790x5817,jgoodwin@example.org,2024-05-30
9473,David,Bird,Nigeria,+1-338-865-5921,swilliams@example.net,2024-10-03
9474,Christine,Wade,Angola,(379)330-8859,matthew89@example.org,2025-02-05
9475,Thomas,Allison,Honduras,317-758-6999,owenscindy@example.org,2024-03-22
9476,Nicole,Powers,Burkina Faso,317.285.1042,weberamber@example.net,2022-06-10
9477,Douglas,Scott,Cameroon,+1-433-635-3791x2870,arieltrevino@example.org,2021-09-18
9478,Justin,Harris,Hong Kong,001-531-862-1311,bradley29@example.com,2023-07-12
9479,Jennifer,Cunningham,Swaziland,493-363-4598,janet33@example.org,2023-08-25
9480,Michelle,Hanna,Japan,(684)339-6163,cynthia11@example.org,2020-01-18
9481,Philip,Williamson,El Salvador,001-858-494-6231,andrefrederick@example.net,2023-06-18
9482,Ashley,Owens,Peru,7838289459,travis84@example.net,2020-02-09
9483,Victor,Stevens,Cape Verde,450.863.0872,nicole75@example.com,2021-06-25
9484,Kylie,Sampson,Saint Helena,001-942-233-4852x2678,nicolegraves@example.org,2024-02-16
9485,Kevin,Gonzalez,Mozambique,950.575.6450x680,salinasmark@example.com,2020-03-04
9486,Brian,Chaney,Montenegro,738-548-8844x389,toni45@example.net,2022-08-29
9487,John,Leon,Tanzania,(351)299-5922x40572,zramirez@example.org,2021-02-13
9488,James,Jimenez,Bahrain,(707)456-8161,iboone@example.org,2025-11-09
9489,Tiffany,Bautista,Marshall Islands,856-805-3100,dsanchez@example.com,2021-12-23
9490,Robin,Johnston,Suriname,001-404-897-8753x731,jamesgaines@example.com,2023-12-30
9491,Juan,Johnston,Central African Republic,001-333-573-7610x6575,xkennedy@example.net,2023-05-04
9492,Mitchell,Cross,Mauritania,+1-257-917-7409x4537,arogers@example.org,2020-01-21
9493,Karen,Winters,United States Virgin Islands,223.206.9159x75882,cassandrajohnston@example.net,2021-03-29
9494,Stephanie,Smith,Finland,2294861350,flopez@example.net,2024-12-16
9495,Zachary,Gutierrez,Australia,+1-533-602-7546x606,thester@example.net,2022-02-24
9496,James,Ward,Martinique,+1-514-518-1516x42544,adam63@example.net,2024-11-04
9497,Tommy,Hunter,Mauritius,(681)716-4035,yrice@example.net,2020-12-19
9498,Dylan,Acosta,Guernsey,591-667-1700x25358,annphillips@example.org,2025-07-10
9499,Stacie,Wong,Cook Islands,001-515-955-3618x416,alewis@example.net,2021-11-27
9500,Faith,Murillo,Micronesia,001-262-500-4115x463,cschultz@example.net,2021-06-14
9501,Daniel,Thomas,Martinique,647-758-0061x15883,matthewdavis@example.net,2023-03-21
9502,Peter,Morgan,Western Sahara,674-579-5065x1989,gharvey@example.org,2024-03-06
9503,Michael,Escobar,Martinique,523.729.0170,raybrandon@example.net,2022-01-01
9504,Steven,Moyer,Czech Republic,001-215-615-8184x48258,fcalderon@example.net,2023-08-30
9505,Steven,Steele,Solomon Islands,001-367-586-9173,debramathews@example.com,2025-07-14
9506,Lauren,Garner,North Macedonia,001-397-415-3321x1436,sabbott@example.com,2021-03-02
9507,Victor,Grant,El Salvador,536.976.9513x096,samanthataylor@example.org,2024-05-25
9508,Samantha,Wilson,Saint Pierre and Miquelon,786.549.7258x4891,tapiacurtis@example.org,2020-08-04
9509,Debra,Mitchell,Saudi Arabia,(330)876-0028x21626,justin63@example.net,2021-03-29
9510,Corey,Pennington,Turkey,538.299.7341,scott02@example.net,2020-03-23
9511,Sarah,Russell,Gabon,462.329.2416,pcook@example.org,2020-05-02
9512,Kelsey,Perez,Nicaragua,293.596.3587x4589,harrisbailey@example.org,2021-04-02
9513,Michelle,Rios,Angola,001-877-625-2107x92502,mmiller@example.org,2022-08-01
9514,Melissa,May,Christmas Island,274-442-8685x79117,williammartinez@example.net,2022-12-09
9515,Marco,Turner,South Georgia and the South Sandwich Islands,822.529.8374x701,andrea08@example.com,2024-07-01
9516,Sandra,Hensley,Mozambique,5272598156,pwagner@example.org,2021-11-12
9517,Amber,Mcdaniel,Belarus,469-675-4781x87120,james10@example.com,2024-01-20
9518,Wanda,Montgomery,Israel,9616723499,amy85@example.org,2025-07-06
9519,Dorothy,Bartlett,Belize,892-883-3266x8919,pricebrandy@example.net,2020-03-06
9520,Patricia,Hubbard,Indonesia,(470)217-8269x1861,april23@example.net,2022-04-08
9521,Karen,Contreras,Tuvalu,3938656483,audrey97@example.net,2020-01-06
9522,David,Clayton,French Polynesia,937.687.6795x34580,sarahpeterson@example.net,2020-01-04
9523,John,Escobar,Morocco,519.726.4334,torreskristin@example.net,2024-09-14
9524,Jessica,Larson,Djibouti,001-879-991-8757x42875,frank59@example.org,2020-04-12
9525,Jennifer,Myers,Congo,400-729-0582x9686,paynenicole@example.com,2023-10-20
9526,Tamara,Yang,French Polynesia,(643)325-4351,michelle89@example.net,2021-02-10
9527,Deborah,Davis,Austria,001-441-448-0853,sandersmichael@example.org,2025-02-22
9528,Robert,Evans,Tokelau,873-577-1234,kayla63@example.net,2022-03-03
9529,Ashley,Garner,Panama,001-304-791-3750x01771,leslie48@example.com,2025-10-15
9530,Laurie,Caldwell,Guatemala,285.719.4955x872,cristina02@example.org,2021-05-08
9531,Meagan,Mendoza,Nigeria,+1-571-471-6989,cclark@example.net,2024-04-09
9532,Gail,Johnston,Burundi,797.940.3145x974,dholmes@example.com,2021-06-23
9533,Bridget,Porter,Monaco,6176700381,cheryl16@example.net,2024-12-05
9534,William,Gomez,Portugal,001-780-203-6019,gabrielmcmahon@example.net,2022-06-07
9535,Steven,Rodriguez,Zambia,001-752-992-1938,nicole50@example.com,2024-05-23
9536,Jason,Williams,Maldives,(606)516-7713,rdavis@example.org,2022-02-02
9537,Jacob,Weber,Venezuela,+1-345-757-3199,nmendoza@example.net,2024-06-15
9538,Patrick,Chang,Heard Island and McDonald Islands,(280)610-5728x10206,kimberlymckinney@example.com,2024-11-05
9539,Tracy,Bates,Netherlands,944-723-6911x5165,vincentmartinez@example.org,2021-01-03
9540,Jason,Black,Tokelau,(807)235-6518x90851,xchapman@example.com,2021-02-02
9541,John,Pena,Cocos (Keeling) Islands,+1-743-731-6560x6410,rodrigueztheresa@example.net,2024-08-03
9542,Darryl,Williams,Somalia,(747)979-3823x2232,jeremy92@example.com,2025-05-07
9543,Shawn,Turner,Saint Pierre and Miquelon,353.240.6493,youngjessica@example.org,2021-12-06
9544,Norma,Chambers,United States Minor Outlying Islands,(867)249-1107x7346,pmartin@example.org,2023-04-21
9545,Carrie,Harrington,Anguilla,+1-647-367-8568,scottolson@example.org,2022-04-17
9546,Lisa,Stevenson,Paraguay,001-343-720-1454x046,jacqueline05@example.com,2024-12-23
9547,Travis,Jones,Macao,001-749-650-8881,bethanydunn@example.com,2021-07-08
9548,Michael,Montes,Saint Martin,764-743-5569x28471,wilsonrobin@example.com,2023-08-16
9549,Holly,Smith,Tunisia,914-338-5737x93699,xcraig@example.com,2023-09-18
9550,Lawrence,Wagner,Taiwan,789.450.3694x2307,susan10@example.org,2021-04-16
9551,Linda,Freeman,Falkland Islands (Malvinas),001-704-511-8704x245,alexisjohnston@example.org,2023-03-30
9552,George,West,Saint Helena,(678)828-3659x68779,gonzalesjeffrey@example.org,2022-05-19
9553,Donna,Bullock,Falkland Islands (Malvinas),286-541-4125x91336,crystal23@example.com,2022-05-11
9554,Brianna,Cochran,Nigeria,4467482482,katherine40@example.org,2022-06-20
9555,Christina,Reed,Tuvalu,518.355.4477,rebecca55@example.net,2023-01-05
9556,Daniel,Buchanan,Costa Rica,798.593.1194,rodney09@example.net,2024-09-14
9557,John,Jones,Brazil,981-740-3029,samantha75@example.com,2023-12-14
9558,James,Blevins,Swaziland,985-581-3726,charles39@example.com,2021-08-27
9559,Travis,Adams,New Caledonia,564-204-7558,uvincent@example.com,2023-12-29
9560,Curtis,Evans,Marshall Islands,+1-692-986-6745x83937,hoodkeith@example.org,2025-06-01
9561,Kayla,Brown,Senegal,(255)546-5315x31319,hooverdeborah@example.org,2022-02-17
9562,Anna,Melton,Greenland,475-570-7414x6577,stacy52@example.org,2022-08-30
9563,Donald,Hunt,Saudi Arabia,756.243.0527x70760,carlaliu@example.org,2023-06-30
9564,Nicholas,Byrd,Armenia,(345)275-5988x69713,jenniferlopez@example.org,2024-11-15
9565,Nicole,Santana,Anguilla,+1-892-817-2666x995,jbest@example.com,2025-11-09
9566,Randall,Garcia,Falkland Islands (Malvinas),001-988-267-0709,denisemcpherson@example.org,2020-08-27
9567,Jessica,Blair,Czech Republic,+1-337-783-2010x562,bdawson@example.com,2023-12-31
9568,Colin,Lopez,Cape Verde,001-381-509-6758x73416,frazierkatrina@example.org,2025-05-06
9569,Cassandra,Newman,Kuwait,+1-911-753-7423,jennifer68@example.com,2021-09-01
9570,Richard,Waters,Nicaragua,001-841-983-8143x792,joneskatie@example.com,2024-03-01
9571,Matthew,Lloyd,Kazakhstan,+1-800-442-2963x160,whitechristine@example.net,2020-02-15
9572,Colleen,Chung,Bangladesh,6943900617,fbrewer@example.com,2022-08-07
9573,Ashley,Moore,Kazakhstan,2462928676,kelly17@example.com,2020-06-30
9574,Sara,Griffin,Belgium,001-732-337-4796,kevin10@example.org,2024-08-18
9575,Jeffery,Estes,Saint Vincent and the Grenadines,(844)734-4995,jacobtravis@example.net,2025-02-04
9576,John,Taylor,Paraguay,924.722.4077,meyerdanielle@example.com,2022-12-28
9577,Daniel,Walton,Croatia,996.677.7315,enelson@example.com,2023-09-12
9578,Deborah,Cunningham,Pitcairn Islands,+1-911-689-9320,robertsonrobin@example.org,2023-01-15
9579,Sean,Martin,Antarctica (the territory South of 60 deg S),+1-335-540-2687x4895,richard79@example.org,2024-07-30
9580,Craig,Vincent,Dominica,(540)542-6591x2525,riverabruce@example.org,2025-06-21
9581,Andrea,Hendrix,El Salvador,(219)477-5224,laurenwyatt@example.net,2021-05-15
9582,Jane,Hill,British Virgin Islands,944-956-8367x03111,juarezrachael@example.org,2022-04-26
9583,Ryan,Stanley,Sierra Leone,+1-505-693-8043x47303,priceaustin@example.org,2025-11-23
9584,David,Hart,Montserrat,728.845.0004,mcintoshmargaret@example.org,2022-04-23
9585,Laura,Ho,United Kingdom,+1-548-566-5611x0458,fordjason@example.com,2024-01-26
9586,Lindsey,Clayton,Cook Islands,001-280-395-1929,riceeric@example.net,2022-02-13
9587,Michael,Espinoza,Bouvet Island (Bouvetoya),485.710.0465x1482,ustephens@example.com,2021-05-13
9588,Michael,Crane,Lesotho,(209)237-5572x96717,nicholas95@example.org,2025-01-10
9589,Aaron,Grant,French Southern Territories,402-534-7332x00365,kyle08@example.net,2021-07-10
9590,Christopher,Golden,South Georgia and the South Sandwich Islands,(665)247-6865,ibuckley@example.com,2024-05-24
9591,Bradley,Tucker,Trinidad and Tobago,(387)836-3061x982,phyllis66@example.com,2023-12-11
9592,Darlene,Anderson,Nauru,456.534.0419x8744,gary01@example.com,2025-03-23
9593,Joseph,Baxter,Oman,+1-945-675-1943,matthewdelgado@example.net,2024-01-28
9594,Henry,Black,Montserrat,(645)402-7922x44792,linda13@example.org,2023-06-23
9595,Ashley,Smith,Nepal,(897)669-9317,jasmineburnett@example.org,2021-07-31
9596,Hector,Sanchez,Guam,604-993-4189,robert56@example.net,2024-08-31
9597,Rebecca,Wells,Taiwan,768.840.7856x43729,mbarrett@example.org,2025-09-10
9598,Maria,Sexton,Hungary,+1-722-578-1823x211,athomas@example.net,2025-01-13
9599,Donna,Jackson,Heard Island and McDonald Islands,609-409-4554x7933,alvarezjohn@example.net,2025-05-04
9600,Tanya,Snow,Tokelau,915-797-9435,kaitlynwhite@example.com,2026-02-13
9601,Dale,Garza,Austria,(628)682-0059,thomaslauren@example.net,2024-04-17
9602,Jared,Li,Montenegro,001-390-587-4169x448,xrobinson@example.com,2020-02-05
9603,Angela,Franklin,Lao People's Democratic Republic,8029756666,evanskeith@example.com,2024-01-31
9604,Christina,Walker,Georgia,001-920-414-0893x6519,victor15@example.com,2025-04-22
9605,Natasha,Irwin,Serbia,430-669-0483,turnercraig@example.org,2022-10-20
9606,Daniel,Davis,Bouvet Island (Bouvetoya),8653455540,william00@example.org,2021-09-28
9607,Charles,Gonzales,Korea,+1-671-407-0010,tina41@example.net,2020-11-20
9608,Elizabeth,Watkins,Gabon,001-845-528-9390,tammycole@example.org,2023-07-27
9609,Stephanie,Holland,Anguilla,8537616495,dwood@example.com,2020-03-11
9610,Nicholas,Smith,Reunion,001-503-466-3182x29270,taylordavid@example.org,2022-11-17
9611,Melinda,Johnson,New Zealand,(889)238-2099x0222,whitekatherine@example.org,2022-07-07
9612,Micheal,Alvarez,French Southern Territories,607-599-3305x888,toni02@example.net,2022-08-30
9613,Brian,Boyle,Ireland,+1-883-449-5161,aaronfrazier@example.com,2020-01-16
9614,Daniel,Kane,Myanmar,947-603-4047x83815,awilson@example.com,2025-08-25
9615,Alexandra,Christensen,Nicaragua,949-915-2965,sharon81@example.net,2025-10-29
9616,Kenneth,Evans,Mauritius,+1-547-770-1422x7835,sara21@example.net,2025-12-09
9617,Ashley,Lopez,Libyan Arab Jamahiriya,+1-491-686-3719x52017,gardnereric@example.com,2023-01-22
9618,Joseph,Fleming,Anguilla,(617)795-2241x16620,jlester@example.com,2020-08-08
9619,Hailey,Smith,Argentina,373.452.4194,mike68@example.com,2025-01-21
9620,Guy,Murray,Colombia,292.853.1831x271,sanchezanna@example.com,2023-03-07
9621,Brian,Anderson,Tunisia,+1-216-679-7536x2794,sueschmitt@example.org,2024-03-09
9622,Jenny,Atkinson,India,375.855.2590,lmoody@example.com,2025-03-31
9623,Vincent,Jones,Somalia,253.769.9782x248,warnerbreanna@example.com,2026-02-24
9624,Lisa,Pittman,Saudi Arabia,734-611-2504x9090,darren35@example.org,2023-11-01
9625,Robert,Oliver,Russian Federation,736-322-8527x74944,darylfreeman@example.net,2022-01-15
9626,Jonathan,Hernandez,Madagascar,637-737-4031x24083,allison01@example.net,2026-01-07
9627,Jesus,Weber,Latvia,(513)945-8248,leealyssa@example.org,2022-01-23
9628,Jackson,Larsen,Albania,576-334-0741x3404,michael48@example.com,2026-01-04
9629,Jacob,Dorsey,Falkland Islands (Malvinas),(867)447-1604x3148,michaelhaas@example.com,2022-09-01
9630,Christopher,Herrera,Senegal,+1-841-487-7292x20375,simmonsdonald@example.net,2020-11-30
9631,Anne,Bass,Haiti,001-704-312-4067x8075,daniel69@example.org,2024-07-12
9632,Jeffrey,Graves,India,(801)684-0142,jenniferhunter@example.net,2023-09-24
9633,Ronald,Thornton,Lao People's Democratic Republic,(204)947-1056x928,roachwhitney@example.com,2026-01-28
9634,Linda,Yang,Australia,001-662-457-9837,sherimyers@example.com,2021-11-30
9635,Joy,Lee,Liberia,(204)383-7823,tranmelissa@example.net,2025-10-31
9636,Erik,Dunlap,Myanmar,204-805-2886x1363,aflowers@example.net,2025-03-04
9637,Peter,Watkins,South Africa,+1-495-936-2285x81046,fernandezsarah@example.net,2023-02-07
9638,Carolyn,Waters,Comoros,577.939.6728,graytammy@example.com,2020-02-07
9639,Donna,Ramirez,Kuwait,864-303-7872x12159,obolton@example.org,2024-11-08
9640,Roger,Jarvis,Afghanistan,8855227259,millerdanielle@example.net,2020-04-26
9641,Matthew,Knapp,Grenada,(551)765-6736x9358,washingtonjonathan@example.org,2025-07-04
9642,Jennifer,Lane,Congo,(747)314-1920x17068,kevin54@example.net,2021-11-27
9643,Dan,Smith,Senegal,001-543-381-2806x4878,bmitchell@example.com,2025-06-16
9644,Taylor,Warner,Burkina Faso,927-730-2373x6505,gschneider@example.org,2025-09-13
9645,Cindy,Walls,Congo,931.953.0053x273,jeremiahrivera@example.org,2024-04-20
9646,Jacob,Cruz,Syrian Arab Republic,001-757-744-7337x027,diane63@example.com,2026-01-30
9647,Jesse,Oconnor,Ethiopia,(437)263-5585,jennifersnyder@example.org,2022-08-28
9648,Michelle,Mahoney,Belize,+1-633-841-9011x08693,thomas23@example.com,2021-01-29
9649,Matthew,Roberts,Antigua and Barbuda,731.718.0631x70834,qbarry@example.org,2022-03-08
9650,Megan,Scott,Dominican Republic,(557)473-4939x58845,miguel90@example.net,2023-01-07
9651,John,Brock,Gabon,208.540.0357,amy15@example.com,2023-01-11
9652,Jessica,Flores,Tunisia,(335)452-7457x342,thomasjohn@example.org,2023-08-30
9653,Jessica,White,French Polynesia,672-353-0961x432,helengray@example.net,2025-02-08
9654,Jonathan,Hogan,Syrian Arab Republic,001-501-860-8850x7254,mitchelllori@example.org,2022-01-29
9655,Tammy,Clark,Namibia,+1-828-994-9310x0826,meghangray@example.org,2024-04-02
9656,Michael,Pope,British Indian Ocean Territory (Chagos Archipelago),+1-957-688-2687x827,garciaalicia@example.com,2025-05-21
9657,James,Brown,Lithuania,+1-336-876-6452x5450,rbrown@example.net,2023-02-05
9658,Christina,Woods,Norway,576.746.1598,krausemichele@example.net,2020-09-25
9659,Taylor,Rosales,Bangladesh,+1-838-412-1011x2828,donovanjennifer@example.org,2023-11-11
9660,Sonya,Robinson,Serbia,864.262.7772x3592,fnichols@example.net,2024-04-20
9661,Shannon,Thomas,Argentina,+1-288-445-4541x5220,amanda46@example.net,2022-11-10
9662,Cathy,Fleming,Swaziland,+1-299-901-4900,wrightkelsey@example.net,2020-07-24
9663,Maria,Sims,Luxembourg,831.455.5990,cschmidt@example.net,2022-07-13
9664,David,Aguilar,Bulgaria,727.462.9451x529,fparks@example.org,2023-07-01
9665,Karen,Vargas,Norway,848.612.5689x0586,joelawrence@example.com,2023-02-26
9666,Douglas,Wyatt,Burundi,+1-524-239-1598x04636,fergusonkristin@example.net,2022-09-18
9667,Bradley,Bailey,Niger,(494)387-9875,terri02@example.com,2020-10-03
9668,Scott,Austin,Papua New Guinea,001-712-725-0009x64962,zfields@example.net,2023-08-27
9669,Curtis,Ho,Latvia,973-729-5109,michaelking@example.com,2020-04-17
9670,Brandi,Olsen,Cuba,320-726-0035x11992,tfowler@example.net,2024-01-26
9671,Sara,Smith,Iceland,001-613-267-9891x167,thompsonsarah@example.net,2025-06-09
9672,Dale,Pruitt,China,(632)333-2868x1145,monica54@example.com,2020-09-19
9673,Charles,Cruz,Ghana,526-896-5576x058,collinsjessica@example.com,2022-06-15
9674,Kevin,Jacobs,Switzerland,214.804.7435x69414,wilsonnathan@example.org,2025-04-14
9675,Connie,Hanson,Burkina Faso,(972)372-6691,alexander19@example.org,2021-12-08
9676,Susan,Pierce,Turkmenistan,001-336-976-0040x350,juarezdavid@example.org,2025-08-17
9677,Laura,Alvarado,Central African Republic,508-573-6366x216,alexandra51@example.org,2022-10-15
9678,Amber,Sweeney,Namibia,8687583542,emily82@example.org,2024-12-17
9679,Edward,Martinez,Dominican Republic,+1-667-808-4954x25914,sacevedo@example.org,2025-12-09
9680,Darlene,Vargas,Colombia,001-679-328-6235,oscar29@example.net,2020-12-04
9681,Brenda,Powell,Bulgaria,+1-913-504-2964x5727,miranda59@example.net,2024-06-16
9682,Isaiah,Casey,Djibouti,7187244024,williamstiffany@example.net,2025-05-08
9683,Lauren,Smith,Heard Island and McDonald Islands,784.791.1564,brittney39@example.net,2020-05-02
9684,Sarah,Bush,South Georgia and the South Sandwich Islands,550.290.5102,hphillips@example.org,2025-11-26
9685,Steve,Fry,Angola,(426)616-2510x7063,zwilliams@example.net,2024-12-15
9686,Robert,Edwards,Vietnam,322.775.1255x119,baileysteven@example.org,2021-02-23
9687,Michelle,Lester,Gibraltar,(299)448-4942x6970,brett17@example.com,2024-07-13
9688,Miranda,Torres,Jamaica,001-860-510-4595,ijackson@example.com,2020-07-07
9689,Joanna,Campbell,Suriname,001-200-333-6176x30427,lmorales@example.net,2022-01-14
9690,Thomas,Miller,Myanmar,+1-277-915-0888,christina62@example.net,2022-08-02
9691,Brandy,Farmer,Sri Lanka,849.754.6185x08560,brendaarnold@example.net,2021-04-29
9692,Vanessa,Smith,Kuwait,+1-519-968-2029x09546,mccoywendy@example.net,2025-12-16
9693,Martha,Gomez,Ecuador,+1-450-242-4175,rogersjenna@example.org,2022-09-02
9694,Anthony,Lee,Hong Kong,507-301-0367x711,jessicakemp@example.com,2021-02-27
9695,Paul,Shields,Kenya,001-293-831-5378x5122,brittneylee@example.org,2022-11-02
9696,David,Daniels,Guadeloupe,944-596-8977,hlee@example.org,2025-12-12
9697,Michelle,Haas,Pitcairn Islands,6708786071,brownjames@example.net,2021-02-07
9698,Natalie,Griffith,Trinidad and Tobago,+1-989-211-6447x33529,michael62@example.com,2020-02-13
9699,Mark,Scott,Turkey,829-289-0296x902,julie96@example.com,2023-05-13
9700,Veronica,Allen,Benin,400-753-5585x9882,psoto@example.com,2025-05-29
9701,Alyssa,Graves,Korea,+1-254-521-8307x97510,tdelgado@example.com,2024-11-30
9702,Kristin,Wells,Solomon Islands,(438)406-0148,edward91@example.net,2023-09-20
9703,Brandi,Swanson,Russian Federation,658.390.1682x8734,moorejoyce@example.org,2022-03-01
9704,Ricky,Gordon,Malta,+1-813-452-9117x0317,hectorfitzpatrick@example.com,2020-11-06
9705,Carol,Vang,Rwanda,949.215.7077x115,tristan29@example.net,2022-05-18
9706,John,Gregory,Isle of Man,521.474.4619,ibarrakaylee@example.org,2024-07-19
9707,Amanda,Thompson,Luxembourg,833.685.2211x25179,donald10@example.net,2025-03-11
9708,Natalie,Hernandez,Colombia,822-394-9088,taylorlisa@example.org,2021-09-07
9709,Steven,Yang,Christmas Island,001-996-487-8875,rmata@example.com,2022-07-21
9710,Jason,Taylor,Korea,001-669-616-8771x4328,caldwelljason@example.net,2021-03-07
9711,Dawn,Keller,Grenada,001-338-961-8567x6664,diazamy@example.org,2023-12-09
9712,Linda,Parker,Cuba,001-637-514-9641x6534,bhull@example.com,2022-10-11
9713,Evelyn,Massey,Dominica,866-619-2706x19819,msalazar@example.net,2025-03-18
9714,Lindsay,Ortega,Norfolk Island,902.926.3615x56809,williamsalexis@example.com,2021-09-28
9715,Angie,Thomas,Vietnam,+1-507-575-3337x4457,john33@example.org,2024-11-11
9716,Jimmy,Savage,Iran,758-650-2734,james45@example.org,2023-12-26
9717,William,Davis,Trinidad and Tobago,603.545.7787x2074,xmeyers@example.com,2022-12-07
9718,Sarah,Williams,Congo,+1-266-549-1452x0035,kendra83@example.org,2021-03-25
9719,Laura,Martinez,Mauritania,623.840.8263x83251,scott62@example.com,2022-04-05
9720,Nicholas,Bryant,Kuwait,235.968.2872,shull@example.org,2022-07-31
9721,David,Lynch,Seychelles,(577)770-4249x80220,halexander@example.com,2024-11-20
9722,Fernando,Morris,Sri Lanka,924-983-0754x7580,qgutierrez@example.com,2021-08-04
9723,Logan,Smith,Mali,(322)432-8218x4705,amy81@example.net,2021-03-04
9724,Valerie,Bowman,Ireland,+1-436-548-8379,xramirez@example.org,2025-04-30
9725,Carol,Montgomery,Comoros,459.329.6021,harry40@example.com,2022-07-14
9726,Rachel,Kramer,Chad,+1-525-211-6820x4831,brittany76@example.org,2023-04-06
9727,Jeffrey,Johnson,Montserrat,266.473.4420x947,coxryan@example.com,2022-11-21
9728,Andrew,Carter,Bangladesh,001-758-217-3152x41258,beardjoyce@example.com,2022-08-17
9729,Gregory,Harvey,Guadeloupe,4968002001,jacobsonrandall@example.org,2020-03-10
9730,Patrick,Weiss,Vanuatu,001-570-511-0190x745,veronicaalvarez@example.net,2023-08-04
9731,Jessica,Burns,Sierra Leone,+1-491-232-1795x871,barry34@example.com,2020-08-28
9732,Mario,Smith,Senegal,001-371-992-2043x9005,marquezjohn@example.com,2026-02-14
9733,Gary,Gilbert,Faroe Islands,7567411590,yjennings@example.com,2026-01-23
9734,Michael,Lawrence,Saint Barthelemy,(840)598-3791,elizabeth43@example.com,2020-03-20
9735,Allen,Hayes,Bulgaria,+1-570-846-3137x6281,nguyenpaul@example.net,2023-03-23
9736,Gail,Moore,Cocos (Keeling) Islands,751-488-7979x0004,marvinstewart@example.net,2021-10-12
9737,Elizabeth,Porter,Wallis and Futuna,3079620660,rrichard@example.com,2021-05-01
9738,Sarah,Burns,Kenya,001-605-785-5081,mcclureadrienne@example.net,2025-08-14
9739,Amanda,Duke,Oman,412-805-7082,gmartinez@example.com,2022-10-03
9740,Carrie,Curtis,South Africa,+1-846-235-7996x4041,zruiz@example.com,2024-11-28
9741,Jose,Marshall,United States Virgin Islands,+1-574-255-9927x29165,kennethdickerson@example.com,2021-08-09
9742,Jimmy,Peterson,Indonesia,001-463-778-2922,chase47@example.net,2023-06-08
9743,Patricia,Hernandez,Isle of Man,935.854.0189x727,ninasimpson@example.org,2020-01-16
9744,Kevin,Gross,Israel,488.664.1489x2098,kenneth14@example.net,2020-01-15
9745,Kelly,Washington,Aruba,797-964-1024x5822,elizabeth24@example.net,2021-06-29
9746,Jennifer,Luna,Seychelles,377-507-8631,alicegreene@example.org,2025-04-22
9747,Donald,Garcia,Taiwan,+1-774-573-4262x00774,clawrence@example.com,2020-06-16
9748,Faith,White,Portugal,471-942-4641,ebriggs@example.net,2022-04-17
9749,Lisa,Camacho,Lebanon,+1-898-959-2898x7945,michelle28@example.com,2022-04-30
9750,Andrea,Pittman,Vanuatu,829-573-9540x23942,smithrobin@example.com,2020-03-05
9751,Tamara,Wilson,Senegal,(536)838-4813x4905,robert70@example.net,2021-07-07
9752,Debra,Anderson,Micronesia,943.918.0276,mbryant@example.org,2023-01-07
9753,Alexander,Mills,Bouvet Island (Bouvetoya),365.684.8674x26954,wjohnson@example.net,2023-07-10
9754,Kendra,Thomas,Croatia,+1-972-315-9919x8743,cevans@example.com,2026-02-12
9755,Lisa,Dickerson,Bouvet Island (Bouvetoya),(621)665-9193x627,gilmorekenneth@example.net,2022-06-30
9756,Jessica,Wright,Palestinian Territory,642-651-2508x3707,elee@example.com,2021-05-08
9757,Tammy,Henderson,Ethiopia,880-331-6735x557,nwatkins@example.com,2026-02-12
9758,Tyler,Day,United Arab Emirates,(903)579-4676x503,hessmichelle@example.net,2021-12-02
9759,Elizabeth,Williams,Central African Republic,(668)533-8756,charleschase@example.org,2022-11-17
9760,Christopher,Coffey,Mongolia,(492)494-1721,flemingchristina@example.org,2024-10-18
9761,James,Nelson,Lebanon,+1-974-377-5982,gscott@example.net,2021-03-10
9762,Lisa,Fields,Indonesia,269-715-6275x54290,williamsemily@example.org,2023-03-30
9763,Michael,Faulkner,Russian Federation,001-295-883-7149x1965,gonzalezstacy@example.org,2024-09-09
9764,Antonio,Benjamin,United Kingdom,(405)305-9488x661,cooperhaley@example.com,2026-02-28
9765,Lorraine,Casey,Bhutan,720-807-8801x5836,kim79@example.org,2022-01-19
9766,Isaiah,Vargas,Grenada,(478)919-4517x0954,christopher30@example.org,2022-04-13
9767,Nicole,Huang,Netherlands,+1-379-523-7976,jimenezanna@example.org,2024-02-03
9768,Yvonne,Sexton,New Zealand,764.343.2537x14384,marthabrock@example.com,2021-12-26
9769,Andrea,Acosta,Algeria,823-430-9939,carolynholden@example.org,2024-04-08
9770,Michael,Evans,Tokelau,001-703-618-5470x0198,elizabeth53@example.org,2022-09-19
9771,Todd,Galloway,Togo,8108393439,rallen@example.org,2025-10-13
9772,Brandi,Smith,Mauritania,(679)718-0401,dsanchez@example.net,2023-05-30
9773,Kelly,Murphy,Christmas Island,001-851-786-3767x819,igreen@example.com,2020-07-14
9774,Amy,Lee,Yemen,454.515.4689x589,johnsonbrian@example.net,2025-03-10
9775,Carrie,Nash,Tunisia,277-929-3709,stacey57@example.net,2020-07-15
9776,Paul,Morgan,Malawi,(575)926-3021x835,nicoledeleon@example.net,2025-05-24
9777,Kelly,Caldwell,Cayman Islands,(371)415-8296x2879,sydneystephens@example.com,2024-03-14
9778,William,Curtis,Somalia,(319)819-1855x171,singletonevan@example.com,2020-12-20
9779,Anthony,Nelson,Saint Helena,829-336-5124x5984,dgarrison@example.org,2023-10-16
9780,Lawrence,Ellis,Oman,445.926.4863x44901,brewercourtney@example.org,2024-06-20
9781,Alyssa,Downs,Angola,887-998-6573,wilsonhaley@example.org,2026-02-28
9782,Richard,Wilson,Bosnia and Herzegovina,202.461.2626,morseruth@example.org,2025-04-20
9783,Thomas,Hendrix,Vanuatu,001-447-992-9614x1146,martinezangela@example.org,2026-01-11
9784,Adam,Holmes,Antigua and Barbuda,899-462-0151x31561,tgood@example.com,2023-02-26
9785,Benjamin,Daniels,Antigua and Barbuda,(934)751-2327x09392,lisa33@example.com,2025-09-29
9786,Jacob,Stevenson,Pakistan,534-317-8740x450,jason12@example.org,2020-08-05
9787,Brandi,Martin,Seychelles,6332107170,tgraham@example.org,2023-02-14
9788,Sean,Garcia,Western Sahara,791-589-8775x516,jlloyd@example.com,2024-01-17
9789,Robert,Thomas,Russian Federation,(264)878-5498,rosstara@example.com,2024-02-15
9790,Michael,Reynolds,United States Virgin Islands,273-632-2117x279,smithsean@example.org,2022-12-20
9791,Robert,Manning,Comoros,+1-659-290-2327,andrejones@example.com,2021-02-22
9792,Michael,Walls,Cuba,570-495-2413,davischarles@example.org,2022-12-22
9793,Natalie,Joseph,Mauritania,962.300.0702,hjohnson@example.org,2023-11-17
9794,Karina,Turner,Malta,(810)357-7277x300,tracicoleman@example.org,2024-09-26
9795,Sabrina,Acevedo,Bhutan,747-564-1934,alicia29@example.com,2024-10-20
9796,James,Davis,Saint Pierre and Miquelon,4053349750,jessica43@example.org,2024-08-03
9797,Bianca,Rodriguez,United States of America,001-282-244-2454x1396,whiteryan@example.net,2020-01-13
9798,Chris,Mata,Tanzania,(330)961-2722x819,ofarley@example.net,2024-04-11
9799,Amy,Jones,Nepal,(976)394-1892x530,fglover@example.com,2025-11-25
9800,Steven,Zuniga,Montenegro,263-303-2441x930,andrewbarker@example.org,2020-04-21
9801,James,Olsen,Costa Rica,(855)335-6591x51669,gilmorecalvin@example.com,2023-11-06
9802,Jordan,Mcdowell,Gambia,+1-423-828-0523x164,brose@example.org,2023-07-27
9803,Elijah,Young,Bahrain,(314)204-6649,marc78@example.com,2020-06-27
9804,James,Avery,Singapore,7287436724,wsavage@example.net,2025-04-29
9805,Nicholas,Bonilla,Mauritania,001-650-797-2380x1419,erica49@example.net,2020-06-07
9806,Melanie,Allen,Uzbekistan,410-568-6153x1362,amber39@example.com,2024-10-07
9807,Margaret,Johnston,Sweden,345.513.6739,rhonda48@example.org,2021-08-04
9808,Elizabeth,Acosta,Turkmenistan,427.820.1784,johnsonfrances@example.com,2024-05-30
9809,Melissa,Young,Ghana,338.937.6538,wanda83@example.net,2021-04-01
9810,Gabrielle,Jarvis,India,(471)221-1372,jessica79@example.org,2021-04-22
9811,Dalton,Evans,Belarus,(363)607-3749x6233,hmurphy@example.net,2025-07-01
9812,Jason,Juarez,Angola,(206)228-7605x79343,tgarcia@example.com,2022-05-12
9813,Bonnie,Rojas,French Guiana,(745)247-1877,thomasheather@example.org,2023-08-14
9814,Jamie,Mcdonald,Colombia,397.508.3047,perkinsjennifer@example.com,2022-06-22
9815,Mary,Kennedy,Gibraltar,252-966-2441,garciadavid@example.net,2024-12-16
9816,Ashley,Wilcox,Bouvet Island (Bouvetoya),+1-304-916-5838,andersonnicole@example.net,2022-03-09
9817,Daniel,Jackson,Botswana,658.996.3978x69647,vegalisa@example.org,2020-12-13
9818,Michael,Perez,Bhutan,702-875-3551x5802,bbaker@example.org,2020-03-02
9819,Gloria,Brown,Senegal,+1-415-899-7691,colin80@example.com,2024-08-20
9820,Stephanie,Yates,Moldova,888-259-5850x8728,malonecharles@example.org,2023-08-22
9821,Richard,Moore,Japan,001-514-730-3563x246,mindyprice@example.com,2020-12-24
9822,Amy,Wright,Guinea-Bissau,677.952.9167,gregorysmith@example.com,2021-06-12
9823,William,Day,Timor-Leste,001-327-939-0475,smithjohn@example.net,2025-11-19
9824,Anthony,Lewis,Syrian Arab Republic,001-451-293-3343x80460,andersonnathaniel@example.com,2022-07-11
9825,Desiree,Miller,Guernsey,229-499-5733x3145,robertmedina@example.com,2021-01-09
9826,Catherine,Jordan,Trinidad and Tobago,580.356.5809x733,edwardacevedo@example.org,2022-11-19
9827,Robert,Chen,Afghanistan,540-450-1965x44630,kathrynwilliams@example.com,2020-10-02
9828,Karen,Montes,Turkey,(345)246-1811,igrant@example.org,2025-09-16
9829,Ryan,Johnson,Bouvet Island (Bouvetoya),4002133030,grahamanthony@example.org,2022-11-29
9830,Cindy,Wheeler,Guadeloupe,601-226-0004x98878,diamondsandoval@example.net,2023-10-29
9831,David,Allen,Bangladesh,6108139240,nicolescott@example.com,2025-12-13
9832,Grace,Leblanc,Trinidad and Tobago,(866)666-1747x8371,cbuchanan@example.org,2024-04-09
9833,Emma,Hanna,Estonia,001-941-270-8991x3339,qblankenship@example.org,2022-12-03
9834,Christopher,Woods,Greenland,(781)669-5042,mary89@example.net,2020-11-05
9835,Melinda,Bradley,Falkland Islands (Malvinas),(535)777-0909,kgrant@example.com,2021-11-19
9836,Kayla,Leonard,Switzerland,(372)222-9339x43775,joshuaboyd@example.com,2020-10-03
9837,Anthony,Meyer,Taiwan,(778)458-3011,thomas56@example.com,2024-10-29
9838,Jeffrey,Johnston,Montenegro,624.257.4913x0801,ulevy@example.org,2024-03-21
9839,Donald,Hernandez,Maldives,001-284-283-8792x8112,zpayne@example.org,2020-07-24
9840,Eric,House,Azerbaijan,001-485-628-8568,stephenssarah@example.com,2021-01-18
9841,Brittney,Perry,Niue,(861)435-8395,amyerickson@example.org,2024-01-28
9842,Brian,Cruz,United States of America,891-254-9310x987,englishlisa@example.com,2021-02-17
9843,Robert,Foley,Cote d'Ivoire,(395)527-7903,alexyoung@example.org,2022-08-25
9844,Kristen,Watson,Iran,975.616.1847x85917,dlewis@example.org,2025-07-17
9845,Sarah,Smith,Ukraine,+1-682-560-5718x6738,cannonlaura@example.org,2024-11-07
9846,Kelly,Black,Bahamas,001-880-607-0259x4297,sanchezjames@example.net,2021-08-13
9847,William,Woods,Burundi,2554271406,cynthia43@example.org,2020-09-23
9848,Robert,Miller,Georgia,(485)942-8557,alexandertimothy@example.com,2025-07-13
9849,Kathy,Lin,Brunei Darussalam,(585)642-7781x84610,christianmedina@example.com,2024-08-19
9850,Priscilla,Roberts,United Arab Emirates,+1-739-277-2804,tim09@example.net,2025-03-29
9851,Thomas,Leon,Uzbekistan,(872)352-7878x40359,ewilson@example.net,2022-05-30
9852,Carmen,Reyes,Azerbaijan,(611)560-0482x603,perrybarbara@example.org,2020-05-14
9853,David,Clay,Nigeria,3572844637,zwhite@example.com,2025-04-04
9854,Stephanie,Fitzgerald,Christmas Island,412.956.2066x0936,vwilson@example.com,2020-04-15
9855,Willie,Dawson,Albania,(226)889-6493x9320,etucker@example.net,2025-08-19
9856,Robert,Tucker,Iraq,823-433-1707x32843,edwardsstephen@example.net,2020-10-27
9857,Cody,Wolf,Benin,+1-575-916-6696x6429,elizabeth85@example.org,2023-01-06
9858,Catherine,Martinez,Tajikistan,+1-903-709-4601x737,jamie91@example.net,2025-11-02
9859,Karen,Curtis,Vanuatu,(757)602-2466x933,xvazquez@example.com,2024-03-09
9860,Madison,Fernandez,Equatorial Guinea,(623)261-9382x68527,petersonamber@example.com,2025-12-25
9861,Ryan,Jackson,Uganda,(452)605-2738x82059,jmiller@example.com,2020-11-18
9862,John,Perez,Afghanistan,001-341-570-5750x98782,gabrielleevans@example.com,2024-10-25
9863,Edward,Chang,Mexico,(683)786-8563x9152,amberbridges@example.net,2025-09-10
9864,Corey,Mcdowell,Cameroon,(313)281-5482,katherinebruce@example.org,2026-02-16
9865,Willie,Suarez,Christmas Island,760-970-1064,susan24@example.net,2025-11-11
9866,Debbie,Parker,Serbia,222.971.0551x6632,jenna17@example.com,2023-04-07
9867,Carrie,Howard,Andorra,789.361.5289x2838,wilsonkeith@example.com,2024-04-06
9868,Sharon,Bowman,Burkina Faso,3636657366,kimberly49@example.net,2025-12-16
9869,Amy,Johnson,Ukraine,(714)987-0783,ashley00@example.org,2025-05-11
9870,Kathleen,Steele,Honduras,(405)526-0461x1028,ryanfrey@example.net,2024-09-17
9871,Vincent,Kelly,Belarus,+1-442-894-1221x934,angel35@example.org,2022-06-12
9872,Brianna,Smith,Holy See (Vatican City State),337-541-0368,webbdaniel@example.com,2026-01-13
9873,Lynn,Sanders,Georgia,001-593-243-7583,shanetrujillo@example.com,2020-05-05
9874,Wayne,Gonzalez,Bouvet Island (Bouvetoya),509.271.3047x3375,matthew57@example.net,2023-10-12
9875,Bethany,Hernandez,Comoros,234.278.4090,bryananita@example.net,2023-05-05
9876,Kristen,Wallace,Falkland Islands (Malvinas),8092432381,amyjenkins@example.org,2021-09-07
9877,Gary,Smith,Finland,926.801.9300,howeangela@example.com,2023-05-31
9878,Tanner,Davis,Albania,469-985-9941x870,jessica77@example.com,2020-08-19
9879,Sara,Shaw,Central African Republic,295-784-8178x472,omarnorris@example.org,2022-07-11
9880,Sarah,Johnson,Cayman Islands,+1-428-305-0775x6350,adamsgeorge@example.net,2026-01-28
9881,Elizabeth,Snyder,Italy,(692)657-3614x546,beckevan@example.net,2020-03-27
9882,Anthony,Watkins,Tonga,334.667.9782x680,cscott@example.net,2025-08-21
9883,Willie,Jackson,Barbados,+1-217-346-1802x31200,smithchris@example.org,2020-04-02
9884,Rebecca,Lozano,Germany,+1-933-668-3753x49447,gregory05@example.com,2025-12-20
9885,Kristopher,Rivera,Guadeloupe,(559)259-6117x4051,debracollins@example.com,2021-11-28
9886,Larry,Williams,Macao,001-747-797-5213,daychristopher@example.org,2025-12-25
9887,Barbara,Garcia,Grenada,733.802.9637x84279,kimberlylyons@example.org,2020-04-16
9888,Collin,Perkins,Argentina,(894)495-5798,carterkatrina@example.com,2023-03-17
9889,Patricia,Mayo,Malawi,(221)440-8387x284,tabitha77@example.com,2024-09-12
9890,Wendy,Garcia,Bangladesh,+1-208-947-2026x458,justin80@example.com,2023-01-17
9891,Rebecca,Bennett,Falkland Islands (Malvinas),553.403.5127x18197,josephwarner@example.org,2021-11-04
9892,Amy,Wells,Niger,894-570-6971x07760,collinsjudy@example.org,2022-03-24
9893,Bobby,Gonzalez,El Salvador,001-911-904-7977x74278,bauerallen@example.com,2025-03-30
9894,Patrick,Hall,Jamaica,+1-757-501-5916,jenniferanderson@example.org,2021-08-16
9895,Kelly,Johnson,Denmark,247.972.7926,yodermisty@example.org,2022-04-26
9896,Caroline,Porter,Greece,+1-828-297-8915,xhampton@example.com,2020-04-21
9897,Christopher,Brown,Cayman Islands,(740)576-1988x47146,srios@example.net,2022-12-09
9898,Veronica,Clark,Tajikistan,306.873.0871x20387,harveyclaudia@example.com,2025-11-08
9899,Nicolas,Hodges,Zambia,001-597-780-0459,joy19@example.org,2025-12-21
9900,Gary,Burch,Nigeria,6178809317,bakeralan@example.com,2021-11-10
9901,Alex,Riley,Lesotho,9398607322,collin93@example.org,2022-12-22
9902,Jennifer,Mueller,Tunisia,274-579-0402x724,pamela83@example.org,2021-04-13
9903,Melissa,Carter,Egypt,675.661.3859,davisdiana@example.net,2024-04-06
9904,Justin,Adams,Portugal,+1-475-392-6291x50262,jenniferromero@example.org,2022-12-11
9905,Deborah,Lambert,Guyana,+1-378-817-4825x29011,christopherhudson@example.net,2021-10-14
9906,April,Dorsey,Gabon,920.877.5847,farrelljeremy@example.net,2025-01-11
9907,Robert,Rice,Mayotte,8466216514,olynch@example.com,2021-05-04
9908,Christian,Martinez,Korea,+1-507-268-2837x447,maria25@example.com,2021-06-06
9909,Kyle,Patel,El Salvador,551-869-2351,butlercynthia@example.net,2024-08-12
9910,Audrey,Taylor,Korea,348.290.8664,hpittman@example.net,2026-01-22
9911,David,Smith,Christmas Island,001-445-506-7401x11291,collinsjennifer@example.com,2022-06-03
9912,Gene,Barber,Nigeria,(827)436-2257,skinnerlaura@example.net,2020-07-19
9913,Charles,Beck,Papua New Guinea,7269205169,mitchellshawn@example.org,2022-12-01
9914,Christina,Robinson,Comoros,001-861-363-0475x261,samantharose@example.com,2023-08-22
9915,Jessica,Dillon,Cook Islands,+1-937-734-0186x917,jerry49@example.org,2024-10-18
9916,Melanie,Hubbard,Armenia,+1-588-475-7186x6908,davischristina@example.com,2022-11-06
9917,Ann,Ruiz,Fiji,965-395-9628x73525,millerrobert@example.com,2021-11-08
9918,Amanda,Byrd,Mexico,886.944.5488,joshua64@example.com,2021-03-26
9919,Lisa,Moore,Burundi,(978)256-9351,troth@example.com,2020-08-08
9920,Donald,Stewart,Cambodia,+1-371-814-9335x49246,steelekristina@example.com,2024-02-28
9921,Aimee,Wilson,Rwanda,775.520.0264x19168,brianaflores@example.com,2022-04-21
9922,Kristin,Garrett,Latvia,+1-237-648-4844x7180,davismark@example.com,2021-07-05
9923,Eric,Smith,Togo,(206)408-2424x07090,michaelrogers@example.net,2020-03-26
9924,Jessica,Collins,Kuwait,876.957.7497,steve90@example.net,2021-07-29
9925,Melissa,Gray,Jersey,(409)473-3019x253,uweber@example.net,2020-04-08
9926,Randy,Campos,El Salvador,001-532-473-2800x561,amartin@example.org,2021-06-12
9927,Pamela,Schultz,Bulgaria,001-242-463-5072x33422,mshaw@example.net,2024-06-04
9928,Julie,Waters,Taiwan,421-941-0558,reeserobert@example.net,2020-03-26
9929,Kendra,Richardson,Switzerland,957.804.4666,thomas49@example.net,2020-08-03
9930,Desiree,Austin,Slovakia (Slovak Republic),658.293.9689,thomasdeborah@example.org,2024-11-06
9931,Jacqueline,Dunn,Oman,439.861.5306,ljimenez@example.com,2023-03-03
9932,Michelle,Ramirez,Barbados,+1-556-908-7205x2931,kellytran@example.net,2020-12-14
9933,Steven,Weaver,Thailand,919.202.9658x340,james12@example.net,2020-12-13
9934,Aaron,Rodriguez,Belize,001-834-874-6653x61247,kayla67@example.com,2024-12-30
9935,Emily,Carter,Saint Martin,(525)663-1980,westjulia@example.net,2020-03-22
9936,Luke,Simmons,El Salvador,723.354.0696x4675,wjoseph@example.org,2022-12-07
9937,Brian,Robinson,Norway,(820)556-8511x969,matthewconner@example.org,2021-08-29
9938,Matthew,Reese,Mozambique,5904360997,janet92@example.com,2022-02-12
9939,Peter,Lopez,American Samoa,877.906.8701x223,mariamoon@example.com,2021-12-27
9940,Vanessa,Peterson,Denmark,790-319-8812x433,lynn38@example.com,2021-12-15
9941,Adam,Perez,South Africa,984.467.3769x3154,rosefrank@example.org,2024-08-13
9942,Susan,Shah,Cambodia,351-729-7442x79004,christopher01@example.net,2021-10-28
9943,Lee,Ellis,Reunion,250-264-5188,hunttammy@example.org,2023-04-06
9944,Michael,Reynolds,Bulgaria,694.492.0537x4682,mvazquez@example.net,2021-06-21
9945,Rachel,Cain,Saint Vincent and the Grenadines,383-686-9484x8992,thomasmadison@example.com,2020-11-18
9946,Michael,Benjamin,Chile,244.796.1016,nortonkelly@example.org,2026-02-09
9947,Patricia,Bates,Guam,648-642-5073,desiree97@example.net,2025-01-02
9948,Tammy,Colon,Germany,(719)686-9545,christina72@example.org,2024-07-19
9949,Jennifer,Mcfarland,Guam,+1-769-652-9104x978,jason78@example.org,2025-07-24
9950,Sydney,Rodriguez,Dominican Republic,(859)620-8146,nicole92@example.net,2021-04-20
9951,John,Hall,Kyrgyz Republic,447.275.0224x16438,anthony16@example.org,2020-07-12
9952,Willie,Fuller,Svalbard & Jan Mayen Islands,001-917-517-7188x430,samuel97@example.org,2022-10-27
9953,Kyle,Macias,Benin,+1-445-921-8749x30464,longmadison@example.com,2022-10-04
9954,Samuel,Smith,South Georgia and the South Sandwich Islands,386.298.7454x96520,wcallahan@example.net,2025-01-10
9955,Elizabeth,Thomas,French Southern Territories,001-436-378-8629,michael07@example.org,2020-08-14
9956,Pamela,Castro,Kuwait,+1-414-303-8336x571,thomaswinters@example.net,2020-06-22
9957,Andrea,Green,Djibouti,742.983.2786x4946,joseph61@example.org,2020-06-09
9958,Andrea,Atkinson,Guam,750-380-3948x470,hendersonscott@example.org,2021-06-28
9959,Kristen,Luna,Ukraine,+1-998-676-1180x8895,qwaters@example.net,2022-08-15
9960,Francis,Mcdonald,San Marino,944.739.0327,qjohnson@example.com,2025-06-26
9961,Amanda,Crawford,Western Sahara,443.386.7718x1466,kimberly20@example.org,2020-12-15
9962,Emily,Wu,Papua New Guinea,332-484-9008,clayton67@example.net,2025-10-31
9963,Maria,Maynard,Burkina Faso,+1-882-572-5713x39572,simsmelissa@example.org,2023-12-31
9964,Alice,Campbell,Namibia,221.370.1382,rwells@example.net,2026-02-09
9965,Alyssa,Peterson,Moldova,559.292.1453x01701,alexandertyler@example.com,2023-05-01
9966,Kimberly,Scott,Guadeloupe,001-925-872-4950x0334,xmorrow@example.com,2023-08-25
9967,James,Bennett,Myanmar,001-631-640-6055x55683,gregoryjennifer@example.com,2026-02-06
9968,Jennifer,Long,Guernsey,688-794-6417,shannon36@example.com,2024-12-26
9969,Catherine,Mclaughlin,Belize,537.213.4228,scottwright@example.org,2024-11-20
9970,Joseph,Thompson,Uzbekistan,753-724-3322x684,dawn64@example.com,2021-06-14
9971,Victoria,Hughes,Mozambique,001-635-766-1553x332,crystalcarter@example.com,2022-12-16
9972,John,Lamb,Chad,(693)421-3511x903,andrewyoung@example.com,2023-07-17
9973,Hannah,Schmidt,Samoa,001-827-662-7462x43025,susan55@example.org,2025-03-20
9974,Kathleen,Matthews,Saudi Arabia,368-608-3970,ruthrandall@example.net,2022-10-02
9975,Kristen,Chan,Czech Republic,340.910.6913,nphillips@example.org,2020-05-14
9976,Michael,Johnson,Antigua and Barbuda,355.223.6869,benjamin12@example.net,2024-02-25
9977,Marvin,Mullins,Togo,279-503-3407x257,jessegibson@example.org,2023-01-27
9978,Katherine,Marsh,Sierra Leone,862.833.3087x78878,kimberlysantos@example.com,2021-05-16
9979,Zachary,Horn,Colombia,(359)515-6623x8150,dana83@example.com,2020-05-14
9980,Thomas,Butler,Israel,258.401.2953x12067,woodsmary@example.org,2022-11-30
9981,Amber,Gould,Guam,+1-246-710-8209x6733,abigailkelley@example.org,2020-08-02
9982,Brenda,Miranda,Solomon Islands,(290)453-4988x08703,tammychung@example.com,2024-08-08
9983,Edward,Elliott,Guyana,(386)322-6552x421,brian42@example.com,2022-10-11
9984,Luis,Mejia,United Kingdom,782-589-4529,dgarrett@example.com,2025-03-31
9985,Brian,Jones,Kiribati,(763)226-4803,joseph50@example.net,2021-08-16
9986,Jill,Williams,Macao,(751)680-3632,ghampton@example.net,2025-05-08
9987,Michelle,Russell,Finland,001-307-951-4200x750,lhebert@example.org,2020-05-15
9988,Rebecca,Smith,Taiwan,832.743.4612x474,tyler93@example.com,2025-12-30
9989,Jason,Burgess,Uganda,239.237.0780,jessica91@example.net,2025-01-04
9990,Jessica,Villa,Australia,+1-255-865-2151x4696,christianmichael@example.net,2020-05-05
9991,Anita,Hernandez,British Indian Ocean Territory (Chagos Archipelago),(485)725-0771x724,gmarquez@example.com,2021-05-06
9992,Jonathan,Carter,Guyana,660-897-5418x5540,xblair@example.com,2021-03-30
9993,Rebecca,Khan,San Marino,(671)308-6558x313,gillespierobert@example.org,2023-05-06
9994,John,Mcknight,Vanuatu,7443977104,zwest@example.com,2024-09-24
9995,Elizabeth,Parker,Mozambique,001-507-932-6577x684,qburton@example.com,2023-12-12
9996,Stacey,Mckee,Panama,712.927.7351x92419,kennethramirez@example.org,2021-08-28
9997,Shawn,Cruz,Saint Vincent and the Grenadines,294-604-2997,ggarcia@example.net,2020-12-05
9998,Joseph,Calderon,Australia,(914)589-4468x6938,dawn15@example.org,2022-03-14
9999,William,Howe,Swaziland,443-773-8095x6992,wheelerwalter@example.org,2024-02-01
10000,Devin,Thomas,Netherlands Antilles,748.674.0068,anna65@example.com,2024-11-06
